prev_value,lpi_score,event_count,avg_tone,avg_goldstein
3819770004.0,3.61,26161,-1.416711674136308,1.0663086273460496
5347919086.0,3.61,26161,-1.416711674136308,1.0663086273460496
5836091780.0,3.61,26161,-1.416711674136308,1.0663086273460496
153847750902.0,3.61,26161,-1.416711674136308,1.0663086273460496
170177695954.0,3.61,26161,-1.416711674136308,1.0663086273460496
204222573688.0,3.61,26161,-1.416711674136308,1.0663086273460496
28985332579.0,3.61,26161,-1.416711674136308,1.0663086273460496
34562899830.0,3.61,26161,-1.416711674136308,1.0663086273460496
35655866428.0,3.61,26161,-1.416711674136308,1.0663086273460496
48695835401.0,3.61,26161,-1.416711674136308,1.0663086273460496
65880032713.0,3.61,26161,-1.416711674136308,1.0663086273460496
8627722215.0,3.61,26161,-1.416711674136308,1.0663086273460496
8633018198.0,3.61,26161,-1.416711674136308,1.0663086273460496
9927709016.0,3.61,26161,-1.416711674136308,1.0663086273460496
44687898713.0,3.61,26161,-1.416711674136308,1.0663086273460496
14125159029.896,4.2,10326,-1.9166251965440928,0.8619697850087159
56464498818.456,4.2,10326,-1.9166251965440928,0.8619697850087159
49657178.316,4.2,10326,-1.9166251965440928,0.8619697850087159
9117027.581,4.2,10326,-1.9166251965440928,0.8619697850087159
243081.074,4.2,10326,-1.9166251965440928,0.8619697850087159
30905966433.401,4.2,10326,-1.9166251965440928,0.8619697850087159
3853770.225,4.2,10326,-1.9166251965440928,0.8619697850087159
393277873.332,4.2,10326,-1.9166251965440928,0.8619697850087159
11094812487.718,4.2,10326,-1.9166251965440928,0.8619697850087159
3853770.225,4.2,10326,-1.9166251965440928,0.8619697850087159
11066900751.955,4.2,10326,-1.9166251965440928,0.8619697850087159
393277873.332,4.2,10326,-1.9166251965440928,0.8619697850087159
30887257257.954,4.2,10326,-1.9166251965440928,0.8619697850087159
842381.175,4.2,10326,-1.9166251965440928,0.8619697850087159
11310913.512,4.2,10326,-1.9166251965440928,0.8619697850087159
14112966083.916,4.2,10326,-1.9166251965440928,0.8619697850087159
56523312675.646,4.2,10326,-1.9166251965440928,0.8619697850087159
6349502.152,4.2,10326,-1.9166251965440928,0.8619697850087159
1925144.253,4.2,10326,-1.9166251965440928,0.8619697850087159
39651.293,4.2,10326,-1.9166251965440928,0.8619697850087159
39651.293,4.2,10326,-1.9166251965440928,0.8619697850087159
12359673.295,4.2,10326,-1.9166251965440928,0.8619697850087159
25986591.509,4.2,10326,-1.9166251965440928,0.8619697850087159
243081.074,4.2,10326,-1.9166251965440928,0.8619697850087159
2205365.476,4.2,10326,-1.9166251965440928,0.8619697850087159
30274.811,4.2,10326,-1.9166251965440928,0.8619697850087159
80019368.601,4.2,10326,-1.9166251965440928,0.8619697850087159
146173445.324,4.2,10326,-1.9166251965440928,0.8619697850087159
49378486.985,4.2,10326,-1.9166251965440928,0.8619697850087159
34744088996.132,4.2,10326,-1.9166251965440928,0.8619697850087159
13099278.213,4.2,10326,-1.9166251965440928,0.8619697850087159
9962239431.84,4.2,10326,-1.9166251965440928,0.8619697850087159
215878237.524,4.2,10326,-1.9166251965440928,0.8619697850087159
15539753274.086,4.2,10326,-1.9166251965440928,0.8619697850087159
60475104109.215,4.2,10326,-1.9166251965440928,0.8619697850087159
15619802917.498,4.2,10326,-1.9166251965440928,0.8619697850087159
215878237.524,4.2,10326,-1.9166251965440928,0.8619697850087159
34763039676.534,4.2,10326,-1.9166251965440928,0.8619697850087159
13099278.213,4.2,10326,-1.9166251965440928,0.8619697850087159
10011617918.825,4.2,10326,-1.9166251965440928,0.8619697850087159
60623482920.014,4.2,10326,-1.9166251965440928,0.8619697850087159
15619802917.498,4.2,10326,-1.9166251965440928,0.8619697850087159
215878237.524,4.2,10326,-1.9166251965440928,0.8619697850087159
10011617918.825,4.2,10326,-1.9166251965440928,0.8619697850087159
13099278.213,4.2,10326,-1.9166251965440928,0.8619697850087159
34763039676.534,4.2,10326,-1.9166251965440928,0.8619697850087159
60623482920.014,4.2,10326,-1.9166251965440928,0.8619697850087159
60475104109.215,4.2,10326,-1.9166251965440928,0.8619697850087159
15539753274.086,4.2,10326,-1.9166251965440928,0.8619697850087159
215878237.524,4.2,10326,-1.9166251965440928,0.8619697850087159
34744088996.132,4.2,10326,-1.9166251965440928,0.8619697850087159
9962239431.84,4.2,10326,-1.9166251965440928,0.8619697850087159
13099278.213,4.2,10326,-1.9166251965440928,0.8619697850087159
146173445.324,4.2,10326,-1.9166251965440928,0.8619697850087159
80019368.601,4.2,10326,-1.9166251965440928,0.8619697850087159
49378486.985,4.2,10326,-1.9166251965440928,0.8619697850087159
2205365.476,4.2,10326,-1.9166251965440928,0.8619697850087159
30274.811,4.2,10326,-1.9166251965440928,0.8619697850087159
2175090.665,4.2,10326,-1.9166251965440928,0.8619697850087159
16775589.738,4.2,10326,-1.9166251965440928,0.8619697850087159
44891.42,4.2,10326,-1.9166251965440928,0.8619697850087159
44891.42,4.2,10326,-1.9166251965440928,0.8619697850087159
2175090.665,4.2,10326,-1.9166251965440928,0.8619697850087159
16775589.738,4.2,10326,-1.9166251965440928,0.8619697850087159
44891.42,4.2,10326,-1.9166251965440928,0.8619697850087159
44891.42,4.2,10326,-1.9166251965440928,0.8619697850087159
50072796.388,4.2,10326,-1.9166251965440928,0.8619697850087159
282770636.722,4.2,10326,-1.9166251965440928,0.8619697850087159
12536399189.751,4.2,10326,-1.9166251965440928,0.8619697850087159
37031955447.762,4.2,10326,-1.9166251965440928,0.8619697850087159
31600268.954,4.2,10326,-1.9166251965440928,0.8619697850087159
14225682831.869,4.2,10326,-1.9166251965440928,0.8619697850087159
64108408375.057,4.2,10326,-1.9166251965440928,0.8619697850087159
31600268.954,4.2,10326,-1.9166251965440928,0.8619697850087159
282770636.722,4.2,10326,-1.9166251965440928,0.8619697850087159
12699106451.04,4.2,10326,-1.9166251965440928,0.8619697850087159
37083083906.596,4.2,10326,-1.9166251965440928,0.8619697850087159
50072796.388,4.2,10326,-1.9166251965440928,0.8619697850087159
31600268.954,4.2,10326,-1.9166251965440928,0.8619697850087159
12536399189.751,4.2,10326,-1.9166251965440928,0.8619697850087159
37031955447.762,4.2,10326,-1.9166251965440928,0.8619697850087159
282770636.722,4.2,10326,-1.9166251965440928,0.8619697850087159
14225682831.869,4.2,10326,-1.9166251965440928,0.8619697850087159
64108408375.057,4.2,10326,-1.9166251965440928,0.8619697850087159
12699106451.04,4.2,10326,-1.9166251965440928,0.8619697850087159
282770636.722,4.2,10326,-1.9166251965440928,0.8619697850087159
31600268.954,4.2,10326,-1.9166251965440928,0.8619697850087159
37083083906.596,4.2,10326,-1.9166251965440928,0.8619697850087159
40963.912,4.2,10326,-1.9166251965440928,0.8619697850087159
40963.912,4.2,10326,-1.9166251965440928,0.8619697850087159
4413953.613,4.2,10326,-1.9166251965440928,0.8619697850087159
1014698.534,4.2,10326,-1.9166251965440928,0.8619697850087159
76871575.413,4.2,10326,-1.9166251965440928,0.8619697850087159
82300227.559,4.2,10326,-1.9166251965440928,0.8619697850087159
158293307.676,4.2,10326,-1.9166251965440928,0.8619697850087159
40963.912,4.2,10326,-1.9166251965440928,0.8619697850087159
40963.912,4.2,10326,-1.9166251965440928,0.8619697850087159
76871575.413,4.2,10326,-1.9166251965440928,0.8619697850087159
1014698.534,4.2,10326,-1.9166251965440928,0.8619697850087159
4413953.613,4.2,10326,-1.9166251965440928,0.8619697850087159
82300227.559,4.2,10326,-1.9166251965440928,0.8619697850087159
158293307.676,4.2,10326,-1.9166251965440928,0.8619697850087159
377366666.522,4.2,10326,-1.9166251965440928,0.8619697850087159
14471554969.739,4.2,10326,-1.9166251965440928,0.8619697850087159
169000562.458,4.2,10326,-1.9166251965440928,0.8619697850087159
64568116233.051,4.2,10326,-1.9166251965440928,0.8619697850087159
64568116233.051,4.2,10326,-1.9166251965440928,0.8619697850087159
377366666.522,4.2,10326,-1.9166251965440928,0.8619697850087159
14471554969.739,4.2,10326,-1.9166251965440928,0.8619697850087159
169000562.458,4.2,10326,-1.9166251965440928,0.8619697850087159
41421433.127,4.2,10326,-1.9166251965440928,0.8619697850087159
41421433.127,4.2,10326,-1.9166251965440928,0.8619697850087159
67087143.388,4.2,10326,-1.9166251965440928,0.8619697850087159
41421433.127,4.2,10326,-1.9166251965440928,0.8619697850087159
200576115.0,4.2,10326,-1.9166251965440928,0.8619697850087159
244801308.168,4.2,10326,-1.9166251965440928,0.8619697850087159
10759458351.527,4.2,10326,-1.9166251965440928,0.8619697850087159
244801308.168,4.2,10326,-1.9166251965440928,0.8619697850087159
14699854548.638,4.2,10326,-1.9166251965440928,0.8619697850087159
462603295.285,4.2,10326,-1.9166251965440928,0.8619697850087159
244801308.168,4.2,10326,-1.9166251965440928,0.8619697850087159
14699854548.638,4.2,10326,-1.9166251965440928,0.8619697850087159
75297835064.463,4.2,10326,-1.9166251965440928,0.8619697850087159
10954398388.425,4.2,10326,-1.9166251965440928,0.8619697850087159
6532146276.006,4.2,10326,-1.9166251965440928,0.8619697850087159
462603295.285,4.2,10326,-1.9166251965440928,0.8619697850087159
42499072749.933,4.2,10326,-1.9166251965440928,0.8619697850087159
41421433.127,4.2,10326,-1.9166251965440928,0.8619697850087159
10954398388.425,4.2,10326,-1.9166251965440928,0.8619697850087159
58475472.162,4.2,10326,-1.9166251965440928,0.8619697850087159
67087143.388,4.2,10326,-1.9166251965440928,0.8619697850087159
42499072749.933,4.2,10326,-1.9166251965440928,0.8619697850087159
42624635365.482,4.2,10326,-1.9166251965440928,0.8619697850087159
1629.618,4.2,10326,-1.9166251965440928,0.8619697850087159
1629.618,4.2,10326,-1.9166251965440928,0.8619697850087159
1629.618,4.2,10326,-1.9166251965440928,0.8619697850087159
58475472.162,4.2,10326,-1.9166251965440928,0.8619697850087159
194940036.898,4.2,10326,-1.9166251965440928,0.8619697850087159
68244608391.392,4.2,10326,-1.9166251965440928,0.8619697850087159
42624635365.482,4.2,10326,-1.9166251965440928,0.8619697850087159
200576115.0,4.2,10326,-1.9166251965440928,0.8619697850087159
1629.618,4.2,10326,-1.9166251965440928,0.8619697850087159
21432578569.261,4.2,10326,-1.9166251965440928,0.8619697850087159
10759458351.527,4.2,10326,-1.9166251965440928,0.8619697850087159
6590621748.168,4.2,10326,-1.9166251965440928,0.8619697850087159
21432578569.261,4.2,10326,-1.9166251965440928,0.8619697850087159
75297835064.463,4.2,10326,-1.9166251965440928,0.8619697850087159
68244608391.392,4.2,10326,-1.9166251965440928,0.8619697850087159
244801308.168,4.2,10326,-1.9166251965440928,0.8619697850087159
194940036.898,4.2,10326,-1.9166251965440928,0.8619697850087159
6532146276.006,4.2,10326,-1.9166251965440928,0.8619697850087159
6590621748.168,4.2,10326,-1.9166251965440928,0.8619697850087159
208641523.252,4.2,10326,-1.9166251965440928,0.8619697850087159
14579976672.486,4.2,10326,-1.9166251965440928,0.8619697850087159
455977464.467,4.2,10326,-1.9166251965440928,0.8619697850087159
40728424177.692,4.2,10326,-1.9166251965440928,0.8619697850087159
12733752723.114,4.2,10326,-1.9166251965440928,0.8619697850087159
193851859.492,4.2,10326,-1.9166251965440928,0.8619697850087159
193851859.492,4.2,10326,-1.9166251965440928,0.8619697850087159
56695916.042,4.2,10326,-1.9166251965440928,0.8619697850087159
208641523.252,4.2,10326,-1.9166251965440928,0.8619697850087159
168436510.248,4.2,10326,-1.9166251965440928,0.8619697850087159
14411540162.239,4.2,10326,-1.9166251965440928,0.8619697850087159
93689094.728,4.2,10326,-1.9166251965440928,0.8619697850087159
790480.036,4.2,10326,-1.9166251965440928,0.8619697850087159
14579976672.486,4.2,10326,-1.9166251965440928,0.8619697850087159
14411540162.239,4.2,10326,-1.9166251965440928,0.8619697850087159
12733752723.114,4.2,10326,-1.9166251965440928,0.8619697850087159
56695916.042,4.2,10326,-1.9166251965440928,0.8619697850087159
12539900863.622,4.2,10326,-1.9166251965440928,0.8619697850087159
68308281492.622,4.2,10326,-1.9166251965440928,0.8619697850087159
790480.036,4.2,10326,-1.9166251965440928,0.8619697850087159
790480.036,4.2,10326,-1.9166251965440928,0.8619697850087159
168436510.248,4.2,10326,-1.9166251965440928,0.8619697850087159
208641523.252,4.2,10326,-1.9166251965440928,0.8619697850087159
67852304028.155,4.2,10326,-1.9166251965440928,0.8619697850087159
56695916.042,4.2,10326,-1.9166251965440928,0.8619697850087159
455977464.467,4.2,10326,-1.9166251965440928,0.8619697850087159
56695916.042,4.2,10326,-1.9166251965440928,0.8619697850087159
40634735082.964,4.2,10326,-1.9166251965440928,0.8619697850087159
790480.036,4.2,10326,-1.9166251965440928,0.8619697850087159
93689094.728,4.2,10326,-1.9166251965440928,0.8619697850087159
40634735082.964,4.2,10326,-1.9166251965440928,0.8619697850087159
68308281492.622,4.2,10326,-1.9166251965440928,0.8619697850087159
12539900863.622,4.2,10326,-1.9166251965440928,0.8619697850087159
40728424177.692,4.2,10326,-1.9166251965440928,0.8619697850087159
208641523.252,4.2,10326,-1.9166251965440928,0.8619697850087159
61263.135,4.2,10326,-1.9166251965440928,0.8619697850087159
29179.448,4.2,10326,-1.9166251965440928,0.8619697850087159
196912.832,4.2,10326,-1.9166251965440928,0.8619697850087159
287355.415,4.2,10326,-1.9166251965440928,0.8619697850087159
38222.998,4.2,10326,-1.9166251965440928,0.8619697850087159
5905179.006,4.2,10326,-1.9166251965440928,0.8619697850087159
51798.956,4.2,10326,-1.9166251965440928,0.8619697850087159
5995200.959,4.2,10326,-1.9166251965440928,0.8619697850087159
1231229.509,4.2,10326,-1.9166251965440928,0.8619697850087159
6659041.676,4.2,10326,-1.9166251965440928,0.8619697850087159
2026139.07,4.2,10326,-1.9166251965440928,0.8619697850087159
9916410.255,4.2,10326,-1.9166251965440928,0.8619697850087159
27023490.322,4.2,10326,-1.9166251965440928,0.8619697850087159
36727.161,4.2,10326,-1.9166251965440928,0.8619697850087159
12734015895.878,4.2,10326,-1.9166251965440928,0.8619697850087159
12736277170.778,4.2,10326,-1.9166251965440928,0.8619697850087159
27023490.322,4.2,10326,-1.9166251965440928,0.8619697850087159
36727.161,4.2,10326,-1.9166251965440928,0.8619697850087159
61263.135,4.2,10326,-1.9166251965440928,0.8619697850087159
29179.448,4.2,10326,-1.9166251965440928,0.8619697850087159
196912.832,4.2,10326,-1.9166251965440928,0.8619697850087159
287355.415,4.2,10326,-1.9166251965440928,0.8619697850087159
38222.998,4.2,10326,-1.9166251965440928,0.8619697850087159
5905179.006,4.2,10326,-1.9166251965440928,0.8619697850087159
51798.956,4.2,10326,-1.9166251965440928,0.8619697850087159
5995200.959,4.2,10326,-1.9166251965440928,0.8619697850087159
1231229.509,4.2,10326,-1.9166251965440928,0.8619697850087159
6659041.676,4.2,10326,-1.9166251965440928,0.8619697850087159
2026139.07,4.2,10326,-1.9166251965440928,0.8619697850087159
9916410.255,4.2,10326,-1.9166251965440928,0.8619697850087159
27023490.322,4.2,10326,-1.9166251965440928,0.8619697850087159
36727.161,4.2,10326,-1.9166251965440928,0.8619697850087159
12734015895.878,4.2,10326,-1.9166251965440928,0.8619697850087159
12736277170.778,4.2,10326,-1.9166251965440928,0.8619697850087159
27023490.322,4.2,10326,-1.9166251965440928,0.8619697850087159
36727.161,4.2,10326,-1.9166251965440928,0.8619697850087159
378910873.75,4.2,10326,-1.9166251965440928,0.8619697850087159
2304368543.129,4.2,10326,-1.9166251965440928,0.8619697850087159
243555822.787,4.2,10326,-1.9166251965440928,0.8619697850087159
15687911353.027,4.2,10326,-1.9166251965440928,0.8619697850087159
378910873.75,4.2,10326,-1.9166251965440928,0.8619697850087159
2316961943.259,4.2,10326,-1.9166251965440928,0.8619697850087159
244900114.387,4.2,10326,-1.9166251965440928,0.8619697850087159
15704110319.657,4.2,10326,-1.9166251965440928,0.8619697850087159
378910873.75,4.2,10326,-1.9166251965440928,0.8619697850087159
2304368543.129,4.2,10326,-1.9166251965440928,0.8619697850087159
243555822.787,4.2,10326,-1.9166251965440928,0.8619697850087159
15687911353.027,4.2,10326,-1.9166251965440928,0.8619697850087159
378910873.75,4.2,10326,-1.9166251965440928,0.8619697850087159
2316961943.259,4.2,10326,-1.9166251965440928,0.8619697850087159
244900114.387,4.2,10326,-1.9166251965440928,0.8619697850087159
15704110319.657,4.2,10326,-1.9166251965440928,0.8619697850087159
22742.006,4.2,10326,-1.9166251965440928,0.8619697850087159
22742.006,4.2,10326,-1.9166251965440928,0.8619697850087159
30460431.24,4.2,10326,-1.9166251965440928,0.8619697850087159
30460431.24,4.2,10326,-1.9166251965440928,0.8619697850087159
1856184.948,4.2,10326,-1.9166251965440928,0.8619697850087159
1077555.053,4.2,10326,-1.9166251965440928,0.8619697850087159
13292250.021,4.2,10326,-1.9166251965440928,0.8619697850087159
6295409.003,4.2,10326,-1.9166251965440928,0.8619697850087159
16225990.022,4.2,10326,-1.9166251965440928,0.8619697850087159
6890706.807,4.2,10326,-1.9166251965440928,0.8619697850087159
313201.326,4.2,10326,-1.9166251965440928,0.8619697850087159
49406.823,4.2,10326,-1.9166251965440928,0.8619697850087159
66134.747,4.2,10326,-1.9166251965440928,0.8619697850087159
197659.756,4.2,10326,-1.9166251965440928,0.8619697850087159
85351.372,4.2,10326,-1.9166251965440928,0.8619697850087159
509946.431,4.2,10326,-1.9166251965440928,0.8619697850087159
380057214.617,4.2,10326,-1.9166251965440928,0.8619697850087159
12006056273.493,4.2,10326,-1.9166251965440928,0.8619697850087159
2342504828.801,4.2,10326,-1.9166251965440928,0.8619697850087159
281891602.434,4.2,10326,-1.9166251965440928,0.8619697850087159
280662561.262,4.2,10326,-1.9166251965440928,0.8619697850087159
2322867762.954,4.2,10326,-1.9166251965440928,0.8619697850087159
12003492482.357,4.2,10326,-1.9166251965440928,0.8619697850087159
380057214.617,4.2,10326,-1.9166251965440928,0.8619697850087159
15040993092.589,4.2,10326,-1.9166251965440928,0.8619697850087159
15017563194.435,4.2,10326,-1.9166251965440928,0.8619697850087159
7693045.747,4.2,10326,-1.9166251965440928,0.8619697850087159
7526778.391,4.2,10326,-1.9166251965440928,0.8619697850087159
187873.274,4.2,10326,-1.9166251965440928,0.8619697850087159
274833.179,4.2,10326,-1.9166251965440928,0.8619697850087159
6759402.994,4.2,10326,-1.9166251965440928,0.8619697850087159
1402917.763,4.2,10326,-1.9166251965440928,0.8619697850087159
948309.67,4.2,10326,-1.9166251965440928,0.8619697850087159
9110630.427,4.2,10326,-1.9166251965440928,0.8619697850087159
105970957.616,4.2,10326,-1.9166251965440928,0.8619697850087159
11840400853.11,4.2,10326,-1.9166251965440928,0.8619697850087159
11842034669.617,4.2,10326,-1.9166251965440928,0.8619697850087159
105970957.616,4.2,10326,-1.9166251965440928,0.8619697850087159
123241.886,4.2,10326,-1.9166251965440928,0.8619697850087159
43025.47,4.2,10326,-1.9166251965440928,0.8619697850087159
79389.773,4.2,10326,-1.9166251965440928,0.8619697850087159
7570.132,4.2,10326,-1.9166251965440928,0.8619697850087159
7590.712,4.2,10326,-1.9166251965440928,0.8619697850087159
7590.712,4.2,10326,-1.9166251965440928,0.8619697850087159
274833.179,4.2,10326,-1.9166251965440928,0.8619697850087159
7526778.391,4.2,10326,-1.9166251965440928,0.8619697850087159
7693045.747,4.2,10326,-1.9166251965440928,0.8619697850087159
187873.274,4.2,10326,-1.9166251965440928,0.8619697850087159
9110630.427,4.2,10326,-1.9166251965440928,0.8619697850087159
6759402.994,4.2,10326,-1.9166251965440928,0.8619697850087159
1402917.763,4.2,10326,-1.9166251965440928,0.8619697850087159
948309.67,4.2,10326,-1.9166251965440928,0.8619697850087159
105970957.616,4.2,10326,-1.9166251965440928,0.8619697850087159
11840400853.11,4.2,10326,-1.9166251965440928,0.8619697850087159
105970957.616,4.2,10326,-1.9166251965440928,0.8619697850087159
11842034669.617,4.2,10326,-1.9166251965440928,0.8619697850087159
43025.47,4.2,10326,-1.9166251965440928,0.8619697850087159
123241.886,4.2,10326,-1.9166251965440928,0.8619697850087159
7570.132,4.2,10326,-1.9166251965440928,0.8619697850087159
79389.773,4.2,10326,-1.9166251965440928,0.8619697850087159
7590.712,4.2,10326,-1.9166251965440928,0.8619697850087159
7590.712,4.2,10326,-1.9166251965440928,0.8619697850087159
471744265.306,4.2,10326,-1.9166251965440928,0.8619697850087159
15727645128.051,4.2,10326,-1.9166251965440928,0.8619697850087159
15744723637.405,4.2,10326,-1.9166251965440928,0.8619697850087159
899441435.717,4.2,10326,-1.9166251965440928,0.8619697850087159
471744265.306,4.2,10326,-1.9166251965440928,0.8619697850087159
2425524718.436,4.2,10326,-1.9166251965440928,0.8619697850087159
2411159147.278,4.2,10326,-1.9166251965440928,0.8619697850087159
898362314.029,4.2,10326,-1.9166251965440928,0.8619697850087159
898362314.029,4.2,10326,-1.9166251965440928,0.8619697850087159
899441435.717,4.2,10326,-1.9166251965440928,0.8619697850087159
471744265.306,4.2,10326,-1.9166251965440928,0.8619697850087159
15744723637.405,4.2,10326,-1.9166251965440928,0.8619697850087159
471744265.306,4.2,10326,-1.9166251965440928,0.8619697850087159
15727645128.051,4.2,10326,-1.9166251965440928,0.8619697850087159
2411159147.278,4.2,10326,-1.9166251965440928,0.8619697850087159
2425524718.436,4.2,10326,-1.9166251965440928,0.8619697850087159
6684613131.509,4.2,10326,-1.9166251965440928,0.8619697850087159
6701859989.18,4.2,10326,-1.9166251965440928,0.8619697850087159
568472809.186,4.2,10326,-1.9166251965440928,0.8619697850087159
9760327875.103,4.2,10326,-1.9166251965440928,0.8619697850087159
9544305.844,4.2,10326,-1.9166251965440928,0.8619697850087159
9762572559.368,4.2,10326,-1.9166251965440928,0.8619697850087159
18612556193.355,4.2,10326,-1.9166251965440928,0.8619697850087159
568472809.186,4.2,10326,-1.9166251965440928,0.8619697850087159
371970208.232,4.2,10326,-1.9166251965440928,0.8619697850087159
5862627.61,4.2,10326,-1.9166251965440928,0.8619697850087159
18636141416.039,4.2,10326,-1.9166251965440928,0.8619697850087159
376063888.981,4.2,10326,-1.9166251965440928,0.8619697850087159
6701859989.18,4.2,10326,-1.9166251965440928,0.8619697850087159
568472809.186,4.2,10326,-1.9166251965440928,0.8619697850087159
376063888.981,4.2,10326,-1.9166251965440928,0.8619697850087159
5862627.61,4.2,10326,-1.9166251965440928,0.8619697850087159
9762572559.368,4.2,10326,-1.9166251965440928,0.8619697850087159
568472809.186,4.2,10326,-1.9166251965440928,0.8619697850087159
9760327875.103,4.2,10326,-1.9166251965440928,0.8619697850087159
9544305.844,4.2,10326,-1.9166251965440928,0.8619697850087159
18612556193.355,4.2,10326,-1.9166251965440928,0.8619697850087159
6684613131.509,4.2,10326,-1.9166251965440928,0.8619697850087159
371970208.232,4.2,10326,-1.9166251965440928,0.8619697850087159
18636141416.039,4.2,10326,-1.9166251965440928,0.8619697850087159
16744.442,4.2,10326,-1.9166251965440928,0.8619697850087159
1227155424.883,4.2,10326,-1.9166251965440928,0.8619697850087159
1815413.159,4.2,10326,-1.9166251965440928,0.8619697850087159
1866265.075,4.2,10326,-1.9166251965440928,0.8619697850087159
2210642.9,4.2,10326,-1.9166251965440928,0.8619697850087159
11011982.609,4.2,10326,-1.9166251965440928,0.8619697850087159
3028934.231,4.2,10326,-1.9166251965440928,0.8619697850087159
382399.891,4.2,10326,-1.9166251965440928,0.8619697850087159
435891.441,4.2,10326,-1.9166251965440928,0.8619697850087159
10948338.62,4.2,10326,-1.9166251965440928,0.8619697850087159
46871.215,4.2,10326,-1.9166251965440928,0.8619697850087159
16772.774,4.2,10326,-1.9166251965440928,0.8619697850087159
1227155424.883,4.2,10326,-1.9166251965440928,0.8619697850087159
16744.442,4.2,10326,-1.9166251965440928,0.8619697850087159
16744.442,4.2,10326,-1.9166251965440928,0.8619697850087159
1227155424.883,4.2,10326,-1.9166251965440928,0.8619697850087159
1815413.159,4.2,10326,-1.9166251965440928,0.8619697850087159
1866265.075,4.2,10326,-1.9166251965440928,0.8619697850087159
382399.891,4.2,10326,-1.9166251965440928,0.8619697850087159
2210642.9,4.2,10326,-1.9166251965440928,0.8619697850087159
435891.441,4.2,10326,-1.9166251965440928,0.8619697850087159
16772.774,4.2,10326,-1.9166251965440928,0.8619697850087159
10948338.62,4.2,10326,-1.9166251965440928,0.8619697850087159
11011982.609,4.2,10326,-1.9166251965440928,0.8619697850087159
46871.215,4.2,10326,-1.9166251965440928,0.8619697850087159
3028934.231,4.2,10326,-1.9166251965440928,0.8619697850087159
1227155424.883,4.2,10326,-1.9166251965440928,0.8619697850087159
16744.442,4.2,10326,-1.9166251965440928,0.8619697850087159
8806818024.97,4.2,10326,-1.9166251965440928,0.8619697850087159
15358.009,4.2,10326,-1.9166251965440928,0.8619697850087159
9762073.374,4.2,10326,-1.9166251965440928,0.8619697850087159
7560660.938,4.2,10326,-1.9166251965440928,0.8619697850087159
15358.009,4.2,10326,-1.9166251965440928,0.8619697850087159
1615613680.17,4.2,10326,-1.9166251965440928,0.8619697850087159
1165516.615,4.2,10326,-1.9166251965440928,0.8619697850087159
9762073.374,4.2,10326,-1.9166251965440928,0.8619697850087159
7581721.021,4.2,10326,-1.9166251965440928,0.8619697850087159
454591314.932,4.2,10326,-1.9166251965440928,0.8619697850087159
454591314.932,4.2,10326,-1.9166251965440928,0.8619697850087159
1615613680.17,4.2,10326,-1.9166251965440928,0.8619697850087159
239368.51,4.2,10326,-1.9166251965440928,0.8619697850087159
8807909720.641,4.2,10326,-1.9166251965440928,0.8619697850087159
126555.333,4.2,10326,-1.9166251965440928,0.8619697850087159
5669900.877,4.2,10326,-1.9166251965440928,0.8619697850087159
368520093.26,4.2,10326,-1.9166251965440928,0.8619697850087159
1957556.389,4.2,10326,-1.9166251965440928,0.8619697850087159
8806818024.97,4.2,10326,-1.9166251965440928,0.8619697850087159
5324991833.959,4.2,10326,-1.9166251965440928,0.8619697850087159
454716209.94,4.2,10326,-1.9166251965440928,0.8619697850087159
16571771383.517,4.2,10326,-1.9166251965440928,0.8619697850087159
124895.008,4.2,10326,-1.9166251965440928,0.8619697850087159
1957556.389,4.2,10326,-1.9166251965440928,0.8619697850087159
7560660.938,4.2,10326,-1.9166251965440928,0.8619697850087159
5311965879.71,4.2,10326,-1.9166251965440928,0.8619697850087159
368524580.797,4.2,10326,-1.9166251965440928,0.8619697850087159
16571771383.517,4.2,10326,-1.9166251965440928,0.8619697850087159
368520093.26,4.2,10326,-1.9166251965440928,0.8619697850087159
16548757688.245,4.2,10326,-1.9166251965440928,0.8619697850087159
5311965879.71,4.2,10326,-1.9166251965440928,0.8619697850087159
368524580.797,4.2,10326,-1.9166251965440928,0.8619697850087159
15358.009,4.2,10326,-1.9166251965440928,0.8619697850087159
7289785.425,4.2,10326,-1.9166251965440928,0.8619697850087159
725771.827,4.2,10326,-1.9166251965440928,0.8619697850087159
126555.333,4.2,10326,-1.9166251965440928,0.8619697850087159
4487.537,4.2,10326,-1.9166251965440928,0.8619697850087159
1606847017.363,4.2,10326,-1.9166251965440928,0.8619697850087159
5324991833.959,4.2,10326,-1.9166251965440928,0.8619697850087159
7581721.021,4.2,10326,-1.9166251965440928,0.8619697850087159
8807909720.641,4.2,10326,-1.9166251965440928,0.8619697850087159
5669900.877,4.2,10326,-1.9166251965440928,0.8619697850087159
40485.254,4.2,10326,-1.9166251965440928,0.8619697850087159
1165516.615,4.2,10326,-1.9166251965440928,0.8619697850087159
40485.254,4.2,10326,-1.9166251965440928,0.8619697850087159
239368.51,4.2,10326,-1.9166251965440928,0.8619697850087159
124895.008,4.2,10326,-1.9166251965440928,0.8619697850087159
1606847017.363,4.2,10326,-1.9166251965440928,0.8619697850087159
3778612.435,4.2,10326,-1.9166251965440928,0.8619697850087159
725771.827,4.2,10326,-1.9166251965440928,0.8619697850087159
15358.009,4.2,10326,-1.9166251965440928,0.8619697850087159
7289785.425,4.2,10326,-1.9166251965440928,0.8619697850087159
16548757688.245,4.2,10326,-1.9166251965440928,0.8619697850087159
454716209.94,4.2,10326,-1.9166251965440928,0.8619697850087159
4487.537,4.2,10326,-1.9166251965440928,0.8619697850087159
3778612.435,4.2,10326,-1.9166251965440928,0.8619697850087159
8093970686.903,4.2,10326,-1.9166251965440928,0.8619697850087159
486555986.979,4.2,10326,-1.9166251965440928,0.8619697850087159
9189.093,4.2,10326,-1.9166251965440928,0.8619697850087159
1100961.904,4.2,10326,-1.9166251965440928,0.8619697850087159
9189.093,4.2,10326,-1.9166251965440928,0.8619697850087159
486555986.979,4.2,10326,-1.9166251965440928,0.8619697850087159
533074.228,4.2,10326,-1.9166251965440928,0.8619697850087159
4805017.803,4.2,10326,-1.9166251965440928,0.8619697850087159
5227672195.571,4.2,10326,-1.9166251965440928,0.8619697850087159
5232477213.373,4.2,10326,-1.9166251965440928,0.8619697850087159
1100961.904,4.2,10326,-1.9166251965440928,0.8619697850087159
1383599750.715,4.2,10326,-1.9166251965440928,0.8619697850087159
15231157453.802,4.2,10326,-1.9166251965440928,0.8619697850087159
34011552.51,4.2,10326,-1.9166251965440928,0.8619697850087159
1382498788.812,4.2,10326,-1.9166251965440928,0.8619697850087159
1383599750.715,4.2,10326,-1.9166251965440928,0.8619697850087159
15224718399.867,4.2,10326,-1.9166251965440928,0.8619697850087159
486555986.979,4.2,10326,-1.9166251965440928,0.8619697850087159
9189.093,4.2,10326,-1.9166251965440928,0.8619697850087159
486555986.979,4.2,10326,-1.9166251965440928,0.8619697850087159
8094503761.131,4.2,10326,-1.9166251965440928,0.8619697850087159
6439053.935,4.2,10326,-1.9166251965440928,0.8619697850087159
533074.228,4.2,10326,-1.9166251965440928,0.8619697850087159
5232477213.373,4.2,10326,-1.9166251965440928,0.8619697850087159
34011552.51,4.2,10326,-1.9166251965440928,0.8619697850087159
8093970686.903,4.2,10326,-1.9166251965440928,0.8619697850087159
34011552.51,4.2,10326,-1.9166251965440928,0.8619697850087159
34011552.51,4.2,10326,-1.9166251965440928,0.8619697850087159
4805017.803,4.2,10326,-1.9166251965440928,0.8619697850087159
1382498788.812,4.2,10326,-1.9166251965440928,0.8619697850087159
15224718399.867,4.2,10326,-1.9166251965440928,0.8619697850087159
9189.093,4.2,10326,-1.9166251965440928,0.8619697850087159
8094503761.131,4.2,10326,-1.9166251965440928,0.8619697850087159
15231157453.802,4.2,10326,-1.9166251965440928,0.8619697850087159
5227672195.571,4.2,10326,-1.9166251965440928,0.8619697850087159
22172584.297,4.2,10326,-1.9166251965440928,0.8619697850087159
1627376.91,4.2,10326,-1.9166251965440928,0.8619697850087159
698158.706,4.2,10326,-1.9166251965440928,0.8619697850087159
19847048.682,4.2,10326,-1.9166251965440928,0.8619697850087159
35114.351,4.2,10326,-1.9166251965440928,0.8619697850087159
1078.751,4.2,10326,-1.9166251965440928,0.8619697850087159
115041.18,4.2,10326,-1.9166251965440928,0.8619697850087159
151234.282,4.2,10326,-1.9166251965440928,0.8619697850087159
3867597.849,4.2,10326,-1.9166251965440928,0.8619697850087159
3231966.532,4.2,10326,-1.9166251965440928,0.8619697850087159
1240445.564,4.2,10326,-1.9166251965440928,0.8619697850087159
8340009.946,4.2,10326,-1.9166251965440928,0.8619697850087159
2374.906,4.2,10326,-1.9166251965440928,0.8619697850087159
5975662.923,4.2,10326,-1.9166251965440928,0.8619697850087159
30005334.302,4.2,10326,-1.9166251965440928,0.8619697850087159
117634640.069,4.2,10326,-1.9166251965440928,0.8619697850087159
2877466889.802,4.2,10326,-1.9166251965440928,0.8619697850087159
3954976701.728,4.2,10326,-1.9166251965440928,0.8619697850087159
6986061603.73,4.2,10326,-1.9166251965440928,0.8619697850087159
2374.906,4.2,10326,-1.9166251965440928,0.8619697850087159
5975662.923,4.2,10326,-1.9166251965440928,0.8619697850087159
30005334.302,4.2,10326,-1.9166251965440928,0.8619697850087159
119608358.691,4.2,10326,-1.9166251965440928,0.8619697850087159
2901182615.084,4.2,10326,-1.9166251965440928,0.8619697850087159
3959951086.349,4.2,10326,-1.9166251965440928,0.8619697850087159
7016725432.255,4.2,10326,-1.9166251965440928,0.8619697850087159
22172584.297,4.2,10326,-1.9166251965440928,0.8619697850087159
1627376.91,4.2,10326,-1.9166251965440928,0.8619697850087159
698158.706,4.2,10326,-1.9166251965440928,0.8619697850087159
19847048.682,4.2,10326,-1.9166251965440928,0.8619697850087159
35114.351,4.2,10326,-1.9166251965440928,0.8619697850087159
1078.751,4.2,10326,-1.9166251965440928,0.8619697850087159
115041.18,4.2,10326,-1.9166251965440928,0.8619697850087159
151234.282,4.2,10326,-1.9166251965440928,0.8619697850087159
3867597.849,4.2,10326,-1.9166251965440928,0.8619697850087159
3231966.532,4.2,10326,-1.9166251965440928,0.8619697850087159
1240445.564,4.2,10326,-1.9166251965440928,0.8619697850087159
8340009.946,4.2,10326,-1.9166251965440928,0.8619697850087159
2374.906,4.2,10326,-1.9166251965440928,0.8619697850087159
5975662.923,4.2,10326,-1.9166251965440928,0.8619697850087159
30005334.302,4.2,10326,-1.9166251965440928,0.8619697850087159
117634640.069,4.2,10326,-1.9166251965440928,0.8619697850087159
2877466889.802,4.2,10326,-1.9166251965440928,0.8619697850087159
3954976701.728,4.2,10326,-1.9166251965440928,0.8619697850087159
6986061603.73,4.2,10326,-1.9166251965440928,0.8619697850087159
2374.906,4.2,10326,-1.9166251965440928,0.8619697850087159
5975662.923,4.2,10326,-1.9166251965440928,0.8619697850087159
30005334.302,4.2,10326,-1.9166251965440928,0.8619697850087159
119608358.691,4.2,10326,-1.9166251965440928,0.8619697850087159
2901182615.084,4.2,10326,-1.9166251965440928,0.8619697850087159
3959951086.349,4.2,10326,-1.9166251965440928,0.8619697850087159
7016725432.255,4.2,10326,-1.9166251965440928,0.8619697850087159
1696.734,4.2,10326,-1.9166251965440928,0.8619697850087159
1696.734,4.2,10326,-1.9166251965440928,0.8619697850087159
1965357.648,4.2,10326,-1.9166251965440928,0.8619697850087159
1965357.648,4.2,10326,-1.9166251965440928,0.8619697850087159
35257.538,4.2,10326,-1.9166251965440928,0.8619697850087159
13278448.294,4.2,10326,-1.9166251965440928,0.8619697850087159
475951.041,4.2,10326,-1.9166251965440928,0.8619697850087159
2571226982.782,4.2,10326,-1.9166251965440928,0.8619697850087159
2585016639.654,4.2,10326,-1.9166251965440928,0.8619697850087159
23115946.308,4.2,10326,-1.9166251965440928,0.8619697850087159
23115946.308,4.2,10326,-1.9166251965440928,0.8619697850087159
91150142.662,4.2,10326,-1.9166251965440928,0.8619697850087159
470827.681,4.2,10326,-1.9166251965440928,0.8619697850087159
23032.821,4.2,10326,-1.9166251965440928,0.8619697850087159
91644003.164,4.2,10326,-1.9166251965440928,0.8619697850087159
533138.066,4.2,10326,-1.9166251965440928,0.8619697850087159
638940.407,4.2,10326,-1.9166251965440928,0.8619697850087159
809176.338,4.2,10326,-1.9166251965440928,0.8619697850087159
3826408329.714,4.2,10326,-1.9166251965440928,0.8619697850087159
3828389584.525,4.2,10326,-1.9166251965440928,0.8619697850087159
674197.946,4.2,10326,-1.9166251965440928,0.8619697850087159
14282414.041,4.2,10326,-1.9166251965440928,0.8619697850087159
1308160.199,4.2,10326,-1.9166251965440928,0.8619697850087159
6513868455.848,4.2,10326,-1.9166251965440928,0.8619697850087159
6530133228.034,4.2,10326,-1.9166251965440928,0.8619697850087159
6530133228.034,4.2,10326,-1.9166251965440928,0.8619697850087159
6513868455.848,4.2,10326,-1.9166251965440928,0.8619697850087159
1308160.199,4.2,10326,-1.9166251965440928,0.8619697850087159
674197.946,4.2,10326,-1.9166251965440928,0.8619697850087159
14282414.041,4.2,10326,-1.9166251965440928,0.8619697850087159
638940.407,4.2,10326,-1.9166251965440928,0.8619697850087159
533138.066,4.2,10326,-1.9166251965440928,0.8619697850087159
809176.338,4.2,10326,-1.9166251965440928,0.8619697850087159
3826408329.714,4.2,10326,-1.9166251965440928,0.8619697850087159
3828389584.525,4.2,10326,-1.9166251965440928,0.8619697850087159
91644003.164,4.2,10326,-1.9166251965440928,0.8619697850087159
91150142.662,4.2,10326,-1.9166251965440928,0.8619697850087159
23032.821,4.2,10326,-1.9166251965440928,0.8619697850087159
470827.681,4.2,10326,-1.9166251965440928,0.8619697850087159
23115946.308,4.2,10326,-1.9166251965440928,0.8619697850087159
23115946.308,4.2,10326,-1.9166251965440928,0.8619697850087159
2571226982.782,4.2,10326,-1.9166251965440928,0.8619697850087159
35257.538,4.2,10326,-1.9166251965440928,0.8619697850087159
13278448.294,4.2,10326,-1.9166251965440928,0.8619697850087159
475951.041,4.2,10326,-1.9166251965440928,0.8619697850087159
2585016639.654,4.2,10326,-1.9166251965440928,0.8619697850087159
1965357.648,4.2,10326,-1.9166251965440928,0.8619697850087159
1965357.648,4.2,10326,-1.9166251965440928,0.8619697850087159
1696.734,4.2,10326,-1.9166251965440928,0.8619697850087159
1696.734,4.2,10326,-1.9166251965440928,0.8619697850087159
844102.833,4.2,10326,-1.9166251965440928,0.8619697850087159
50565.801,4.2,10326,-1.9166251965440928,0.8619697850087159
9590265889.597,4.2,10326,-1.9166251965440928,0.8619697850087159
921676.451,4.2,10326,-1.9166251965440928,0.8619697850087159
27007.818,4.2,10326,-1.9166251965440928,0.8619697850087159
9590265889.597,4.2,10326,-1.9166251965440928,0.8619697850087159
705424.371,4.2,10326,-1.9166251965440928,0.8619697850087159
4993879411.463,4.2,10326,-1.9166251965440928,0.8619697850087159
760024.508,4.2,10326,-1.9166251965440928,0.8619697850087159
119855916.442,4.2,10326,-1.9166251965440928,0.8619697850087159
27007.818,4.2,10326,-1.9166251965440928,0.8619697850087159
151942280.526,4.2,10326,-1.9166251965440928,0.8619697850087159
151186290.354,4.2,10326,-1.9166251965440928,0.8619697850087159
9609963010.901,4.2,10326,-1.9166251965440928,0.8619697850087159
3991539.628,4.2,10326,-1.9166251965440928,0.8619697850087159
1271.716,4.2,10326,-1.9166251965440928,0.8619697850087159
119855916.442,4.2,10326,-1.9166251965440928,0.8619697850087159
4340292591.126,4.2,10326,-1.9166251965440928,0.8619697850087159
1271.716,4.2,10326,-1.9166251965440928,0.8619697850087159
4326058758.671,4.2,10326,-1.9166251965440928,0.8619697850087159
3103171.336,4.2,10326,-1.9166251965440928,0.8619697850087159
1271.716,4.2,10326,-1.9166251965440928,0.8619697850087159
4326058758.671,4.2,10326,-1.9166251965440928,0.8619697850087159
50565.801,4.2,10326,-1.9166251965440928,0.8619697850087159
9609963010.901,4.2,10326,-1.9166251965440928,0.8619697850087159
3109096.834,4.2,10326,-1.9166251965440928,0.8619697850087159
844102.833,4.2,10326,-1.9166251965440928,0.8619697850087159
3103171.336,4.2,10326,-1.9166251965440928,0.8619697850087159
3109096.834,4.2,10326,-1.9166251965440928,0.8619697850087159
151186290.354,4.2,10326,-1.9166251965440928,0.8619697850087159
4989172112.786,4.2,10326,-1.9166251965440928,0.8619697850087159
14200899.14,4.2,10326,-1.9166251965440928,0.8619697850087159
4340292591.126,4.2,10326,-1.9166251965440928,0.8619697850087159
3991539.628,4.2,10326,-1.9166251965440928,0.8619697850087159
5925.498,4.2,10326,-1.9166251965440928,0.8619697850087159
921676.451,4.2,10326,-1.9166251965440928,0.8619697850087159
5925.498,4.2,10326,-1.9166251965440928,0.8619697850087159
14200899.14,4.2,10326,-1.9166251965440928,0.8619697850087159
4993879411.463,4.2,10326,-1.9166251965440928,0.8619697850087159
119855916.442,4.2,10326,-1.9166251965440928,0.8619697850087159
760024.508,4.2,10326,-1.9166251965440928,0.8619697850087159
15666348.019,4.2,10326,-1.9166251965440928,0.8619697850087159
3991539.628,4.2,10326,-1.9166251965440928,0.8619697850087159
705424.371,4.2,10326,-1.9166251965440928,0.8619697850087159
4989172112.786,4.2,10326,-1.9166251965440928,0.8619697850087159
1271.716,4.2,10326,-1.9166251965440928,0.8619697850087159
3991539.628,4.2,10326,-1.9166251965440928,0.8619697850087159
119855916.442,4.2,10326,-1.9166251965440928,0.8619697850087159
151942280.526,4.2,10326,-1.9166251965440928,0.8619697850087159
75205.372,4.2,10326,-1.9166251965440928,0.8619697850087159
461594.388,4.2,10326,-1.9166251965440928,0.8619697850087159
124825.558,4.2,10326,-1.9166251965440928,0.8619697850087159
586419.946,4.2,10326,-1.9166251965440928,0.8619697850087159
600562447.135,4.2,10326,-1.9166251965440928,0.8619697850087159
61660487.789,4.2,10326,-1.9166251965440928,0.8619697850087159
50935848910.871,4.2,10326,-1.9166251965440928,0.8619697850087159
45442641.243,4.2,10326,-1.9166251965440928,0.8619697850087159
2309790329.413,4.2,10326,-1.9166251965440928,0.8619697850087159
53953304816.451,4.2,10326,-1.9166251965440928,0.8619697850087159
215027479.462,4.2,10326,-1.9166251965440928,0.8619697850087159
5576317.079,4.2,10326,-1.9166251965440928,0.8619697850087159
158157759.395,4.2,10326,-1.9166251965440928,0.8619697850087159
60774544.872,4.2,10326,-1.9166251965440928,0.8619697850087159
439611306.179,4.2,10326,-1.9166251965440928,0.8619697850087159
171748.275,4.2,10326,-1.9166251965440928,0.8619697850087159
1640691.746,4.2,10326,-1.9166251965440928,0.8619697850087159
171748.275,4.2,10326,-1.9166251965440928,0.8619697850087159
1640691.746,4.2,10326,-1.9166251965440928,0.8619697850087159
461594.388,4.2,10326,-1.9166251965440928,0.8619697850087159
124825.558,4.2,10326,-1.9166251965440928,0.8619697850087159
586419.946,4.2,10326,-1.9166251965440928,0.8619697850087159
600562447.135,4.2,10326,-1.9166251965440928,0.8619697850087159
61660487.789,4.2,10326,-1.9166251965440928,0.8619697850087159
50935848910.871,4.2,10326,-1.9166251965440928,0.8619697850087159
2309790329.413,4.2,10326,-1.9166251965440928,0.8619697850087159
45442641.243,4.2,10326,-1.9166251965440928,0.8619697850087159
53953304816.451,4.2,10326,-1.9166251965440928,0.8619697850087159
215027479.462,4.2,10326,-1.9166251965440928,0.8619697850087159
5576317.079,4.2,10326,-1.9166251965440928,0.8619697850087159
158157759.395,4.2,10326,-1.9166251965440928,0.8619697850087159
60774544.872,4.2,10326,-1.9166251965440928,0.8619697850087159
439611306.179,4.2,10326,-1.9166251965440928,0.8619697850087159
171748.275,4.2,10326,-1.9166251965440928,0.8619697850087159
1640691.746,4.2,10326,-1.9166251965440928,0.8619697850087159
171748.275,4.2,10326,-1.9166251965440928,0.8619697850087159
1640691.746,4.2,10326,-1.9166251965440928,0.8619697850087159
75205.372,4.2,10326,-1.9166251965440928,0.8619697850087159
1667026500.423,4.2,10326,-1.9166251965440928,0.8619697850087159
26340688633.642,4.2,10326,-1.9166251965440928,0.8619697850087159
13120831.417,4.2,10326,-1.9166251965440928,0.8619697850087159
365639401.188,4.2,10326,-1.9166251965440928,0.8619697850087159
35196681520.05,4.2,10326,-1.9166251965440928,0.8619697850087159
36803841772.178,4.2,10326,-1.9166251965440928,0.8619697850087159
100388811098.918,4.2,10326,-1.9166251965440928,0.8619697850087159
1712544347.038,4.2,10326,-1.9166251965440928,0.8619697850087159
28808636722.45,4.2,10326,-1.9166251965440928,0.8619697850087159
13120831.417,4.2,10326,-1.9166251965440928,0.8619697850087159
432876206.055,4.2,10326,-1.9166251965440928,0.8619697850087159
86348019504.771,4.2,10326,-1.9166251965440928,0.8619697850087159
37465303589.742,4.2,10326,-1.9166251965440928,0.8619697850087159
154782313641.495,4.2,10326,-1.9166251965440928,0.8619697850087159
1667026500.423,4.2,10326,-1.9166251965440928,0.8619697850087159
26340688633.642,4.2,10326,-1.9166251965440928,0.8619697850087159
13120831.417,4.2,10326,-1.9166251965440928,0.8619697850087159
365639401.188,4.2,10326,-1.9166251965440928,0.8619697850087159
35196681520.05,4.2,10326,-1.9166251965440928,0.8619697850087159
36803841772.178,4.2,10326,-1.9166251965440928,0.8619697850087159
100388811098.918,4.2,10326,-1.9166251965440928,0.8619697850087159
1712544347.038,4.2,10326,-1.9166251965440928,0.8619697850087159
28808636722.45,4.2,10326,-1.9166251965440928,0.8619697850087159
13120831.417,4.2,10326,-1.9166251965440928,0.8619697850087159
432876206.055,4.2,10326,-1.9166251965440928,0.8619697850087159
86348019504.771,4.2,10326,-1.9166251965440928,0.8619697850087159
37465303589.742,4.2,10326,-1.9166251965440928,0.8619697850087159
154782313641.495,4.2,10326,-1.9166251965440928,0.8619697850087159
26839724768.804,4.2,10326,-1.9166251965440928,0.8619697850087159
13873183.215,4.2,10326,-1.9166251965440928,0.8619697850087159
35331254654.926,4.2,10326,-1.9166251965440928,0.8619697850087159
79432424528.359,4.2,10326,-1.9166251965440928,0.8619697850087159
37875976010.913,4.2,10326,-1.9166251965440928,0.8619697850087159
34798226102.218,4.2,10326,-1.9166251965440928,0.8619697850087159
13873183.215,4.2,10326,-1.9166251965440928,0.8619697850087159
24063979641.694,4.2,10326,-1.9166251965440928,0.8619697850087159
143884830151.763,4.2,10326,-1.9166251965440928,0.8619697850087159
98961604629.153,4.2,10326,-1.9166251965440928,0.8619697850087159
462884740.027,4.2,10326,-1.9166251965440928,0.8619697850087159
13347781.758,4.2,10326,-1.9166251965440928,0.8619697850087159
200829581.666,4.2,10326,-1.9166251965440928,0.8619697850087159
75200440.656,4.2,10326,-1.9166251965440928,0.8619697850087159
173442003.569,4.2,10326,-1.9166251965440928,0.8619697850087159
524201.327,4.2,10326,-1.9166251965440928,0.8619697850087159
38844670.065,4.2,10326,-1.9166251965440928,0.8619697850087159
41355450773.235,4.2,10326,-1.9166251965440928,0.8619697850087159
2602303123.541,4.2,10326,-1.9166251965440928,0.8619697850087159
457472073.27,4.2,10326,-1.9166251965440928,0.8619697850087159
5745941.144,4.2,10326,-1.9166251965440928,0.8619697850087159
44459816581.255,4.2,10326,-1.9166251965440928,0.8619697850087159
1630190696.592,4.2,10326,-1.9166251965440928,0.8619697850087159
636960158.945,4.2,10326,-1.9166251965440928,0.8619697850087159
584767707.122,4.2,10326,-1.9166251965440928,0.8619697850087159
1624379823.069,4.2,10326,-1.9166251965440928,0.8619697850087159
168162.544,4.2,10326,-1.9166251965440928,0.8619697850087159
356038.783,4.2,10326,-1.9166251965440928,0.8619697850087159
402160.923,4.2,10326,-1.9166251965440928,0.8619697850087159
402160.923,4.2,10326,-1.9166251965440928,0.8619697850087159
64932.378,4.2,10326,-1.9166251965440928,0.8619697850087159
19126164432.93,4.2,10326,-1.9166251965440928,0.8619697850087159
12211251.764,4.2,10326,-1.9166251965440928,0.8619697850087159
2074475577.032,4.2,10326,-1.9166251965440928,0.8619697850087159
13736595.061,4.2,10326,-1.9166251965440928,0.8619697850087159
1480941.231,4.2,10326,-1.9166251965440928,0.8619697850087159
409824725.599,4.2,10326,-1.9166251965440928,0.8619697850087159
13736595.061,4.2,10326,-1.9166251965440928,0.8619697850087159
26899111893.276,4.2,10326,-1.9166251965440928,0.8619697850087159
128803542.484,4.2,10326,-1.9166251965440928,0.8619697850087159
250219673.153,4.2,10326,-1.9166251965440928,0.8619697850087159
3870712.195,4.2,10326,-1.9166251965440928,0.8619697850087159
43946869.824,4.2,10326,-1.9166251965440928,0.8619697850087159
1480941.231,4.2,10326,-1.9166251965440928,0.8619697850087159
332852.564,4.2,10326,-1.9166251965440928,0.8619697850087159
99601548.478,4.2,10326,-1.9166251965440928,0.8619697850087159
21300241558.439,4.2,10326,-1.9166251965440928,0.8619697850087159
29431229777.925,4.2,10326,-1.9166251965440928,0.8619697850087159
972645.912,4.2,10326,-1.9166251965440928,0.8619697850087159
490836015.879,4.2,10326,-1.9166251965440928,0.8619697850087159
639793.348,4.2,10326,-1.9166251965440928,0.8619697850087159
2074475577.032,4.2,10326,-1.9166251965440928,0.8619697850087159
128803542.484,4.2,10326,-1.9166251965440928,0.8619697850087159
13736595.061,4.2,10326,-1.9166251965440928,0.8619697850087159
332852.564,4.2,10326,-1.9166251965440928,0.8619697850087159
12211251.764,4.2,10326,-1.9166251965440928,0.8619697850087159
26899111893.276,4.2,10326,-1.9166251965440928,0.8619697850087159
99601548.478,4.2,10326,-1.9166251965440928,0.8619697850087159
3870712.195,4.2,10326,-1.9166251965440928,0.8619697850087159
250219673.153,4.2,10326,-1.9166251965440928,0.8619697850087159
1480941.231,4.2,10326,-1.9166251965440928,0.8619697850087159
409824725.599,4.2,10326,-1.9166251965440928,0.8619697850087159
43946869.824,4.2,10326,-1.9166251965440928,0.8619697850087159
19126164432.93,4.2,10326,-1.9166251965440928,0.8619697850087159
1480941.231,4.2,10326,-1.9166251965440928,0.8619697850087159
21300241558.439,4.2,10326,-1.9166251965440928,0.8619697850087159
13736595.061,4.2,10326,-1.9166251965440928,0.8619697850087159
490836015.879,4.2,10326,-1.9166251965440928,0.8619697850087159
29431229777.925,4.2,10326,-1.9166251965440928,0.8619697850087159
972645.912,4.2,10326,-1.9166251965440928,0.8619697850087159
639793.348,4.2,10326,-1.9166251965440928,0.8619697850087159
122813825498.72,4.2,10326,-1.9166251965440928,0.8619697850087159
92890787059.004,4.2,10326,-1.9166251965440928,0.8619697850087159
1350773751.9,4.2,10326,-1.9166251965440928,0.8619697850087159
32308336075.805,4.2,10326,-1.9166251965440928,0.8619697850087159
547902633.342,4.2,10326,-1.9166251965440928,0.8619697850087159
67291353942.943,4.2,10326,-1.9166251965440928,0.8619697850087159
40263105654.618,4.2,10326,-1.9166251965440928,0.8619697850087159
491744511.754,4.2,10326,-1.9166251965440928,0.8619697850087159
31647651883.705,4.2,10326,-1.9166251965440928,0.8619697850087159
1346903039.705,4.2,10326,-1.9166251965440928,0.8619697850087159
31647651883.705,4.2,10326,-1.9166251965440928,0.8619697850087159
1346903039.705,4.2,10326,-1.9166251965440928,0.8619697850087159
40263105654.618,4.2,10326,-1.9166251965440928,0.8619697850087159
491744511.754,4.2,10326,-1.9166251965440928,0.8619697850087159
1350773751.9,4.2,10326,-1.9166251965440928,0.8619697850087159
67291353942.943,4.2,10326,-1.9166251965440928,0.8619697850087159
32308336075.805,4.2,10326,-1.9166251965440928,0.8619697850087159
547902633.342,4.2,10326,-1.9166251965440928,0.8619697850087159
92890787059.004,4.2,10326,-1.9166251965440928,0.8619697850087159
122813825498.72,4.2,10326,-1.9166251965440928,0.8619697850087159
8853.872,4.2,10326,-1.9166251965440928,0.8619697850087159
1729386046.59,4.2,10326,-1.9166251965440928,0.8619697850087159
451416.409,4.2,10326,-1.9166251965440928,0.8619697850087159
1036679.745,4.2,10326,-1.9166251965440928,0.8619697850087159
17674494932.299,4.2,10326,-1.9166251965440928,0.8619697850087159
189040763.463,4.2,10326,-1.9166251965440928,0.8619697850087159
22413602671.143,4.2,10326,-1.9166251965440928,0.8619697850087159
24370039.298,4.2,10326,-1.9166251965440928,0.8619697850087159
7782018.275,4.2,10326,-1.9166251965440928,0.8619697850087159
1878637944.781,4.2,10326,-1.9166251965440928,0.8619697850087159
451416.409,4.2,10326,-1.9166251965440928,0.8619697850087159
17674494932.299,4.2,10326,-1.9166251965440928,0.8619697850087159
400888377.434,4.2,10326,-1.9166251965440928,0.8619697850087159
24887610.654,4.2,10326,-1.9166251965440928,0.8619697850087159
775990819.787,4.2,10326,-1.9166251965440928,0.8619697850087159
4577933670.608,4.2,10326,-1.9166251965440928,0.8619697850087159
4099730.894,4.2,10326,-1.9166251965440928,0.8619697850087159
1036679.745,4.2,10326,-1.9166251965440928,0.8619697850087159
140320723649.224,4.2,10326,-1.9166251965440928,0.8619697850087159
35484147040.382,4.2,10326,-1.9166251965440928,0.8619697850087159
825990278.968,4.2,10326,-1.9166251965440928,0.8619697850087159
77048530162.131,4.2,10326,-1.9166251965440928,0.8619697850087159
18986911.397,4.2,10326,-1.9166251965440928,0.8619697850087159
776732629.015,4.2,10326,-1.9166251965440928,0.8619697850087159
41374305678.541,4.2,10326,-1.9166251965440928,0.8619697850087159
35993404770.947,4.2,10326,-1.9166251965440928,0.8619697850087159
77048530162.131,4.2,10326,-1.9166251965440928,0.8619697850087159
825990278.968,4.2,10326,-1.9166251965440928,0.8619697850087159
38130415679.629,4.2,10326,-1.9166251965440928,0.8619697850087159
18986911.397,4.2,10326,-1.9166251965440928,0.8619697850087159
41374305678.541,4.2,10326,-1.9166251965440928,0.8619697850087159
1882746529.547,4.2,10326,-1.9166251965440928,0.8619697850087159
1878637944.781,4.2,10326,-1.9166251965440928,0.8619697850087159
4577933670.608,4.2,10326,-1.9166251965440928,0.8619697850087159
6736484.658,4.2,10326,-1.9166251965440928,0.8619697850087159
451416.409,4.2,10326,-1.9166251965440928,0.8619697850087159
161174068.235,4.2,10326,-1.9166251965440928,0.8619697850087159
400888377.434,4.2,10326,-1.9166251965440928,0.8619697850087159
24887610.654,4.2,10326,-1.9166251965440928,0.8619697850087159
775990819.787,4.2,10326,-1.9166251965440928,0.8619697850087159
4099730.894,4.2,10326,-1.9166251965440928,0.8619697850087159
1882746529.547,4.2,10326,-1.9166251965440928,0.8619697850087159
24370039.298,4.2,10326,-1.9166251965440928,0.8619697850087159
189040763.463,4.2,10326,-1.9166251965440928,0.8619697850087159
8853.872,4.2,10326,-1.9166251965440928,0.8619697850087159
1729386046.59,4.2,10326,-1.9166251965440928,0.8619697850087159
451416.409,4.2,10326,-1.9166251965440928,0.8619697850087159
161174068.235,4.2,10326,-1.9166251965440928,0.8619697850087159
22413602671.143,4.2,10326,-1.9166251965440928,0.8619697850087159
7782018.275,4.2,10326,-1.9166251965440928,0.8619697850087159
6736484.658,4.2,10326,-1.9166251965440928,0.8619697850087159
18986911.397,4.2,10326,-1.9166251965440928,0.8619697850087159
38130415679.629,4.2,10326,-1.9166251965440928,0.8619697850087159
41819936527.772,4.2,10326,-1.9166251965440928,0.8619697850087159
97717014283.39,4.2,10326,-1.9166251965440928,0.8619697850087159
35993404770.947,4.2,10326,-1.9166251965440928,0.8619697850087159
35484147040.382,4.2,10326,-1.9166251965440928,0.8619697850087159
776732629.015,4.2,10326,-1.9166251965440928,0.8619697850087159
18986911.397,4.2,10326,-1.9166251965440928,0.8619697850087159
41819936527.772,4.2,10326,-1.9166251965440928,0.8619697850087159
140320723649.224,4.2,10326,-1.9166251965440928,0.8619697850087159
97717014283.39,4.2,10326,-1.9166251965440928,0.8619697850087159
800802.014,4.2,10326,-1.9166251965440928,0.8619697850087159
3322152.152,4.2,10326,-1.9166251965440928,0.8619697850087159
2285000469.772,4.2,10326,-1.9166251965440928,0.8619697850087159
8726589.457,4.2,10326,-1.9166251965440928,0.8619697850087159
2552172.045,4.2,10326,-1.9166251965440928,0.8619697850087159
585511232.76,4.2,10326,-1.9166251965440928,0.8619697850087159
56371776128.253,4.2,10326,-1.9166251965440928,0.8619697850087159
8726589.457,4.2,10326,-1.9166251965440928,0.8619697850087159
478935406.231,4.2,10326,-1.9166251965440928,0.8619697850087159
3322152.152,4.2,10326,-1.9166251965440928,0.8619697850087159
8194904.155,4.2,10326,-1.9166251965440928,0.8619697850087159
107748445482.369,4.2,10326,-1.9166251965440928,0.8619697850087159
585511232.76,4.2,10326,-1.9166251965440928,0.8619697850087159
4190521.36,4.2,10326,-1.9166251965440928,0.8619697850087159
8726589.457,4.2,10326,-1.9166251965440928,0.8619697850087159
2285000469.772,4.2,10326,-1.9166251965440928,0.8619697850087159
800802.014,4.2,10326,-1.9166251965440928,0.8619697850087159
54118093218.875,4.2,10326,-1.9166251965440928,0.8619697850087159
14887.866,4.2,10326,-1.9166251965440928,0.8619697850087159
800802.014,4.2,10326,-1.9166251965440928,0.8619697850087159
87889473126.726,4.2,10326,-1.9166251965440928,0.8619697850087159
2552172.045,4.2,10326,-1.9166251965440928,0.8619697850087159
640806453.405,4.2,10326,-1.9166251965440928,0.8619697850087159
800802.014,4.2,10326,-1.9166251965440928,0.8619697850087159
44243941526.593,4.2,10326,-1.9166251965440928,0.8619697850087159
478935406.231,4.2,10326,-1.9166251965440928,0.8619697850087159
4278443405.663,4.2,10326,-1.9166251965440928,0.8619697850087159
69572.714,4.2,10326,-1.9166251965440928,0.8619697850087159
69572.714,4.2,10326,-1.9166251965440928,0.8619697850087159
14887.866,4.2,10326,-1.9166251965440928,0.8619697850087159
158186958670.867,4.2,10326,-1.9166251965440928,0.8619697850087159
49511563157.856,4.2,10326,-1.9166251965440928,0.8619697850087159
44243941526.593,4.2,10326,-1.9166251965440928,0.8619697850087159
8194904.155,4.2,10326,-1.9166251965440928,0.8619697850087159
922759509.282,4.2,10326,-1.9166251965440928,0.8619697850087159
4278443405.663,4.2,10326,-1.9166251965440928,0.8619697850087159
798796.493,4.2,10326,-1.9166251965440928,0.8619697850087159
47100316.491,4.2,10326,-1.9166251965440928,0.8619697850087159
232690890.978,4.2,10326,-1.9166251965440928,0.8619697850087159
1771425350.995,4.2,10326,-1.9166251965440928,0.8619697850087159
640806453.405,4.2,10326,-1.9166251965440928,0.8619697850087159
6506371642.897,4.2,10326,-1.9166251965440928,0.8619697850087159
10987738468.613,4.2,10326,-1.9166251965440928,0.8619697850087159
87889473126.726,4.2,10326,-1.9166251965440928,0.8619697850087159
6506371642.897,4.2,10326,-1.9166251965440928,0.8619697850087159
202923420.053,4.2,10326,-1.9166251965440928,0.8619697850087159
107748445482.369,4.2,10326,-1.9166251965440928,0.8619697850087159
8726589.457,4.2,10326,-1.9166251965440928,0.8619697850087159
158186958670.867,4.2,10326,-1.9166251965440928,0.8619697850087159
2287637102.398,4.2,10326,-1.9166251965440928,0.8619697850087159
56371776128.253,4.2,10326,-1.9166251965440928,0.8619697850087159
4190521.36,4.2,10326,-1.9166251965440928,0.8619697850087159
49511563157.856,4.2,10326,-1.9166251965440928,0.8619697850087159
1771425350.995,4.2,10326,-1.9166251965440928,0.8619697850087159
43412041912.661,4.2,10326,-1.9166251965440928,0.8619697850087159
10987738468.613,4.2,10326,-1.9166251965440928,0.8619697850087159
202923420.053,4.2,10326,-1.9166251965440928,0.8619697850087159
47100316.491,4.2,10326,-1.9166251965440928,0.8619697850087159
43412041912.661,4.2,10326,-1.9166251965440928,0.8619697850087159
798796.493,4.2,10326,-1.9166251965440928,0.8619697850087159
2287637102.398,4.2,10326,-1.9166251965440928,0.8619697850087159
54118093218.875,4.2,10326,-1.9166251965440928,0.8619697850087159
922759509.282,4.2,10326,-1.9166251965440928,0.8619697850087159
18928422151.655,3.99,37364,-1.367338087166705,0.7383765121507333
18928422151.655,3.99,37364,-1.367338087166705,0.7383765121507333
495337932.132,3.99,37364,-1.367338087166705,0.7383765121507333
18038873722.575,3.99,37364,-1.367338087166705,0.7383765121507333
8583202726.025,3.99,37364,-1.367338087166705,0.7383765121507333
6409111509.287,3.99,37364,-1.367338087166705,0.7383765121507333
8583202726.025,3.99,37364,-1.367338087166705,0.7383765121507333
495337932.132,3.99,37364,-1.367338087166705,0.7383765121507333
18038873722.575,3.99,37364,-1.367338087166705,0.7383765121507333
6409111509.287,3.99,37364,-1.367338087166705,0.7383765121507333
2551221555.132,3.99,37364,-1.367338087166705,0.7383765121507333
2551221555.132,3.99,37364,-1.367338087166705,0.7383765121507333
82290.838,3.99,37364,-1.367338087166705,0.7383765121507333
433004611.113,3.99,37364,-1.367338087166705,0.7383765121507333
8746778499.11,3.99,37364,-1.367338087166705,0.7383765121507333
82290.838,3.99,37364,-1.367338087166705,0.7383765121507333
433004611.113,3.99,37364,-1.367338087166705,0.7383765121507333
8746778499.11,3.99,37364,-1.367338087166705,0.7383765121507333
2239433299.675,3.99,37364,-1.367338087166705,0.7383765121507333
6993293800.443,3.99,37364,-1.367338087166705,0.7383765121507333
18412592501.179,3.99,37364,-1.367338087166705,0.7383765121507333
2239433299.675,3.99,37364,-1.367338087166705,0.7383765121507333
6993293800.443,3.99,37364,-1.367338087166705,0.7383765121507333
18412592501.179,3.99,37364,-1.367338087166705,0.7383765121507333
102970303.383,3.99,37364,-1.367338087166705,0.7383765121507333
102970303.383,3.99,37364,-1.367338087166705,0.7383765121507333
7355886589.426,3.99,37364,-1.367338087166705,0.7383765121507333
19053209844.547,3.99,37364,-1.367338087166705,0.7383765121507333
3080208690.272,3.99,37364,-1.367338087166705,0.7383765121507333
8514144261.465,3.99,37364,-1.367338087166705,0.7383765121507333
7355886589.426,3.99,37364,-1.367338087166705,0.7383765121507333
3080208690.272,3.99,37364,-1.367338087166705,0.7383765121507333
19053209844.547,3.99,37364,-1.367338087166705,0.7383765121507333
8514144261.465,3.99,37364,-1.367338087166705,0.7383765121507333
34035367.866,3.99,37364,-1.367338087166705,0.7383765121507333
2013546.774,3.99,37364,-1.367338087166705,0.7383765121507333
8336934.884,3.99,37364,-1.367338087166705,0.7383765121507333
229296767.1,3.99,37364,-1.367338087166705,0.7383765121507333
86141952.483,3.99,37364,-1.367338087166705,0.7383765121507333
23573256.608,3.99,37364,-1.367338087166705,0.7383765121507333
22432974.487,3.99,37364,-1.367338087166705,0.7383765121507333
1162846443.681,3.99,37364,-1.367338087166705,0.7383765121507333
3002597117.146,3.99,37364,-1.367338087166705,0.7383765121507333
34023471.858,3.99,37364,-1.367338087166705,0.7383765121507333
6365510.599,3.99,37364,-1.367338087166705,0.7383765121507333
4109627.064,3.99,37364,-1.367338087166705,0.7383765121507333
91036374.277,3.99,37364,-1.367338087166705,0.7383765121507333
14332360.609,3.99,37364,-1.367338087166705,0.7383765121507333
4806.012,3.99,37364,-1.367338087166705,0.7383765121507333
15951870.579,3.99,37364,-1.367338087166705,0.7383765121507333
1218392.934,3.99,37364,-1.367338087166705,0.7383765121507333
129818.469,3.99,37364,-1.367338087166705,0.7383765121507333
48038700.395,3.99,37364,-1.367338087166705,0.7383765121507333
407647.938,3.99,37364,-1.367338087166705,0.7383765121507333
19543059.965,3.99,37364,-1.367338087166705,0.7383765121507333
1337406.727,3.99,37364,-1.367338087166705,0.7383765121507333
1147870.175,3.99,37364,-1.367338087166705,0.7383765121507333
12138193.491,3.99,37364,-1.367338087166705,0.7383765121507333
226258.534,3.99,37364,-1.367338087166705,0.7383765121507333
8613673.02,3.99,37364,-1.367338087166705,0.7383765121507333
1373159.45,3.99,37364,-1.367338087166705,0.7383765121507333
56553.952,3.99,37364,-1.367338087166705,0.7383765121507333
2557251.108,3.99,37364,-1.367338087166705,0.7383765121507333
17949351.333,3.99,37364,-1.367338087166705,0.7383765121507333
134530426.034,3.99,37364,-1.367338087166705,0.7383765121507333
3088767994.812,3.99,37364,-1.367338087166705,0.7383765121507333
1956624.162,3.99,37364,-1.367338087166705,0.7383765121507333
76974474.813,3.99,37364,-1.367338087166705,0.7383765121507333
1783906.82,3.99,37364,-1.367338087166705,0.7383765121507333
2602924.699,3.99,37364,-1.367338087166705,0.7383765121507333
26384904.063,3.99,37364,-1.367338087166705,0.7383765121507333
308543.021,3.99,37364,-1.367338087166705,0.7383765121507333
19803840.727,3.99,37364,-1.367338087166705,0.7383765121507333
4201228.157,3.99,37364,-1.367338087166705,0.7383765121507333
9824563.351,3.99,37364,-1.367338087166705,0.7383765121507333
385254.877,3.99,37364,-1.367338087166705,0.7383765121507333
3219368.637,3.99,37364,-1.367338087166705,0.7383765121507333
122135.198,3.99,37364,-1.367338087166705,0.7383765121507333
2271.777,3.99,37364,-1.367338087166705,0.7383765121507333
4848277.002,3.99,37364,-1.367338087166705,0.7383765121507333
68266.851,3.99,37364,-1.367338087166705,0.7383765121507333
156303264.236,3.99,37364,-1.367338087166705,0.7383765121507333
50116094.979,3.99,37364,-1.367338087166705,0.7383765121507333
3118454.598,3.99,37364,-1.367338087166705,0.7383765121507333
36480.278,3.99,37364,-1.367338087166705,0.7383765121507333
69193.384,3.99,37364,-1.367338087166705,0.7383765121507333
200075.109,3.99,37364,-1.367338087166705,0.7383765121507333
44227171.791,3.99,37364,-1.367338087166705,0.7383765121507333
188641967.152,3.99,37364,-1.367338087166705,0.7383765121507333
1222899.867,3.99,37364,-1.367338087166705,0.7383765121507333
425762.341,3.99,37364,-1.367338087166705,0.7383765121507333
54859616.307,3.99,37364,-1.367338087166705,0.7383765121507333
407647.938,3.99,37364,-1.367338087166705,0.7383765121507333
39553238.143,3.99,37364,-1.367338087166705,0.7383765121507333
31335091.218,3.99,37364,-1.367338087166705,0.7383765121507333
4826436.932,3.99,37364,-1.367338087166705,0.7383765121507333
1065981496.637,3.99,37364,-1.367338087166705,0.7383765121507333
1147870.175,3.99,37364,-1.367338087166705,0.7383765121507333
22281619.909,3.99,37364,-1.367338087166705,0.7383765121507333
339853.509,3.99,37364,-1.367338087166705,0.7383765121507333
16417394.518,3.99,37364,-1.367338087166705,0.7383765121507333
1385079.873,3.99,37364,-1.367338087166705,0.7383765121507333
150918.777,3.99,37364,-1.367338087166705,0.7383765121507333
17790380.625,3.99,37364,-1.367338087166705,0.7383765121507333
23394480.786,3.99,37364,-1.367338087166705,0.7383765121507333
161543585.812,3.99,37364,-1.367338087166705,0.7383765121507333
437519186.379,3.99,37364,-1.367338087166705,0.7383765121507333
3599095764.302,3.99,37364,-1.367338087166705,0.7383765121507333
2571565.381,3.99,37364,-1.367338087166705,0.7383765121507333
168047274.435,3.99,37364,-1.367338087166705,0.7383765121507333
4818411.857,3.99,37364,-1.367338087166705,0.7383765121507333
4785946.558,3.99,37364,-1.367338087166705,0.7383765121507333
1639992649.089,3.99,37364,-1.367338087166705,0.7383765121507333
14413420.704,3.99,37364,-1.367338087166705,0.7383765121507333
16905024.647,3.99,37364,-1.367338087166705,0.7383765121507333
3267315732.162,3.99,37364,-1.367338087166705,0.7383765121507333
5618737.927,3.99,37364,-1.367338087166705,0.7383765121507333
882843683.646,3.99,37364,-1.367338087166705,0.7383765121507333
7291855.008,3.99,37364,-1.367338087166705,0.7383765121507333
85091523.371,3.99,37364,-1.367338087166705,0.7383765121507333
9514288.116,3.99,37364,-1.367338087166705,0.7383765121507333
2271.777,3.99,37364,-1.367338087166705,0.7383765121507333
8996801.387,3.99,37364,-1.367338087166705,0.7383765121507333
68266.851,3.99,37364,-1.367338087166705,0.7383765121507333
184627472.752,3.99,37364,-1.367338087166705,0.7383765121507333
3319749353.849,3.99,37364,-1.367338087166705,0.7383765121507333
3530067.465,3.99,37364,-1.367338087166705,0.7383765121507333
106064326.035,3.99,37364,-1.367338087166705,0.7383765121507333
36480.278,3.99,37364,-1.367338087166705,0.7383765121507333
674528.684,3.99,37364,-1.367338087166705,0.7383765121507333
200075.109,3.99,37364,-1.367338087166705,0.7383765121507333
2689.267,3.99,37364,-1.367338087166705,0.7383765121507333
16264.999,3.99,37364,-1.367338087166705,0.7383765121507333
13409.713,3.99,37364,-1.367338087166705,0.7383765121507333
200175.209,3.99,37364,-1.367338087166705,0.7383765121507333
134990.7,3.99,37364,-1.367338087166705,0.7383765121507333
2183668.845,3.99,37364,-1.367338087166705,0.7383765121507333
724972.886,3.99,37364,-1.367338087166705,0.7383765121507333
876702.227,3.99,37364,-1.367338087166705,0.7383765121507333
1228168.535,3.99,37364,-1.367338087166705,0.7383765121507333
57713.645,3.99,37364,-1.367338087166705,0.7383765121507333
1069871.67,3.99,37364,-1.367338087166705,0.7383765121507333
1071612.43,3.99,37364,-1.367338087166705,0.7383765121507333
750274.944,3.99,37364,-1.367338087166705,0.7383765121507333
19032.392,3.99,37364,-1.367338087166705,0.7383765121507333
45187.741,3.99,37364,-1.367338087166705,0.7383765121507333
937814.383,3.99,37364,-1.367338087166705,0.7383765121507333
36696.347,3.99,37364,-1.367338087166705,0.7383765121507333
357030.393,3.99,37364,-1.367338087166705,0.7383765121507333
11591028.389,3.99,37364,-1.367338087166705,0.7383765121507333
50244.002,3.99,37364,-1.367338087166705,0.7383765121507333
41586.589,3.99,37364,-1.367338087166705,0.7383765121507333
37934.166,3.99,37364,-1.367338087166705,0.7383765121507333
711846.382,3.99,37364,-1.367338087166705,0.7383765121507333
212701.113,3.99,37364,-1.367338087166705,0.7383765121507333
359642.754,3.99,37364,-1.367338087166705,0.7383765121507333
36789.122,3.99,37364,-1.367338087166705,0.7383765121507333
41075.103,3.99,37364,-1.367338087166705,0.7383765121507333
23596.699,3.99,37364,-1.367338087166705,0.7383765121507333
3343651.098,3.99,37364,-1.367338087166705,0.7383765121507333
10989.006,3.99,37364,-1.367338087166705,0.7383765121507333
1438.019,3.99,37364,-1.367338087166705,0.7383765121507333
836418.156,3.99,37364,-1.367338087166705,0.7383765121507333
145788.051,3.99,37364,-1.367338087166705,0.7383765121507333
1044274.195,3.99,37364,-1.367338087166705,0.7383765121507333
144671.084,3.99,37364,-1.367338087166705,0.7383765121507333
8221119.402,3.99,37364,-1.367338087166705,0.7383765121507333
69577.914,3.99,37364,-1.367338087166705,0.7383765121507333
1567.417,3.99,37364,-1.367338087166705,0.7383765121507333
571931.26,3.99,37364,-1.367338087166705,0.7383765121507333
501929.753,3.99,37364,-1.367338087166705,0.7383765121507333
1223135.468,3.99,37364,-1.367338087166705,0.7383765121507333
208716.652,3.99,37364,-1.367338087166705,0.7383765121507333
352400.166,3.99,37364,-1.367338087166705,0.7383765121507333
28914011.254,3.99,37364,-1.367338087166705,0.7383765121507333
2611.14,3.99,37364,-1.367338087166705,0.7383765121507333
1022219.276,3.99,37364,-1.367338087166705,0.7383765121507333
38386970.355,3.99,37364,-1.367338087166705,0.7383765121507333
1759030.796,3.99,37364,-1.367338087166705,0.7383765121507333
5264000.064,3.99,37364,-1.367338087166705,0.7383765121507333
1455647.798,3.99,37364,-1.367338087166705,0.7383765121507333
2366.994,3.99,37364,-1.367338087166705,0.7383765121507333
81516219.336,3.99,37364,-1.367338087166705,0.7383765121507333
1181918.76,3.99,37364,-1.367338087166705,0.7383765121507333
214827.624,3.99,37364,-1.367338087166705,0.7383765121507333
122914.024,3.99,37364,-1.367338087166705,0.7383765121507333
2049267.758,3.99,37364,-1.367338087166705,0.7383765121507333
24734.419,3.99,37364,-1.367338087166705,0.7383765121507333
895112.047,3.99,37364,-1.367338087166705,0.7383765121507333
226061.997,3.99,37364,-1.367338087166705,0.7383765121507333
79755.135,3.99,37364,-1.367338087166705,0.7383765121507333
439849.559,3.99,37364,-1.367338087166705,0.7383765121507333
4239.593,3.99,37364,-1.367338087166705,0.7383765121507333
222988.2,3.99,37364,-1.367338087166705,0.7383765121507333
208664.161,3.99,37364,-1.367338087166705,0.7383765121507333
1499879.708,3.99,37364,-1.367338087166705,0.7383765121507333
409322.778,3.99,37364,-1.367338087166705,0.7383765121507333
618362.924,3.99,37364,-1.367338087166705,0.7383765121507333
20963.586,3.99,37364,-1.367338087166705,0.7383765121507333
682028.846,3.99,37364,-1.367338087166705,0.7383765121507333
173646.317,3.99,37364,-1.367338087166705,0.7383765121507333
98404.218,3.99,37364,-1.367338087166705,0.7383765121507333
8899770.489,3.99,37364,-1.367338087166705,0.7383765121507333
522947.051,3.99,37364,-1.367338087166705,0.7383765121507333
288762.321,3.99,37364,-1.367338087166705,0.7383765121507333
36014449.787,3.99,37364,-1.367338087166705,0.7383765121507333
73767.458,3.99,37364,-1.367338087166705,0.7383765121507333
9810103.811,3.99,37364,-1.367338087166705,0.7383765121507333
765061.639,3.99,37364,-1.367338087166705,0.7383765121507333
61182.958,3.99,37364,-1.367338087166705,0.7383765121507333
2142676.752,3.99,37364,-1.367338087166705,0.7383765121507333
322535.021,3.99,37364,-1.367338087166705,0.7383765121507333
1415446.737,3.99,37364,-1.367338087166705,0.7383765121507333
525255.451,3.99,37364,-1.367338087166705,0.7383765121507333
60964.447,3.99,37364,-1.367338087166705,0.7383765121507333
724830.06,3.99,37364,-1.367338087166705,0.7383765121507333
9592.492,3.99,37364,-1.367338087166705,0.7383765121507333
1074570.257,3.99,37364,-1.367338087166705,0.7383765121507333
398122.586,3.99,37364,-1.367338087166705,0.7383765121507333
462735.794,3.99,37364,-1.367338087166705,0.7383765121507333
1132309.537,3.99,37364,-1.367338087166705,0.7383765121507333
3411207.484,3.99,37364,-1.367338087166705,0.7383765121507333
1177679.167,3.99,37364,-1.367338087166705,0.7383765121507333
16979.125,3.99,37364,-1.367338087166705,0.7383765121507333
903189.614,3.99,37364,-1.367338087166705,0.7383765121507333
109776.534,3.99,37364,-1.367338087166705,0.7383765121507333
4224.944,3.99,37364,-1.367338087166705,0.7383765121507333
8685802.259,3.99,37364,-1.367338087166705,0.7383765121507333
6425962.34,3.99,37364,-1.367338087166705,0.7383765121507333
13669979.403,3.99,37364,-1.367338087166705,0.7383765121507333
12471258.524,3.99,37364,-1.367338087166705,0.7383765121507333
6654330.294,3.99,37364,-1.367338087166705,0.7383765121507333
30045882.55,3.99,37364,-1.367338087166705,0.7383765121507333
34329140.061,3.99,37364,-1.367338087166705,0.7383765121507333
7953625.849,3.99,37364,-1.367338087166705,0.7383765121507333
690405.491,3.99,37364,-1.367338087166705,0.7383765121507333
78426580.055,3.99,37364,-1.367338087166705,0.7383765121507333
21250246.383,3.99,37364,-1.367338087166705,0.7383765121507333
714895.764,3.99,37364,-1.367338087166705,0.7383765121507333
44388696.265,3.99,37364,-1.367338087166705,0.7383765121507333
84168336.988,3.99,37364,-1.367338087166705,0.7383765121507333
1980689.621,3.99,37364,-1.367338087166705,0.7383765121507333
73307457.378,3.99,37364,-1.367338087166705,0.7383765121507333
28464752.313,3.99,37364,-1.367338087166705,0.7383765121507333
32335459.437,3.99,37364,-1.367338087166705,0.7383765121507333
13808849.581,3.99,37364,-1.367338087166705,0.7383765121507333
120478370.533,3.99,37364,-1.367338087166705,0.7383765121507333
300598871.239,3.99,37364,-1.367338087166705,0.7383765121507333
527864760.869,3.99,37364,-1.367338087166705,0.7383765121507333
288576192.931,3.99,37364,-1.367338087166705,0.7383765121507333
224700477.946,3.99,37364,-1.367338087166705,0.7383765121507333
121939153.94,3.99,37364,-1.367338087166705,0.7383765121507333
328774370.498,3.99,37364,-1.367338087166705,0.7383765121507333
235694725.907,3.99,37364,-1.367338087166705,0.7383765121507333
5638722.488,3.99,37364,-1.367338087166705,0.7383765121507333
7373553.544,3.99,37364,-1.367338087166705,0.7383765121507333
207626149.116,3.99,37364,-1.367338087166705,0.7383765121507333
117633911.092,3.99,37364,-1.367338087166705,0.7383765121507333
69810099.357,3.99,37364,-1.367338087166705,0.7383765121507333
47769971.464,3.99,37364,-1.367338087166705,0.7383765121507333
4001895.252,3.99,37364,-1.367338087166705,0.7383765121507333
18079473.764,3.99,37364,-1.367338087166705,0.7383765121507333
19218464.353,3.99,37364,-1.367338087166705,0.7383765121507333
789246.731,3.99,37364,-1.367338087166705,0.7383765121507333
33052321.797,3.99,37364,-1.367338087166705,0.7383765121507333
1283599.416,3.99,37364,-1.367338087166705,0.7383765121507333
43588596.029,3.99,37364,-1.367338087166705,0.7383765121507333
13402.388,3.99,37364,-1.367338087166705,0.7383765121507333
13409.713,3.99,37364,-1.367338087166705,0.7383765121507333
30213.053,3.99,37364,-1.367338087166705,0.7383765121507333
134990.7,3.99,37364,-1.367338087166705,0.7383765121507333
481830.443,3.99,37364,-1.367338087166705,0.7383765121507333
283559.572,3.99,37364,-1.367338087166705,0.7383765121507333
84017.922,3.99,37364,-1.367338087166705,0.7383765121507333
211246.004,3.99,37364,-1.367338087166705,0.7383765121507333
1161126.076,3.99,37364,-1.367338087166705,0.7383765121507333
4562543.31,3.99,37364,-1.367338087166705,0.7383765121507333
34311.042,3.99,37364,-1.367338087166705,0.7383765121507333
190012.636,3.99,37364,-1.367338087166705,0.7383765121507333
205972.453,3.99,37364,-1.367338087166705,0.7383765121507333
516703.02,3.99,37364,-1.367338087166705,0.7383765121507333
19032.392,3.99,37364,-1.367338087166705,0.7383765121507333
45187.741,3.99,37364,-1.367338087166705,0.7383765121507333
464751.218,3.99,37364,-1.367338087166705,0.7383765121507333
20317959.463,3.99,37364,-1.367338087166705,0.7383765121507333
5760.622,3.99,37364,-1.367338087166705,0.7383765121507333
85033.569,3.99,37364,-1.367338087166705,0.7383765121507333
9530146.611,3.99,37364,-1.367338087166705,0.7383765121507333
4450764.78,3.99,37364,-1.367338087166705,0.7383765121507333
28388234.552,3.99,37364,-1.367338087166705,0.7383765121507333
31292.178,3.99,37364,-1.367338087166705,0.7383765121507333
3426.587,3.99,37364,-1.367338087166705,0.7383765121507333
670103.54,3.99,37364,-1.367338087166705,0.7383765121507333
212701.113,3.99,37364,-1.367338087166705,0.7383765121507333
15359.217,3.99,37364,-1.367338087166705,0.7383765121507333
34899.433,3.99,37364,-1.367338087166705,0.7383765121507333
3678524.031,3.99,37364,-1.367338087166705,0.7383765121507333
1757.85,3.99,37364,-1.367338087166705,0.7383765121507333
23596.699,3.99,37364,-1.367338087166705,0.7383765121507333
2135688.076,3.99,37364,-1.367338087166705,0.7383765121507333
6915.432,3.99,37364,-1.367338087166705,0.7383765121507333
1438.019,3.99,37364,-1.367338087166705,0.7383765121507333
836418.156,3.99,37364,-1.367338087166705,0.7383765121507333
490558.659,3.99,37364,-1.367338087166705,0.7383765121507333
100160.848,3.99,37364,-1.367338087166705,0.7383765121507333
130616.826,3.99,37364,-1.367338087166705,0.7383765121507333
144671.084,3.99,37364,-1.367338087166705,0.7383765121507333
5808187.807,3.99,37364,-1.367338087166705,0.7383765121507333
12833507.535,3.99,37364,-1.367338087166705,0.7383765121507333
11443266.418,3.99,37364,-1.367338087166705,0.7383765121507333
36732.969,3.99,37364,-1.367338087166705,0.7383765121507333
34372.078,3.99,37364,-1.367338087166705,0.7383765121507333
1567.417,3.99,37364,-1.367338087166705,0.7383765121507333
13288.86,3.99,37364,-1.367338087166705,0.7383765121507333
375857.702,3.99,37364,-1.367338087166705,0.7383765121507333
515041.608,3.99,37364,-1.367338087166705,0.7383765121507333
208716.652,3.99,37364,-1.367338087166705,0.7383765121507333
352400.166,3.99,37364,-1.367338087166705,0.7383765121507333
20655889.103,3.99,37364,-1.367338087166705,0.7383765121507333
2611.14,3.99,37364,-1.367338087166705,0.7383765121507333
725621.093,3.99,37364,-1.367338087166705,0.7383765121507333
8816062.632,3.99,37364,-1.367338087166705,0.7383765121507333
1491279.669,3.99,37364,-1.367338087166705,0.7383765121507333
5089131.797,3.99,37364,-1.367338087166705,0.7383765121507333
2366.994,3.99,37364,-1.367338087166705,0.7383765121507333
76833679.545,3.99,37364,-1.367338087166705,0.7383765121507333
1056361.857,3.99,37364,-1.367338087166705,0.7383765121507333
73691183.902,3.99,37364,-1.367338087166705,0.7383765121507333
206066.449,3.99,37364,-1.367338087166705,0.7383765121507333
116688.304,3.99,37364,-1.367338087166705,0.7383765121507333
762465.148,3.99,37364,-1.367338087166705,0.7383765121507333
24734.419,3.99,37364,-1.367338087166705,0.7383765121507333
614584.767,3.99,37364,-1.367338087166705,0.7383765121507333
226061.997,3.99,37364,-1.367338087166705,0.7383765121507333
8247543.31,3.99,37364,-1.367338087166705,0.7383765121507333
241896.078,3.99,37364,-1.367338087166705,0.7383765121507333
4239.593,3.99,37364,-1.367338087166705,0.7383765121507333
222988.2,3.99,37364,-1.367338087166705,0.7383765121507333
208664.161,3.99,37364,-1.367338087166705,0.7383765121507333
595484.013,3.99,37364,-1.367338087166705,0.7383765121507333
71767.903,3.99,37364,-1.367338087166705,0.7383765121507333
228055.448,3.99,37364,-1.367338087166705,0.7383765121507333
20963.586,3.99,37364,-1.367338087166705,0.7383765121507333
682028.846,3.99,37364,-1.367338087166705,0.7383765121507333
173646.317,3.99,37364,-1.367338087166705,0.7383765121507333
93139.213,3.99,37364,-1.367338087166705,0.7383765121507333
8625163.746,3.99,37364,-1.367338087166705,0.7383765121507333
92757.124,3.99,37364,-1.367338087166705,0.7383765121507333
288762.321,3.99,37364,-1.367338087166705,0.7383765121507333
27717364.394,3.99,37364,-1.367338087166705,0.7383765121507333
28845.836,3.99,37364,-1.367338087166705,0.7383765121507333
9093683.356,3.99,37364,-1.367338087166705,0.7383765121507333
765061.639,3.99,37364,-1.367338087166705,0.7383765121507333
61182.958,3.99,37364,-1.367338087166705,0.7383765121507333
833329.711,3.99,37364,-1.367338087166705,0.7383765121507333
73618.529,3.99,37364,-1.367338087166705,0.7383765121507333
221801.651,3.99,37364,-1.367338087166705,0.7383765121507333
1320954.957,3.99,37364,-1.367338087166705,0.7383765121507333
337679.39,3.99,37364,-1.367338087166705,0.7383765121507333
2369.436,3.99,37364,-1.367338087166705,0.7383765121507333
672646.319,3.99,37364,-1.367338087166705,0.7383765121507333
673044.277,3.99,37364,-1.367338087166705,0.7383765121507333
398122.586,3.99,37364,-1.367338087166705,0.7383765121507333
462735.794,3.99,37364,-1.367338087166705,0.7383765121507333
983857.855,3.99,37364,-1.367338087166705,0.7383765121507333
3016025.635,3.99,37364,-1.367338087166705,0.7383765121507333
776471.797,3.99,37364,-1.367338087166705,0.7383765121507333
16979.125,3.99,37364,-1.367338087166705,0.7383765121507333
163278.662,3.99,37364,-1.367338087166705,0.7383765121507333
109776.534,3.99,37364,-1.367338087166705,0.7383765121507333
23181.651,3.99,37364,-1.367338087166705,0.7383765121507333
2689.267,3.99,37364,-1.367338087166705,0.7383765121507333
2862.61,3.99,37364,-1.367338087166705,0.7383765121507333
169962.156,3.99,37364,-1.367338087166705,0.7383765121507333
2693424.695,3.99,37364,-1.367338087166705,0.7383765121507333
1701838.402,3.99,37364,-1.367338087166705,0.7383765121507333
4506.933,3.99,37364,-1.367338087166705,0.7383765121507333
441413.313,3.99,37364,-1.367338087166705,0.7383765121507333
665456.223,3.99,37364,-1.367338087166705,0.7383765121507333
51180.301,3.99,37364,-1.367338087166705,0.7383765121507333
122179.144,3.99,37364,-1.367338087166705,0.7383765121507333
23402.604,3.99,37364,-1.367338087166705,0.7383765121507333
879859.033,3.99,37364,-1.367338087166705,0.7383765121507333
865639.977,3.99,37364,-1.367338087166705,0.7383765121507333
233571.924,3.99,37364,-1.367338087166705,0.7383765121507333
473063.165,3.99,37364,-1.367338087166705,0.7383765121507333
14011180.598,3.99,37364,-1.367338087166705,0.7383765121507333
30935.725,3.99,37364,-1.367338087166705,0.7383765121507333
271996.823,3.99,37364,-1.367338087166705,0.7383765121507333
2060881.778,3.99,37364,-1.367338087166705,0.7383765121507333
11298003.281,3.99,37364,-1.367338087166705,0.7383765121507333
27062.35,3.99,37364,-1.367338087166705,0.7383765121507333
1657647.998,3.99,37364,-1.367338087166705,0.7383765121507333
10294.411,3.99,37364,-1.367338087166705,0.7383765121507333
34507.579,3.99,37364,-1.367338087166705,0.7383765121507333
41742.842,3.99,37364,-1.367338087166705,0.7383765121507333
9808189.708,3.99,37364,-1.367338087166705,0.7383765121507333
344283.536,3.99,37364,-1.367338087166705,0.7383765121507333
1889.689,3.99,37364,-1.367338087166705,0.7383765121507333
2732884.773,3.99,37364,-1.367338087166705,0.7383765121507333
1207963.022,3.99,37364,-1.367338087166705,0.7383765121507333
1744.422,3.99,37364,-1.367338087166705,0.7383765121507333
4073.574,3.99,37364,-1.367338087166705,0.7383765121507333
94364.825,3.99,37364,-1.367338087166705,0.7383765121507333
45627.203,3.99,37364,-1.367338087166705,0.7383765121507333
14930679.157,3.99,37364,-1.367338087166705,0.7383765121507333
2806.457,3.99,37364,-1.367338087166705,0.7383765121507333
2311978.493,3.99,37364,-1.367338087166705,0.7383765121507333
5280593.439,3.99,37364,-1.367338087166705,0.7383765121507333
8416738.848,3.99,37364,-1.367338087166705,0.7383765121507333
1700905.765,3.99,37364,-1.367338087166705,0.7383765121507333
35205.836,3.99,37364,-1.367338087166705,0.7383765121507333
558642.4,3.99,37364,-1.367338087166705,0.7383765121507333
126072.051,3.99,37364,-1.367338087166705,0.7383765121507333
708093.86,3.99,37364,-1.367338087166705,0.7383765121507333
8258122.152,3.99,37364,-1.367338087166705,0.7383765121507333
296598.183,3.99,37364,-1.367338087166705,0.7383765121507333
266432.739,3.99,37364,-1.367338087166705,0.7383765121507333
267751.127,3.99,37364,-1.367338087166705,0.7383765121507333
174868.267,3.99,37364,-1.367338087166705,0.7383765121507333
1014868.044,3.99,37364,-1.367338087166705,0.7383765121507333
17622863.59,3.99,37364,-1.367338087166705,0.7383765121507333
890686.903,3.99,37364,-1.367338087166705,0.7383765121507333
2183021.859,3.99,37364,-1.367338087166705,0.7383765121507333
597040.443,3.99,37364,-1.367338087166705,0.7383765121507333
75920.824,3.99,37364,-1.367338087166705,0.7383765121507333
8761.175,3.99,37364,-1.367338087166705,0.7383765121507333
6225.72,3.99,37364,-1.367338087166705,0.7383765121507333
1286802.61,3.99,37364,-1.367338087166705,0.7383765121507333
280527.281,3.99,37364,-1.367338087166705,0.7383765121507333
408718.517,3.99,37364,-1.367338087166705,0.7383765121507333
302617.6,3.99,37364,-1.367338087166705,0.7383765121507333
79755.135,3.99,37364,-1.367338087166705,0.7383765121507333
197953.481,3.99,37364,-1.367338087166705,0.7383765121507333
904395.694,3.99,37364,-1.367338087166705,0.7383765121507333
337554.876,3.99,37364,-1.367338087166705,0.7383765121507333
60245.438,3.99,37364,-1.367338087166705,0.7383765121507333
5608.031,3.99,37364,-1.367338087166705,0.7383765121507333
5265.006,3.99,37364,-1.367338087166705,0.7383765121507333
274606.743,3.99,37364,-1.367338087166705,0.7383765121507333
430189.927,3.99,37364,-1.367338087166705,0.7383765121507333
8297085.393,3.99,37364,-1.367338087166705,0.7383765121507333
4148524.385,3.99,37364,-1.367338087166705,0.7383765121507333
716420.455,3.99,37364,-1.367338087166705,0.7383765121507333
1309347.041,3.99,37364,-1.367338087166705,0.7383765121507333
248916.493,3.99,37364,-1.367338087166705,0.7383765121507333
49992.532,3.99,37364,-1.367338087166705,0.7383765121507333
187576.06,3.99,37364,-1.367338087166705,0.7383765121507333
58595.012,3.99,37364,-1.367338087166705,0.7383765121507333
52183.741,3.99,37364,-1.367338087166705,0.7383765121507333
9592.492,3.99,37364,-1.367338087166705,0.7383765121507333
148451.683,3.99,37364,-1.367338087166705,0.7383765121507333
368424.681,3.99,37364,-1.367338087166705,0.7383765121507333
395181.849,3.99,37364,-1.367338087166705,0.7383765121507333
4800766.213,3.99,37364,-1.367338087166705,0.7383765121507333
401207.369,3.99,37364,-1.367338087166705,0.7383765121507333
405522.648,3.99,37364,-1.367338087166705,0.7383765121507333
21327.364,3.99,37364,-1.367338087166705,0.7383765121507333
4224.944,3.99,37364,-1.367338087166705,0.7383765121507333
3502861.069,3.99,37364,-1.367338087166705,0.7383765121507333
4735396.153,3.99,37364,-1.367338087166705,0.7383765121507333
7167715.372,3.99,37364,-1.367338087166705,0.7383765121507333
40579740.959,3.99,37364,-1.367338087166705,0.7383765121507333
25532826.389,3.99,37364,-1.367338087166705,0.7383765121507333
28257271.039,3.99,37364,-1.367338087166705,0.7383765121507333
11336374.468,3.99,37364,-1.367338087166705,0.7383765121507333
506917.653,3.99,37364,-1.367338087166705,0.7383765121507333
10247591.259,3.99,37364,-1.367338087166705,0.7383765121507333
27013159.778,3.99,37364,-1.367338087166705,0.7383765121507333
97348950.386,3.99,37364,-1.367338087166705,0.7383765121507333
13116995.084,3.99,37364,-1.367338087166705,0.7383765121507333
27283669.753,3.99,37364,-1.367338087166705,0.7383765121507333
68504.893,3.99,37364,-1.367338087166705,0.7383765121507333
108685926.674,3.99,37364,-1.367338087166705,0.7383765121507333
2838297.199,3.99,37364,-1.367338087166705,0.7383765121507333
15352076.17,3.99,37364,-1.367338087166705,0.7383765121507333
92972722.123,3.99,37364,-1.367338087166705,0.7383765121507333
15447742.292,3.99,37364,-1.367338087166705,0.7383765121507333
49198067.4,3.99,37364,-1.367338087166705,0.7383765121507333
6820915.912,3.99,37364,-1.367338087166705,0.7383765121507333
876790373.374,3.99,37364,-1.367338087166705,0.7383765121507333
5763232.005,3.99,37364,-1.367338087166705,0.7383765121507333
1373899.212,3.99,37364,-1.367338087166705,0.7383765121507333
102671453.907,3.99,37364,-1.367338087166705,0.7383765121507333
509331015.85,3.99,37364,-1.367338087166705,0.7383765121507333
139455898.301,3.99,37364,-1.367338087166705,0.7383765121507333
142244970.807,3.99,37364,-1.367338087166705,0.7383765121507333
898143001.112,3.99,37364,-1.367338087166705,0.7383765121507333
741521048.373,3.99,37364,-1.367338087166705,0.7383765121507333
443020630.521,3.99,37364,-1.367338087166705,0.7383765121507333
2301670128.888,3.99,37364,-1.367338087166705,0.7383765121507333
5279310.453,3.99,37364,-1.367338087166705,0.7383765121507333
455179964.604,3.99,37364,-1.367338087166705,0.7383765121507333
3909844.93,3.99,37364,-1.367338087166705,0.7383765121507333
12658020.358,3.99,37364,-1.367338087166705,0.7383765121507333
72711574.186,3.99,37364,-1.367338087166705,0.7383765121507333
69713763.054,3.99,37364,-1.367338087166705,0.7383765121507333
6439986.079,3.99,37364,-1.367338087166705,0.7383765121507333
418306.126,3.99,37364,-1.367338087166705,0.7383765121507333
8205.743,3.99,37364,-1.367338087166705,0.7383765121507333
5410789.114,3.99,37364,-1.367338087166705,0.7383765121507333
237784.661,3.99,37364,-1.367338087166705,0.7383765121507333
1700794.679,3.99,37364,-1.367338087166705,0.7383765121507333
12208303.643,3.99,37364,-1.367338087166705,0.7383765121507333
289315.312,3.99,37364,-1.367338087166705,0.7383765121507333
991631.459,3.99,37364,-1.367338087166705,0.7383765121507333
2606.257,3.99,37364,-1.367338087166705,0.7383765121507333
494027.971,3.99,37364,-1.367338087166705,0.7383765121507333
137687.291,3.99,37364,-1.367338087166705,0.7383765121507333
335236.711,3.99,37364,-1.367338087166705,0.7383765121507333
242921.49,3.99,37364,-1.367338087166705,0.7383765121507333
39317.253,3.99,37364,-1.367338087166705,0.7383765121507333
113594.975,3.99,37364,-1.367338087166705,0.7383765121507333
11920.423,3.99,37364,-1.367338087166705,0.7383765121507333
302450.36,3.99,37364,-1.367338087166705,0.7383765121507333
236362.511,3.99,37364,-1.367338087166705,0.7383765121507333
100953.101,3.99,37364,-1.367338087166705,0.7383765121507333
164536.014,3.99,37364,-1.367338087166705,0.7383765121507333
525807.22,3.99,37364,-1.367338087166705,0.7383765121507333
8649069.29,3.99,37364,-1.367338087166705,0.7383765121507333
54083.196,3.99,37364,-1.367338087166705,0.7383765121507333
996753.64,3.99,37364,-1.367338087166705,0.7383765121507333
614941.22,3.99,37364,-1.367338087166705,0.7383765121507333
29304474.984,3.99,37364,-1.367338087166705,0.7383765121507333
440779.755,3.99,37364,-1.367338087166705,0.7383765121507333
2143818.134,3.99,37364,-1.367338087166705,0.7383765121507333
89870.099,3.99,37364,-1.367338087166705,0.7383765121507333
3624547.039,3.99,37364,-1.367338087166705,0.7383765121507333
108347.06,3.99,37364,-1.367338087166705,0.7383765121507333
1140908.355,3.99,37364,-1.367338087166705,0.7383765121507333
558117.486,3.99,37364,-1.367338087166705,0.7383765121507333
44921.622,3.99,37364,-1.367338087166705,0.7383765121507333
3683399.624,3.99,37364,-1.367338087166705,0.7383765121507333
66937.476,3.99,37364,-1.367338087166705,0.7383765121507333
2888.611,3.99,37364,-1.367338087166705,0.7383765121507333
75132.475,3.99,37364,-1.367338087166705,0.7383765121507333
1387501.565,3.99,37364,-1.367338087166705,0.7383765121507333
39682.357,3.99,37364,-1.367338087166705,0.7383765121507333
53444.276,3.99,37364,-1.367338087166705,0.7383765121507333
144295.072,3.99,37364,-1.367338087166705,0.7383765121507333
759459.848,3.99,37364,-1.367338087166705,0.7383765121507333
11605886.123,3.99,37364,-1.367338087166705,0.7383765121507333
2381597.671,3.99,37364,-1.367338087166705,0.7383765121507333
1875074.004,3.99,37364,-1.367338087166705,0.7383765121507333
106992.96,3.99,37364,-1.367338087166705,0.7383765121507333
955873520.94,3.99,37364,-1.367338087166705,0.7383765121507333
3373139.519,3.99,37364,-1.367338087166705,0.7383765121507333
582348.464,3.99,37364,-1.367338087166705,0.7383765121507333
87984.557,3.99,37364,-1.367338087166705,0.7383765121507333
5321993.671,3.99,37364,-1.367338087166705,0.7383765121507333
498279.193,3.99,37364,-1.367338087166705,0.7383765121507333
3012.906,3.99,37364,-1.367338087166705,0.7383765121507333
14850.742,3.99,37364,-1.367338087166705,0.7383765121507333
748361.565,3.99,37364,-1.367338087166705,0.7383765121507333
866859.252,3.99,37364,-1.367338087166705,0.7383765121507333
1885373.071,3.99,37364,-1.367338087166705,0.7383765121507333
674591.361,3.99,37364,-1.367338087166705,0.7383765121507333
74232.581,3.99,37364,-1.367338087166705,0.7383765121507333
684267.711,3.99,37364,-1.367338087166705,0.7383765121507333
178422.694,3.99,37364,-1.367338087166705,0.7383765121507333
498359.985,3.99,37364,-1.367338087166705,0.7383765121507333
4831.339,3.99,37364,-1.367338087166705,0.7383765121507333
203637.136,3.99,37364,-1.367338087166705,0.7383765121507333
1019345.351,3.99,37364,-1.367338087166705,0.7383765121507333
6643017.407,3.99,37364,-1.367338087166705,0.7383765121507333
2236037.278,3.99,37364,-1.367338087166705,0.7383765121507333
7795768.362,3.99,37364,-1.367338087166705,0.7383765121507333
65525.731,3.99,37364,-1.367338087166705,0.7383765121507333
27518.868,3.99,37364,-1.367338087166705,0.7383765121507333
1895762.873,3.99,37364,-1.367338087166705,0.7383765121507333
10536934.719,3.99,37364,-1.367338087166705,0.7383765121507333
777802.031,3.99,37364,-1.367338087166705,0.7383765121507333
34197.227,3.99,37364,-1.367338087166705,0.7383765121507333
4604734.392,3.99,37364,-1.367338087166705,0.7383765121507333
112976.512,3.99,37364,-1.367338087166705,0.7383765121507333
210339.111,3.99,37364,-1.367338087166705,0.7383765121507333
326758.589,3.99,37364,-1.367338087166705,0.7383765121507333
14217621.824,3.99,37364,-1.367338087166705,0.7383765121507333
171127.832,3.99,37364,-1.367338087166705,0.7383765121507333
52189074.2,3.99,37364,-1.367338087166705,0.7383765121507333
11196.475,3.99,37364,-1.367338087166705,0.7383765121507333
558559.683,3.99,37364,-1.367338087166705,0.7383765121507333
1669725.329,3.99,37364,-1.367338087166705,0.7383765121507333
323743.197,3.99,37364,-1.367338087166705,0.7383765121507333
715077.905,3.99,37364,-1.367338087166705,0.7383765121507333
6864337.963,3.99,37364,-1.367338087166705,0.7383765121507333
652478.074,3.99,37364,-1.367338087166705,0.7383765121507333
13188059.441,3.99,37364,-1.367338087166705,0.7383765121507333
177940.43,3.99,37364,-1.367338087166705,0.7383765121507333
3630.651,3.99,37364,-1.367338087166705,0.7383765121507333
3025.335,3.99,37364,-1.367338087166705,0.7383765121507333
2667.366,3.99,37364,-1.367338087166705,0.7383765121507333
136617.382,3.99,37364,-1.367338087166705,0.7383765121507333
1267.807,3.99,37364,-1.367338087166705,0.7383765121507333
8400847.859,3.99,37364,-1.367338087166705,0.7383765121507333
45076.751,3.99,37364,-1.367338087166705,0.7383765121507333
215660.172,3.99,37364,-1.367338087166705,0.7383765121507333
100187.82,3.99,37364,-1.367338087166705,0.7383765121507333
103453791.618,3.99,37364,-1.367338087166705,0.7383765121507333
238339.0,3.99,37364,-1.367338087166705,0.7383765121507333
54445074.465,3.99,37364,-1.367338087166705,0.7383765121507333
31408765.453,3.99,37364,-1.367338087166705,0.7383765121507333
273996.691,3.99,37364,-1.367338087166705,0.7383765121507333
35088.421,3.99,37364,-1.367338087166705,0.7383765121507333
17803.987,3.99,37364,-1.367338087166705,0.7383765121507333
11900628.859,3.99,37364,-1.367338087166705,0.7383765121507333
772096.9,3.99,37364,-1.367338087166705,0.7383765121507333
22267.413,3.99,37364,-1.367338087166705,0.7383765121507333
2985408.117,3.99,37364,-1.367338087166705,0.7383765121507333
35498.594,3.99,37364,-1.367338087166705,0.7383765121507333
378143.301,3.99,37364,-1.367338087166705,0.7383765121507333
1632525.139,3.99,37364,-1.367338087166705,0.7383765121507333
5536.09,3.99,37364,-1.367338087166705,0.7383765121507333
574427.157,3.99,37364,-1.367338087166705,0.7383765121507333
25076634.19,3.99,37364,-1.367338087166705,0.7383765121507333
16476.518,3.99,37364,-1.367338087166705,0.7383765121507333
39774468.958,3.99,37364,-1.367338087166705,0.7383765121507333
5981.066,3.99,37364,-1.367338087166705,0.7383765121507333
78883390.245,3.99,37364,-1.367338087166705,0.7383765121507333
4839726.133,3.99,37364,-1.367338087166705,0.7383765121507333
28336.728,3.99,37364,-1.367338087166705,0.7383765121507333
528136.046,3.99,37364,-1.367338087166705,0.7383765121507333
182827767.209,3.99,37364,-1.367338087166705,0.7383765121507333
145509.432,3.99,37364,-1.367338087166705,0.7383765121507333
29591426.382,3.99,37364,-1.367338087166705,0.7383765121507333
29738.773,3.99,37364,-1.367338087166705,0.7383765121507333
53517.61,3.99,37364,-1.367338087166705,0.7383765121507333
1127691.882,3.99,37364,-1.367338087166705,0.7383765121507333
28474.695,3.99,37364,-1.367338087166705,0.7383765121507333
101213.252,3.99,37364,-1.367338087166705,0.7383765121507333
67232.298,3.99,37364,-1.367338087166705,0.7383765121507333
70140926.84,3.99,37364,-1.367338087166705,0.7383765121507333
764672.772,3.99,37364,-1.367338087166705,0.7383765121507333
9513304.927,3.99,37364,-1.367338087166705,0.7383765121507333
29304309.132,3.99,37364,-1.367338087166705,0.7383765121507333
309850600.307,3.99,37364,-1.367338087166705,0.7383765121507333
642980.709,3.99,37364,-1.367338087166705,0.7383765121507333
1048278417.518,3.99,37364,-1.367338087166705,0.7383765121507333
294605668.321,3.99,37364,-1.367338087166705,0.7383765121507333
2928.385,3.99,37364,-1.367338087166705,0.7383765121507333
1606738.941,3.99,37364,-1.367338087166705,0.7383765121507333
16387617.548,3.99,37364,-1.367338087166705,0.7383765121507333
3765423.838,3.99,37364,-1.367338087166705,0.7383765121507333
1018359.693,3.99,37364,-1.367338087166705,0.7383765121507333
1612506.219,3.99,37364,-1.367338087166705,0.7383765121507333
31138.332,3.99,37364,-1.367338087166705,0.7383765121507333
185004387.845,3.99,37364,-1.367338087166705,0.7383765121507333
11871.396,3.99,37364,-1.367338087166705,0.7383765121507333
688181.754,3.99,37364,-1.367338087166705,0.7383765121507333
176431.491,3.99,37364,-1.367338087166705,0.7383765121507333
278383.055,3.99,37364,-1.367338087166705,0.7383765121507333
1250948.816,3.99,37364,-1.367338087166705,0.7383765121507333
1015011.191,3.99,37364,-1.367338087166705,0.7383765121507333
314117.808,3.99,37364,-1.367338087166705,0.7383765121507333
795392.23,3.99,37364,-1.367338087166705,0.7383765121507333
3153990.392,3.99,37364,-1.367338087166705,0.7383765121507333
25949505.582,3.99,37364,-1.367338087166705,0.7383765121507333
21355.089,3.99,37364,-1.367338087166705,0.7383765121507333
1276426.763,3.99,37364,-1.367338087166705,0.7383765121507333
937883.784,3.99,37364,-1.367338087166705,0.7383765121507333
976096.977,3.99,37364,-1.367338087166705,0.7383765121507333
171106.702,3.99,37364,-1.367338087166705,0.7383765121507333
2271640.279,3.99,37364,-1.367338087166705,0.7383765121507333
3484983.705,3.99,37364,-1.367338087166705,0.7383765121507333
1307036.843,3.99,37364,-1.367338087166705,0.7383765121507333
399909.805,3.99,37364,-1.367338087166705,0.7383765121507333
2747992.627,3.99,37364,-1.367338087166705,0.7383765121507333
459071.642,3.99,37364,-1.367338087166705,0.7383765121507333
36234443.789,3.99,37364,-1.367338087166705,0.7383765121507333
3905762.607,3.99,37364,-1.367338087166705,0.7383765121507333
5506320.367,3.99,37364,-1.367338087166705,0.7383765121507333
9371344.112,3.99,37364,-1.367338087166705,0.7383765121507333
22845.384,3.99,37364,-1.367338087166705,0.7383765121507333
50324.477,3.99,37364,-1.367338087166705,0.7383765121507333
5137971.496,3.99,37364,-1.367338087166705,0.7383765121507333
2340804.119,3.99,37364,-1.367338087166705,0.7383765121507333
104597.8,3.99,37364,-1.367338087166705,0.7383765121507333
5494010.211,3.99,37364,-1.367338087166705,0.7383765121507333
16293939.046,3.99,37364,-1.367338087166705,0.7383765121507333
161240945.576,3.99,37364,-1.367338087166705,0.7383765121507333
122284.949,3.99,37364,-1.367338087166705,0.7383765121507333
11792117.016,3.99,37364,-1.367338087166705,0.7383765121507333
80705520.881,3.99,37364,-1.367338087166705,0.7383765121507333
73371.218,3.99,37364,-1.367338087166705,0.7383765121507333
10474307.544,3.99,37364,-1.367338087166705,0.7383765121507333
3006026.138,3.99,37364,-1.367338087166705,0.7383765121507333
29221.707,3.99,37364,-1.367338087166705,0.7383765121507333
6678.359,3.99,37364,-1.367338087166705,0.7383765121507333
514023.615,3.99,37364,-1.367338087166705,0.7383765121507333
40353.548,3.99,37364,-1.367338087166705,0.7383765121507333
15828247.463,3.99,37364,-1.367338087166705,0.7383765121507333
51838033.38,3.99,37364,-1.367338087166705,0.7383765121507333
34430.901,3.99,37364,-1.367338087166705,0.7383765121507333
2134832.726,3.99,37364,-1.367338087166705,0.7383765121507333
9154.312,3.99,37364,-1.367338087166705,0.7383765121507333
589097.672,3.99,37364,-1.367338087166705,0.7383765121507333
1586570.867,3.99,37364,-1.367338087166705,0.7383765121507333
386141.671,3.99,37364,-1.367338087166705,0.7383765121507333
3267813.352,3.99,37364,-1.367338087166705,0.7383765121507333
26443758.866,3.99,37364,-1.367338087166705,0.7383765121507333
8544.024,3.99,37364,-1.367338087166705,0.7383765121507333
1702060.62,3.99,37364,-1.367338087166705,0.7383765121507333
10067.878,3.99,37364,-1.367338087166705,0.7383765121507333
2774681.206,3.99,37364,-1.367338087166705,0.7383765121507333
3942967.768,3.99,37364,-1.367338087166705,0.7383765121507333
2375341.914,3.99,37364,-1.367338087166705,0.7383765121507333
322223.072,3.99,37364,-1.367338087166705,0.7383765121507333
1063294.748,3.99,37364,-1.367338087166705,0.7383765121507333
192019.301,3.99,37364,-1.367338087166705,0.7383765121507333
1543630.744,3.99,37364,-1.367338087166705,0.7383765121507333
2256923.776,3.99,37364,-1.367338087166705,0.7383765121507333
608549.807,3.99,37364,-1.367338087166705,0.7383765121507333
549119.493,3.99,37364,-1.367338087166705,0.7383765121507333
376168.257,3.99,37364,-1.367338087166705,0.7383765121507333
124053.664,3.99,37364,-1.367338087166705,0.7383765121507333
27742.598,3.99,37364,-1.367338087166705,0.7383765121507333
577836.563,3.99,37364,-1.367338087166705,0.7383765121507333
10067.878,3.99,37364,-1.367338087166705,0.7383765121507333
106566850.491,3.99,37364,-1.367338087166705,0.7383765121507333
43300083.389,3.99,37364,-1.367338087166705,0.7383765121507333
1870.637,3.99,37364,-1.367338087166705,0.7383765121507333
413422397.404,3.99,37364,-1.367338087166705,0.7383765121507333
1533873.602,3.99,37364,-1.367338087166705,0.7383765121507333
408447.615,3.99,37364,-1.367338087166705,0.7383765121507333
249315.474,3.99,37364,-1.367338087166705,0.7383765121507333
8891651.962,3.99,37364,-1.367338087166705,0.7383765121507333
80702634.756,3.99,37364,-1.367338087166705,0.7383765121507333
55708.928,3.99,37364,-1.367338087166705,0.7383765121507333
999185.978,3.99,37364,-1.367338087166705,0.7383765121507333
4049350.441,3.99,37364,-1.367338087166705,0.7383765121507333
30610.079,3.99,37364,-1.367338087166705,0.7383765121507333
1218362.449,3.99,37364,-1.367338087166705,0.7383765121507333
116428.178,3.99,37364,-1.367338087166705,0.7383765121507333
5753210.849,3.99,37364,-1.367338087166705,0.7383765121507333
288907.095,3.99,37364,-1.367338087166705,0.7383765121507333
47227.051,3.99,37364,-1.367338087166705,0.7383765121507333
210070630.991,3.99,37364,-1.367338087166705,0.7383765121507333
181506913.756,3.99,37364,-1.367338087166705,0.7383765121507333
373515.806,3.99,37364,-1.367338087166705,0.7383765121507333
2930904.849,3.99,37364,-1.367338087166705,0.7383765121507333
4035778.692,3.99,37364,-1.367338087166705,0.7383765121507333
28474.695,3.99,37364,-1.367338087166705,0.7383765121507333
1480871.816,3.99,37364,-1.367338087166705,0.7383765121507333
1746498.495,3.99,37364,-1.367338087166705,0.7383765121507333
206583547.947,3.99,37364,-1.367338087166705,0.7383765121507333
5016372.654,3.99,37364,-1.367338087166705,0.7383765121507333
71539657.197,3.99,37364,-1.367338087166705,0.7383765121507333
34480483.877,3.99,37364,-1.367338087166705,0.7383765121507333
4239686.791,3.99,37364,-1.367338087166705,0.7383765121507333
1668215.147,3.99,37364,-1.367338087166705,0.7383765121507333
145509.432,3.99,37364,-1.367338087166705,0.7383765121507333
1028607.799,3.99,37364,-1.367338087166705,0.7383765121507333
488101.935,3.99,37364,-1.367338087166705,0.7383765121507333
8704.365,3.99,37364,-1.367338087166705,0.7383765121507333
27518.868,3.99,37364,-1.367338087166705,0.7383765121507333
347723.392,3.99,37364,-1.367338087166705,0.7383765121507333
1054065.859,3.99,37364,-1.367338087166705,0.7383765121507333
133071.252,3.99,37364,-1.367338087166705,0.7383765121507333
471360.669,3.99,37364,-1.367338087166705,0.7383765121507333
29738.773,3.99,37364,-1.367338087166705,0.7383765121507333
34076980.709,3.99,37364,-1.367338087166705,0.7383765121507333
111579.438,3.99,37364,-1.367338087166705,0.7383765121507333
46012.691,3.99,37364,-1.367338087166705,0.7383765121507333
697173.24,3.99,37364,-1.367338087166705,0.7383765121507333
47249.424,3.99,37364,-1.367338087166705,0.7383765121507333
80575723.554,3.99,37364,-1.367338087166705,0.7383765121507333
113436.403,3.99,37364,-1.367338087166705,0.7383765121507333
16070652.146,3.99,37364,-1.367338087166705,0.7383765121507333
19004573.63,3.99,37364,-1.367338087166705,0.7383765121507333
2465638.354,3.99,37364,-1.367338087166705,0.7383765121507333
1112.438,3.99,37364,-1.367338087166705,0.7383765121507333
4064.44,3.99,37364,-1.367338087166705,0.7383765121507333
65142308.454,3.99,37364,-1.367338087166705,0.7383765121507333
2966.917,3.99,37364,-1.367338087166705,0.7383765121507333
282948.402,3.99,37364,-1.367338087166705,0.7383765121507333
42416.842,3.99,37364,-1.367338087166705,0.7383765121507333
67232.298,3.99,37364,-1.367338087166705,0.7383765121507333
178124.386,3.99,37364,-1.367338087166705,0.7383765121507333
6206105.041,3.99,37364,-1.367338087166705,0.7383765121507333
1024216.464,3.99,37364,-1.367338087166705,0.7383765121507333
479372.712,3.99,37364,-1.367338087166705,0.7383765121507333
1378.429,3.99,37364,-1.367338087166705,0.7383765121507333
19951.801,3.99,37364,-1.367338087166705,0.7383765121507333
2108.04,3.99,37364,-1.367338087166705,0.7383765121507333
115359.243,3.99,37364,-1.367338087166705,0.7383765121507333
420284.208,3.99,37364,-1.367338087166705,0.7383765121507333
24445.058,3.99,37364,-1.367338087166705,0.7383765121507333
1970190.597,3.99,37364,-1.367338087166705,0.7383765121507333
13526841.065,3.99,37364,-1.367338087166705,0.7383765121507333
331437.045,3.99,37364,-1.367338087166705,0.7383765121507333
28124716.716,3.99,37364,-1.367338087166705,0.7383765121507333
152418.979,3.99,37364,-1.367338087166705,0.7383765121507333
450916.661,3.99,37364,-1.367338087166705,0.7383765121507333
49192198.645,3.99,37364,-1.367338087166705,0.7383765121507333
124846212.461,3.99,37364,-1.367338087166705,0.7383765121507333
9918.725,3.99,37364,-1.367338087166705,0.7383765121507333
750027.116,3.99,37364,-1.367338087166705,0.7383765121507333
24277.26,3.99,37364,-1.367338087166705,0.7383765121507333
3003949.172,3.99,37364,-1.367338087166705,0.7383765121507333
319197.737,3.99,37364,-1.367338087166705,0.7383765121507333
1191636.582,3.99,37364,-1.367338087166705,0.7383765121507333
6176974.069,3.99,37364,-1.367338087166705,0.7383765121507333
19704.454,3.99,37364,-1.367338087166705,0.7383765121507333
25689.248,3.99,37364,-1.367338087166705,0.7383765121507333
441644825.988,3.99,37364,-1.367338087166705,0.7383765121507333
9712863.951,3.99,37364,-1.367338087166705,0.7383765121507333
65560400.103,3.99,37364,-1.367338087166705,0.7383765121507333
25252761.159,3.99,37364,-1.367338087166705,0.7383765121507333
493253.954,3.99,37364,-1.367338087166705,0.7383765121507333
9251956.474,3.99,37364,-1.367338087166705,0.7383765121507333
1927016099.486,3.99,37364,-1.367338087166705,0.7383765121507333
463587.272,3.99,37364,-1.367338087166705,0.7383765121507333
57348.376,3.99,37364,-1.367338087166705,0.7383765121507333
98759.673,3.99,37364,-1.367338087166705,0.7383765121507333
34955.425,3.99,37364,-1.367338087166705,0.7383765121507333
320325.091,3.99,37364,-1.367338087166705,0.7383765121507333
574541.508,3.99,37364,-1.367338087166705,0.7383765121507333
490252.235,3.99,37364,-1.367338087166705,0.7383765121507333
23566.293,3.99,37364,-1.367338087166705,0.7383765121507333
47476096.442,3.99,37364,-1.367338087166705,0.7383765121507333
71223980.732,3.99,37364,-1.367338087166705,0.7383765121507333
105734721.691,3.99,37364,-1.367338087166705,0.7383765121507333
10941885.922,3.99,37364,-1.367338087166705,0.7383765121507333
99855029.7,3.99,37364,-1.367338087166705,0.7383765121507333
27879846.024,3.99,37364,-1.367338087166705,0.7383765121507333
7148320.499,3.99,37364,-1.367338087166705,0.7383765121507333
42635188.265,3.99,37364,-1.367338087166705,0.7383765121507333
121595.113,3.99,37364,-1.367338087166705,0.7383765121507333
1384508.546,3.99,37364,-1.367338087166705,0.7383765121507333
97230893.108,3.99,37364,-1.367338087166705,0.7383765121507333
140039816.91,3.99,37364,-1.367338087166705,0.7383765121507333
11047.321,3.99,37364,-1.367338087166705,0.7383765121507333
4452.24,3.99,37364,-1.367338087166705,0.7383765121507333
657980.605,3.99,37364,-1.367338087166705,0.7383765121507333
43162.611,3.99,37364,-1.367338087166705,0.7383765121507333
2104042.42,3.99,37364,-1.367338087166705,0.7383765121507333
2681737.286,3.99,37364,-1.367338087166705,0.7383765121507333
7887195.885,3.99,37364,-1.367338087166705,0.7383765121507333
2265.894,3.99,37364,-1.367338087166705,0.7383765121507333
133071.252,3.99,37364,-1.367338087166705,0.7383765121507333
46701088.558,3.99,37364,-1.367338087166705,0.7383765121507333
6263.215,3.99,37364,-1.367338087166705,0.7383765121507333
366422.302,3.99,37364,-1.367338087166705,0.7383765121507333
801595.784,3.99,37364,-1.367338087166705,0.7383765121507333
740258.788,3.99,37364,-1.367338087166705,0.7383765121507333
373515.806,3.99,37364,-1.367338087166705,0.7383765121507333
141715.955,3.99,37364,-1.367338087166705,0.7383765121507333
1519808.403,3.99,37364,-1.367338087166705,0.7383765121507333
708215.589,3.99,37364,-1.367338087166705,0.7383765121507333
2928.385,3.99,37364,-1.367338087166705,0.7383765121507333
6735976.242,3.99,37364,-1.367338087166705,0.7383765121507333
6503788.591,3.99,37364,-1.367338087166705,0.7383765121507333
1051946.633,3.99,37364,-1.367338087166705,0.7383765121507333
563670.685,3.99,37364,-1.367338087166705,0.7383765121507333
387044.051,3.99,37364,-1.367338087166705,0.7383765121507333
6083504.383,3.99,37364,-1.367338087166705,0.7383765121507333
42978003.256,3.99,37364,-1.367338087166705,0.7383765121507333
1409695.644,3.99,37364,-1.367338087166705,0.7383765121507333
156379495.198,3.99,37364,-1.367338087166705,0.7383765121507333
1545923483.273,3.99,37364,-1.367338087166705,0.7383765121507333
353805.137,3.99,37364,-1.367338087166705,0.7383765121507333
8239451601.684,3.99,37364,-1.367338087166705,0.7383765121507333
19214886197.941,3.99,37364,-1.367338087166705,0.7383765121507333
461875.733,3.99,37364,-1.367338087166705,0.7383765121507333
325902.198,3.99,37364,-1.367338087166705,0.7383765121507333
236143.954,3.99,37364,-1.367338087166705,0.7383765121507333
71278.094,3.99,37364,-1.367338087166705,0.7383765121507333
18092866.329,3.99,37364,-1.367338087166705,0.7383765121507333
53803662.357,3.99,37364,-1.367338087166705,0.7383765121507333
1434310.985,3.99,37364,-1.367338087166705,0.7383765121507333
383671.933,3.99,37364,-1.367338087166705,0.7383765121507333
16265144.914,3.99,37364,-1.367338087166705,0.7383765121507333
11428711.349,3.99,37364,-1.367338087166705,0.7383765121507333
12849807.312,3.99,37364,-1.367338087166705,0.7383765121507333
674591.361,3.99,37364,-1.367338087166705,0.7383765121507333
10275.451,3.99,37364,-1.367338087166705,0.7383765121507333
1116935.41,3.99,37364,-1.367338087166705,0.7383765121507333
623466372.133,3.99,37364,-1.367338087166705,0.7383765121507333
10020022.494,3.99,37364,-1.367338087166705,0.7383765121507333
1469790.934,3.99,37364,-1.367338087166705,0.7383765121507333
74791918.784,3.99,37364,-1.367338087166705,0.7383765121507333
290836796.545,3.99,37364,-1.367338087166705,0.7383765121507333
768281347.759,3.99,37364,-1.367338087166705,0.7383765121507333
515521.367,3.99,37364,-1.367338087166705,0.7383765121507333
1080770.596,3.99,37364,-1.367338087166705,0.7383765121507333
33301883.333,3.99,37364,-1.367338087166705,0.7383765121507333
110600798.321,3.99,37364,-1.367338087166705,0.7383765121507333
5984677.59,3.99,37364,-1.367338087166705,0.7383765121507333
77538807.673,3.99,37364,-1.367338087166705,0.7383765121507333
47958508.161,3.99,37364,-1.367338087166705,0.7383765121507333
2305761.687,3.99,37364,-1.367338087166705,0.7383765121507333
38833986.17,3.99,37364,-1.367338087166705,0.7383765121507333
219303644.938,3.99,37364,-1.367338087166705,0.7383765121507333
124880.224,3.99,37364,-1.367338087166705,0.7383765121507333
771349.888,3.99,37364,-1.367338087166705,0.7383765121507333
14083075.193,3.99,37364,-1.367338087166705,0.7383765121507333
487991.313,3.99,37364,-1.367338087166705,0.7383765121507333
168272.781,3.99,37364,-1.367338087166705,0.7383765121507333
4717196.323,3.99,37364,-1.367338087166705,0.7383765121507333
518324028.253,3.99,37364,-1.367338087166705,0.7383765121507333
1102977.104,3.99,37364,-1.367338087166705,0.7383765121507333
722628.814,3.99,37364,-1.367338087166705,0.7383765121507333
69773593.458,3.99,37364,-1.367338087166705,0.7383765121507333
482411.719,3.99,37364,-1.367338087166705,0.7383765121507333
3650589.119,3.99,37364,-1.367338087166705,0.7383765121507333
22845.384,3.99,37364,-1.367338087166705,0.7383765121507333
155879.347,3.99,37364,-1.367338087166705,0.7383765121507333
140116.281,3.99,37364,-1.367338087166705,0.7383765121507333
20764013.699,3.99,37364,-1.367338087166705,0.7383765121507333
50668.774,3.99,37364,-1.367338087166705,0.7383765121507333
114128.725,3.99,37364,-1.367338087166705,0.7383765121507333
213962.305,3.99,37364,-1.367338087166705,0.7383765121507333
16129.736,3.99,37364,-1.367338087166705,0.7383765121507333
161751.033,3.99,37364,-1.367338087166705,0.7383765121507333
264851.08,3.99,37364,-1.367338087166705,0.7383765121507333
108197.377,3.99,37364,-1.367338087166705,0.7383765121507333
6387.51,3.99,37364,-1.367338087166705,0.7383765121507333
356635.329,3.99,37364,-1.367338087166705,0.7383765121507333
458918602.041,3.99,37364,-1.367338087166705,0.7383765121507333
965820972.675,3.99,37364,-1.367338087166705,0.7383765121507333
399958.28,3.99,37364,-1.367338087166705,0.7383765121507333
21906.958,3.99,37364,-1.367338087166705,0.7383765121507333
18839.362,3.99,37364,-1.367338087166705,0.7383765121507333
20383.104,3.99,37364,-1.367338087166705,0.7383765121507333
1152.213,3.99,37364,-1.367338087166705,0.7383765121507333
3281.383,3.99,37364,-1.367338087166705,0.7383765121507333
157685.35,3.99,37364,-1.367338087166705,0.7383765121507333
11317.041,3.99,37364,-1.367338087166705,0.7383765121507333
8924148.837,3.99,37364,-1.367338087166705,0.7383765121507333
526333.771,3.99,37364,-1.367338087166705,0.7383765121507333
459071.642,3.99,37364,-1.367338087166705,0.7383765121507333
593574.77,3.99,37364,-1.367338087166705,0.7383765121507333
162199.737,3.99,37364,-1.367338087166705,0.7383765121507333
113092.106,3.99,37364,-1.367338087166705,0.7383765121507333
105723.911,3.99,37364,-1.367338087166705,0.7383765121507333
53517.61,3.99,37364,-1.367338087166705,0.7383765121507333
261007.885,3.99,37364,-1.367338087166705,0.7383765121507333
2041990.729,3.99,37364,-1.367338087166705,0.7383765121507333
2108.04,3.99,37364,-1.367338087166705,0.7383765121507333
414736.932,3.99,37364,-1.367338087166705,0.7383765121507333
795392.23,3.99,37364,-1.367338087166705,0.7383765121507333
51571.154,3.99,37364,-1.367338087166705,0.7383765121507333
6263.215,3.99,37364,-1.367338087166705,0.7383765121507333
11871.396,3.99,37364,-1.367338087166705,0.7383765121507333
44210.416,3.99,37364,-1.367338087166705,0.7383765121507333
5684960.577,3.99,37364,-1.367338087166705,0.7383765121507333
1409695.644,3.99,37364,-1.367338087166705,0.7383765121507333
737997.865,3.99,37364,-1.367338087166705,0.7383765121507333
23158277.01,3.99,37364,-1.367338087166705,0.7383765121507333
9394134.805,3.99,37364,-1.367338087166705,0.7383765121507333
44210.416,3.99,37364,-1.367338087166705,0.7383765121507333
3762075.337,3.99,37364,-1.367338087166705,0.7383765121507333
61184962.264,3.99,37364,-1.367338087166705,0.7383765121507333
1051946.633,3.99,37364,-1.367338087166705,0.7383765121507333
8196977.048,3.99,37364,-1.367338087166705,0.7383765121507333
3947250.967,3.99,37364,-1.367338087166705,0.7383765121507333
526467206.785,3.99,37364,-1.367338087166705,0.7383765121507333
35692.494,3.99,37364,-1.367338087166705,0.7383765121507333
2265.894,3.99,37364,-1.367338087166705,0.7383765121507333
4064.44,3.99,37364,-1.367338087166705,0.7383765121507333
549119.493,3.99,37364,-1.367338087166705,0.7383765121507333
6268653.911,3.99,37364,-1.367338087166705,0.7383765121507333
383671.933,3.99,37364,-1.367338087166705,0.7383765121507333
3671867.146,3.99,37364,-1.367338087166705,0.7383765121507333
13071406.289,3.99,37364,-1.367338087166705,0.7383765121507333
10922128.021,3.99,37364,-1.367338087166705,0.7383765121507333
657045.908,3.99,37364,-1.367338087166705,0.7383765121507333
48888730.415,3.99,37364,-1.367338087166705,0.7383765121507333
6301854.294,3.99,37364,-1.367338087166705,0.7383765121507333
1569227696.045,3.99,37364,-1.367338087166705,0.7383765121507333
19066243.736,3.99,37364,-1.367338087166705,0.7383765121507333
25338384.115,3.99,37364,-1.367338087166705,0.7383765121507333
1090327.623,3.99,37364,-1.367338087166705,0.7383765121507333
298208.075,3.99,37364,-1.367338087166705,0.7383765121507333
1647709947.209,3.99,37364,-1.367338087166705,0.7383765121507333
8087097738.994,3.99,37364,-1.367338087166705,0.7383765121507333
38859.525,3.99,37364,-1.367338087166705,0.7383765121507333
3560430.646,3.99,37364,-1.367338087166705,0.7383765121507333
91746915.973,3.99,37364,-1.367338087166705,0.7383765121507333
728048965.586,3.99,37364,-1.367338087166705,0.7383765121507333
6618779.922,3.99,37364,-1.367338087166705,0.7383765121507333
319839.098,3.99,37364,-1.367338087166705,0.7383765121507333
350675.394,3.99,37364,-1.367338087166705,0.7383765121507333
14409833.782,3.99,37364,-1.367338087166705,0.7383765121507333
271538665.952,3.99,37364,-1.367338087166705,0.7383765121507333
121595.113,3.99,37364,-1.367338087166705,0.7383765121507333
146021201.931,3.99,37364,-1.367338087166705,0.7383765121507333
215565.708,3.99,37364,-1.367338087166705,0.7383765121507333
908377.443,3.99,37364,-1.367338087166705,0.7383765121507333
301595.108,3.99,37364,-1.367338087166705,0.7383765121507333
74775.749,3.99,37364,-1.367338087166705,0.7383765121507333
2885330831.124,3.99,37364,-1.367338087166705,0.7383765121507333
49461.871,3.99,37364,-1.367338087166705,0.7383765121507333
12596.035,3.99,37364,-1.367338087166705,0.7383765121507333
22175.435,3.99,37364,-1.367338087166705,0.7383765121507333
4467392.371,3.99,37364,-1.367338087166705,0.7383765121507333
55365.874,3.99,37364,-1.367338087166705,0.7383765121507333
5273.828,3.99,37364,-1.367338087166705,0.7383765121507333
909883.896,3.99,37364,-1.367338087166705,0.7383765121507333
1196.959,3.99,37364,-1.367338087166705,0.7383765121507333
257398.364,3.99,37364,-1.367338087166705,0.7383765121507333
332331.968,3.99,37364,-1.367338087166705,0.7383765121507333
9606.745,3.99,37364,-1.367338087166705,0.7383765121507333
22273.627,3.99,37364,-1.367338087166705,0.7383765121507333
1495.266,3.99,37364,-1.367338087166705,0.7383765121507333
360821.578,3.99,37364,-1.367338087166705,0.7383765121507333
308804.206,3.99,37364,-1.367338087166705,0.7383765121507333
344047.995,3.99,37364,-1.367338087166705,0.7383765121507333
4125.344,3.99,37364,-1.367338087166705,0.7383765121507333
1852351.672,3.99,37364,-1.367338087166705,0.7383765121507333
134639.852,3.99,37364,-1.367338087166705,0.7383765121507333
103407.056,3.99,37364,-1.367338087166705,0.7383765121507333
708215.589,3.99,37364,-1.367338087166705,0.7383765121507333
28935.829,3.99,37364,-1.367338087166705,0.7383765121507333
587057.994,3.99,37364,-1.367338087166705,0.7383765121507333
10275.451,3.99,37364,-1.367338087166705,0.7383765121507333
375464.748,3.99,37364,-1.367338087166705,0.7383765121507333
36593.631,3.99,37364,-1.367338087166705,0.7383765121507333
106992.96,3.99,37364,-1.367338087166705,0.7383765121507333
141715.955,3.99,37364,-1.367338087166705,0.7383765121507333
16020361.228,3.99,37364,-1.367338087166705,0.7383765121507333
12725.301,3.99,37364,-1.367338087166705,0.7383765121507333
14850.742,3.99,37364,-1.367338087166705,0.7383765121507333
29408.149,3.99,37364,-1.367338087166705,0.7383765121507333
2490.868,3.99,37364,-1.367338087166705,0.7383765121507333
7798.256,3.99,37364,-1.367338087166705,0.7383765121507333
28336.728,3.99,37364,-1.367338087166705,0.7383765121507333
1142050.416,3.99,37364,-1.367338087166705,0.7383765121507333
593574.77,3.99,37364,-1.367338087166705,0.7383765121507333
10535952.791,3.99,37364,-1.367338087166705,0.7383765121507333
26495.922,3.99,37364,-1.367338087166705,0.7383765121507333
134639.852,3.99,37364,-1.367338087166705,0.7383765121507333
6513073.412,3.99,37364,-1.367338087166705,0.7383765121507333
4346062132.413,3.99,37364,-1.367338087166705,0.7383765121507333
4346062132.413,3.99,37364,-1.367338087166705,0.7383765121507333
3086389366.475,3.99,37364,-1.367338087166705,0.7383765121507333
59870301.456,3.99,37364,-1.367338087166705,0.7383765121507333
112197569.011,3.99,37364,-1.367338087166705,0.7383765121507333
1601698695.021,3.99,37364,-1.367338087166705,0.7383765121507333
4860155931.963,3.99,37364,-1.367338087166705,0.7383765121507333
4860155931.963,3.99,37364,-1.367338087166705,0.7383765121507333
1601698695.021,3.99,37364,-1.367338087166705,0.7383765121507333
112197569.011,3.99,37364,-1.367338087166705,0.7383765121507333
59870301.456,3.99,37364,-1.367338087166705,0.7383765121507333
3086389366.475,3.99,37364,-1.367338087166705,0.7383765121507333
4397676977.58,3.99,37364,-1.367338087166705,0.7383765121507333
141568586.283,3.99,37364,-1.367338087166705,0.7383765121507333
61369454.326,3.99,37364,-1.367338087166705,0.7383765121507333
1299654079.201,3.99,37364,-1.367338087166705,0.7383765121507333
2895084857.77,3.99,37364,-1.367338087166705,0.7383765121507333
61369454.326,3.99,37364,-1.367338087166705,0.7383765121507333
1299654079.201,3.99,37364,-1.367338087166705,0.7383765121507333
4397676977.58,3.99,37364,-1.367338087166705,0.7383765121507333
141568586.283,3.99,37364,-1.367338087166705,0.7383765121507333
2895084857.77,3.99,37364,-1.367338087166705,0.7383765121507333
220428652.253,3.99,37364,-1.367338087166705,0.7383765121507333
4639398119.333,3.99,37364,-1.367338087166705,0.7383765121507333
4639398119.333,3.99,37364,-1.367338087166705,0.7383765121507333
220428652.253,3.99,37364,-1.367338087166705,0.7383765121507333
2433316897.427,3.99,37364,-1.367338087166705,0.7383765121507333
371955642.665,3.99,37364,-1.367338087166705,0.7383765121507333
1613696926.987,3.99,37364,-1.367338087166705,0.7383765121507333
371955642.665,3.99,37364,-1.367338087166705,0.7383765121507333
2433316897.427,3.99,37364,-1.367338087166705,0.7383765121507333
1613696926.987,3.99,37364,-1.367338087166705,0.7383765121507333
4024.745,3.99,37364,-1.367338087166705,0.7383765121507333
2453.666,3.99,37364,-1.367338087166705,0.7383765121507333
4576.515,3.99,37364,-1.367338087166705,0.7383765121507333
52896.647,3.99,37364,-1.367338087166705,0.7383765121507333
1102.319,3.99,37364,-1.367338087166705,0.7383765121507333
6532.123,3.99,37364,-1.367338087166705,0.7383765121507333
5380.975,3.99,37364,-1.367338087166705,0.7383765121507333
3024.967,3.99,37364,-1.367338087166705,0.7383765121507333
19799.01,3.99,37364,-1.367338087166705,0.7383765121507333
2813.781,3.99,37364,-1.367338087166705,0.7383765121507333
4853.62,3.99,37364,-1.367338087166705,0.7383765121507333
5380.975,3.99,37364,-1.367338087166705,0.7383765121507333
8820.991,3.99,37364,-1.367338087166705,0.7383765121507333
2813.781,3.99,37364,-1.367338087166705,0.7383765121507333
63803.864,3.99,37364,-1.367338087166705,0.7383765121507333
14996467.927,3.99,37364,-1.367338087166705,0.7383765121507333
3782702.3,3.99,37364,-1.367338087166705,0.7383765121507333
2309.62,3.99,37364,-1.367338087166705,0.7383765121507333
38262.543,3.99,37364,-1.367338087166705,0.7383765121507333
485608.601,3.99,37364,-1.367338087166705,0.7383765121507333
459239.625,3.99,37364,-1.367338087166705,0.7383765121507333
70666.805,3.99,37364,-1.367338087166705,0.7383765121507333
68042.237,3.99,37364,-1.367338087166705,0.7383765121507333
50685.906,3.99,37364,-1.367338087166705,0.7383765121507333
98612.963,3.99,37364,-1.367338087166705,0.7383765121507333
7791.916,3.99,37364,-1.367338087166705,0.7383765121507333
2599195.371,3.99,37364,-1.367338087166705,0.7383765121507333
100809.055,3.99,37364,-1.367338087166705,0.7383765121507333
6792266.614,3.99,37364,-1.367338087166705,0.7383765121507333
71825.277,3.99,37364,-1.367338087166705,0.7383765121507333
6714.012,3.99,37364,-1.367338087166705,0.7383765121507333
28546893.975,3.99,37364,-1.367338087166705,0.7383765121507333
9508.261,3.99,37364,-1.367338087166705,0.7383765121507333
25066.458,3.99,37364,-1.367338087166705,0.7383765121507333
50295.272,3.99,37364,-1.367338087166705,0.7383765121507333
387753.711,3.99,37364,-1.367338087166705,0.7383765121507333
457561.122,3.99,37364,-1.367338087166705,0.7383765121507333
117439.052,3.99,37364,-1.367338087166705,0.7383765121507333
13934.626,3.99,37364,-1.367338087166705,0.7383765121507333
34108.4,3.99,37364,-1.367338087166705,0.7383765121507333
16589.713,3.99,37364,-1.367338087166705,0.7383765121507333
236928.93,3.99,37364,-1.367338087166705,0.7383765121507333
1463.655,3.99,37364,-1.367338087166705,0.7383765121507333
102945.332,3.99,37364,-1.367338087166705,0.7383765121507333
205690.464,3.99,37364,-1.367338087166705,0.7383765121507333
14712.231,3.99,37364,-1.367338087166705,0.7383765121507333
2601622.181,3.99,37364,-1.367338087166705,0.7383765121507333
417418.656,3.99,37364,-1.367338087166705,0.7383765121507333
89339.082,3.99,37364,-1.367338087166705,0.7383765121507333
10350.565,3.99,37364,-1.367338087166705,0.7383765121507333
279072.171,3.99,37364,-1.367338087166705,0.7383765121507333
1667092.781,3.99,37364,-1.367338087166705,0.7383765121507333
71654.375,3.99,37364,-1.367338087166705,0.7383765121507333
28167.11,3.99,37364,-1.367338087166705,0.7383765121507333
38203.948,3.99,37364,-1.367338087166705,0.7383765121507333
21498899.198,3.99,37364,-1.367338087166705,0.7383765121507333
1218007.183,3.99,37364,-1.367338087166705,0.7383765121507333
6453338.418,3.99,37364,-1.367338087166705,0.7383765121507333
2368986.556,3.99,37364,-1.367338087166705,0.7383765121507333
3685.382,3.99,37364,-1.367338087166705,0.7383765121507333
11338.135,3.99,37364,-1.367338087166705,0.7383765121507333
2698460.203,3.99,37364,-1.367338087166705,0.7383765121507333
13928.523,3.99,37364,-1.367338087166705,0.7383765121507333
35782.02,3.99,37364,-1.367338087166705,0.7383765121507333
898086.965,3.99,37364,-1.367338087166705,0.7383765121507333
44117.161,3.99,37364,-1.367338087166705,0.7383765121507333
27517.682,3.99,37364,-1.367338087166705,0.7383765121507333
2376.76,3.99,37364,-1.367338087166705,0.7383765121507333
165018.202,3.99,37364,-1.367338087166705,0.7383765121507333
69327.665,3.99,37364,-1.367338087166705,0.7383765121507333
20192.085,3.99,37364,-1.367338087166705,0.7383765121507333
1063471.385,3.99,37364,-1.367338087166705,0.7383765121507333
358661.287,3.99,37364,-1.367338087166705,0.7383765121507333
395091.515,3.99,37364,-1.367338087166705,0.7383765121507333
6478.411,3.99,37364,-1.367338087166705,0.7383765121507333
406317.343,3.99,37364,-1.367338087166705,0.7383765121507333
21726.542,3.99,37364,-1.367338087166705,0.7383765121507333
310873.393,3.99,37364,-1.367338087166705,0.7383765121507333
20092076.914,3.99,37364,-1.367338087166705,0.7383765121507333
18172609.314,3.99,37364,-1.367338087166705,0.7383765121507333
1861031.283,3.99,37364,-1.367338087166705,0.7383765121507333
1889233.795,3.99,37364,-1.367338087166705,0.7383765121507333
3976546.805,3.99,37364,-1.367338087166705,0.7383765121507333
1379.424,3.99,37364,-1.367338087166705,0.7383765121507333
429040.0,3.99,37364,-1.367338087166705,0.7383765121507333
39878.788,3.99,37364,-1.367338087166705,0.7383765121507333
607475.238,3.99,37364,-1.367338087166705,0.7383765121507333
36407273.187,3.99,37364,-1.367338087166705,0.7383765121507333
2924.868,3.99,37364,-1.367338087166705,0.7383765121507333
3021324.821,3.99,37364,-1.367338087166705,0.7383765121507333
17364.876,3.99,37364,-1.367338087166705,0.7383765121507333
284129955.836,3.99,37364,-1.367338087166705,0.7383765121507333
54276.071,3.99,37364,-1.367338087166705,0.7383765121507333
1373260.771,3.99,37364,-1.367338087166705,0.7383765121507333
18290.189,3.99,37364,-1.367338087166705,0.7383765121507333
45728.524,3.99,37364,-1.367338087166705,0.7383765121507333
4682316.397,3.99,37364,-1.367338087166705,0.7383765121507333
62695.442,3.99,37364,-1.367338087166705,0.7383765121507333
1851732.987,3.99,37364,-1.367338087166705,0.7383765121507333
5324849.763,3.99,37364,-1.367338087166705,0.7383765121507333
2301.075,3.99,37364,-1.367338087166705,0.7383765121507333
496717.238,3.99,37364,-1.367338087166705,0.7383765121507333
6473479.232,3.99,37364,-1.367338087166705,0.7383765121507333
19993.106,3.99,37364,-1.367338087166705,0.7383765121507333
88020.694,3.99,37364,-1.367338087166705,0.7383765121507333
45785.898,3.99,37364,-1.367338087166705,0.7383765121507333
3825995.468,3.99,37364,-1.367338087166705,0.7383765121507333
7167448.032,3.99,37364,-1.367338087166705,0.7383765121507333
69155.542,3.99,37364,-1.367338087166705,0.7383765121507333
461925.229,3.99,37364,-1.367338087166705,0.7383765121507333
20846.396,3.99,37364,-1.367338087166705,0.7383765121507333
7357583.962,3.99,37364,-1.367338087166705,0.7383765121507333
296094.022,3.99,37364,-1.367338087166705,0.7383765121507333
1823106.882,3.99,37364,-1.367338087166705,0.7383765121507333
1731720.637,3.99,37364,-1.367338087166705,0.7383765121507333
1928281.266,3.99,37364,-1.367338087166705,0.7383765121507333
95081554.152,3.99,37364,-1.367338087166705,0.7383765121507333
426206.687,3.99,37364,-1.367338087166705,0.7383765121507333
408792.982,3.99,37364,-1.367338087166705,0.7383765121507333
5262564.487,3.99,37364,-1.367338087166705,0.7383765121507333
54741399.65,3.99,37364,-1.367338087166705,0.7383765121507333
145220.412,3.99,37364,-1.367338087166705,0.7383765121507333
10510.48,3.99,37364,-1.367338087166705,0.7383765121507333
3542.557,3.99,37364,-1.367338087166705,0.7383765121507333
3091389.807,3.99,37364,-1.367338087166705,0.7383765121507333
35056.907,3.99,37364,-1.367338087166705,0.7383765121507333
14059880.377,3.99,37364,-1.367338087166705,0.7383765121507333
2310691.844,3.99,37364,-1.367338087166705,0.7383765121507333
30282.634,3.99,37364,-1.367338087166705,0.7383765121507333
355322.592,3.99,37364,-1.367338087166705,0.7383765121507333
240157.759,3.99,37364,-1.367338087166705,0.7383765121507333
423812.837,3.99,37364,-1.367338087166705,0.7383765121507333
246787.54,3.99,37364,-1.367338087166705,0.7383765121507333
386888.213,3.99,37364,-1.367338087166705,0.7383765121507333
1103029.122,3.99,37364,-1.367338087166705,0.7383765121507333
11812.999,3.99,37364,-1.367338087166705,0.7383765121507333
466499.303,3.99,37364,-1.367338087166705,0.7383765121507333
81321.331,3.99,37364,-1.367338087166705,0.7383765121507333
102153.078,3.99,37364,-1.367338087166705,0.7383765121507333
2125062.847,3.99,37364,-1.367338087166705,0.7383765121507333
187428.352,3.99,37364,-1.367338087166705,0.7383765121507333
771242.192,3.99,37364,-1.367338087166705,0.7383765121507333
1409.942,3.99,37364,-1.367338087166705,0.7383765121507333
590750.025,3.99,37364,-1.367338087166705,0.7383765121507333
18183747.249,3.99,37364,-1.367338087166705,0.7383765121507333
5370102.202,3.99,37364,-1.367338087166705,0.7383765121507333
1343296.746,3.99,37364,-1.367338087166705,0.7383765121507333
50419.787,3.99,37364,-1.367338087166705,0.7383765121507333
207013331.966,3.99,37364,-1.367338087166705,0.7383765121507333
9414.265,3.99,37364,-1.367338087166705,0.7383765121507333
77345.415,3.99,37364,-1.367338087166705,0.7383765121507333
24058.135,3.99,37364,-1.367338087166705,0.7383765121507333
1144489.975,3.99,37364,-1.367338087166705,0.7383765121507333
798425.395,3.99,37364,-1.367338087166705,0.7383765121507333
28943.494,3.99,37364,-1.367338087166705,0.7383765121507333
9613.244,3.99,37364,-1.367338087166705,0.7383765121507333
28258.665,3.99,37364,-1.367338087166705,0.7383765121507333
305361.8,3.99,37364,-1.367338087166705,0.7383765121507333
146090.792,3.99,37364,-1.367338087166705,0.7383765121507333
717607.004,3.99,37364,-1.367338087166705,0.7383765121507333
11025.628,3.99,37364,-1.367338087166705,0.7383765121507333
4994260.369,3.99,37364,-1.367338087166705,0.7383765121507333
45700.447,3.99,37364,-1.367338087166705,0.7383765121507333
169296.858,3.99,37364,-1.367338087166705,0.7383765121507333
19213632.706,3.99,37364,-1.367338087166705,0.7383765121507333
111165.724,3.99,37364,-1.367338087166705,0.7383765121507333
2046024.28,3.99,37364,-1.367338087166705,0.7383765121507333
385346.432,3.99,37364,-1.367338087166705,0.7383765121507333
24879.686,3.99,37364,-1.367338087166705,0.7383765121507333
23567839.011,3.99,37364,-1.367338087166705,0.7383765121507333
535747.62,3.99,37364,-1.367338087166705,0.7383765121507333
307338.161,3.99,37364,-1.367338087166705,0.7383765121507333
313913.009,3.99,37364,-1.367338087166705,0.7383765121507333
2067849.701,3.99,37364,-1.367338087166705,0.7383765121507333
5421.259,3.99,37364,-1.367338087166705,0.7383765121507333
506723.557,3.99,37364,-1.367338087166705,0.7383765121507333
3288.645,3.99,37364,-1.367338087166705,0.7383765121507333
69363.066,3.99,37364,-1.367338087166705,0.7383765121507333
80665.799,3.99,37364,-1.367338087166705,0.7383765121507333
445534.496,3.99,37364,-1.367338087166705,0.7383765121507333
636908.245,3.99,37364,-1.367338087166705,0.7383765121507333
39827.518,3.99,37364,-1.367338087166705,0.7383765121507333
14663.402,3.99,37364,-1.367338087166705,0.7383765121507333
28340.454,3.99,37364,-1.367338087166705,0.7383765121507333
734400.579,3.99,37364,-1.367338087166705,0.7383765121507333
1169296.418,3.99,37364,-1.367338087166705,0.7383765121507333
273620.394,3.99,37364,-1.367338087166705,0.7383765121507333
143244.051,3.99,37364,-1.367338087166705,0.7383765121507333
5032317.83,3.99,37364,-1.367338087166705,0.7383765121507333
10925.528,3.99,37364,-1.367338087166705,0.7383765121507333
537715.436,3.99,37364,-1.367338087166705,0.7383765121507333
1312.284,3.99,37364,-1.367338087166705,0.7383765121507333
377063.783,3.99,37364,-1.367338087166705,0.7383765121507333
852451.216,3.99,37364,-1.367338087166705,0.7383765121507333
6672576.537,3.99,37364,-1.367338087166705,0.7383765121507333
156101.994,3.99,37364,-1.367338087166705,0.7383765121507333
55572.486,3.99,37364,-1.367338087166705,0.7383765121507333
486778.06,3.99,37364,-1.367338087166705,0.7383765121507333
330119.413,3.99,37364,-1.367338087166705,0.7383765121507333
92486.122,3.99,37364,-1.367338087166705,0.7383765121507333
1113824.032,3.99,37364,-1.367338087166705,0.7383765121507333
8984130.216,3.99,37364,-1.367338087166705,0.7383765121507333
38788.677,3.99,37364,-1.367338087166705,0.7383765121507333
28166387.735,3.99,37364,-1.367338087166705,0.7383765121507333
30894.22,3.99,37364,-1.367338087166705,0.7383765121507333
42108486.034,3.99,37364,-1.367338087166705,0.7383765121507333
36560.846,3.99,37364,-1.367338087166705,0.7383765121507333
78403.788,3.99,37364,-1.367338087166705,0.7383765121507333
42396619.68,3.99,37364,-1.367338087166705,0.7383765121507333
84193.707,3.99,37364,-1.367338087166705,0.7383765121507333
1452384.789,3.99,37364,-1.367338087166705,0.7383765121507333
3352548.994,3.99,37364,-1.367338087166705,0.7383765121507333
3509731.334,3.99,37364,-1.367338087166705,0.7383765121507333
65692122.504,3.99,37364,-1.367338087166705,0.7383765121507333
293438.936,3.99,37364,-1.367338087166705,0.7383765121507333
513507.151,3.99,37364,-1.367338087166705,0.7383765121507333
3190732.766,3.99,37364,-1.367338087166705,0.7383765121507333
890464.73,3.99,37364,-1.367338087166705,0.7383765121507333
64622.974,3.99,37364,-1.367338087166705,0.7383765121507333
45905.529,3.99,37364,-1.367338087166705,0.7383765121507333
28175.656,3.99,37364,-1.367338087166705,0.7383765121507333
12000.991,3.99,37364,-1.367338087166705,0.7383765121507333
9880.584,3.99,37364,-1.367338087166705,0.7383765121507333
889696.892,3.99,37364,-1.367338087166705,0.7383765121507333
439444.277,3.99,37364,-1.367338087166705,0.7383765121507333
24332899.429,3.99,37364,-1.367338087166705,0.7383765121507333
2940640.711,3.99,37364,-1.367338087166705,0.7383765121507333
456313.536,3.99,37364,-1.367338087166705,0.7383765121507333
239372.83,3.99,37364,-1.367338087166705,0.7383765121507333
60013.499,3.99,37364,-1.367338087166705,0.7383765121507333
16507501.439,3.99,37364,-1.367338087166705,0.7383765121507333
11513542.59,3.99,37364,-1.367338087166705,0.7383765121507333
4584366.29,3.99,37364,-1.367338087166705,0.7383765121507333
167914.993,3.99,37364,-1.367338087166705,0.7383765121507333
261938.013,3.99,37364,-1.367338087166705,0.7383765121507333
468772.301,3.99,37364,-1.367338087166705,0.7383765121507333
5284817.163,3.99,37364,-1.367338087166705,0.7383765121507333
808465.894,3.99,37364,-1.367338087166705,0.7383765121507333
166215.737,3.99,37364,-1.367338087166705,0.7383765121507333
134768.527,3.99,37364,-1.367338087166705,0.7383765121507333
936071.181,3.99,37364,-1.367338087166705,0.7383765121507333
4273793.196,3.99,37364,-1.367338087166705,0.7383765121507333
122769.977,3.99,37364,-1.367338087166705,0.7383765121507333
63297.261,3.99,37364,-1.367338087166705,0.7383765121507333
115289.348,3.99,37364,-1.367338087166705,0.7383765121507333
11231749.413,3.99,37364,-1.367338087166705,0.7383765121507333
407033.911,3.99,37364,-1.367338087166705,0.7383765121507333
120593.417,3.99,37364,-1.367338087166705,0.7383765121507333
560095.068,3.99,37364,-1.367338087166705,0.7383765121507333
1494842.978,3.99,37364,-1.367338087166705,0.7383765121507333
270943.334,3.99,37364,-1.367338087166705,0.7383765121507333
368941.05,3.99,37364,-1.367338087166705,0.7383765121507333
2128756.774,3.99,37364,-1.367338087166705,0.7383765121507333
9786.588,3.99,37364,-1.367338087166705,0.7383765121507333
19767.271,3.99,37364,-1.367338087166705,0.7383765121507333
2133057.404,3.99,37364,-1.367338087166705,0.7383765121507333
4114813.943,3.99,37364,-1.367338087166705,0.7383765121507333
3717464.078,3.99,37364,-1.367338087166705,0.7383765121507333
1149967.388,3.99,37364,-1.367338087166705,0.7383765121507333
59250547.035,3.99,37364,-1.367338087166705,0.7383765121507333
316957.508,3.99,37364,-1.367338087166705,0.7383765121507333
2239614.874,3.99,37364,-1.367338087166705,0.7383765121507333
30088.538,3.99,37364,-1.367338087166705,0.7383765121507333
202135.7,3.99,37364,-1.367338087166705,0.7383765121507333
274108.685,3.99,37364,-1.367338087166705,0.7383765121507333
189094.648,3.99,37364,-1.367338087166705,0.7383765121507333
59771.795,3.99,37364,-1.367338087166705,0.7383765121507333
2421044.562,3.99,37364,-1.367338087166705,0.7383765121507333
5714772.71,3.99,37364,-1.367338087166705,0.7383765121507333
635516.614,3.99,37364,-1.367338087166705,0.7383765121507333
361625.218,3.99,37364,-1.367338087166705,0.7383765121507333
15043.049,3.99,37364,-1.367338087166705,0.7383765121507333
1591895.849,3.99,37364,-1.367338087166705,0.7383765121507333
15555216.53,3.99,37364,-1.367338087166705,0.7383765121507333
726969.999,3.99,37364,-1.367338087166705,0.7383765121507333
170602118.265,3.99,37364,-1.367338087166705,0.7383765121507333
557551.068,3.99,37364,-1.367338087166705,0.7383765121507333
3903804.761,3.99,37364,-1.367338087166705,0.7383765121507333
16481.068,3.99,37364,-1.367338087166705,0.7383765121507333
4984559.233,3.99,37364,-1.367338087166705,0.7383765121507333
13391266.127,3.99,37364,-1.367338087166705,0.7383765121507333
16444691.249,3.99,37364,-1.367338087166705,0.7383765121507333
1037264.766,3.99,37364,-1.367338087166705,0.7383765121507333
547810.868,3.99,37364,-1.367338087166705,0.7383765121507333
102385.017,3.99,37364,-1.367338087166705,0.7383765121507333
334571.413,3.99,37364,-1.367338087166705,0.7383765121507333
3058702.335,3.99,37364,-1.367338087166705,0.7383765121507333
14399.724,3.99,37364,-1.367338087166705,0.7383765121507333
5044182.099,3.99,37364,-1.367338087166705,0.7383765121507333
1931563.808,3.99,37364,-1.367338087166705,0.7383765121507333
735050.007,3.99,37364,-1.367338087166705,0.7383765121507333
307303.98,3.99,37364,-1.367338087166705,0.7383765121507333
7204.745,3.99,37364,-1.367338087166705,0.7383765121507333
69795.204,3.99,37364,-1.367338087166705,0.7383765121507333
71517468.884,3.99,37364,-1.367338087166705,0.7383765121507333
4909368.405,3.99,37364,-1.367338087166705,0.7383765121507333
9942.841,3.99,37364,-1.367338087166705,0.7383765121507333
1595536.064,3.99,37364,-1.367338087166705,0.7383765121507333
2768.614,3.99,37364,-1.367338087166705,0.7383765121507333
346239.145,3.99,37364,-1.367338087166705,0.7383765121507333
180348.122,3.99,37364,-1.367338087166705,0.7383765121507333
297887.274,3.99,37364,-1.367338087166705,0.7383765121507333
25378549.386,3.99,37364,-1.367338087166705,0.7383765121507333
393398.363,3.99,37364,-1.367338087166705,0.7383765121507333
12438268.312,3.99,37364,-1.367338087166705,0.7383765121507333
738667.028,3.99,37364,-1.367338087166705,0.7383765121507333
20702.35,3.99,37364,-1.367338087166705,0.7383765121507333
31489.936,3.99,37364,-1.367338087166705,0.7383765121507333
44533.43,3.99,37364,-1.367338087166705,0.7383765121507333
37847431.15,3.99,37364,-1.367338087166705,0.7383765121507333
490021.538,3.99,37364,-1.367338087166705,0.7383765121507333
51955.464,3.99,37364,-1.367338087166705,0.7383765121507333
151936.865,3.99,37364,-1.367338087166705,0.7383765121507333
28751.84,3.99,37364,-1.367338087166705,0.7383765121507333
54924.278,3.99,37364,-1.367338087166705,0.7383765121507333
3453641.259,3.99,37364,-1.367338087166705,0.7383765121507333
349969.694,3.99,37364,-1.367338087166705,0.7383765121507333
21378.634,3.99,37364,-1.367338087166705,0.7383765121507333
4633969.409,3.99,37364,-1.367338087166705,0.7383765121507333
223597.344,3.99,37364,-1.367338087166705,0.7383765121507333
202168.66,3.99,37364,-1.367338087166705,0.7383765121507333
897718.304,3.99,37364,-1.367338087166705,0.7383765121507333
19672771.01,3.99,37364,-1.367338087166705,0.7383765121507333
2497994.461,3.99,37364,-1.367338087166705,0.7383765121507333
70534.966,3.99,37364,-1.367338087166705,0.7383765121507333
41127617.746,3.99,37364,-1.367338087166705,0.7383765121507333
2033710.782,3.99,37364,-1.367338087166705,0.7383765121507333
119246.952,3.99,37364,-1.367338087166705,0.7383765121507333
321499.843,3.99,37364,-1.367338087166705,0.7383765121507333
6159.801,3.99,37364,-1.367338087166705,0.7383765121507333
1113824.032,3.99,37364,-1.367338087166705,0.7383765121507333
9471746.916,3.99,37364,-1.367338087166705,0.7383765121507333
349662.07,3.99,37364,-1.367338087166705,0.7383765121507333
63501720.115,3.99,37364,-1.367338087166705,0.7383765121507333
37699.786,3.99,37364,-1.367338087166705,0.7383765121507333
38870.466,3.99,37364,-1.367338087166705,0.7383765121507333
78403.788,3.99,37364,-1.367338087166705,0.7383765121507333
43537911.344,3.99,37364,-1.367338087166705,0.7383765121507333
84193.707,3.99,37364,-1.367338087166705,0.7383765121507333
3799024.672,3.99,37364,-1.367338087166705,0.7383765121507333
3364361.993,3.99,37364,-1.367338087166705,0.7383765121507333
5858204.753,3.99,37364,-1.367338087166705,0.7383765121507333
70205835.417,3.99,37364,-1.367338087166705,0.7383765121507333
376139.691,3.99,37364,-1.367338087166705,0.7383765121507333
513507.151,3.99,37364,-1.367338087166705,0.7383765121507333
3687815.003,3.99,37364,-1.367338087166705,0.7383765121507333
1032496.597,3.99,37364,-1.367338087166705,0.7383765121507333
64622.974,3.99,37364,-1.367338087166705,0.7383765121507333
233333.882,3.99,37364,-1.367338087166705,0.7383765121507333
28175.656,3.99,37364,-1.367338087166705,0.7383765121507333
12000.991,3.99,37364,-1.367338087166705,0.7383765121507333
9880.584,3.99,37364,-1.367338087166705,0.7383765121507333
1595785.093,3.99,37364,-1.367338087166705,0.7383765121507333
449689.859,3.99,37364,-1.367338087166705,0.7383765121507333
64275628.381,3.99,37364,-1.367338087166705,0.7383765121507333
2942050.654,3.99,37364,-1.367338087166705,0.7383765121507333
456313.536,3.99,37364,-1.367338087166705,0.7383765121507333
239372.83,3.99,37364,-1.367338087166705,0.7383765121507333
60013.499,3.99,37364,-1.367338087166705,0.7383765121507333
31691195.077,3.99,37364,-1.367338087166705,0.7383765121507333
12946029.489,3.99,37364,-1.367338087166705,0.7383765121507333
4641500.088,3.99,37364,-1.367338087166705,0.7383765121507333
167914.993,3.99,37364,-1.367338087166705,0.7383765121507333
261938.013,3.99,37364,-1.367338087166705,0.7383765121507333
495751.641,3.99,37364,-1.367338087166705,0.7383765121507333
5348601.495,3.99,37364,-1.367338087166705,0.7383765121507333
808465.894,3.99,37364,-1.367338087166705,0.7383765121507333
184505.926,3.99,37364,-1.367338087166705,0.7383765121507333
230792.323,3.99,37364,-1.367338087166705,0.7383765121507333
936071.181,3.99,37364,-1.367338087166705,0.7383765121507333
9343863.303,3.99,37364,-1.367338087166705,0.7383765121507333
209523.554,3.99,37364,-1.367338087166705,0.7383765121507333
63297.261,3.99,37364,-1.367338087166705,0.7383765121507333
115289.348,3.99,37364,-1.367338087166705,0.7383765121507333
12377529.699,3.99,37364,-1.367338087166705,0.7383765121507333
407033.911,3.99,37364,-1.367338087166705,0.7383765121507333
120593.417,3.99,37364,-1.367338087166705,0.7383765121507333
1358520.463,3.99,37364,-1.367338087166705,0.7383765121507333
3873464.752,3.99,37364,-1.367338087166705,0.7383765121507333
299886.828,3.99,37364,-1.367338087166705,0.7383765121507333
378554.294,3.99,37364,-1.367338087166705,0.7383765121507333
2157015.439,3.99,37364,-1.367338087166705,0.7383765121507333
5334636.351,3.99,37364,-1.367338087166705,0.7383765121507333
19767.271,3.99,37364,-1.367338087166705,0.7383765121507333
2442443.949,3.99,37364,-1.367338087166705,0.7383765121507333
4848656.648,3.99,37364,-1.367338087166705,0.7383765121507333
3762598.107,3.99,37364,-1.367338087166705,0.7383765121507333
64481736.335,3.99,37364,-1.367338087166705,0.7383765121507333
316957.508,3.99,37364,-1.367338087166705,0.7383765121507333
2286778.976,3.99,37364,-1.367338087166705,0.7383765121507333
30088.538,3.99,37364,-1.367338087166705,0.7383765121507333
207430.004,3.99,37364,-1.367338087166705,0.7383765121507333
443405.544,3.99,37364,-1.367338087166705,0.7383765121507333
189094.648,3.99,37364,-1.367338087166705,0.7383765121507333
59771.795,3.99,37364,-1.367338087166705,0.7383765121507333
2552203.392,3.99,37364,-1.367338087166705,0.7383765121507333
8054508.148,3.99,37364,-1.367338087166705,0.7383765121507333
696014.743,3.99,37364,-1.367338087166705,0.7383765121507333
4189908.333,3.99,37364,-1.367338087166705,0.7383765121507333
15043.049,3.99,37364,-1.367338087166705,0.7383765121507333
1591895.849,3.99,37364,-1.367338087166705,0.7383765121507333
25709633.175,3.99,37364,-1.367338087166705,0.7383765121507333
822836.321,3.99,37364,-1.367338087166705,0.7383765121507333
194599586.887,3.99,37364,-1.367338087166705,0.7383765121507333
557551.068,3.99,37364,-1.367338087166705,0.7383765121507333
4459645.587,3.99,37364,-1.367338087166705,0.7383765121507333
37327.464,3.99,37364,-1.367338087166705,0.7383765121507333
5520306.853,3.99,37364,-1.367338087166705,0.7383765121507333
13708954.852,3.99,37364,-1.367338087166705,0.7383765121507333
1042686.026,3.99,37364,-1.367338087166705,0.7383765121507333
1056117.711,3.99,37364,-1.367338087166705,0.7383765121507333
105673.662,3.99,37364,-1.367338087166705,0.7383765121507333
334571.413,3.99,37364,-1.367338087166705,0.7383765121507333
14399.724,3.99,37364,-1.367338087166705,0.7383765121507333
83690.767,3.99,37364,-1.367338087166705,0.7383765121507333
7293091.607,3.99,37364,-1.367338087166705,0.7383765121507333
2596639.163,3.99,37364,-1.367338087166705,0.7383765121507333
774877.525,3.99,37364,-1.367338087166705,0.7383765121507333
321967.382,3.99,37364,-1.367338087166705,0.7383765121507333
7204.745,3.99,37364,-1.367338087166705,0.7383765121507333
98135.658,3.99,37364,-1.367338087166705,0.7383765121507333
9942.841,3.99,37364,-1.367338087166705,0.7383765121507333
5455104.033,3.99,37364,-1.367338087166705,0.7383765121507333
2768.614,3.99,37364,-1.367338087166705,0.7383765121507333
346239.145,3.99,37364,-1.367338087166705,0.7383765121507333
323592.173,3.99,37364,-1.367338087166705,0.7383765121507333
297887.274,3.99,37364,-1.367338087166705,0.7383765121507333
42485431.407,3.99,37364,-1.367338087166705,0.7383765121507333
393398.363,3.99,37364,-1.367338087166705,0.7383765121507333
69943746.034,3.99,37364,-1.367338087166705,0.7383765121507333
749592.556,3.99,37364,-1.367338087166705,0.7383765121507333
20702.35,3.99,37364,-1.367338087166705,0.7383765121507333
31489.936,3.99,37364,-1.367338087166705,0.7383765121507333
44533.43,3.99,37364,-1.367338087166705,0.7383765121507333
38538246.806,3.99,37364,-1.367338087166705,0.7383765121507333
501634.336,3.99,37364,-1.367338087166705,0.7383765121507333
51955.464,3.99,37364,-1.367338087166705,0.7383765121507333
151936.865,3.99,37364,-1.367338087166705,0.7383765121507333
32294.397,3.99,37364,-1.367338087166705,0.7383765121507333
54924.278,3.99,37364,-1.367338087166705,0.7383765121507333
349969.694,3.99,37364,-1.367338087166705,0.7383765121507333
22690.918,3.99,37364,-1.367338087166705,0.7383765121507333
5011033.192,3.99,37364,-1.367338087166705,0.7383765121507333
227282.726,3.99,37364,-1.367338087166705,0.7383765121507333
202168.66,3.99,37364,-1.367338087166705,0.7383765121507333
944113.346,3.99,37364,-1.367338087166705,0.7383765121507333
37689880.15,3.99,37364,-1.367338087166705,0.7383765121507333
2689878.476,3.99,37364,-1.367338087166705,0.7383765121507333
70534.966,3.99,37364,-1.367338087166705,0.7383765121507333
41658512.967,3.99,37364,-1.367338087166705,0.7383765121507333
2394112.83,3.99,37364,-1.367338087166705,0.7383765121507333
120345.609,3.99,37364,-1.367338087166705,0.7383765121507333
704340.117,3.99,37364,-1.367338087166705,0.7383765121507333
6159.801,3.99,37364,-1.367338087166705,0.7383765121507333
21464.085,3.99,37364,-1.367338087166705,0.7383765121507333
54630.083,3.99,37364,-1.367338087166705,0.7383765121507333
54630.083,3.99,37364,-1.367338087166705,0.7383765121507333
1762862.665,3.99,37364,-1.367338087166705,0.7383765121507333
1707107.07,3.99,37364,-1.367338087166705,0.7383765121507333
46917.514,3.99,37364,-1.367338087166705,0.7383765121507333
62165784.367,3.99,37364,-1.367338087166705,0.7383765121507333
59990035.614,3.99,37364,-1.367338087166705,0.7383765121507333
1545189.521,3.99,37364,-1.367338087166705,0.7383765121507333
954439.497,3.99,37364,-1.367338087166705,0.7383765121507333
21203883.08,3.99,37364,-1.367338087166705,0.7383765121507333
2916401.908,3.99,37364,-1.367338087166705,0.7383765121507333
622139296.912,3.99,37364,-1.367338087166705,0.7383765121507333
102323254.271,3.99,37364,-1.367338087166705,0.7383765121507333
125860.864,3.99,37364,-1.367338087166705,0.7383765121507333
118003.029,3.99,37364,-1.367338087166705,0.7383765121507333
118003.029,3.99,37364,-1.367338087166705,0.7383765121507333
4643481.332,3.99,37364,-1.367338087166705,0.7383765121507333
3167808.688,3.99,37364,-1.367338087166705,0.7383765121507333
36901105.842,3.99,37364,-1.367338087166705,0.7383765121507333
36637575.997,3.99,37364,-1.367338087166705,0.7383765121507333
1664503.614,3.99,37364,-1.367338087166705,0.7383765121507333
26438.558,3.99,37364,-1.367338087166705,0.7383765121507333
26438.558,3.99,37364,-1.367338087166705,0.7383765121507333
459904667.167,3.99,37364,-1.367338087166705,0.7383765121507333
434114609.897,3.99,37364,-1.367338087166705,0.7383765121507333
26255649.571,3.99,37364,-1.367338087166705,0.7383765121507333
2119269.265,3.99,37364,-1.367338087166705,0.7383765121507333
75243764.94,3.99,37364,-1.367338087166705,0.7383765121507333
72600749.045,3.99,37364,-1.367338087166705,0.7383765121507333
30712.331,3.99,37364,-1.367338087166705,0.7383765121507333
30712.331,3.99,37364,-1.367338087166705,0.7383765121507333
557418.008,3.99,37364,-1.367338087166705,0.7383765121507333
488054.942,3.99,37364,-1.367338087166705,0.7383765121507333
6638086.048,3.99,37364,-1.367338087166705,0.7383765121507333
36287.402,3.99,37364,-1.367338087166705,0.7383765121507333
2319962.063,3.99,37364,-1.367338087166705,0.7383765121507333
353476.849,3.99,37364,-1.367338087166705,0.7383765121507333
191162659.855,3.99,37364,-1.367338087166705,0.7383765121507333
394007.507,3.99,37364,-1.367338087166705,0.7383765121507333
2670730.114,3.99,37364,-1.367338087166705,0.7383765121507333
6989299.665,3.99,37364,-1.367338087166705,0.7383765121507333
919323.994,3.99,37364,-1.367338087166705,0.7383765121507333
3464057.743,3.99,37364,-1.367338087166705,0.7383765121507333
3190437.35,3.99,37364,-1.367338087166705,0.7383765121507333
69226.344,3.99,37364,-1.367338087166705,0.7383765121507333
17830.088,3.99,37364,-1.367338087166705,0.7383765121507333
371705710.393,3.99,37364,-1.367338087166705,0.7383765121507333
117600401.339,3.99,37364,-1.367338087166705,0.7383765121507333
33051324.911,3.99,37364,-1.367338087166705,0.7383765121507333
297555.527,3.99,37364,-1.367338087166705,0.7383765121507333
534493.725,3.99,37364,-1.367338087166705,0.7383765121507333
46559087.969,3.99,37364,-1.367338087166705,0.7383765121507333
16216.742,3.99,37364,-1.367338087166705,0.7383765121507333
2649.965,3.99,37364,-1.367338087166705,0.7383765121507333
1385.887,3.99,37364,-1.367338087166705,0.7383765121507333
6214.74,3.99,37364,-1.367338087166705,0.7383765121507333
1543.741,3.99,37364,-1.367338087166705,0.7383765121507333
7872.832,3.99,37364,-1.367338087166705,0.7383765121507333
3587035.947,3.99,37364,-1.367338087166705,0.7383765121507333
106669.794,3.99,37364,-1.367338087166705,0.7383765121507333
438574.188,3.99,37364,-1.367338087166705,0.7383765121507333
28761296.242,3.99,37364,-1.367338087166705,0.7383765121507333
36030713.432,3.99,37364,-1.367338087166705,0.7383765121507333
819461.918,3.99,37364,-1.367338087166705,0.7383765121507333
20798.248,3.99,37364,-1.367338087166705,0.7383765121507333
1833615.475,3.99,37364,-1.367338087166705,0.7383765121507333
64221.878,3.99,37364,-1.367338087166705,0.7383765121507333
3534973.829,3.99,37364,-1.367338087166705,0.7383765121507333
2675822.097,3.99,37364,-1.367338087166705,0.7383765121507333
4999664.948,3.99,37364,-1.367338087166705,0.7383765121507333
581662.357,3.99,37364,-1.367338087166705,0.7383765121507333
479038.359,3.99,37364,-1.367338087166705,0.7383765121507333
94705916.418,3.99,37364,-1.367338087166705,0.7383765121507333
357882.006,3.99,37364,-1.367338087166705,0.7383765121507333
64221.878,3.99,37364,-1.367338087166705,0.7383765121507333
9999761.199,3.99,37364,-1.367338087166705,0.7383765121507333
272055.207,3.99,37364,-1.367338087166705,0.7383765121507333
1679079.755,3.99,37364,-1.367338087166705,0.7383765121507333
30813.923,3.99,37364,-1.367338087166705,0.7383765121507333
46672.696,3.99,37364,-1.367338087166705,0.7383765121507333
117580.391,3.99,37364,-1.367338087166705,0.7383765121507333
7265668.459,3.99,37364,-1.367338087166705,0.7383765121507333
623406.764,3.99,37364,-1.367338087166705,0.7383765121507333
30372.676,3.99,37364,-1.367338087166705,0.7383765121507333
2374596.145,3.99,37364,-1.367338087166705,0.7383765121507333
18641.734,3.99,37364,-1.367338087166705,0.7383765121507333
50159.165,3.99,37364,-1.367338087166705,0.7383765121507333
47816249.038,3.99,37364,-1.367338087166705,0.7383765121507333
62259.263,3.99,37364,-1.367338087166705,0.7383765121507333
3920462.952,3.99,37364,-1.367338087166705,0.7383765121507333
12443.152,3.99,37364,-1.367338087166705,0.7383765121507333
84028.254,3.99,37364,-1.367338087166705,0.7383765121507333
15071.987,3.99,37364,-1.367338087166705,0.7383765121507333
6098657.161,3.99,37364,-1.367338087166705,0.7383765121507333
40600.895,3.99,37364,-1.367338087166705,0.7383765121507333
10458662.558,3.99,37364,-1.367338087166705,0.7383765121507333
58428.498,3.99,37364,-1.367338087166705,0.7383765121507333
257132.373,3.99,37364,-1.367338087166705,0.7383765121507333
72452.68,3.99,37364,-1.367338087166705,0.7383765121507333
222947.576,3.99,37364,-1.367338087166705,0.7383765121507333
15071.987,3.99,37364,-1.367338087166705,0.7383765121507333
232300.759,3.99,37364,-1.367338087166705,0.7383765121507333
85278.66,3.99,37364,-1.367338087166705,0.7383765121507333
318934.232,3.99,37364,-1.367338087166705,0.7383765121507333
281925.456,3.99,37364,-1.367338087166705,0.7383765121507333
1182.044,3.99,37364,-1.367338087166705,0.7383765121507333
6214.74,3.99,37364,-1.367338087166705,0.7383765121507333
23770.137,3.99,37364,-1.367338087166705,0.7383765121507333
22186.621,3.99,37364,-1.367338087166705,0.7383765121507333
2983.075,3.99,37364,-1.367338087166705,0.7383765121507333
26374.113,3.99,37364,-1.367338087166705,0.7383765121507333
22108.315,3.99,37364,-1.367338087166705,0.7383765121507333
107677.825,3.99,37364,-1.367338087166705,0.7383765121507333
171125.346,3.99,37364,-1.367338087166705,0.7383765121507333
155643.186,3.99,37364,-1.367338087166705,0.7383765121507333
635243.358,3.99,37364,-1.367338087166705,0.7383765121507333
58769337.65,3.99,37364,-1.367338087166705,0.7383765121507333
5864193.673,3.99,37364,-1.367338087166705,0.7383765121507333
9473786.64,3.99,37364,-1.367338087166705,0.7383765121507333
1548884.685,3.99,37364,-1.367338087166705,0.7383765121507333
4133320.276,3.99,37364,-1.367338087166705,0.7383765121507333
464606.49,3.99,37364,-1.367338087166705,0.7383765121507333
921090.315,3.99,37364,-1.367338087166705,0.7383765121507333
3168755.371,3.99,37364,-1.367338087166705,0.7383765121507333
592785.498,3.99,37364,-1.367338087166705,0.7383765121507333
2154182.94,3.99,37364,-1.367338087166705,0.7383765121507333
60233.258,3.99,37364,-1.367338087166705,0.7383765121507333
878848.728,3.99,37364,-1.367338087166705,0.7383765121507333
63420.177,3.99,37364,-1.367338087166705,0.7383765121507333
3125843.836,3.99,37364,-1.367338087166705,0.7383765121507333
149010.816,3.99,37364,-1.367338087166705,0.7383765121507333
385101.323,3.99,37364,-1.367338087166705,0.7383765121507333
70445.319,3.99,37364,-1.367338087166705,0.7383765121507333
1355078.024,3.99,37364,-1.367338087166705,0.7383765121507333
254108.281,3.99,37364,-1.367338087166705,0.7383765121507333
56684.642,3.99,37364,-1.367338087166705,0.7383765121507333
33505117.754,3.99,37364,-1.367338087166705,0.7383765121507333
6581933.972,3.99,37364,-1.367338087166705,0.7383765121507333
295150.423,3.99,37364,-1.367338087166705,0.7383765121507333
75898.131,3.99,37364,-1.367338087166705,0.7383765121507333
281925.456,3.99,37364,-1.367338087166705,0.7383765121507333
54424.962,3.99,37364,-1.367338087166705,0.7383765121507333
307230.634,3.99,37364,-1.367338087166705,0.7383765121507333
73454880.906,3.99,37364,-1.367338087166705,0.7383765121507333
168697.869,3.99,37364,-1.367338087166705,0.7383765121507333
26039.76,3.99,37364,-1.367338087166705,0.7383765121507333
99911.886,3.99,37364,-1.367338087166705,0.7383765121507333
71347.699,3.99,37364,-1.367338087166705,0.7383765121507333
291668.925,3.99,37364,-1.367338087166705,0.7383765121507333
45491752.397,3.99,37364,-1.367338087166705,0.7383765121507333
28910.97,3.99,37364,-1.367338087166705,0.7383765121507333
1423217.674,3.99,37364,-1.367338087166705,0.7383765121507333
23108.888,3.99,37364,-1.367338087166705,0.7383765121507333
587812.463,3.99,37364,-1.367338087166705,0.7383765121507333
6833.728,3.99,37364,-1.367338087166705,0.7383765121507333
27802.26,3.99,37364,-1.367338087166705,0.7383765121507333
1302.609,3.99,37364,-1.367338087166705,0.7383765121507333
3732165.037,3.99,37364,-1.367338087166705,0.7383765121507333
309863.198,3.99,37364,-1.367338087166705,0.7383765121507333
24858.959,3.99,37364,-1.367338087166705,0.7383765121507333
1684865.678,3.99,37364,-1.367338087166705,0.7383765121507333
5114361.7,3.99,37364,-1.367338087166705,0.7383765121507333
197757.992,3.99,37364,-1.367338087166705,0.7383765121507333
724873.578,3.99,37364,-1.367338087166705,0.7383765121507333
3560590.986,3.99,37364,-1.367338087166705,0.7383765121507333
841570.233,3.99,37364,-1.367338087166705,0.7383765121507333
3347630.498,3.99,37364,-1.367338087166705,0.7383765121507333
25953429.568,3.99,37364,-1.367338087166705,0.7383765121507333
13218.752,3.99,37364,-1.367338087166705,0.7383765121507333
149394.887,3.99,37364,-1.367338087166705,0.7383765121507333
28910.97,3.99,37364,-1.367338087166705,0.7383765121507333
52538.167,3.99,37364,-1.367338087166705,0.7383765121507333
264578.875,3.99,37364,-1.367338087166705,0.7383765121507333
44608251.315,3.99,37364,-1.367338087166705,0.7383765121507333
147056.902,3.99,37364,-1.367338087166705,0.7383765121507333
99983.977,3.99,37364,-1.367338087166705,0.7383765121507333
6057831.292,3.99,37364,-1.367338087166705,0.7383765121507333
282901.17,3.99,37364,-1.367338087166705,0.7383765121507333
1005681.624,3.99,37364,-1.367338087166705,0.7383765121507333
493881.643,3.99,37364,-1.367338087166705,0.7383765121507333
85278.66,3.99,37364,-1.367338087166705,0.7383765121507333
196871.77,3.99,37364,-1.367338087166705,0.7383765121507333
37627.764,3.99,37364,-1.367338087166705,0.7383765121507333
815593.864,3.99,37364,-1.367338087166705,0.7383765121507333
20927.515,3.99,37364,-1.367338087166705,0.7383765121507333
141750.757,3.99,37364,-1.367338087166705,0.7383765121507333
56346.56,3.99,37364,-1.367338087166705,0.7383765121507333
28647.465,3.99,37364,-1.367338087166705,0.7383765121507333
1183088.829,3.99,37364,-1.367338087166705,0.7383765121507333
5958176.697,3.99,37364,-1.367338087166705,0.7383765121507333
8399.842,3.99,37364,-1.367338087166705,0.7383765121507333
1817999.077,3.99,37364,-1.367338087166705,0.7383765121507333
956039.525,3.99,37364,-1.367338087166705,0.7383765121507333
25183006.92,3.99,37364,-1.367338087166705,0.7383765121507333
52916.024,3.99,37364,-1.367338087166705,0.7383765121507333
32370.094,3.99,37364,-1.367338087166705,0.7383765121507333
59138.221,3.99,37364,-1.367338087166705,0.7383765121507333
400373.425,3.99,37364,-1.367338087166705,0.7383765121507333
313452.831,3.99,37364,-1.367338087166705,0.7383765121507333
103293.947,3.99,37364,-1.367338087166705,0.7383765121507333
337634.384,3.99,37364,-1.367338087166705,0.7383765121507333
33445.244,3.99,37364,-1.367338087166705,0.7383765121507333
75898.131,3.99,37364,-1.367338087166705,0.7383765121507333
13440973.249,3.99,37364,-1.367338087166705,0.7383765121507333
181272.773,3.99,37364,-1.367338087166705,0.7383765121507333
565577.367,3.99,37364,-1.367338087166705,0.7383765121507333
521439.042,3.99,37364,-1.367338087166705,0.7383765121507333
19459.593,3.99,37364,-1.367338087166705,0.7383765121507333
140049.161,3.99,37364,-1.367338087166705,0.7383765121507333
5296.201,3.99,37364,-1.367338087166705,0.7383765121507333
16276.404,3.99,37364,-1.367338087166705,0.7383765121507333
1302.609,3.99,37364,-1.367338087166705,0.7383765121507333
400444.273,3.99,37364,-1.367338087166705,0.7383765121507333
45340631.055,3.99,37364,-1.367338087166705,0.7383765121507333
465076508.045,3.99,37364,-1.367338087166705,0.7383765121507333
8619.844,3.99,37364,-1.367338087166705,0.7383765121507333
20256.323,3.99,37364,-1.367338087166705,0.7383765121507333
5777.222,3.99,37364,-1.367338087166705,0.7383765121507333
404512.442,3.99,37364,-1.367338087166705,0.7383765121507333
28448850.199,3.99,37364,-1.367338087166705,0.7383765121507333
541607.116,3.99,37364,-1.367338087166705,0.7383765121507333
910326.385,3.99,37364,-1.367338087166705,0.7383765121507333
560701.282,3.99,37364,-1.367338087166705,0.7383765121507333
1531198.778,3.99,37364,-1.367338087166705,0.7383765121507333
1203788.885,3.99,37364,-1.367338087166705,0.7383765121507333
46405153.836,3.99,37364,-1.367338087166705,0.7383765121507333
65177395.632,3.99,37364,-1.367338087166705,0.7383765121507333
11795940.324,3.99,37364,-1.367338087166705,0.7383765121507333
31047930.203,3.99,37364,-1.367338087166705,0.7383765121507333
64035473.24,3.99,37364,-1.367338087166705,0.7383765121507333
507960.515,3.99,37364,-1.367338087166705,0.7383765121507333
718714.771,3.99,37364,-1.367338087166705,0.7383765121507333
696647774.657,3.99,37364,-1.367338087166705,0.7383765121507333
4799597.558,3.99,37364,-1.367338087166705,0.7383765121507333
76202385.055,3.99,37364,-1.367338087166705,0.7383765121507333
1490544.437,3.99,37364,-1.367338087166705,0.7383765121507333
6982613.163,3.99,37364,-1.367338087166705,0.7383765121507333
38461.782,3.99,37364,-1.367338087166705,0.7383765121507333
212469.524,3.99,37364,-1.367338087166705,0.7383765121507333
3064895.882,3.99,37364,-1.367338087166705,0.7383765121507333
3608500.416,3.99,37364,-1.367338087166705,0.7383765121507333
48554.519,3.99,37364,-1.367338087166705,0.7383765121507333
47642.195,3.99,37364,-1.367338087166705,0.7383765121507333
441027.767,3.99,37364,-1.367338087166705,0.7383765121507333
1755191.673,3.99,37364,-1.367338087166705,0.7383765121507333
164675.689,3.99,37364,-1.367338087166705,0.7383765121507333
2023366.396,3.99,37364,-1.367338087166705,0.7383765121507333
2195093.329,3.99,37364,-1.367338087166705,0.7383765121507333
33099.704,3.99,37364,-1.367338087166705,0.7383765121507333
5656260.909,3.99,37364,-1.367338087166705,0.7383765121507333
92794.766,3.99,37364,-1.367338087166705,0.7383765121507333
49717.918,3.99,37364,-1.367338087166705,0.7383765121507333
26101.907,3.99,37364,-1.367338087166705,0.7383765121507333
75470.557,3.99,37364,-1.367338087166705,0.7383765121507333
29391985.438,3.99,37364,-1.367338087166705,0.7383765121507333
1444.306,3.99,37364,-1.367338087166705,0.7383765121507333
4958.119,3.99,37364,-1.367338087166705,0.7383765121507333
289094.78,3.99,37364,-1.367338087166705,0.7383765121507333
2457173.879,3.99,37364,-1.367338087166705,0.7383765121507333
61284.792,3.99,37364,-1.367338087166705,0.7383765121507333
53881.794,3.99,37364,-1.367338087166705,0.7383765121507333
32417.326,3.99,37364,-1.367338087166705,0.7383765121507333
72706.241,3.99,37364,-1.367338087166705,0.7383765121507333
114046.69,3.99,37364,-1.367338087166705,0.7383765121507333
166773.785,3.99,37364,-1.367338087166705,0.7383765121507333
1444.306,3.99,37364,-1.367338087166705,0.7383765121507333
47343.888,3.99,37364,-1.367338087166705,0.7383765121507333
68455.359,3.99,37364,-1.367338087166705,0.7383765121507333
23404.71,3.99,37364,-1.367338087166705,0.7383765121507333
9547.083,3.99,37364,-1.367338087166705,0.7383765121507333
38220051.912,3.99,37364,-1.367338087166705,0.7383765121507333
8113780.327,3.99,37364,-1.367338087166705,0.7383765121507333
53425.632,3.99,37364,-1.367338087166705,0.7383765121507333
29391.99,3.99,37364,-1.367338087166705,0.7383765121507333
1044629.398,3.99,37364,-1.367338087166705,0.7383765121507333
1808918.099,3.99,37364,-1.367338087166705,0.7383765121507333
2923317.895,3.99,37364,-1.367338087166705,0.7383765121507333
269724.679,3.99,37364,-1.367338087166705,0.7383765121507333
16528958.132,3.99,37364,-1.367338087166705,0.7383765121507333
71547387.09,3.99,37364,-1.367338087166705,0.7383765121507333
245177.7,3.99,37364,-1.367338087166705,0.7383765121507333
3046373.472,3.99,37364,-1.367338087166705,0.7383765121507333
13218.752,3.99,37364,-1.367338087166705,0.7383765121507333
25291969.953,3.99,37364,-1.367338087166705,0.7383765121507333
8347348.892,3.99,37364,-1.367338087166705,0.7383765121507333
7324019.893,3.99,37364,-1.367338087166705,0.7383765121507333
197757.992,3.99,37364,-1.367338087166705,0.7383765121507333
1016508.944,3.99,37364,-1.367338087166705,0.7383765121507333
1811691.116,3.99,37364,-1.367338087166705,0.7383765121507333
61530075.466,3.99,37364,-1.367338087166705,0.7383765121507333
405568.948,3.99,37364,-1.367338087166705,0.7383765121507333
203853.409,3.99,37364,-1.367338087166705,0.7383765121507333
60309055.594,3.99,37364,-1.367338087166705,0.7383765121507333
212419.806,3.99,37364,-1.367338087166705,0.7383765121507333
2610.191,3.99,37364,-1.367338087166705,0.7383765121507333
2331429.805,3.99,37364,-1.367338087166705,0.7383765121507333
327935.661,3.99,37364,-1.367338087166705,0.7383765121507333
118998.595,3.99,37364,-1.367338087166705,0.7383765121507333
99356.288,3.99,37364,-1.367338087166705,0.7383765121507333
77510.235,3.99,37364,-1.367338087166705,0.7383765121507333
53249.134,3.99,37364,-1.367338087166705,0.7383765121507333
885952.176,3.99,37364,-1.367338087166705,0.7383765121507333
22758.377,3.99,37364,-1.367338087166705,0.7383765121507333
40311.288,3.99,37364,-1.367338087166705,0.7383765121507333
541584.743,3.99,37364,-1.367338087166705,0.7383765121507333
14704.074,3.99,37364,-1.367338087166705,0.7383765121507333
45071.779,3.99,37364,-1.367338087166705,0.7383765121507333
356763.353,3.99,37364,-1.367338087166705,0.7383765121507333
106222.333,3.99,37364,-1.367338087166705,0.7383765121507333
23108.888,3.99,37364,-1.367338087166705,0.7383765121507333
32370.094,3.99,37364,-1.367338087166705,0.7383765121507333
1465572.369,3.99,37364,-1.367338087166705,0.7383765121507333
744037.349,3.99,37364,-1.367338087166705,0.7383765121507333
308585.447,3.99,37364,-1.367338087166705,0.7383765121507333
596412.42,3.99,37364,-1.367338087166705,0.7383765121507333
58428.498,3.99,37364,-1.367338087166705,0.7383765121507333
1220530.151,3.99,37364,-1.367338087166705,0.7383765121507333
106222.333,3.99,37364,-1.367338087166705,0.7383765121507333
555608.925,3.99,37364,-1.367338087166705,0.7383765121507333
717550.128,3.99,37364,-1.367338087166705,0.7383765121507333
2826959.597,3.99,37364,-1.367338087166705,0.7383765121507333
11753.316,3.99,37364,-1.367338087166705,0.7383765121507333
114046.69,3.99,37364,-1.367338087166705,0.7383765121507333
39443.711,3.99,37364,-1.367338087166705,0.7383765121507333
1302.609,3.99,37364,-1.367338087166705,0.7383765121507333
1302.609,3.99,37364,-1.367338087166705,0.7383765121507333
177931112.816,3.99,37364,-1.367338087166705,0.7383765121507333
1532837937.208,3.99,37364,-1.367338087166705,0.7383765121507333
3480.254,3.99,37364,-1.367338087166705,0.7383765121507333
3225.45,3.99,37364,-1.367338087166705,0.7383765121507333
5956.207,3.99,37364,-1.367338087166705,0.7383765121507333
7872.832,3.99,37364,-1.367338087166705,0.7383765121507333
2375.274,3.99,37364,-1.367338087166705,0.7383765121507333
118907.86,3.99,37364,-1.367338087166705,0.7383765121507333
33634.172,3.99,37364,-1.367338087166705,0.7383765121507333
2519.456,3.99,37364,-1.367338087166705,0.7383765121507333
121315.45,3.99,37364,-1.367338087166705,0.7383765121507333
6463640.129,3.99,37364,-1.367338087166705,0.7383765121507333
226512.35,3.99,37364,-1.367338087166705,0.7383765121507333
27492998.359,3.99,37364,-1.367338087166705,0.7383765121507333
28283668.63,3.99,37364,-1.367338087166705,0.7383765121507333
89599667.44,3.99,37364,-1.367338087166705,0.7383765121507333
197802.738,3.99,37364,-1.367338087166705,0.7383765121507333
212469.524,3.99,37364,-1.367338087166705,0.7383765121507333
37056.008,3.99,37364,-1.367338087166705,0.7383765121507333
15386017.765,3.99,37364,-1.367338087166705,0.7383765121507333
2893886.13,3.99,37364,-1.367338087166705,0.7383765121507333
3067339.518,3.99,37364,-1.367338087166705,0.7383765121507333
269724.679,3.99,37364,-1.367338087166705,0.7383765121507333
152626.552,3.99,37364,-1.367338087166705,0.7383765121507333
13191963.54,3.99,37364,-1.367338087166705,0.7383765121507333
126394.135,3.99,37364,-1.367338087166705,0.7383765121507333
234217.385,3.99,37364,-1.367338087166705,0.7383765121507333
2021416.211,3.99,37364,-1.367338087166705,0.7383765121507333
7498104.699,3.99,37364,-1.367338087166705,0.7383765121507333
868765.934,3.99,37364,-1.367338087166705,0.7383765121507333
143241.052,3.99,37364,-1.367338087166705,0.7383765121507333
499218.862,3.99,37364,-1.367338087166705,0.7383765121507333
293749.62,3.99,37364,-1.367338087166705,0.7383765121507333
75453.156,3.99,37364,-1.367338087166705,0.7383765121507333
1762237.945,3.99,37364,-1.367338087166705,0.7383765121507333
1514125.645,3.99,37364,-1.367338087166705,0.7383765121507333
8800.072,3.99,37364,-1.367338087166705,0.7383765121507333
316245.735,3.99,37364,-1.367338087166705,0.7383765121507333
238585.104,3.99,37364,-1.367338087166705,0.7383765121507333
2704206.057,3.99,37364,-1.367338087166705,0.7383765121507333
2516754.589,3.99,37364,-1.367338087166705,0.7383765121507333
303790.154,3.99,37364,-1.367338087166705,0.7383765121507333
116332.471,3.99,37364,-1.367338087166705,0.7383765121507333
1323298.331,3.99,37364,-1.367338087166705,0.7383765121507333
40194937.123,3.99,37364,-1.367338087166705,0.7383765121507333
994700.179,3.99,37364,-1.367338087166705,0.7383765121507333
1779504.978,3.99,37364,-1.367338087166705,0.7383765121507333
232300.759,3.99,37364,-1.367338087166705,0.7383765121507333
93479.63,3.99,37364,-1.367338087166705,0.7383765121507333
1063614.185,3.99,37364,-1.367338087166705,0.7383765121507333
555608.925,3.99,37364,-1.367338087166705,0.7383765121507333
10737.827,3.99,37364,-1.367338087166705,0.7383765121507333
62719.154,3.99,37364,-1.367338087166705,0.7383765121507333
87410.315,3.99,37364,-1.367338087166705,0.7383765121507333
1154253.679,3.99,37364,-1.367338087166705,0.7383765121507333
26039.76,3.99,37364,-1.367338087166705,0.7383765121507333
40600.895,3.99,37364,-1.367338087166705,0.7383765121507333
829195.443,3.99,37364,-1.367338087166705,0.7383765121507333
52538.167,3.99,37364,-1.367338087166705,0.7383765121507333
54424.962,3.99,37364,-1.367338087166705,0.7383765121507333
1311249.193,3.99,37364,-1.367338087166705,0.7383765121507333
493881.643,3.99,37364,-1.367338087166705,0.7383765121507333
25811.057,3.99,37364,-1.367338087166705,0.7383765121507333
342223.348,3.99,37364,-1.367338087166705,0.7383765121507333
20550.902,3.99,37364,-1.367338087166705,0.7383765121507333
6833.728,3.99,37364,-1.367338087166705,0.7383765121507333
366147905.878,3.99,37364,-1.367338087166705,0.7383765121507333
17898.451,3.99,37364,-1.367338087166705,0.7383765121507333
2606.462,3.99,37364,-1.367338087166705,0.7383765121507333
7860.403,3.99,37364,-1.367338087166705,0.7383765121507333
4142.746,3.99,37364,-1.367338087166705,0.7383765121507333
385940.313,3.99,37364,-1.367338087166705,0.7383765121507333
6319187.203,3.99,37364,-1.367338087166705,0.7383765121507333
2374946.656,3.99,37364,-1.367338087166705,0.7383765121507333
3070568.697,3.99,37364,-1.367338087166705,0.7383765121507333
11775389.423,3.99,37364,-1.367338087166705,0.7383765121507333
2726457.311,3.99,37364,-1.367338087166705,0.7383765121507333
18822935.429,3.99,37364,-1.367338087166705,0.7383765121507333
24852412.593,3.99,37364,-1.367338087166705,0.7383765121507333
3449212.906,3.99,37364,-1.367338087166705,0.7383765121507333
1129062.853,3.99,37364,-1.367338087166705,0.7383765121507333
27759232.84,3.99,37364,-1.367338087166705,0.7383765121507333
901467.895,3.99,37364,-1.367338087166705,0.7383765121507333
59809897.637,3.99,37364,-1.367338087166705,0.7383765121507333
4253410.179,3.99,37364,-1.367338087166705,0.7383765121507333
435010.656,3.99,37364,-1.367338087166705,0.7383765121507333
8477080.343,3.99,37364,-1.367338087166705,0.7383765121507333
72367501.556,3.99,37364,-1.367338087166705,0.7383765121507333
21449.553,3.99,37364,-1.367338087166705,0.7383765121507333
23786.295,3.99,37364,-1.367338087166705,0.7383765121507333
33998.356,3.99,37364,-1.367338087166705,0.7383765121507333
218725.281,3.99,37364,-1.367338087166705,0.7383765121507333
1955.157,3.99,37364,-1.367338087166705,0.7383765121507333
253700.594,3.99,37364,-1.367338087166705,0.7383765121507333
3755654.267,3.99,37364,-1.367338087166705,0.7383765121507333
82709.486,3.99,37364,-1.367338087166705,0.7383765121507333
138962.825,3.99,37364,-1.367338087166705,0.7383765121507333
285735.092,3.99,37364,-1.367338087166705,0.7383765121507333
67633.77,3.99,37364,-1.367338087166705,0.7383765121507333
2299965.821,3.99,37364,-1.367338087166705,0.7383765121507333
311706.489,3.99,37364,-1.367338087166705,0.7383765121507333
4612423.268,3.99,37364,-1.367338087166705,0.7383765121507333
71347.699,3.99,37364,-1.367338087166705,0.7383765121507333
23948900.049,3.99,37364,-1.367338087166705,0.7383765121507333
1947684.538,3.99,37364,-1.367338087166705,0.7383765121507333
118237.911,3.99,37364,-1.367338087166705,0.7383765121507333
2268297.992,3.99,37364,-1.367338087166705,0.7383765121507333
667569.948,3.99,37364,-1.367338087166705,0.7383765121507333
1904.196,3.99,37364,-1.367338087166705,0.7383765121507333
4989414.356,3.99,37364,-1.367338087166705,0.7383765121507333
313048.873,3.99,37364,-1.367338087166705,0.7383765121507333
1836189.62,3.99,37364,-1.367338087166705,0.7383765121507333
246208.104,3.99,37364,-1.367338087166705,0.7383765121507333
4958.119,3.99,37364,-1.367338087166705,0.7383765121507333
226159.353,3.99,37364,-1.367338087166705,0.7383765121507333
5146674.618,3.99,37364,-1.367338087166705,0.7383765121507333
549096758.591,3.99,37364,-1.367338087166705,0.7383765121507333
2185626448.562,3.99,37364,-1.367338087166705,0.7383765121507333
4219673258.017,3.99,37364,-1.367338087166705,0.7383765121507333
1988.717,3.99,37364,-1.367338087166705,0.7383765121507333
19628.634,3.99,37364,-1.367338087166705,0.7383765121507333
26374.113,3.99,37364,-1.367338087166705,0.7383765121507333
1193.23,3.99,37364,-1.367338087166705,0.7383765121507333
1300651.819,3.99,37364,-1.367338087166705,0.7383765121507333
675620.522,3.99,37364,-1.367338087166705,0.7383765121507333
140830.976,3.99,37364,-1.367338087166705,0.7383765121507333
55078509.334,3.99,37364,-1.367338087166705,0.7383765121507333
105993.63,3.99,37364,-1.367338087166705,0.7383765121507333
69440626.344,3.99,37364,-1.367338087166705,0.7383765121507333
109881719.367,3.99,37364,-1.367338087166705,0.7383765121507333
1337206.919,3.99,37364,-1.367338087166705,0.7383765121507333
351925.799,3.99,37364,-1.367338087166705,0.7383765121507333
24159695.322,3.99,37364,-1.367338087166705,0.7383765121507333
2938269.316,3.99,37364,-1.367338087166705,0.7383765121507333
2292391.296,3.99,37364,-1.367338087166705,0.7383765121507333
8986386.97,3.99,37364,-1.367338087166705,0.7383765121507333
137336636.286,3.99,37364,-1.367338087166705,0.7383765121507333
434958.452,3.99,37364,-1.367338087166705,0.7383765121507333
8988277.494,3.99,37364,-1.367338087166705,0.7383765121507333
3151997.947,3.99,37364,-1.367338087166705,0.7383765121507333
525056607.518,3.99,37364,-1.367338087166705,0.7383765121507333
802516.808,3.99,37364,-1.367338087166705,0.7383765121507333
73658.339,3.99,37364,-1.367338087166705,0.7383765121507333
197802.738,3.99,37364,-1.367338087166705,0.7383765121507333
1436995.753,3.99,37364,-1.367338087166705,0.7383765121507333
384047.304,3.99,37364,-1.367338087166705,0.7383765121507333
74138180.36,3.99,37364,-1.367338087166705,0.7383765121507333
1203788.885,3.99,37364,-1.367338087166705,0.7383765121507333
172398.125,3.99,37364,-1.367338087166705,0.7383765121507333
47264.339,3.99,37364,-1.367338087166705,0.7383765121507333
14750.063,3.99,37364,-1.367338087166705,0.7383765121507333
11123.141,3.99,37364,-1.367338087166705,0.7383765121507333
1204786.972,3.99,37364,-1.367338087166705,0.7383765121507333
46499.926,3.99,37364,-1.367338087166705,0.7383765121507333
110319.089,3.99,37364,-1.367338087166705,0.7383765121507333
5333599.076,3.99,37364,-1.367338087166705,0.7383765121507333
311763.665,3.99,37364,-1.367338087166705,0.7383765121507333
4891741.02,3.99,37364,-1.367338087166705,0.7383765121507333
23020767.191,3.99,37364,-1.367338087166705,0.7383765121507333
1581950.83,3.99,37364,-1.367338087166705,0.7383765121507333
826909.662,3.99,37364,-1.367338087166705,0.7383765121507333
4494379.257,3.99,37364,-1.367338087166705,0.7383765121507333
14066.442,3.99,37364,-1.367338087166705,0.7383765121507333
542165.2,3.99,37364,-1.367338087166705,0.7383765121507333
32417.326,3.99,37364,-1.367338087166705,0.7383765121507333
490035.962,3.99,37364,-1.367338087166705,0.7383765121507333
22486382.846,3.99,37364,-1.367338087166705,0.7383765121507333
72706.241,3.99,37364,-1.367338087166705,0.7383765121507333
118978.708,3.99,37364,-1.367338087166705,0.7383765121507333
167799.218,3.99,37364,-1.367338087166705,0.7383765121507333
77961013.479,3.99,37364,-1.367338087166705,0.7383765121507333
149394.887,3.99,37364,-1.367338087166705,0.7383765121507333
147056.902,3.99,37364,-1.367338087166705,0.7383765121507333
1488225.096,3.99,37364,-1.367338087166705,0.7383765121507333
12927746.363,3.99,37364,-1.367338087166705,0.7383765121507333
18764.785,3.99,37364,-1.367338087166705,0.7383765121507333
16216.742,3.99,37364,-1.367338087166705,0.7383765121507333
8416.001,3.99,37364,-1.367338087166705,0.7383765121507333
15731.992,3.99,37364,-1.367338087166705,0.7383765121507333
7128.307,3.99,37364,-1.367338087166705,0.7383765121507333
271689245.369,3.99,37364,-1.367338087166705,0.7383765121507333
97234.576,3.99,37364,-1.367338087166705,0.7383765121507333
2983.075,3.99,37364,-1.367338087166705,0.7383765121507333
4267.04,3.99,37364,-1.367338087166705,0.7383765121507333
27506.438,3.99,37364,-1.367338087166705,0.7383765121507333
6812.598,3.99,37364,-1.367338087166705,0.7383765121507333
795972.687,3.99,37364,-1.367338087166705,0.7383765121507333
8913005.808,3.99,37364,-1.367338087166705,0.7383765121507333
7126682.018,3.99,37364,-1.367338087166705,0.7383765121507333
152626.552,3.99,37364,-1.367338087166705,0.7383765121507333
8184695.479,3.99,37364,-1.367338087166705,0.7383765121507333
372469.243,3.99,37364,-1.367338087166705,0.7383765121507333
545541.046,3.99,37364,-1.367338087166705,0.7383765121507333
2462719.912,3.99,37364,-1.367338087166705,0.7383765121507333
8977767.126,3.99,37364,-1.367338087166705,0.7383765121507333
388115.472,3.99,37364,-1.367338087166705,0.7383765121507333
4760501.873,3.99,37364,-1.367338087166705,0.7383765121507333
5487344.281,3.99,37364,-1.367338087166705,0.7383765121507333
3637430.029,3.99,37364,-1.367338087166705,0.7383765121507333
2348002.03,3.99,37364,-1.367338087166705,0.7383765121507333
2037818.152,3.99,37364,-1.367338087166705,0.7383765121507333
41517939.632,3.99,37364,-1.367338087166705,0.7383765121507333
780118.886,3.99,37364,-1.367338087166705,0.7383765121507333
76533.278,3.99,37364,-1.367338087166705,0.7383765121507333
10751.5,3.99,37364,-1.367338087166705,0.7383765121507333
221385.19,3.99,37364,-1.367338087166705,0.7383765121507333
852687.16,3.99,37364,-1.367338087166705,0.7383765121507333
21204.692,3.99,37364,-1.367338087166705,0.7383765121507333
98621.706,3.99,37364,-1.367338087166705,0.7383765121507333
15536.85,3.99,37364,-1.367338087166705,0.7383765121507333
9097.136,3.99,37364,-1.367338087166705,0.7383765121507333
68159.537,3.99,37364,-1.367338087166705,0.7383765121507333
20289.882,3.99,37364,-1.367338087166705,0.7383765121507333
20394725.159,3.99,37364,-1.367338087166705,0.7383765121507333
1051317.701,3.99,37364,-1.367338087166705,0.7383765121507333
505102.977,3.99,37364,-1.367338087166705,0.7383765121507333
469777.153,3.99,37364,-1.367338087166705,0.7383765121507333
57149.504,3.99,37364,-1.367338087166705,0.7383765121507333
236647361.938,3.99,37364,-1.367338087166705,0.7383765121507333
7359849.924,3.99,37364,-1.367338087166705,0.7383765121507333
5730486.882,3.99,37364,-1.367338087166705,0.7383765121507333
436269304.987,3.99,37364,-1.367338087166705,0.7383765121507333
686007003.731,3.99,37364,-1.367338087166705,0.7383765121507333
686007003.731,3.99,37364,-1.367338087166705,0.7383765121507333
436269304.987,3.99,37364,-1.367338087166705,0.7383765121507333
236647361.938,3.99,37364,-1.367338087166705,0.7383765121507333
7359849.924,3.99,37364,-1.367338087166705,0.7383765121507333
5730486.882,3.99,37364,-1.367338087166705,0.7383765121507333
5558850.24,3.99,37364,-1.367338087166705,0.7383765121507333
207109255.168,3.99,37364,-1.367338087166705,0.7383765121507333
7268781.844,3.99,37364,-1.367338087166705,0.7383765121507333
611296684.679,3.99,37364,-1.367338087166705,0.7383765121507333
391359797.426,3.99,37364,-1.367338087166705,0.7383765121507333
5558850.24,3.99,37364,-1.367338087166705,0.7383765121507333
7268781.844,3.99,37364,-1.367338087166705,0.7383765121507333
207109255.168,3.99,37364,-1.367338087166705,0.7383765121507333
611296684.679,3.99,37364,-1.367338087166705,0.7383765121507333
391359797.426,3.99,37364,-1.367338087166705,0.7383765121507333
1618.687,3.99,37364,-1.367338087166705,0.7383765121507333
112705.064,3.99,37364,-1.367338087166705,0.7383765121507333
1463937.772,3.99,37364,-1.367338087166705,0.7383765121507333
10958.488,3.99,37364,-1.367338087166705,0.7383765121507333
258.795,3.99,37364,-1.367338087166705,0.7383765121507333
503603.373,3.99,37364,-1.367338087166705,0.7383765121507333
781413.31,3.99,37364,-1.367338087166705,0.7383765121507333
560816.519,3.99,37364,-1.367338087166705,0.7383765121507333
1543753.944,3.99,37364,-1.367338087166705,0.7383765121507333
2357416.483,3.99,37364,-1.367338087166705,0.7383765121507333
243744.262,3.99,37364,-1.367338087166705,0.7383765121507333
37967.126,3.99,37364,-1.367338087166705,0.7383765121507333
1226.833,3.99,37364,-1.367338087166705,0.7383765121507333
3143959.298,3.99,37364,-1.367338087166705,0.7383765121507333
7103563.6,3.99,37364,-1.367338087166705,0.7383765121507333
3595348.412,3.99,37364,-1.367338087166705,0.7383765121507333
10732602.923,3.99,37364,-1.367338087166705,0.7383765121507333
12185.321,3.99,37364,-1.367338087166705,0.7383765121507333
7348926.549,3.99,37364,-1.367338087166705,0.7383765121507333
5229542.535,3.99,37364,-1.367338087166705,0.7383765121507333
13871432.716,3.99,37364,-1.367338087166705,0.7383765121507333
5732807.766,3.99,37364,-1.367338087166705,0.7383765121507333
46.388,3.99,37364,-1.367338087166705,0.7383765121507333
181.889,3.99,37364,-1.367338087166705,0.7383765121507333
739.762,3.99,37364,-1.367338087166705,0.7383765121507333
2597909.943,3.99,37364,-1.367338087166705,0.7383765121507333
2588108.706,3.99,37364,-1.367338087166705,0.7383765121507333
810898.808,3.99,37364,-1.367338087166705,0.7383765121507333
80660.916,3.99,37364,-1.367338087166705,0.7383765121507333
52267.971,3.99,37364,-1.367338087166705,0.7383765121507333
16340.684,3.99,37364,-1.367338087166705,0.7383765121507333
306250.491,3.99,37364,-1.367338087166705,0.7383765121507333
2658788.939,3.99,37364,-1.367338087166705,0.7383765121507333
6895460.975,3.99,37364,-1.367338087166705,0.7383765121507333
5039711.788,3.99,37364,-1.367338087166705,0.7383765121507333
216041.029,3.99,37364,-1.367338087166705,0.7383765121507333
41205.721,3.99,37364,-1.367338087166705,0.7383765121507333
10770.496,3.99,37364,-1.367338087166705,0.7383765121507333
11644.538,3.99,37364,-1.367338087166705,0.7383765121507333
218781.566,3.99,37364,-1.367338087166705,0.7383765121507333
75919.603,3.99,37364,-1.367338087166705,0.7383765121507333
11804.453,3.99,37364,-1.367338087166705,0.7383765121507333
207055.24,3.99,37364,-1.367338087166705,0.7383765121507333
1164.576,3.99,37364,-1.367338087166705,0.7383765121507333
9204.3,3.99,37364,-1.367338087166705,0.7383765121507333
37539.871,3.99,37364,-1.367338087166705,0.7383765121507333
69969.768,3.99,37364,-1.367338087166705,0.7383765121507333
11430.91,3.99,37364,-1.367338087166705,0.7383765121507333
27686.143,3.99,37364,-1.367338087166705,0.7383765121507333
34267.095,3.99,37364,-1.367338087166705,0.7383765121507333
2866.273,3.99,37364,-1.367338087166705,0.7383765121507333
24714868.103,3.99,37364,-1.367338087166705,0.7383765121507333
37419157.768,3.99,37364,-1.367338087166705,0.7383765121507333
27211.279,3.99,37364,-1.367338087166705,0.7383765121507333
731258.421,3.99,37364,-1.367338087166705,0.7383765121507333
8949389.477,3.99,37364,-1.367338087166705,0.7383765121507333
3320701.385,3.99,37364,-1.367338087166705,0.7383765121507333
91430.191,3.99,37364,-1.367338087166705,0.7383765121507333
6974204.125,3.99,37364,-1.367338087166705,0.7383765121507333
4355575.963,3.99,37364,-1.367338087166705,0.7383765121507333
492563.096,3.99,37364,-1.367338087166705,0.7383765121507333
6384.415,3.99,37364,-1.367338087166705,0.7383765121507333
1315.946,3.99,37364,-1.367338087166705,0.7383765121507333
200600.022,3.99,37364,-1.367338087166705,0.7383765121507333
1627.232,3.99,37364,-1.367338087166705,0.7383765121507333
1149.927,3.99,37364,-1.367338087166705,0.7383765121507333
17900.776,3.99,37364,-1.367338087166705,0.7383765121507333
6224.499,3.99,37364,-1.367338087166705,0.7383765121507333
69209.254,3.99,37364,-1.367338087166705,0.7383765121507333
7028.96,3.99,37364,-1.367338087166705,0.7383765121507333
2204.637,3.99,37364,-1.367338087166705,0.7383765121507333
278929.346,3.99,37364,-1.367338087166705,0.7383765121507333
3745.198,3.99,37364,-1.367338087166705,0.7383765121507333
161.136,3.99,37364,-1.367338087166705,0.7383765121507333
21575.172,3.99,37364,-1.367338087166705,0.7383765121507333
1647.985,3.99,37364,-1.367338087166705,0.7383765121507333
96958.875,3.99,37364,-1.367338087166705,0.7383765121507333
2492014.108,3.99,37364,-1.367338087166705,0.7383765121507333
17493314.902,3.99,37364,-1.367338087166705,0.7383765121507333
204206.057,3.99,37364,-1.367338087166705,0.7383765121507333
3271.555,3.99,37364,-1.367338087166705,0.7383765121507333
120147.851,3.99,37364,-1.367338087166705,0.7383765121507333
1636756.434,3.99,37364,-1.367338087166705,0.7383765121507333
268172.278,3.99,37364,-1.367338087166705,0.7383765121507333
235760.692,3.99,37364,-1.367338087166705,0.7383765121507333
7856645.001,3.99,37364,-1.367338087166705,0.7383765121507333
425192.261,3.99,37364,-1.367338087166705,0.7383765121507333
63725051.34,3.99,37364,-1.367338087166705,0.7383765121507333
46039.81,3.99,37364,-1.367338087166705,0.7383765121507333
179666.955,3.99,37364,-1.367338087166705,0.7383765121507333
9058854.725,3.99,37364,-1.367338087166705,0.7383765121507333
2419004.723,3.99,37364,-1.367338087166705,0.7383765121507333
15027037.432,3.99,37364,-1.367338087166705,0.7383765121507333
10283013.164,3.99,37364,-1.367338087166705,0.7383765121507333
57573.261,3.99,37364,-1.367338087166705,0.7383765121507333
985439.92,3.99,37364,-1.367338087166705,0.7383765121507333
1562942.589,3.99,37364,-1.367338087166705,0.7383765121507333
8321227.758,3.99,37364,-1.367338087166705,0.7383765121507333
18766604.038,3.99,37364,-1.367338087166705,0.7383765121507333
1275003.04,3.99,37364,-1.367338087166705,0.7383765121507333
550799.213,3.99,37364,-1.367338087166705,0.7383765121507333
77057.323,3.99,37364,-1.367338087166705,0.7383765121507333
1986480.762,3.99,37364,-1.367338087166705,0.7383765121507333
9926135.362,3.99,37364,-1.367338087166705,0.7383765121507333
155318.286,3.99,37364,-1.367338087166705,0.7383765121507333
582643.161,3.99,37364,-1.367338087166705,0.7383765121507333
3387.524,3.99,37364,-1.367338087166705,0.7383765121507333
9801077.738,3.99,37364,-1.367338087166705,0.7383765121507333
14745754.52,3.99,37364,-1.367338087166705,0.7383765121507333
96741370.165,3.99,37364,-1.367338087166705,0.7383765121507333
10295855.237,3.99,37364,-1.367338087166705,0.7383765121507333
2736033.034,3.99,37364,-1.367338087166705,0.7383765121507333
2662496.294,3.99,37364,-1.367338087166705,0.7383765121507333
235295532.741,3.99,37364,-1.367338087166705,0.7383765121507333
14918.534,3.99,37364,-1.367338087166705,0.7383765121507333
4461.766,3.99,37364,-1.367338087166705,0.7383765121507333
19683.041,3.99,37364,-1.367338087166705,0.7383765121507333
318659.205,3.99,37364,-1.367338087166705,0.7383765121507333
795850230.895,3.99,37364,-1.367338087166705,0.7383765121507333
3527.908,3.99,37364,-1.367338087166705,0.7383765121507333
8038.503,3.99,37364,-1.367338087166705,0.7383765121507333
245161.529,3.99,37364,-1.367338087166705,0.7383765121507333
5345.574,3.99,37364,-1.367338087166705,0.7383765121507333
2100.875,3.99,37364,-1.367338087166705,0.7383765121507333
5964.484,3.99,37364,-1.367338087166705,0.7383765121507333
362242.907,3.99,37364,-1.367338087166705,0.7383765121507333
47944.148,3.99,37364,-1.367338087166705,0.7383765121507333
6308.73,3.99,37364,-1.367338087166705,0.7383765121507333
122777.302,3.99,37364,-1.367338087166705,0.7383765121507333
16943.724,3.99,37364,-1.367338087166705,0.7383765121507333
65421.331,3.99,37364,-1.367338087166705,0.7383765121507333
1170.68,3.99,37364,-1.367338087166705,0.7383765121507333
1717.566,3.99,37364,-1.367338087166705,0.7383765121507333
8311.947,3.99,37364,-1.367338087166705,0.7383765121507333
51413.461,3.99,37364,-1.367338087166705,0.7383765121507333
273742.467,3.99,37364,-1.367338087166705,0.7383765121507333
14918.534,3.99,37364,-1.367338087166705,0.7383765121507333
7965248.414,3.99,37364,-1.367338087166705,0.7383765121507333
64148038.964,3.99,37364,-1.367338087166705,0.7383765121507333
52424.225,3.99,37364,-1.367338087166705,0.7383765121507333
2501953.287,3.99,37364,-1.367338087166705,0.7383765121507333
19158637.625,3.99,37364,-1.367338087166705,0.7383765121507333
10461422.767,3.99,37364,-1.367338087166705,0.7383765121507333
336591.72,3.99,37364,-1.367338087166705,0.7383765121507333
59777.898,3.99,37364,-1.367338087166705,0.7383765121507333
1576374.275,3.99,37364,-1.367338087166705,0.7383765121507333
4461.766,3.99,37364,-1.367338087166705,0.7383765121507333
8652425.075,3.99,37364,-1.367338087166705,0.7383765121507333
1482058.279,3.99,37364,-1.367338087166705,0.7383765121507333
554544.411,3.99,37364,-1.367338087166705,0.7383765121507333
78221.899,3.99,37364,-1.367338087166705,0.7383765121507333
3632441.496,3.99,37364,-1.367338087166705,0.7383765121507333
10200662.758,3.99,37364,-1.367338087166705,0.7383765121507333
225334.442,3.99,37364,-1.367338087166705,0.7383765121507333
1325332.492,3.99,37364,-1.367338087166705,0.7383765121507333
65269.96,3.99,37364,-1.367338087166705,0.7383765121507333
9822652.91,3.99,37364,-1.367338087166705,0.7383765121507333
24790533.795,3.99,37364,-1.367338087166705,0.7383765121507333
2752373.718,3.99,37364,-1.367338087166705,0.7383765121507333
3152934.101,3.99,37364,-1.367338087166705,0.7383765121507333
235298399.014,3.99,37364,-1.367338087166705,0.7383765121507333
318659.205,3.99,37364,-1.367338087166705,0.7383765121507333
109061597.605,3.99,37364,-1.367338087166705,0.7383765121507333
20902603.4,3.99,37364,-1.367338087166705,0.7383765121507333
878075481.611,3.99,37364,-1.367338087166705,0.7383765121507333
16025.736,3.99,37364,-1.367338087166705,0.7383765121507333
461980.162,3.99,37364,-1.367338087166705,0.7383765121507333
441132.545,3.99,37364,-1.367338087166705,0.7383765121507333
248876.208,3.99,37364,-1.367338087166705,0.7383765121507333
985439.92,3.99,37364,-1.367338087166705,0.7383765121507333
18927957.61,3.99,37364,-1.367338087166705,0.7383765121507333
3387.524,3.99,37364,-1.367338087166705,0.7383765121507333
18320144.229,3.99,37364,-1.367338087166705,0.7383765121507333
3527.908,3.99,37364,-1.367338087166705,0.7383765121507333
8038.503,3.99,37364,-1.367338087166705,0.7383765121507333
1315.946,3.99,37364,-1.367338087166705,0.7383765121507333
5345.574,3.99,37364,-1.367338087166705,0.7383765121507333
200600.022,3.99,37364,-1.367338087166705,0.7383765121507333
5372.43,3.99,37364,-1.367338087166705,0.7383765121507333
5964.484,3.99,37364,-1.367338087166705,0.7383765121507333
362242.907,3.99,37364,-1.367338087166705,0.7383765121507333
49094.075,3.99,37364,-1.367338087166705,0.7383765121507333
6308.73,3.99,37364,-1.367338087166705,0.7383765121507333
161.136,3.99,37364,-1.367338087166705,0.7383765121507333
122777.302,3.99,37364,-1.367338087166705,0.7383765121507333
1647.985,3.99,37364,-1.367338087166705,0.7383765121507333
58302.037,3.99,37364,-1.367338087166705,0.7383765121507333
34267.095,3.99,37364,-1.367338087166705,0.7383765121507333
65421.331,3.99,37364,-1.367338087166705,0.7383765121507333
1170.68,3.99,37364,-1.367338087166705,0.7383765121507333
1717.566,3.99,37364,-1.367338087166705,0.7383765121507333
411604.322,3.99,37364,-1.367338087166705,0.7383765121507333
1068450.74,3.99,37364,-1.367338087166705,0.7383765121507333
410566.702,3.99,37364,-1.367338087166705,0.7383765121507333
41358.312,3.99,37364,-1.367338087166705,0.7383765121507333
2551.324,3.99,37364,-1.367338087166705,0.7383765121507333
2551.324,3.99,37364,-1.367338087166705,0.7383765121507333
8944.284,3.99,37364,-1.367338087166705,0.7383765121507333
8944.284,3.99,37364,-1.367338087166705,0.7383765121507333
236987.525,3.99,37364,-1.367338087166705,0.7383765121507333
7713.789,3.99,37364,-1.367338087166705,0.7383765121507333
15940.285,3.99,37364,-1.367338087166705,0.7383765121507333
97748.687,3.99,37364,-1.367338087166705,0.7383765121507333
1380.645,3.99,37364,-1.367338087166705,0.7383765121507333
1380.645,3.99,37364,-1.367338087166705,0.7383765121507333
13.428,3.99,37364,-1.367338087166705,0.7383765121507333
5703.248,3.99,37364,-1.367338087166705,0.7383765121507333
63.478,3.99,37364,-1.367338087166705,0.7383765121507333
90.334,3.99,37364,-1.367338087166705,0.7383765121507333
164902.232,3.99,37364,-1.367338087166705,0.7383765121507333
101825.923,3.99,37364,-1.367338087166705,0.7383765121507333
35550.082,3.99,37364,-1.367338087166705,0.7383765121507333
1333966.712,3.99,37364,-1.367338087166705,0.7383765121507333
755461.823,3.99,37364,-1.367338087166705,0.7383765121507333
952782.967,3.99,37364,-1.367338087166705,0.7383765121507333
179019.968,3.99,37364,-1.367338087166705,0.7383765121507333
5256.461,3.99,37364,-1.367338087166705,0.7383765121507333
14701.244,3.99,37364,-1.367338087166705,0.7383765121507333
20189.644,3.99,37364,-1.367338087166705,0.7383765121507333
7544.108,3.99,37364,-1.367338087166705,0.7383765121507333
1843.301,3.99,37364,-1.367338087166705,0.7383765121507333
24205.843,3.99,37364,-1.367338087166705,0.7383765121507333
144564.88,3.99,37364,-1.367338087166705,0.7383765121507333
1201.198,3.99,37364,-1.367338087166705,0.7383765121507333
42945.261,3.99,37364,-1.367338087166705,0.7383765121507333
1308.622,3.99,37364,-1.367338087166705,0.7383765121507333
59497.131,3.99,37364,-1.367338087166705,0.7383765121507333
437069.958,3.99,37364,-1.367338087166705,0.7383765121507333
555431.882,3.99,37364,-1.367338087166705,0.7383765121507333
925203.027,3.99,37364,-1.367338087166705,0.7383765121507333
493644.662,3.99,37364,-1.367338087166705,0.7383765121507333
1078659.701,3.99,37364,-1.367338087166705,0.7383765121507333
204243.9,3.99,37364,-1.367338087166705,0.7383765121507333
26227.371,3.99,37364,-1.367338087166705,0.7383765121507333
24348.669,3.99,37364,-1.367338087166705,0.7383765121507333
2548.883,3.99,37364,-1.367338087166705,0.7383765121507333
3125411.535,3.99,37364,-1.367338087166705,0.7383765121507333
13956.599,3.99,37364,-1.367338087166705,0.7383765121507333
1418.488,3.99,37364,-1.367338087166705,0.7383765121507333
92116.241,3.99,37364,-1.367338087166705,0.7383765121507333
939043.657,3.99,37364,-1.367338087166705,0.7383765121507333
519098.091,3.99,37364,-1.367338087166705,0.7383765121507333
30960.139,3.99,37364,-1.367338087166705,0.7383765121507333
188525.788,3.99,37364,-1.367338087166705,0.7383765121507333
47197.061,3.99,37364,-1.367338087166705,0.7383765121507333
237568.592,3.99,37364,-1.367338087166705,0.7383765121507333
256305.568,3.99,37364,-1.367338087166705,0.7383765121507333
5173.451,3.99,37364,-1.367338087166705,0.7383765121507333
5293037.555,3.99,37364,-1.367338087166705,0.7383765121507333
1277855.884,3.99,37364,-1.367338087166705,0.7383765121507333
756471.367,3.99,37364,-1.367338087166705,0.7383765121507333
4150917.015,3.99,37364,-1.367338087166705,0.7383765121507333
812118.317,3.99,37364,-1.367338087166705,0.7383765121507333
2495772.734,3.99,37364,-1.367338087166705,0.7383765121507333
403420.552,3.99,37364,-1.367338087166705,0.7383765121507333
73746840.618,3.99,37364,-1.367338087166705,0.7383765121507333
1051937.934,3.99,37364,-1.367338087166705,0.7383765121507333
385455.077,3.99,37364,-1.367338087166705,0.7383765121507333
4674442.692,3.99,37364,-1.367338087166705,0.7383765121507333
7142.488,3.99,37364,-1.367338087166705,0.7383765121507333
41039.702,3.99,37364,-1.367338087166705,0.7383765121507333
122303718.674,3.99,37364,-1.367338087166705,0.7383765121507333
29312.155,3.99,37364,-1.367338087166705,0.7383765121507333
3031405.605,3.99,37364,-1.367338087166705,0.7383765121507333
5385399.163,3.99,37364,-1.367338087166705,0.7383765121507333
55468.724,3.99,37364,-1.367338087166705,0.7383765121507333
13801.567,3.99,37364,-1.367338087166705,0.7383765121507333
13518.357,3.99,37364,-1.367338087166705,0.7383765121507333
472532.147,3.99,37364,-1.367338087166705,0.7383765121507333
22158.68,3.99,37364,-1.367338087166705,0.7383765121507333
38907.088,3.99,37364,-1.367338087166705,0.7383765121507333
2148.484,3.99,37364,-1.367338087166705,0.7383765121507333
1845.743,3.99,37364,-1.367338087166705,0.7383765121507333
2544.0,3.99,37364,-1.367338087166705,0.7383765121507333
5788.699,3.99,37364,-1.367338087166705,0.7383765121507333
28875.133,3.99,37364,-1.367338087166705,0.7383765121507333
314330.499,3.99,37364,-1.367338087166705,0.7383765121507333
4406.833,3.99,37364,-1.367338087166705,0.7383765121507333
3455.885,3.99,37364,-1.367338087166705,0.7383765121507333
3939.294,3.99,37364,-1.367338087166705,0.7383765121507333
1533.236,3.99,37364,-1.367338087166705,0.7383765121507333
41200.838,3.99,37364,-1.367338087166705,0.7383765121507333
188097.312,3.99,37364,-1.367338087166705,0.7383765121507333
479699.05,3.99,37364,-1.367338087166705,0.7383765121507333
23914.089,3.99,37364,-1.367338087166705,0.7383765121507333
4930.526,3.99,37364,-1.367338087166705,0.7383765121507333
5482145.631,3.99,37364,-1.367338087166705,0.7383765121507333
3048905.982,3.99,37364,-1.367338087166705,0.7383765121507333
13801.567,3.99,37364,-1.367338087166705,0.7383765121507333
759020.25,3.99,37364,-1.367338087166705,0.7383765121507333
5498474.107,3.99,37364,-1.367338087166705,0.7383765121507333
1058572.598,3.99,37364,-1.367338087166705,0.7383765121507333
4465874.969,3.99,37364,-1.367338087166705,0.7383765121507333
561046.016,3.99,37364,-1.367338087166705,0.7383765121507333
13518.357,3.99,37364,-1.367338087166705,0.7383765121507333
472532.147,3.99,37364,-1.367338087166705,0.7383765121507333
1567349.422,3.99,37364,-1.367338087166705,0.7383765121507333
899289.383,3.99,37364,-1.367338087166705,0.7383765121507333
23467.302,3.99,37364,-1.367338087166705,0.7383765121507333
123448849.533,3.99,37364,-1.367338087166705,0.7383765121507333
124359.367,3.99,37364,-1.367338087166705,0.7383765121507333
3045362.204,3.99,37364,-1.367338087166705,0.7383765121507333
5392074.111,3.99,37364,-1.367338087166705,0.7383765121507333
909975.648,3.99,37364,-1.367338087166705,0.7383765121507333
479699.05,3.99,37364,-1.367338087166705,0.7383765121507333
23914.089,3.99,37364,-1.367338087166705,0.7383765121507333
193456.314,3.99,37364,-1.367338087166705,0.7383765121507333
47197.061,3.99,37364,-1.367338087166705,0.7383765121507333
74182166.154,3.99,37364,-1.367338087166705,0.7383765121507333
5962406.216,3.99,37364,-1.367338087166705,0.7383765121507333
7142.488,3.99,37364,-1.367338087166705,0.7383765121507333
402182.732,3.99,37364,-1.367338087166705,0.7383765121507333
455950.98,3.99,37364,-1.367338087166705,0.7383765121507333
55468.724,3.99,37364,-1.367338087166705,0.7383765121507333
26227.371,3.99,37364,-1.367338087166705,0.7383765121507333
65549.507,3.99,37364,-1.367338087166705,0.7383765121507333
38907.088,3.99,37364,-1.367338087166705,0.7383765121507333
521246.575,3.99,37364,-1.367338087166705,0.7383765121507333
1845.743,3.99,37364,-1.367338087166705,0.7383765121507333
2544.0,3.99,37364,-1.367338087166705,0.7383765121507333
243357.291,3.99,37364,-1.367338087166705,0.7383765121507333
28875.133,3.99,37364,-1.367338087166705,0.7383765121507333
3140370.353,3.99,37364,-1.367338087166705,0.7383765121507333
1201.198,3.99,37364,-1.367338087166705,0.7383765121507333
364819.867,3.99,37364,-1.367338087166705,0.7383765121507333
4406.833,3.99,37364,-1.367338087166705,0.7383765121507333
3455.885,3.99,37364,-1.367338087166705,0.7383765121507333
3939.294,3.99,37364,-1.367338087166705,0.7383765121507333
1533.236,3.99,37364,-1.367338087166705,0.7383765121507333
450777.529,3.99,37364,-1.367338087166705,0.7383765121507333
23960.477,3.99,37364,-1.367338087166705,0.7383765121507333
209303.823,3.99,37364,-1.367338087166705,0.7383765121507333
133574.654,3.99,37364,-1.367338087166705,0.7383765121507333
721878.337,3.99,37364,-1.367338087166705,0.7383765121507333
500710.244,3.99,37364,-1.367338087166705,0.7383765121507333
361143.03,3.99,37364,-1.367338087166705,0.7383765121507333
14958.818,3.99,37364,-1.367338087166705,0.7383765121507333
9792.691,3.99,37364,-1.367338087166705,0.7383765121507333
5642628.822,3.99,37364,-1.367338087166705,0.7383765121507333
4859587.06,3.99,37364,-1.367338087166705,0.7383765121507333
499.278,3.99,37364,-1.367338087166705,0.7383765121507333
400980.314,3.99,37364,-1.367338087166705,0.7383765121507333
340924.089,3.99,37364,-1.367338087166705,0.7383765121507333
40638.082,3.99,37364,-1.367338087166705,0.7383765121507333
1046.165,3.99,37364,-1.367338087166705,0.7383765121507333
146834.216,3.99,37364,-1.367338087166705,0.7383765121507333
2288611.291,3.99,37364,-1.367338087166705,0.7383765121507333
501180.225,3.99,37364,-1.367338087166705,0.7383765121507333
3215183.976,3.99,37364,-1.367338087166705,0.7383765121507333
25093.314,3.99,37364,-1.367338087166705,0.7383765121507333
14673.168,3.99,37364,-1.367338087166705,0.7383765121507333
6146.373,3.99,37364,-1.367338087166705,0.7383765121507333
4965.927,3.99,37364,-1.367338087166705,0.7383765121507333
33085.429,3.99,37364,-1.367338087166705,0.7383765121507333
19408.377,3.99,37364,-1.367338087166705,0.7383765121507333
16341.905,3.99,37364,-1.367338087166705,0.7383765121507333
4965.927,3.99,37364,-1.367338087166705,0.7383765121507333
16341.905,3.99,37364,-1.367338087166705,0.7383765121507333
33085.429,3.99,37364,-1.367338087166705,0.7383765121507333
25093.314,3.99,37364,-1.367338087166705,0.7383765121507333
19408.377,3.99,37364,-1.367338087166705,0.7383765121507333
30612.231,3.99,37364,-1.367338087166705,0.7383765121507333
277512.079,3.99,37364,-1.367338087166705,0.7383765121507333
24730.757,3.99,37364,-1.367338087166705,0.7383765121507333
5034.288,3.99,37364,-1.367338087166705,0.7383765121507333
79644.049,3.99,37364,-1.367338087166705,0.7383765121507333
2364478.403,3.99,37364,-1.367338087166705,0.7383765121507333
63365.622,3.99,37364,-1.367338087166705,0.7383765121507333
2362271.324,3.99,37364,-1.367338087166705,0.7383765121507333
6319.716,3.99,37364,-1.367338087166705,0.7383765121507333
5034.288,3.99,37364,-1.367338087166705,0.7383765121507333
2207.079,3.99,37364,-1.367338087166705,0.7383765121507333
16278.427,3.99,37364,-1.367338087166705,0.7383765121507333
18411.041,3.99,37364,-1.367338087166705,0.7383765121507333
17478.404,3.99,37364,-1.367338087166705,0.7383765121507333
17478.404,3.99,37364,-1.367338087166705,0.7383765121507333
52329.008,3.99,37364,-1.367338087166705,0.7383765121507333
208413.911,3.99,37364,-1.367338087166705,0.7383765121507333
73935.918,3.99,37364,-1.367338087166705,0.7383765121507333
47411.91,3.99,37364,-1.367338087166705,0.7383765121507333
152172.466,3.99,37364,-1.367338087166705,0.7383765121507333
3912.438,3.99,37364,-1.367338087166705,0.7383765121507333
121347.828,3.99,37364,-1.367338087166705,0.7383765121507333
62490.359,3.99,37364,-1.367338087166705,0.7383765121507333
6065.804,3.99,37364,-1.367338087166705,0.7383765121507333
1414.825,3.99,37364,-1.367338087166705,0.7383765121507333
2380.422,3.99,37364,-1.367338087166705,0.7383765121507333
1875222.262,3.99,37364,-1.367338087166705,0.7383765121507333
3615854.225,3.99,37364,-1.367338087166705,0.7383765121507333
601841.572,3.99,37364,-1.367338087166705,0.7383765121507333
18256.008,3.99,37364,-1.367338087166705,0.7383765121507333
143762.861,3.99,37364,-1.367338087166705,0.7383765121507333
301844.878,3.99,37364,-1.367338087166705,0.7383765121507333
644969.942,3.99,37364,-1.367338087166705,0.7383765121507333
3168730.339,3.99,37364,-1.367338087166705,0.7383765121507333
8507.263,3.99,37364,-1.367338087166705,0.7383765121507333
2034.956,3.99,37364,-1.367338087166705,0.7383765121507333
267703.518,3.99,37364,-1.367338087166705,0.7383765121507333
1053605.45,3.99,37364,-1.367338087166705,0.7383765121507333
33081.767,3.99,37364,-1.367338087166705,0.7383765121507333
1158.472,3.99,37364,-1.367338087166705,0.7383765121507333
18256.008,3.99,37364,-1.367338087166705,0.7383765121507333
143762.861,3.99,37364,-1.367338087166705,0.7383765121507333
3089740.601,3.99,37364,-1.367338087166705,0.7383765121507333
7839348.486,3.99,37364,-1.367338087166705,0.7383765121507333
643430.603,3.99,37364,-1.367338087166705,0.7383765121507333
2034.956,3.99,37364,-1.367338087166705,0.7383765121507333
62490.359,3.99,37364,-1.367338087166705,0.7383765121507333
6065.804,3.99,37364,-1.367338087166705,0.7383765121507333
1414.825,3.99,37364,-1.367338087166705,0.7383765121507333
4723.202,3.99,37364,-1.367338087166705,0.7383765121507333
3065.11,3.99,37364,-1.367338087166705,0.7383765121507333
60437910.766,3.99,37364,-1.367338087166705,0.7383765121507333
7809276.721,3.99,37364,-1.367338087166705,0.7383765121507333
2345112180.091,3.99,37364,-1.367338087166705,0.7383765121507333
9310.923,3.99,37364,-1.367338087166705,0.7383765121507333
17492983.598,3.99,37364,-1.367338087166705,0.7383765121507333
19.887,3.99,37364,-1.367338087166705,0.7383765121507333
88823.547,3.99,37364,-1.367338087166705,0.7383765121507333
97996.503,3.99,37364,-1.367338087166705,0.7383765121507333
1317.525,3.99,37364,-1.367338087166705,0.7383765121507333
4176.305,3.99,37364,-1.367338087166705,0.7383765121507333
49717.918,3.99,37364,-1.367338087166705,0.7383765121507333
2231468.201,3.99,37364,-1.367338087166705,0.7383765121507333
76858462.706,3.99,37364,-1.367338087166705,0.7383765121507333
197101545.421,3.99,37364,-1.367338087166705,0.7383765121507333
1112550.29,3.99,37364,-1.367338087166705,0.7383765121507333
137411.626,3.99,37364,-1.367338087166705,0.7383765121507333
1680988.923,3.99,37364,-1.367338087166705,0.7383765121507333
3914386.18,3.99,37364,-1.367338087166705,0.7383765121507333
109957.391,3.99,37364,-1.367338087166705,0.7383765121507333
1044399.453,3.99,37364,-1.367338087166705,0.7383765121507333
48341290.144,3.99,37364,-1.367338087166705,0.7383765121507333
7204146.263,3.99,37364,-1.367338087166705,0.7383765121507333
695701.589,3.99,37364,-1.367338087166705,0.7383765121507333
196685211.301,3.99,37364,-1.367338087166705,0.7383765121507333
3073748.158,3.99,37364,-1.367338087166705,0.7383765121507333
25464.275,3.99,37364,-1.367338087166705,0.7383765121507333
64938696.177,3.99,37364,-1.367338087166705,0.7383765121507333
124232104.191,3.99,37364,-1.367338087166705,0.7383765121507333
21867761.431,3.99,37364,-1.367338087166705,0.7383765121507333
1928047.203,3.99,37364,-1.367338087166705,0.7383765121507333
2670653.92,3.99,37364,-1.367338087166705,0.7383765121507333
1583585.306,3.99,37364,-1.367338087166705,0.7383765121507333
236956485.316,3.99,37364,-1.367338087166705,0.7383765121507333
54362231.984,3.99,37364,-1.367338087166705,0.7383765121507333
21589841.996,3.99,37364,-1.367338087166705,0.7383765121507333
251867.246,3.99,37364,-1.367338087166705,0.7383765121507333
4740164.759,3.99,37364,-1.367338087166705,0.7383765121507333
52142488.511,3.99,37364,-1.367338087166705,0.7383765121507333
444427626.13,3.99,37364,-1.367338087166705,0.7383765121507333
1142562514.687,3.99,37364,-1.367338087166705,0.7383765121507333
97407.346,3.99,37364,-1.367338087166705,0.7383765121507333
181179998.556,3.99,37364,-1.367338087166705,0.7383765121507333
403688951.478,3.99,37364,-1.367338087166705,0.7383765121507333
100701385.283,3.99,37364,-1.367338087166705,0.7383765121507333
4337136.397,3.99,37364,-1.367338087166705,0.7383765121507333
243372915.796,3.99,37364,-1.367338087166705,0.7383765121507333
351546462.968,3.99,37364,-1.367338087166705,0.7383765121507333
1226261.384,3.99,37364,-1.367338087166705,0.7383765121507333
107698.955,3.99,37364,-1.367338087166705,0.7383765121507333
219847.663,3.99,37364,-1.367338087166705,0.7383765121507333
1242.948,3.99,37364,-1.367338087166705,0.7383765121507333
2734.486,3.99,37364,-1.367338087166705,0.7383765121507333
1242.948,3.99,37364,-1.367338087166705,0.7383765121507333
83209.151,3.99,37364,-1.367338087166705,0.7383765121507333
139210.172,3.99,37364,-1.367338087166705,0.7383765121507333
928731946.23,3.99,37364,-1.367338087166705,0.7383765121507333
5052.583,3.99,37364,-1.367338087166705,0.7383765121507333
232684189.786,3.99,37364,-1.367338087166705,0.7383765121507333
13590851.642,3.99,37364,-1.367338087166705,0.7383765121507333
21587269.094,3.99,37364,-1.367338087166705,0.7383765121507333
1117303.323,3.99,37364,-1.367338087166705,0.7383765121507333
7909898.33,3.99,37364,-1.367338087166705,0.7383765121507333
887541625.307,3.99,37364,-1.367338087166705,0.7383765121507333
906498797.873,3.99,37364,-1.367338087166705,0.7383765121507333
21867761.431,3.99,37364,-1.367338087166705,0.7383765121507333
9871002.977,3.99,37364,-1.367338087166705,0.7383765121507333
9864686.315,3.99,37364,-1.367338087166705,0.7383765121507333
42313160.336,3.99,37364,-1.367338087166705,0.7383765121507333
3771.104,3.99,37364,-1.367338087166705,0.7383765121507333
18600.716,3.99,37364,-1.367338087166705,0.7383765121507333
5388011.609,3.99,37364,-1.367338087166705,0.7383765121507333
314589678.729,3.99,37364,-1.367338087166705,0.7383765121507333
21417105.789,3.99,37364,-1.367338087166705,0.7383765121507333
900300.767,3.99,37364,-1.367338087166705,0.7383765121507333
738585486.403,3.99,37364,-1.367338087166705,0.7383765121507333
19624863.08,3.99,37364,-1.367338087166705,0.7383765121507333
68132715.708,3.99,37364,-1.367338087166705,0.7383765121507333
4102368.386,3.99,37364,-1.367338087166705,0.7383765121507333
132422769.549,3.99,37364,-1.367338087166705,0.7383765121507333
2216357.683,3.99,37364,-1.367338087166705,0.7383765121507333
457169.932,3.99,37364,-1.367338087166705,0.7383765121507333
30887.257,3.99,37364,-1.367338087166705,0.7383765121507333
544377.647,3.99,37364,-1.367338087166705,0.7383765121507333
33369784289.796,3.99,37364,-1.367338087166705,0.7383765121507333
834341.248,3.99,37364,-1.367338087166705,0.7383765121507333
1011850034.073,3.99,37364,-1.367338087166705,0.7383765121507333
6584589416.204,3.99,37364,-1.367338087166705,0.7383765121507333
172687.732,3.99,37364,-1.367338087166705,0.7383765121507333
14042642.096,3.99,37364,-1.367338087166705,0.7383765121507333
112331.422,3.99,37364,-1.367338087166705,0.7383765121507333
1162.156,3.99,37364,-1.367338087166705,0.7383765121507333
77000.626,3.99,37364,-1.367338087166705,0.7383765121507333
2361.601,3.99,37364,-1.367338087166705,0.7383765121507333
39586.65,3.99,37364,-1.367338087166705,0.7383765121507333
3626059.541,3.99,37364,-1.367338087166705,0.7383765121507333
41638.757,3.99,37364,-1.367338087166705,0.7383765121507333
339450.331,3.99,37364,-1.367338087166705,0.7383765121507333
1457019.644,3.99,37364,-1.367338087166705,0.7383765121507333
95445.974,3.99,37364,-1.367338087166705,0.7383765121507333
4753880.69,3.99,37364,-1.367338087166705,0.7383765121507333
33514106.754,3.99,37364,-1.367338087166705,0.7383765121507333
6020941.84,3.99,37364,-1.367338087166705,0.7383765121507333
2670653.92,3.99,37364,-1.367338087166705,0.7383765121507333
900300.767,3.99,37364,-1.367338087166705,0.7383765121507333
156897912.634,3.99,37364,-1.367338087166705,0.7383765121507333
7682672.527,3.99,37364,-1.367338087166705,0.7383765121507333
4282745265.117,3.99,37364,-1.367338087166705,0.7383765121507333
319439599.521,3.99,37364,-1.367338087166705,0.7383765121507333
6844798.822,3.99,37364,-1.367338087166705,0.7383765121507333
1164602.464,3.99,37364,-1.367338087166705,0.7383765121507333
5380281.715,3.99,37364,-1.367338087166705,0.7383765121507333
19540843.527,3.99,37364,-1.367338087166705,0.7383765121507333
15265774.979,3.99,37364,-1.367338087166705,0.7383765121507333
1169319.452,3.99,37364,-1.367338087166705,0.7383765121507333
5073.714,3.99,37364,-1.367338087166705,0.7383765121507333
24140613.585,3.99,37364,-1.367338087166705,0.7383765121507333
16868934.23,3.99,37364,-1.367338087166705,0.7383765121507333
1116614565.276,3.99,37364,-1.367338087166705,0.7383765121507333
18755619.854,3.99,37364,-1.367338087166705,0.7383765121507333
26085189.51,3.99,37364,-1.367338087166705,0.7383765121507333
1533373.937,3.99,37364,-1.367338087166705,0.7383765121507333
2356306.166,3.99,37364,-1.367338087166705,0.7383765121507333
9573805.419,3.99,37364,-1.367338087166705,0.7383765121507333
26522410.127,3.99,37364,-1.367338087166705,0.7383765121507333
11556476.456,3.99,37364,-1.367338087166705,0.7383765121507333
136035390.337,3.99,37364,-1.367338087166705,0.7383765121507333
59327528.178,3.99,37364,-1.367338087166705,0.7383765121507333
8146.281,3.99,37364,-1.367338087166705,0.7383765121507333
108380.09,3.99,37364,-1.367338087166705,0.7383765121507333
6276.887,3.99,37364,-1.367338087166705,0.7383765121507333
196853525.099,3.99,37364,-1.367338087166705,0.7383765121507333
3903035.579,3.99,37364,-1.367338087166705,0.7383765121507333
38620.879,3.99,37364,-1.367338087166705,0.7383765121507333
37563086.796,3.99,37364,-1.367338087166705,0.7383765121507333
396435713.742,3.99,37364,-1.367338087166705,0.7383765121507333
1051750874.794,3.99,37364,-1.367338087166705,0.7383765121507333
3373.361,3.99,37364,-1.367338087166705,0.7383765121507333
1242.948,3.99,37364,-1.367338087166705,0.7383765121507333
1677979.746,3.99,37364,-1.367338087166705,0.7383765121507333
63274.752,3.99,37364,-1.367338087166705,0.7383765121507333
9356.912,3.99,37364,-1.367338087166705,0.7383765121507333
37288.439,3.99,37364,-1.367338087166705,0.7383765121507333
192129.924,3.99,37364,-1.367338087166705,0.7383765121507333
1881.823,3.99,37364,-1.367338087166705,0.7383765121507333
12927.902,3.99,37364,-1.367338087166705,0.7383765121507333
110884.63,3.99,37364,-1.367338087166705,0.7383765121507333
33193058.267,3.99,37364,-1.367338087166705,0.7383765121507333
355065.486,3.99,37364,-1.367338087166705,0.7383765121507333
108380.09,3.99,37364,-1.367338087166705,0.7383765121507333
957808475.205,3.99,37364,-1.367338087166705,0.7383765121507333
1928047.203,3.99,37364,-1.367338087166705,0.7383765121507333
24915870.058,3.99,37364,-1.367338087166705,0.7383765121507333
21168431.677,3.99,37364,-1.367338087166705,0.7383765121507333
1583585.306,3.99,37364,-1.367338087166705,0.7383765121507333
2277416.259,3.99,37364,-1.367338087166705,0.7383765121507333
1407825.007,3.99,37364,-1.367338087166705,0.7383765121507333
1652143.83,3.99,37364,-1.367338087166705,0.7383765121507333
2572.902,3.99,37364,-1.367338087166705,0.7383765121507333
3924375.752,3.99,37364,-1.367338087166705,0.7383765121507333
17377115.989,3.99,37364,-1.367338087166705,0.7383765121507333
9915647.182,3.99,37364,-1.367338087166705,0.7383765121507333
184189.972,3.99,37364,-1.367338087166705,0.7383765121507333
19838999.398,3.99,37364,-1.367338087166705,0.7383765121507333
40191034.267,3.99,37364,-1.367338087166705,0.7383765121507333
173407.399,3.99,37364,-1.367338087166705,0.7383765121507333
35614243.831,3.99,37364,-1.367338087166705,0.7383765121507333
268095701.346,3.99,37364,-1.367338087166705,0.7383765121507333
113249168.67,3.99,37364,-1.367338087166705,0.7383765121507333
422506.599,3.99,37364,-1.367338087166705,0.7383765121507333
15389700.62,3.99,37364,-1.367338087166705,0.7383765121507333
607078.157,3.99,37364,-1.367338087166705,0.7383765121507333
40022.924,3.99,37364,-1.367338087166705,0.7383765121507333
74632.81,3.99,37364,-1.367338087166705,0.7383765121507333
19.887,3.99,37364,-1.367338087166705,0.7383765121507333
166360131.157,3.99,37364,-1.367338087166705,0.7383765121507333
200958.583,3.99,37364,-1.367338087166705,0.7383765121507333
2440483206.664,3.99,37364,-1.367338087166705,0.7383765121507333
834341.248,3.99,37364,-1.367338087166705,0.7383765121507333
172995873.589,3.99,37364,-1.367338087166705,0.7383765121507333
276588942.498,3.99,37364,-1.367338087166705,0.7383765121507333
33920671.302,3.99,37364,-1.367338087166705,0.7383765121507333
5280627.12,3.99,37364,-1.367338087166705,0.7383765121507333
4295144817.016,3.99,37364,-1.367338087166705,0.7383765121507333
131252900.715,3.99,37364,-1.367338087166705,0.7383765121507333
16910321.911,3.99,37364,-1.367338087166705,0.7383765121507333
50960.866,3.99,37364,-1.367338087166705,0.7383765121507333
3626059.541,3.99,37364,-1.367338087166705,0.7383765121507333
16868934.23,3.99,37364,-1.367338087166705,0.7383765121507333
11988301.436,3.99,37364,-1.367338087166705,0.7383765121507333
4691786.738,3.99,37364,-1.367338087166705,0.7383765121507333
397697128.18,3.99,37364,-1.367338087166705,0.7383765121507333
1792725868.989,3.99,37364,-1.367338087166705,0.7383765121507333
40189152.443,3.99,37364,-1.367338087166705,0.7383765121507333
86384.883,3.99,37364,-1.367338087166705,0.7383765121507333
73955.404,3.99,37364,-1.367338087166705,0.7383765121507333
167387.802,3.99,37364,-1.367338087166705,0.7383765121507333
235071.29,3.99,37364,-1.367338087166705,0.7383765121507333
691918.056,3.99,37364,-1.367338087166705,0.7383765121507333
19624863.08,3.99,37364,-1.367338087166705,0.7383765121507333
51751435.952,3.99,37364,-1.367338087166705,0.7383765121507333
2920249.056,3.99,37364,-1.367338087166705,0.7383765121507333
422103.884,3.99,37364,-1.367338087166705,0.7383765121507333
5283853.813,3.99,37364,-1.367338087166705,0.7383765121507333
239297.313,3.99,37364,-1.367338087166705,0.7383765121507333
106869641.315,3.99,37364,-1.367338087166705,0.7383765121507333
7838815.379,3.99,37364,-1.367338087166705,0.7383765121507333
86384.883,3.99,37364,-1.367338087166705,0.7383765121507333
242202783.456,3.99,37364,-1.367338087166705,0.7383765121507333
2460790.857,3.99,37364,-1.367338087166705,0.7383765121507333
1117303.323,3.99,37364,-1.367338087166705,0.7383765121507333
464852783.627,3.99,37364,-1.367338087166705,0.7383765121507333
236783377.468,3.99,37364,-1.367338087166705,0.7383765121507333
23236704.54,3.99,37364,-1.367338087166705,0.7383765121507333
42313160.336,3.99,37364,-1.367338087166705,0.7383765121507333
2921492.004,3.99,37364,-1.367338087166705,0.7383765121507333
4095552.06,3.99,37364,-1.367338087166705,0.7383765121507333
1004272.121,3.99,37364,-1.367338087166705,0.7383765121507333
65694.771,3.99,37364,-1.367338087166705,0.7383765121507333
339450.331,3.99,37364,-1.367338087166705,0.7383765121507333
5918.918,3.99,37364,-1.367338087166705,0.7383765121507333
303056.815,3.99,37364,-1.367338087166705,0.7383765121507333
1028807923.603,3.99,37364,-1.367338087166705,0.7383765121507333
3906806.683,3.99,37364,-1.367338087166705,0.7383765121507333
2440319495.502,3.99,37364,-1.367338087166705,0.7383765121507333
1224.304,3.99,37364,-1.367338087166705,0.7383765121507333
1558.657,3.99,37364,-1.367338087166705,0.7383765121507333
63274.752,3.99,37364,-1.367338087166705,0.7383765121507333
139210.172,3.99,37364,-1.367338087166705,0.7383765121507333
192129.924,3.99,37364,-1.367338087166705,0.7383765121507333
60172.354,3.99,37364,-1.367338087166705,0.7383765121507333
772634040.893,3.99,37364,-1.367338087166705,0.7383765121507333
108462778.676,3.99,37364,-1.367338087166705,0.7383765121507333
1887763305.73,3.99,37364,-1.367338087166705,0.7383765121507333
76135989.261,3.99,37364,-1.367338087166705,0.7383765121507333
116863781.903,3.99,37364,-1.367338087166705,0.7383765121507333
184189.972,3.99,37364,-1.367338087166705,0.7383765121507333
2414563.137,3.99,37364,-1.367338087166705,0.7383765121507333
2925645.936,3.99,37364,-1.367338087166705,0.7383765121507333
221937793.476,3.99,37364,-1.367338087166705,0.7383765121507333
9370045.231,3.99,37364,-1.367338087166705,0.7383765121507333
2523092.381,3.99,37364,-1.367338087166705,0.7383765121507333
12779650.357,3.99,37364,-1.367338087166705,0.7383765121507333
127668888.86,3.99,37364,-1.367338087166705,0.7383765121507333
2474171.192,3.99,37364,-1.367338087166705,0.7383765121507333
514175.254,3.99,37364,-1.367338087166705,0.7383765121507333
66100884.837,3.99,37364,-1.367338087166705,0.7383765121507333
19838999.398,3.99,37364,-1.367338087166705,0.7383765121507333
29538.658,3.99,37364,-1.367338087166705,0.7383765121507333
86195.955,3.99,37364,-1.367338087166705,0.7383765121507333
13611.523,3.99,37364,-1.367338087166705,0.7383765121507333
4272295.531,3.99,37364,-1.367338087166705,0.7383765121507333
1044399.453,3.99,37364,-1.367338087166705,0.7383765121507333
6033459.569,3.99,37364,-1.367338087166705,0.7383765121507333
2277416.259,3.99,37364,-1.367338087166705,0.7383765121507333
2474171.192,3.99,37364,-1.367338087166705,0.7383765121507333
82329186.287,3.99,37364,-1.367338087166705,0.7383765121507333
3098433.104,3.99,37364,-1.367338087166705,0.7383765121507333
1164602.464,3.99,37364,-1.367338087166705,0.7383765121507333
22014163.299,3.99,37364,-1.367338087166705,0.7383765121507333
12783023.718,3.99,37364,-1.367338087166705,0.7383765121507333
2523092.381,3.99,37364,-1.367338087166705,0.7383765121507333
1114955.394,3.99,37364,-1.367338087166705,0.7383765121507333
439654272.175,3.99,37364,-1.367338087166705,0.7383765121507333
2510.755,3.99,37364,-1.367338087166705,0.7383765121507333
241351.906,3.99,37364,-1.367338087166705,0.7383765121507333
39341.789,3.99,37364,-1.367338087166705,0.7383765121507333
2208.719,3.99,37364,-1.367338087166705,0.7383765121507333
87910226.471,3.99,37364,-1.367338087166705,0.7383765121507333
1759013673.619,3.99,37364,-1.367338087166705,0.7383765121507333
59823.085,3.99,37364,-1.367338087166705,0.7383765121507333
650753181.583,3.99,37364,-1.367338087166705,0.7383765121507333
132549406.059,3.99,37364,-1.367338087166705,0.7383765121507333
195842170.661,3.99,37364,-1.367338087166705,0.7383765121507333
820689359.785,3.99,37364,-1.367338087166705,0.7383765121507333
40333.661,3.99,37364,-1.367338087166705,0.7383765121507333
49717.918,3.99,37364,-1.367338087166705,0.7383765121507333
21759.047,3.99,37364,-1.367338087166705,0.7383765121507333
13050.954,3.99,37364,-1.367338087166705,0.7383765121507333
3456.638,3.99,37364,-1.367338087166705,0.7383765121507333
9686.293,3.99,37364,-1.367338087166705,0.7383765121507333
65694.771,3.99,37364,-1.367338087166705,0.7383765121507333
30383.863,3.99,37364,-1.367338087166705,0.7383765121507333
4847.497,3.99,37364,-1.367338087166705,0.7383765121507333
14027662.087,3.99,37364,-1.367338087166705,0.7383765121507333
1809026.235,3.99,37364,-1.367338087166705,0.7383765121507333
21412797.732,3.99,37364,-1.367338087166705,0.7383765121507333
49756.45,3.99,37364,-1.367338087166705,0.7383765121507333
95025674.725,3.99,37364,-1.367338087166705,0.7383765121507333
2044838.322,3.99,37364,-1.367338087166705,0.7383765121507333
4078307.4,3.99,37364,-1.367338087166705,0.7383765121507333
2356306.166,3.99,37364,-1.367338087166705,0.7383765121507333
33416512.966,3.99,37364,-1.367338087166705,0.7383765121507333
9573805.419,3.99,37364,-1.367338087166705,0.7383765121507333
3034515.748,3.99,37364,-1.367338087166705,0.7383765121507333
63213255.706,3.99,37364,-1.367338087166705,0.7383765121507333
6033459.569,3.99,37364,-1.367338087166705,0.7383765121507333
31421529.286,3.99,37364,-1.367338087166705,0.7383765121507333
5379769.621,3.99,37364,-1.367338087166705,0.7383765121507333
17825806.53,3.99,37364,-1.367338087166705,0.7383765121507333
792205.312,3.99,37364,-1.367338087166705,0.7383765121507333
8649.675,3.99,37364,-1.367338087166705,0.7383765121507333
1428095.002,3.99,37364,-1.367338087166705,0.7383765121507333
203765705.373,3.99,37364,-1.367338087166705,0.7383765121507333
15152532.477,3.99,37364,-1.367338087166705,0.7383765121507333
200304434.629,3.99,37364,-1.367338087166705,0.7383765121507333
1407825.007,3.99,37364,-1.367338087166705,0.7383765121507333
416324.176,3.99,37364,-1.367338087166705,0.7383765121507333
691918.056,3.99,37364,-1.367338087166705,0.7383765121507333
545959.92,3.99,37364,-1.367338087166705,0.7383765121507333
2253227.248,3.99,37364,-1.367338087166705,0.7383765121507333
54689.71,3.99,37364,-1.367338087166705,0.7383765121507333
30887.257,3.99,37364,-1.367338087166705,0.7383765121507333
99648932.77,3.99,37364,-1.367338087166705,0.7383765121507333
602133.71,3.99,37364,-1.367338087166705,0.7383765121507333
52353569.662,3.99,37364,-1.367338087166705,0.7383765121507333
3207203.48,3.99,37364,-1.367338087166705,0.7383765121507333
732681923.597,3.99,37364,-1.367338087166705,0.7383765121507333
25550.038,3.99,37364,-1.367338087166705,0.7383765121507333
397743.347,3.99,37364,-1.367338087166705,0.7383765121507333
1864421.94,3.99,37364,-1.367338087166705,0.7383765121507333
37288.439,3.99,37364,-1.367338087166705,0.7383765121507333
13113.101,3.99,37364,-1.367338087166705,0.7383765121507333
21130.115,3.99,37364,-1.367338087166705,0.7383765121507333
484167341.021,3.99,37364,-1.367338087166705,0.7383765121507333
6054234.201,3.99,37364,-1.367338087166705,0.7383765121507333
1103807.394,3.99,37364,-1.367338087166705,0.7383765121507333
51084813.131,3.99,37364,-1.367338087166705,0.7383765121507333
15278815.989,3.99,37364,-1.367338087166705,0.7383765121507333
41608534.38,3.99,37364,-1.367338087166705,0.7383765121507333
470611.171,3.99,37364,-1.367338087166705,0.7383765121507333
1533373.937,3.99,37364,-1.367338087166705,0.7383765121507333
1760056.572,3.99,37364,-1.367338087166705,0.7383765121507333
2407074.375,3.99,37364,-1.367338087166705,0.7383765121507333
41957143.995,3.99,37364,-1.367338087166705,0.7383765121507333
534856.666,3.99,37364,-1.367338087166705,0.7383765121507333
2044838.322,3.99,37364,-1.367338087166705,0.7383765121507333
126545200.514,3.99,37364,-1.367338087166705,0.7383765121507333
1735500.892,3.99,37364,-1.367338087166705,0.7383765121507333
56368666.943,3.99,37364,-1.367338087166705,0.7383765121507333
43187028.572,3.99,37364,-1.367338087166705,0.7383765121507333
695701.589,3.99,37364,-1.367338087166705,0.7383765121507333
63943549.78,3.99,37364,-1.367338087166705,0.7383765121507333
6846004.481,3.99,37364,-1.367338087166705,0.7383765121507333
2925645.936,3.99,37364,-1.367338087166705,0.7383765121507333
29127767.019,3.99,37364,-1.367338087166705,0.7383765121507333
3438036.318,3.99,37364,-1.367338087166705,0.7383765121507333
36935.442,3.99,37364,-1.367338087166705,0.7383765121507333
831159.301,3.99,37364,-1.367338087166705,0.7383765121507333
309677.998,3.99,37364,-1.367338087166705,0.7383765121507333
146135668.738,3.99,37364,-1.367338087166705,0.7383765121507333
3117848121.587,3.99,37364,-1.367338087166705,0.7383765121507333
6714506953.292,3.99,37364,-1.367338087166705,0.7383765121507333
9322.11,3.99,37364,-1.367338087166705,0.7383765121507333
40333.661,3.99,37364,-1.367338087166705,0.7383765121507333
3722.629,3.99,37364,-1.367338087166705,0.7383765121507333
3722.629,3.99,37364,-1.367338087166705,0.7383765121507333
4293.142,3.99,37364,-1.367338087166705,0.7383765121507333
2337753.924,3.99,37364,-1.367338087166705,0.7383765121507333
4293.142,3.99,37364,-1.367338087166705,0.7383765121507333
132093026.642,3.99,37364,-1.367338087166705,0.7383765121507333
40181403.906,3.99,37364,-1.367338087166705,0.7383765121507333
7354987.942,3.99,37364,-1.367338087166705,0.7383765121507333
18754334.646,3.99,37364,-1.367338087166705,0.7383765121507333
124227051.607,3.99,37364,-1.367338087166705,0.7383765121507333
194924665.008,3.99,37364,-1.367338087166705,0.7383765121507333
28720701.562,3.99,37364,-1.367338087166705,0.7383765121507333
26153965.549,3.99,37364,-1.367338087166705,0.7383765121507333
173407.399,3.99,37364,-1.367338087166705,0.7383765121507333
72680871.109,3.99,37364,-1.367338087166705,0.7383765121507333
19162179.431,3.99,37364,-1.367338087166705,0.7383765121507333
21454758.412,3.99,37364,-1.367338087166705,0.7383765121507333
5847923.484,3.99,37364,-1.367338087166705,0.7383765121507333
60954350.672,3.99,37364,-1.367338087166705,0.7383765121507333
25593596.134,3.99,37364,-1.367338087166705,0.7383765121507333
3815.85,3.99,37364,-1.367338087166705,0.7383765121507333
8525050.676,3.99,37364,-1.367338087166705,0.7383765121507333
72706421.148,3.99,37364,-1.367338087166705,0.7383765121507333
1029182.041,3.99,37364,-1.367338087166705,0.7383765121507333
10056524.146,3.99,37364,-1.367338087166705,0.7383765121507333
41697357.927,3.99,37364,-1.367338087166705,0.7383765121507333
234879958.036,3.99,37364,-1.367338087166705,0.7383765121507333
73955.404,3.99,37364,-1.367338087166705,0.7383765121507333
4691786.738,3.99,37364,-1.367338087166705,0.7383765121507333
16188083.383,3.99,37364,-1.367338087166705,0.7383765121507333
12229653.342,3.99,37364,-1.367338087166705,0.7383765121507333
470611.171,3.99,37364,-1.367338087166705,0.7383765121507333
6741.75,3.99,37364,-1.367338087166705,0.7383765121507333
100737214.501,3.99,37364,-1.367338087166705,0.7383765121507333
1296505.345,3.99,37364,-1.367338087166705,0.7383765121507333
2617512580.622,3.99,37364,-1.367338087166705,0.7383765121507333
691567.544,3.99,37364,-1.367338087166705,0.7383765121507333
510565171.717,3.99,37364,-1.367338087166705,0.7383765121507333
3456.638,3.99,37364,-1.367338087166705,0.7383765121507333
1122.382,3.99,37364,-1.367338087166705,0.7383765121507333
4139.017,3.99,37364,-1.367338087166705,0.7383765121507333
61258.69,3.99,37364,-1.367338087166705,0.7383765121507333
2734.486,3.99,37364,-1.367338087166705,0.7383765121507333
3722.629,3.99,37364,-1.367338087166705,0.7383765121507333
6960.509,3.99,37364,-1.367338087166705,0.7383765121507333
2687.253,3.99,37364,-1.367338087166705,0.7383765121507333
94953132.553,3.99,37364,-1.367338087166705,0.7383765121507333
20253027.849,3.99,37364,-1.367338087166705,0.7383765121507333
211069666.572,3.99,37364,-1.367338087166705,0.7383765121507333
7059382.6,3.99,37364,-1.367338087166705,0.7383765121507333
34082591.376,3.99,37364,-1.367338087166705,0.7383765121507333
1428095.002,3.99,37364,-1.367338087166705,0.7383765121507333
3970037.932,3.99,37364,-1.367338087166705,0.7383765121507333
259321394.858,3.99,37364,-1.367338087166705,0.7383765121507333
10056524.146,3.99,37364,-1.367338087166705,0.7383765121507333
63744243.075,3.99,37364,-1.367338087166705,0.7383765121507333
227362930.697,3.99,37364,-1.367338087166705,0.7383765121507333
11981942.515,3.99,37364,-1.367338087166705,0.7383765121507333
5357308.308,3.99,37364,-1.367338087166705,0.7383765121507333
1034666937.912,3.99,37364,-1.367338087166705,0.7383765121507333
36078941.055,3.99,37364,-1.367338087166705,0.7383765121507333
457169.932,3.99,37364,-1.367338087166705,0.7383765121507333
1659104.338,3.99,37364,-1.367338087166705,0.7383765121507333
5380281.715,3.99,37364,-1.367338087166705,0.7383765121507333
27966.329,3.99,37364,-1.367338087166705,0.7383765121507333
49756.45,3.99,37364,-1.367338087166705,0.7383765121507333
45181.158,3.99,37364,-1.367338087166705,0.7383765121507333
47232.022,3.99,37364,-1.367338087166705,0.7383765121507333
10908.111,3.99,37364,-1.367338087166705,0.7383765121507333
644467197.249,3.99,37364,-1.367338087166705,0.7383765121507333
77000.626,3.99,37364,-1.367338087166705,0.7383765121507333
2361.601,3.99,37364,-1.367338087166705,0.7383765121507333
368444.578,3.99,37364,-1.367338087166705,0.7383765121507333
67063411.307,3.99,37364,-1.367338087166705,0.7383765121507333
1114955.394,3.99,37364,-1.367338087166705,0.7383765121507333
64938696.177,3.99,37364,-1.367338087166705,0.7383765121507333
733197474.795,3.99,37364,-1.367338087166705,0.7383765121507333
106869641.315,3.99,37364,-1.367338087166705,0.7383765121507333
118372119.14,3.99,37364,-1.367338087166705,0.7383765121507333
27966.329,3.99,37364,-1.367338087166705,0.7383765121507333
22014163.299,3.99,37364,-1.367338087166705,0.7383765121507333
23227018.246,3.99,37364,-1.367338087166705,0.7383765121507333
253687671.082,3.99,37364,-1.367338087166705,0.7383765121507333
41950412.189,3.99,37364,-1.367338087166705,0.7383765121507333
222898015.521,3.99,37364,-1.367338087166705,0.7383765121507333
236443342.952,3.99,37364,-1.367338087166705,0.7383765121507333
28391141.368,3.99,37364,-1.367338087166705,0.7383765121507333
14906786.75,3.99,37364,-1.367338087166705,0.7383765121507333
4308.058,3.99,37364,-1.367338087166705,0.7383765121507333
71376.287,3.99,37364,-1.367338087166705,0.7383765121507333
167387.802,3.99,37364,-1.367338087166705,0.7383765121507333
4078307.4,3.99,37364,-1.367338087166705,0.7383765121507333
143965715.274,3.99,37364,-1.367338087166705,0.7383765121507333
28391141.368,3.99,37364,-1.367338087166705,0.7383765121507333
34295493.446,3.99,37364,-1.367338087166705,0.7383765121507333
5834459.872,3.99,37364,-1.367338087166705,0.7383765121507333
109957.391,3.99,37364,-1.367338087166705,0.7383765121507333
43040953.599,3.99,37364,-1.367338087166705,0.7383765121507333
11013.762,3.99,37364,-1.367338087166705,0.7383765121507333
280890.081,3.99,37364,-1.367338087166705,0.7383765121507333
4226.023,3.99,37364,-1.367338087166705,0.7383765121507333
47232.022,3.99,37364,-1.367338087166705,0.7383765121507333
19961.744,3.99,37364,-1.367338087166705,0.7383765121507333
818808.127,3.99,37364,-1.367338087166705,0.7383765121507333
1710009.272,3.99,37364,-1.367338087166705,0.7383765121507333
54689.71,3.99,37364,-1.367338087166705,0.7383765121507333
39341.789,3.99,37364,-1.367338087166705,0.7383765121507333
36953034426.369,3.99,37364,-1.367338087166705,0.7383765121507333
362921606.989,3.99,37364,-1.367338087166705,0.7383765121507333
170588799.214,3.99,37364,-1.367338087166705,0.7383765121507333
1226261.384,3.99,37364,-1.367338087166705,0.7383765121507333
8485165.719,3.99,37364,-1.367338087166705,0.7383765121507333
704680.645,3.99,37364,-1.367338087166705,0.7383765121507333
2717179473.99,3.99,37364,-1.367338087166705,0.7383765121507333
17068863.652,3.99,37364,-1.367338087166705,0.7383765121507333
3480.254,3.99,37364,-1.367338087166705,0.7383765121507333
30321.715,3.99,37364,-1.367338087166705,0.7383765121507333
1285.208,3.99,37364,-1.367338087166705,0.7383765121507333
1205.66,3.99,37364,-1.367338087166705,0.7383765121507333
13050.954,3.99,37364,-1.367338087166705,0.7383765121507333
1645886.83,3.99,37364,-1.367338087166705,0.7383765121507333
12918557.249,3.99,37364,-1.367338087166705,0.7383765121507333
967792419.892,3.99,37364,-1.367338087166705,0.7383765121507333
4098888.132,3.99,37364,-1.367338087166705,0.7383765121507333
23495262.575,3.99,37364,-1.367338087166705,0.7383765121507333
15653226.717,3.99,37364,-1.367338087166705,0.7383765121507333
251867.246,3.99,37364,-1.367338087166705,0.7383765121507333
259462951.715,3.99,37364,-1.367338087166705,0.7383765121507333
1734338.735,3.99,37364,-1.367338087166705,0.7383765121507333
5355990.783,3.99,37364,-1.367338087166705,0.7383765121507333
2460790.857,3.99,37364,-1.367338087166705,0.7383765121507333
111436003.418,3.99,37364,-1.367338087166705,0.7383765121507333
24140613.585,3.99,37364,-1.367338087166705,0.7383765121507333
422506.599,3.99,37364,-1.367338087166705,0.7383765121507333
545959.92,3.99,37364,-1.367338087166705,0.7383765121507333
37339105.088,3.99,37364,-1.367338087166705,0.7383765121507333
1039335.683,3.99,37364,-1.367338087166705,0.7383765121507333
55264664.407,3.99,37364,-1.367338087166705,0.7383765121507333
199306.705,3.99,37364,-1.367338087166705,0.7383765121507333
1163.399,3.99,37364,-1.367338087166705,0.7383765121507333
7948386.213,3.99,37364,-1.367338087166705,0.7383765121507333
27690.395,3.99,37364,-1.367338087166705,0.7383765121507333
2060.808,3.99,37364,-1.367338087166705,0.7383765121507333
3945000974.82,4.03,8295,-0.9530812893034718,1.1840024110910186
4900986708.362,4.03,8295,-0.9530812893034718,1.1840024110910186
4499275135.021,4.03,8295,-0.9530812893034718,1.1840024110910186
4544348074.312,4.03,8295,-0.9530812893034718,1.1840024110910186
1823701492.553,4.03,8295,-0.9530812893034718,1.1840024110910186
1696891895.444,4.03,8295,-0.9530812893034718,1.1840024110910186
1585203332.569,4.03,8295,-0.9530812893034718,1.1840024110910186
1624558470.9,4.03,8295,-0.9530812893034718,1.1840024110910186
1476582210.929,4.03,8295,-0.9530812893034718,1.1840024110910186
9148787431.762,4.03,8295,-0.9530812893034718,1.1840024110910186
8948661915.825,4.03,8295,-0.9530812893034718,1.1840024110910186
10253644701.621,4.03,8295,-0.9530812893034718,1.1840024110910186
9209345462.525,4.03,8295,-0.9530812893034718,1.1840024110910186
99131612855.779,4.03,8295,-0.9530812893034718,1.1840024110910186
98012664277.096,4.03,8295,-0.9530812893034718,1.1840024110910186
80962000895.831,4.03,8295,-0.9530812893034718,1.1840024110910186
85544977953.198,4.03,8295,-0.9530812893034718,1.1840024110910186
803803224.0,3.61,4518,-1.0414697020942933,1.6583886675520143
940885324.0,3.61,4518,-1.0414697020942933,1.6583886675520143
865413439.0,3.61,4518,-1.0414697020942933,1.6583886675520143
6012482891.0,3.61,4518,-1.0414697020942933,1.6583886675520143
1049929917.0,3.61,4518,-1.0414697020942933,1.6583886675520143
6014560228.0,3.61,4518,-1.0414697020942933,1.6583886675520143
4855280328.0,3.61,4518,-1.0414697020942933,1.6583886675520143
5042955017.0,3.61,4518,-1.0414697020942933,1.6583886675520143
4583602231.0,3.61,4518,-1.0414697020942933,1.6583886675520143
38248045958.0,3.61,4518,-1.0414697020942933,1.6583886675520143
44317180103.0,3.61,4518,-1.0414697020942933,1.6583886675520143
51680333532.0,3.61,4518,-1.0414697020942933,1.6583886675520143
48711284.587,3.22,4444,-1.3393792342425965,1.1086858685868586
185094853.336,3.22,4444,-1.3393792342425965,1.1086858685868586
110030050.472,3.22,4444,-1.3393792342425965,1.1086858685868586
26353518.277,3.22,4444,-1.3393792342425965,1.1086858685868586
62973470.555,3.22,4444,-1.3393792342425965,1.1086858685868586
24315343.735,3.22,4444,-1.3393792342425965,1.1086858685868586
114265302.082,3.22,4444,-1.3393792342425965,1.1086858685868586
201554116.373,3.22,4444,-1.3393792342425965,1.1086858685868586
37052760.298,3.22,4444,-1.3393792342425965,1.1086858685868586
96786102.818,3.22,4444,-1.3393792342425965,1.1086858685868586
158702460.622,3.22,4444,-1.3393792342425965,1.1086858685868586
292541323.737,3.22,4444,-1.3393792342425965,1.1086858685868586
88284602.625,3.22,4444,-1.3393792342425965,1.1086858685868586
36391387.299,3.22,4444,-1.3393792342425965,1.1086858685868586
141739695.166,3.22,4444,-1.3393792342425965,1.1086858685868586
456771466.571,3.22,4444,-1.3393792342425965,1.1086858685868586
6983454892.81,3.22,4444,-1.3393792342425965,1.1086858685868586
1922784522.158,3.22,4444,-1.3393792342425965,1.1086858685868586
9363010881.539,3.22,4444,-1.3393792342425965,1.1086858685868586
911367502.22,3.22,4444,-1.3393792342425965,1.1086858685868586
3600279084.412,3.22,4444,-1.3393792342425965,1.1086858685868586
460607431.451,3.22,4444,-1.3393792342425965,1.1086858685868586
4972254018.084,3.22,4444,-1.3393792342425965,1.1086858685868586
1030436542.83,3.22,4444,-1.3393792342425965,1.1086858685868586
4816433134.076,3.22,4444,-1.3393792342425965,1.1086858685868586
448586085.577,3.22,4444,-1.3393792342425965,1.1086858685868586
6295455762.483,3.22,4444,-1.3393792342425965,1.1086858685868586
7433344884.811,3.22,4444,-1.3393792342425965,1.1086858685868586
5470233844.872,3.22,4444,-1.3393792342425965,1.1086858685868586
820919658.657,3.22,4444,-1.3393792342425965,1.1086858685868586
1142191381.283,3.22,4444,-1.3393792342425965,1.1086858685868586
1053297787.211,3.22,4444,-1.3393792342425965,1.1086858685868586
4315559129.53,3.22,4444,-1.3393792342425965,1.1086858685868586
1070670511.656,3.22,4444,-1.3393792342425965,1.1086858685868586
2419747751.675,3.22,4444,-1.3393792342425965,1.1086858685868586
1505667741.143,3.22,4444,-1.3393792342425965,1.1086858685868586
4850621772.584,3.22,4444,-1.3393792342425965,1.1086858685868586
8776037265.401,3.22,4444,-1.3393792342425965,1.1086858685868586
2993919539.811,3.22,4444,-1.3393792342425965,1.1086858685868586
1469355403.497,3.22,4444,-1.3393792342425965,1.1086858685868586
8725765099.268,3.22,4444,-1.3393792342425965,1.1086858685868586
4262490155.961,3.22,4444,-1.3393792342425965,1.1086858685868586
2367849344.708,3.22,4444,-1.3393792342425965,1.1086858685868586
1211143633.686,3.22,4444,-1.3393792342425965,1.1086858685868586
4031640946.313,3.22,4444,-1.3393792342425965,1.1086858685868586
7610633924.708,3.22,4444,-1.3393792342425965,1.1086858685868586
4321276176.193,3.22,4444,-1.3393792342425965,1.1086858685868586
9449970045.805,3.22,4444,-1.3393792342425965,1.1086858685868586
3515877957.584,3.22,4444,-1.3393792342425965,1.1086858685868586
1612815912.029,3.22,4444,-1.3393792342425965,1.1086858685868586
10227791402.919,3.22,4444,-1.3393792342425965,1.1086858685868586
4419931385.248,3.22,4444,-1.3393792342425965,1.1086858685868586
4247200750.776,3.22,4444,-1.3393792342425965,1.1086858685868586
323298111.608,3.22,4444,-1.3393792342425965,1.1086858685868586
1069669.58,3.22,4444,-1.3393792342425965,1.1086858685868586
250679807.296,3.22,4444,-1.3393792342425965,1.1086858685868586
71548634.732,3.22,4444,-1.3393792342425965,1.1086858685868586
4781293.241,3.22,4444,-1.3393792342425965,1.1086858685868586
712955.58,3.22,4444,-1.3393792342425965,1.1086858685868586
503903978.68,3.22,4444,-1.3393792342425965,1.1086858685868586
509398227.5,3.22,4444,-1.3393792342425965,1.1086858685868586
420714815.507,3.22,4444,-1.3393792342425965,1.1086858685868586
1287839.235,3.22,4444,-1.3393792342425965,1.1086858685868586
929383.211,3.22,4444,-1.3393792342425965,1.1086858685868586
79557399.53,3.41,2507,-1.3247076554312947,1.110211408057439
207559378.93,3.41,2507,-1.3247076554312947,1.110211408057439
171.6,3.41,2507,-1.3247076554312947,1.110211408057439
2431536.42,3.41,2507,-1.3247076554312947,1.110211408057439
884.9,3.41,2507,-1.3247076554312947,1.110211408057439
98539441.96,3.41,2507,-1.3247076554312947,1.110211408057439
388088813.34,3.41,2507,-1.3247076554312947,1.110211408057439
10.021,3.41,2507,-1.3247076554312947,1.110211408057439
33502491.224,3.41,2507,-1.3247076554312947,1.110211408057439
19777680.866,3.41,2507,-1.3247076554312947,1.110211408057439
15.835,3.41,2507,-1.3247076554312947,1.110211408057439
16640.887,3.41,2507,-1.3247076554312947,1.110211408057439
69760.051,3.41,2507,-1.3247076554312947,1.110211408057439
76682.069,3.41,2507,-1.3247076554312947,1.110211408057439
621931.706,3.41,2507,-1.3247076554312947,1.110211408057439
345447.086,3.41,2507,-1.3247076554312947,1.110211408057439
34823.093,3.41,2507,-1.3247076554312947,1.110211408057439
44485026.464,3.41,2507,-1.3247076554312947,1.110211408057439
58031.993,3.41,2507,-1.3247076554312947,1.110211408057439
6993769.765,3.41,2507,-1.3247076554312947,1.110211408057439
3500.648,3.41,2507,-1.3247076554312947,1.110211408057439
40390.4,3.41,2507,-1.3247076554312947,1.110211408057439
8593.996,3.41,2507,-1.3247076554312947,1.110211408057439
1062.117,3.41,2507,-1.3247076554312947,1.110211408057439
293630.135,3.41,2507,-1.3247076554312947,1.110211408057439
14622789.804,3.41,2507,-1.3247076554312947,1.110211408057439
161.279,3.41,2507,-1.3247076554312947,1.110211408057439
145.23,3.41,2507,-1.3247076554312947,1.110211408057439
1388148.35,3.41,2507,-1.3247076554312947,1.110211408057439
8510.002,3.41,2507,-1.3247076554312947,1.110211408057439
70.603,3.41,2507,-1.3247076554312947,1.110211408057439
63.153,3.41,2507,-1.3247076554312947,1.110211408057439
67150.068,3.41,2507,-1.3247076554312947,1.110211408057439
1883561.65,3.41,2507,-1.3247076554312947,1.110211408057439
44013.136,3.41,2507,-1.3247076554312947,1.110211408057439
26525.015,3.41,2507,-1.3247076554312947,1.110211408057439
4408413.696,3.41,2507,-1.3247076554312947,1.110211408057439
105810.993,3.41,2507,-1.3247076554312947,1.110211408057439
28.009,3.41,2507,-1.3247076554312947,1.110211408057439
65.434,3.41,2507,-1.3247076554312947,1.110211408057439
15.835,3.41,2507,-1.3247076554312947,1.110211408057439
1952729.305,3.41,2507,-1.3247076554312947,1.110211408057439
7897664.476,3.41,2507,-1.3247076554312947,1.110211408057439
97.509,3.41,2507,-1.3247076554312947,1.110211408057439
39.644,3.41,2507,-1.3247076554312947,1.110211408057439
63.875,3.41,2507,-1.3247076554312947,1.110211408057439
24777349.107,3.41,2507,-1.3247076554312947,1.110211408057439
12529.738,3.41,2507,-1.3247076554312947,1.110211408057439
1860.805,3.41,2507,-1.3247076554312947,1.110211408057439
426544.853,3.41,2507,-1.3247076554312947,1.110211408057439
6969340.509,3.41,2507,-1.3247076554312947,1.110211408057439
22775.958,3.41,2507,-1.3247076554312947,1.110211408057439
97.509,3.41,2507,-1.3247076554312947,1.110211408057439
948.883,3.41,2507,-1.3247076554312947,1.110211408057439
21380.184,3.41,2507,-1.3247076554312947,1.110211408057439
113482.77,3.41,2507,-1.3247076554312947,1.110211408057439
6846.587,3.41,2507,-1.3247076554312947,1.110211408057439
11517.801,3.41,2507,-1.3247076554312947,1.110211408057439
390098.839,3.41,2507,-1.3247076554312947,1.110211408057439
3356947.616,3.41,2507,-1.3247076554312947,1.110211408057439
345447.086,3.41,2507,-1.3247076554312947,1.110211408057439
34759.94,3.41,2507,-1.3247076554312947,1.110211408057439
108.149,3.41,2507,-1.3247076554312947,1.110211408057439
51342.236,3.41,2507,-1.3247076554312947,1.110211408057439
30862.689,3.41,2507,-1.3247076554312947,1.110211408057439
105662.138,3.41,2507,-1.3247076554312947,1.110211408057439
880819.87,3.41,2507,-1.3247076554312947,1.110211408057439
7040878.12,3.41,2507,-1.3247076554312947,1.110211408057439
5651.991,3.41,2507,-1.3247076554312947,1.110211408057439
537870.126,3.41,2507,-1.3247076554312947,1.110211408057439
468.869,3.41,2507,-1.3247076554312947,1.110211408057439
9.988,3.41,2507,-1.3247076554312947,1.110211408057439
2160.996,3.41,2507,-1.3247076554312947,1.110211408057439
19872.208,3.41,2507,-1.3247076554312947,1.110211408057439
20255.296,3.41,2507,-1.3247076554312947,1.110211408057439
19.06,3.41,2507,-1.3247076554312947,1.110211408057439
468.869,3.41,2507,-1.3247076554312947,1.110211408057439
313695.897,3.41,2507,-1.3247076554312947,1.110211408057439
490496.66,3.41,2507,-1.3247076554312947,1.110211408057439
108.149,3.41,2507,-1.3247076554312947,1.110211408057439
1004431.079,3.41,2507,-1.3247076554312947,1.110211408057439
16684844.056,3.41,2507,-1.3247076554312947,1.110211408057439
16787657.023,3.41,2507,-1.3247076554312947,1.110211408057439
21425.938,3.41,2507,-1.3247076554312947,1.110211408057439
53229.337,3.41,2507,-1.3247076554312947,1.110211408057439
3368.662,3.41,2507,-1.3247076554312947,1.110211408057439
106.27,3.41,2507,-1.3247076554312947,1.110211408057439
70.998,3.41,2507,-1.3247076554312947,1.110211408057439
8052.007,3.41,2507,-1.3247076554312947,1.110211408057439
528.305,3.41,2507,-1.3247076554312947,1.110211408057439
0.099,3.41,2507,-1.3247076554312947,1.110211408057439
47687.551,3.41,2507,-1.3247076554312947,1.110211408057439
94.759,3.41,2507,-1.3247076554312947,1.110211408057439
2448403.751,3.41,2507,-1.3247076554312947,1.110211408057439
70.998,3.41,2507,-1.3247076554312947,1.110211408057439
37806.276,3.41,2507,-1.3247076554312947,1.110211408057439
1952.519,3.41,2507,-1.3247076554312947,1.110211408057439
1043434.489,3.41,2507,-1.3247076554312947,1.110211408057439
956127.726,3.41,2507,-1.3247076554312947,1.110211408057439
4477207.34,3.41,2507,-1.3247076554312947,1.110211408057439
620354.108,3.41,2507,-1.3247076554312947,1.110211408057439
7801.841,3.41,2507,-1.3247076554312947,1.110211408057439
12491.734,3.41,2507,-1.3247076554312947,1.110211408057439
41.931,3.41,2507,-1.3247076554312947,1.110211408057439
63.875,3.41,2507,-1.3247076554312947,1.110211408057439
116420.085,3.41,2507,-1.3247076554312947,1.110211408057439
610036.448,3.41,2507,-1.3247076554312947,1.110211408057439
450061.011,3.41,2507,-1.3247076554312947,1.110211408057439
461386.877,3.41,2507,-1.3247076554312947,1.110211408057439
119216.337,3.41,2507,-1.3247076554312947,1.110211408057439
48357.688,3.41,2507,-1.3247076554312947,1.110211408057439
17.84,3.41,2507,-1.3247076554312947,1.110211408057439
329054.202,3.41,2507,-1.3247076554312947,1.110211408057439
7801.841,3.41,2507,-1.3247076554312947,1.110211408057439
15.883,3.41,2507,-1.3247076554312947,1.110211408057439
3441804.898,3.41,2507,-1.3247076554312947,1.110211408057439
127.203,3.41,2507,-1.3247076554312947,1.110211408057439
4929563.696,3.41,2507,-1.3247076554312947,1.110211408057439
32685.515,3.41,2507,-1.3247076554312947,1.110211408057439
276.537,3.41,2507,-1.3247076554312947,1.110211408057439
150967.629,3.41,2507,-1.3247076554312947,1.110211408057439
27610587.314,3.41,2507,-1.3247076554312947,1.110211408057439
13677.721,3.41,2507,-1.3247076554312947,1.110211408057439
639352.574,3.41,2507,-1.3247076554312947,1.110211408057439
2722.486,3.41,2507,-1.3247076554312947,1.110211408057439
14654.987,3.41,2507,-1.3247076554312947,1.110211408057439
404081.915,3.41,2507,-1.3247076554312947,1.110211408057439
38.004,3.41,2507,-1.3247076554312947,1.110211408057439
507931.791,3.41,2507,-1.3247076554312947,1.110211408057439
1004396.909,3.41,2507,-1.3247076554312947,1.110211408057439
63384.523,3.41,2507,-1.3247076554312947,1.110211408057439
13517491.534,3.41,2507,-1.3247076554312947,1.110211408057439
4950.202,3.41,2507,-1.3247076554312947,1.110211408057439
32107831.967,3.41,2507,-1.3247076554312947,1.110211408057439
322685.513,3.41,2507,-1.3247076554312947,1.110211408057439
3088570.265,3.41,2507,-1.3247076554312947,1.110211408057439
18090646.968,3.41,2507,-1.3247076554312947,1.110211408057439
1261246.382,3.41,2507,-1.3247076554312947,1.110211408057439
67311.347,3.41,2507,-1.3247076554312947,1.110211408057439
63414.725,3.41,2507,-1.3247076554312947,1.110211408057439
58031.993,3.41,2507,-1.3247076554312947,1.110211408057439
15902.44,3.41,2507,-1.3247076554312947,1.110211408057439
145.23,3.41,2507,-1.3247076554312947,1.110211408057439
196.143,3.41,2507,-1.3247076554312947,1.110211408057439
3368.662,3.41,2507,-1.3247076554312947,1.110211408057439
281301.583,3.41,2507,-1.3247076554312947,1.110211408057439
1510.207,3.41,2507,-1.3247076554312947,1.110211408057439
28.009,3.41,2507,-1.3247076554312947,1.110211408057439
14.57,3.41,2507,-1.3247076554312947,1.110211408057439
116733.369,3.41,2507,-1.3247076554312947,1.110211408057439
127.203,3.41,2507,-1.3247076554312947,1.110211408057439
27729682.627,3.41,2507,-1.3247076554312947,1.110211408057439
1533231.586,3.41,2507,-1.3247076554312947,1.110211408057439
363434.288,3.41,2507,-1.3247076554312947,1.110211408057439
8.03,3.41,2507,-1.3247076554312947,1.110211408057439
141090.695,3.41,2507,-1.3247076554312947,1.110211408057439
369545.442,3.41,2507,-1.3247076554312947,1.110211408057439
33905565.499,3.41,2507,-1.3247076554312947,1.110211408057439
37868327.834,3.41,2507,-1.3247076554312947,1.110211408057439
985346.53,3.41,2507,-1.3247076554312947,1.110211408057439
20143.189,3.41,2507,-1.3247076554312947,1.110211408057439
702698.973,3.41,2507,-1.3247076554312947,1.110211408057439
13.469,3.41,2507,-1.3247076554312947,1.110211408057439
1.004,3.41,2507,-1.3247076554312947,1.110211408057439
276.537,3.41,2507,-1.3247076554312947,1.110211408057439
5706550.677,3.41,2507,-1.3247076554312947,1.110211408057439
2805.654,3.41,2507,-1.3247076554312947,1.110211408057439
13636.719,3.41,2507,-1.3247076554312947,1.110211408057439
32685.515,3.41,2507,-1.3247076554312947,1.110211408057439
753072.628,3.41,2507,-1.3247076554312947,1.110211408057439
1634.821,3.41,2507,-1.3247076554312947,1.110211408057439
55055.778,3.41,2507,-1.3247076554312947,1.110211408057439
34.17,3.41,2507,-1.3247076554312947,1.110211408057439
15.835,3.41,2507,-1.3247076554312947,1.110211408057439
295.466,3.41,2507,-1.3247076554312947,1.110211408057439
267.806,3.41,2507,-1.3247076554312947,1.110211408057439
33.145,3.41,2507,-1.3247076554312947,1.110211408057439
59205.352,3.41,2507,-1.3247076554312947,1.110211408057439
5332169.31,3.41,2507,-1.3247076554312947,1.110211408057439
758.282,3.41,2507,-1.3247076554312947,1.110211408057439
620354.108,3.41,2507,-1.3247076554312947,1.110211408057439
1148412.293,3.41,2507,-1.3247076554312947,1.110211408057439
467107.499,3.41,2507,-1.3247076554312947,1.110211408057439
30.201,3.41,2507,-1.3247076554312947,1.110211408057439
428736.703,3.41,2507,-1.3247076554312947,1.110211408057439
129.508,3.41,2507,-1.3247076554312947,1.110211408057439
39294.543,3.41,2507,-1.3247076554312947,1.110211408057439
123591.227,3.41,2507,-1.3247076554312947,1.110211408057439
203695.316,3.41,2507,-1.3247076554312947,1.110211408057439
24670.61,3.41,2507,-1.3247076554312947,1.110211408057439
22033359.264,3.41,2507,-1.3247076554312947,1.110211408057439
55301.884,3.41,2507,-1.3247076554312947,1.110211408057439
8052.007,3.41,2507,-1.3247076554312947,1.110211408057439
22334.926,3.41,2507,-1.3247076554312947,1.110211408057439
24603.384,3.41,2507,-1.3247076554312947,1.110211408057439
20010072.651,3.41,2507,-1.3247076554312947,1.110211408057439
9.988,3.41,2507,-1.3247076554312947,1.110211408057439
2160.996,3.41,2507,-1.3247076554312947,1.110211408057439
1388156.38,3.41,2507,-1.3247076554312947,1.110211408057439
27473.898,3.41,2507,-1.3247076554312947,1.110211408057439
2401.905,3.41,2507,-1.3247076554312947,1.110211408057439
466687.518,3.41,2507,-1.3247076554312947,1.110211408057439
163.342,3.41,2507,-1.3247076554312947,1.110211408057439
90954.041,3.41,2507,-1.3247076554312947,1.110211408057439
300947.941,3.41,2507,-1.3247076554312947,1.110211408057439
2612379.181,3.41,2507,-1.3247076554312947,1.110211408057439
333.388,3.41,2507,-1.3247076554312947,1.110211408057439
33511.803,3.41,2507,-1.3247076554312947,1.110211408057439
941472.738,3.41,2507,-1.3247076554312947,1.110211408057439
107642.603,3.41,2507,-1.3247076554312947,1.110211408057439
12221.317,3.41,2507,-1.3247076554312947,1.110211408057439
17337.535,3.41,2507,-1.3247076554312947,1.110211408057439
6120072.809,3.41,2507,-1.3247076554312947,1.110211408057439
2247919.817,3.41,2507,-1.3247076554312947,1.110211408057439
4457.401,3.41,2507,-1.3247076554312947,1.110211408057439
148033.003,3.41,2507,-1.3247076554312947,1.110211408057439
439.658,3.41,2507,-1.3247076554312947,1.110211408057439
4708.777,3.41,2507,-1.3247076554312947,1.110211408057439
94.759,3.41,2507,-1.3247076554312947,1.110211408057439
428763.425,3.41,2507,-1.3247076554312947,1.110211408057439
1062.117,3.41,2507,-1.3247076554312947,1.110211408057439
105662.138,3.41,2507,-1.3247076554312947,1.110211408057439
4024355.859,3.41,2507,-1.3247076554312947,1.110211408057439
150967.629,3.41,2507,-1.3247076554312947,1.110211408057439
132185.223,3.41,2507,-1.3247076554312947,1.110211408057439
78570908.91,3.41,2507,-1.3247076554312947,1.110211408057439
59.975,3.41,2507,-1.3247076554312947,1.110211408057439
65.434,3.41,2507,-1.3247076554312947,1.110211408057439
15.883,3.41,2507,-1.3247076554312947,1.110211408057439
1184534.732,3.41,2507,-1.3247076554312947,1.110211408057439
11585.402,3.41,2507,-1.3247076554312947,1.110211408057439
39.644,3.41,2507,-1.3247076554312947,1.110211408057439
154653.145,3.41,2507,-1.3247076554312947,1.110211408057439
72604092.956,3.41,2507,-1.3247076554312947,1.110211408057439
798756.119,3.41,2507,-1.3247076554312947,1.110211408057439
20.011,3.41,2507,-1.3247076554312947,1.110211408057439
11976.399,3.41,2507,-1.3247076554312947,1.110211408057439
95591.353,3.41,2507,-1.3247076554312947,1.110211408057439
562987.569,3.41,2507,-1.3247076554312947,1.110211408057439
31498.554,3.41,2507,-1.3247076554312947,1.110211408057439
104.847,3.41,2507,-1.3247076554312947,1.110211408057439
55810.064,3.41,2507,-1.3247076554312947,1.110211408057439
7889723.115,3.41,2507,-1.3247076554312947,1.110211408057439
68793.644,3.41,2507,-1.3247076554312947,1.110211408057439
6218.184,3.41,2507,-1.3247076554312947,1.110211408057439
281301.583,3.41,2507,-1.3247076554312947,1.110211408057439
142.812,3.41,2507,-1.3247076554312947,1.110211408057439
187284.111,3.41,2507,-1.3247076554312947,1.110211408057439
233.068,3.41,2507,-1.3247076554312947,1.110211408057439
4415.942,3.41,2507,-1.3247076554312947,1.110211408057439
138.324,3.41,2507,-1.3247076554312947,1.110211408057439
4457.401,3.41,2507,-1.3247076554312947,1.110211408057439
4348.089,3.41,2507,-1.3247076554312947,1.110211408057439
3143535.989,3.41,2507,-1.3247076554312947,1.110211408057439
3810.345,3.41,2507,-1.3247076554312947,1.110211408057439
2951.835,3.41,2507,-1.3247076554312947,1.110211408057439
145580.014,3.41,2507,-1.3247076554312947,1.110211408057439
190.629,3.41,2507,-1.3247076554312947,1.110211408057439
11486.498,3.41,2507,-1.3247076554312947,1.110211408057439
188797.822,3.41,2507,-1.3247076554312947,1.110211408057439
3371207.153,3.41,2507,-1.3247076554312947,1.110211408057439
6218.184,3.41,2507,-1.3247076554312947,1.110211408057439
36514.68,3.41,2507,-1.3247076554312947,1.110211408057439
0.099,3.41,2507,-1.3247076554312947,1.110211408057439
39449.755,3.41,2507,-1.3247076554312947,1.110211408057439
190.629,3.41,2507,-1.3247076554312947,1.110211408057439
236534.055,3.41,2507,-1.3247076554312947,1.110211408057439
142.812,3.41,2507,-1.3247076554312947,1.110211408057439
86741.14,3.41,2507,-1.3247076554312947,1.110211408057439
2401.905,3.41,2507,-1.3247076554312947,1.110211408057439
221828642.855,3.41,2507,-1.3247076554312947,1.110211408057439
26.722,3.41,2507,-1.3247076554312947,1.110211408057439
3198.57,3.41,2507,-1.3247076554312947,1.110211408057439
3078370.61,3.41,2507,-1.3247076554312947,1.110211408057439
4882297.818,3.41,2507,-1.3247076554312947,1.110211408057439
15629858.171,3.41,2507,-1.3247076554312947,1.110211408057439
444350.231,3.41,2507,-1.3247076554312947,1.110211408057439
1194.005,3.41,2507,-1.3247076554312947,1.110211408057439
187284.111,3.41,2507,-1.3247076554312947,1.110211408057439
14.009,3.41,2507,-1.3247076554312947,1.110211408057439
1.004,3.41,2507,-1.3247076554312947,1.110211408057439
1424.215,3.41,2507,-1.3247076554312947,1.110211408057439
13.469,3.41,2507,-1.3247076554312947,1.110211408057439
15.835,3.41,2507,-1.3247076554312947,1.110211408057439
41.931,3.41,2507,-1.3247076554312947,1.110211408057439
56292.439,3.41,2507,-1.3247076554312947,1.110211408057439
449871.492,3.41,2507,-1.3247076554312947,1.110211408057439
2741587.938,3.41,2507,-1.3247076554312947,1.110211408057439
201709.13,3.41,2507,-1.3247076554312947,1.110211408057439
69167.655,3.41,2507,-1.3247076554312947,1.110211408057439
17.84,3.41,2507,-1.3247076554312947,1.110211408057439
366593.606,3.41,2507,-1.3247076554312947,1.110211408057439
48228.179,3.41,2507,-1.3247076554312947,1.110211408057439
19277.237,3.41,2507,-1.3247076554312947,1.110211408057439
101233032.584,3.41,2507,-1.3247076554312947,1.110211408057439
87643735.707,3.41,2507,-1.3247076554312947,1.110211408057439
2639.588,3.41,2507,-1.3247076554312947,1.110211408057439
5299.464,3.41,2507,-1.3247076554312947,1.110211408057439
292.001,3.41,2507,-1.3247076554312947,1.110211408057439
14.086,3.41,2507,-1.3247076554312947,1.110211408057439
143402.29,3.41,2507,-1.3247076554312947,1.110211408057439
20477.938,3.41,2507,-1.3247076554312947,1.110211408057439
84061.58,3.41,2507,-1.3247076554312947,1.110211408057439
13677.721,3.41,2507,-1.3247076554312947,1.110211408057439
70.603,3.41,2507,-1.3247076554312947,1.110211408057439
138.324,3.41,2507,-1.3247076554312947,1.110211408057439
1981296.253,3.41,2507,-1.3247076554312947,1.110211408057439
338700.847,3.41,2507,-1.3247076554312947,1.110211408057439
306733.731,3.41,2507,-1.3247076554312947,1.110211408057439
196.143,3.41,2507,-1.3247076554312947,1.110211408057439
25565.45,3.41,2507,-1.3247076554312947,1.110211408057439
18834.278,3.41,2507,-1.3247076554312947,1.110211408057439
390.998,3.41,2507,-1.3247076554312947,1.110211408057439
1012238.695,3.41,2507,-1.3247076554312947,1.110211408057439
686058.086,3.41,2507,-1.3247076554312947,1.110211408057439
389945.104,3.41,2507,-1.3247076554312947,1.110211408057439
163.342,3.41,2507,-1.3247076554312947,1.110211408057439
233.068,3.41,2507,-1.3247076554312947,1.110211408057439
1014961.181,3.41,2507,-1.3247076554312947,1.110211408057439
314108.073,3.41,2507,-1.3247076554312947,1.110211408057439
292.001,3.41,2507,-1.3247076554312947,1.110211408057439
10.021,3.41,2507,-1.3247076554312947,1.110211408057439
14.57,3.41,2507,-1.3247076554312947,1.110211408057439
125358.886,3.41,2507,-1.3247076554312947,1.110211408057439
104.847,3.41,2507,-1.3247076554312947,1.110211408057439
20.011,3.41,2507,-1.3247076554312947,1.110211408057439
267.806,3.41,2507,-1.3247076554312947,1.110211408057439
758.282,3.41,2507,-1.3247076554312947,1.110211408057439
595401.426,3.41,2507,-1.3247076554312947,1.110211408057439
95591.353,3.41,2507,-1.3247076554312947,1.110211408057439
874.702,3.41,2507,-1.3247076554312947,1.110211408057439
396712.214,3.41,2507,-1.3247076554312947,1.110211408057439
26440.152,3.41,2507,-1.3247076554312947,1.110211408057439
22627958.621,3.41,2507,-1.3247076554312947,1.110211408057439
8805.469,3.41,2507,-1.3247076554312947,1.110211408057439
450061.011,3.41,2507,-1.3247076554312947,1.110211408057439
4555741.885,3.41,2507,-1.3247076554312947,1.110211408057439
354977.154,3.41,2507,-1.3247076554312947,1.110211408057439
1075758.142,3.41,2507,-1.3247076554312947,1.110211408057439
410707813.051,3.41,2507,-1.3247076554312947,1.110211408057439
66789.094,3.41,2507,-1.3247076554312947,1.110211408057439
111986.767,3.41,2507,-1.3247076554312947,1.110211408057439
406672.646,3.41,2507,-1.3247076554312947,1.110211408057439
728996.068,3.41,2507,-1.3247076554312947,1.110211408057439
1070.995,3.41,2507,-1.3247076554312947,1.110211408057439
377013.889,3.41,2507,-1.3247076554312947,1.110211408057439
1239820.444,3.41,2507,-1.3247076554312947,1.110211408057439
112369.751,3.41,2507,-1.3247076554312947,1.110211408057439
225.985,3.41,2507,-1.3247076554312947,1.110211408057439
279978.845,3.41,2507,-1.3247076554312947,1.110211408057439
63948119.107,3.41,2507,-1.3247076554312947,1.110211408057439
155.212,3.41,2507,-1.3247076554312947,1.110211408057439
1194.005,3.41,2507,-1.3247076554312947,1.110211408057439
22841.482,3.41,2507,-1.3247076554312947,1.110211408057439
37806.276,3.41,2507,-1.3247076554312947,1.110211408057439
14.009,3.41,2507,-1.3247076554312947,1.110211408057439
28759.94,3.41,2507,-1.3247076554312947,1.110211408057439
3810.345,3.41,2507,-1.3247076554312947,1.110211408057439
128652.475,3.41,2507,-1.3247076554312947,1.110211408057439
194097.286,3.41,2507,-1.3247076554312947,1.110211408057439
1070.995,3.41,2507,-1.3247076554312947,1.110211408057439
59.975,3.41,2507,-1.3247076554312947,1.110211408057439
65.844,3.41,2507,-1.3247076554312947,1.110211408057439
7525475.445,3.41,2507,-1.3247076554312947,1.110211408057439
143473.814,3.41,2507,-1.3247076554312947,1.110211408057439
1216.148,3.41,2507,-1.3247076554312947,1.110211408057439
1528815.523,3.41,2507,-1.3247076554312947,1.110211408057439
515051.415,3.41,2507,-1.3247076554312947,1.110211408057439
525.48,3.41,2507,-1.3247076554312947,1.110211408057439
55.518,3.41,2507,-1.3247076554312947,1.110211408057439
643263.636,3.41,2507,-1.3247076554312947,1.110211408057439
1595.042,3.41,2507,-1.3247076554312947,1.110211408057439
38710.616,3.41,2507,-1.3247076554312947,1.110211408057439
27579.195,3.41,2507,-1.3247076554312947,1.110211408057439
462525.932,3.41,2507,-1.3247076554312947,1.110211408057439
1554258.1,3.41,2507,-1.3247076554312947,1.110211408057439
8904933.401,3.41,2507,-1.3247076554312947,1.110211408057439
718115.55,3.41,2507,-1.3247076554312947,1.110211408057439
1410256.07,3.41,2507,-1.3247076554312947,1.110211408057439
46614068.749,3.41,2507,-1.3247076554312947,1.110211408057439
1067248.04,3.41,2507,-1.3247076554312947,1.110211408057439
803553.972,3.41,2507,-1.3247076554312947,1.110211408057439
40748.314,3.41,2507,-1.3247076554312947,1.110211408057439
1493699.416,3.41,2507,-1.3247076554312947,1.110211408057439
2884798.845,3.41,2507,-1.3247076554312947,1.110211408057439
704.446,3.41,2507,-1.3247076554312947,1.110211408057439
295779.548,3.41,2507,-1.3247076554312947,1.110211408057439
11779.201,3.41,2507,-1.3247076554312947,1.110211408057439
8814.169,3.41,2507,-1.3247076554312947,1.110211408057439
6198.624,3.41,2507,-1.3247076554312947,1.110211408057439
150740.5,3.41,2507,-1.3247076554312947,1.110211408057439
157191.777,3.41,2507,-1.3247076554312947,1.110211408057439
428698.04,3.41,2507,-1.3247076554312947,1.110211408057439
0.097,3.41,2507,-1.3247076554312947,1.110211408057439
39770115.445,3.41,2507,-1.3247076554312947,1.110211408057439
242.379,3.41,2507,-1.3247076554312947,1.110211408057439
2814561.179,3.41,2507,-1.3247076554312947,1.110211408057439
2784.606,3.41,2507,-1.3247076554312947,1.110211408057439
1052.168,3.41,2507,-1.3247076554312947,1.110211408057439
835.917,3.41,2507,-1.3247076554312947,1.110211408057439
2398.318,3.41,2507,-1.3247076554312947,1.110211408057439
67095.174,3.41,2507,-1.3247076554312947,1.110211408057439
53.479,3.41,2507,-1.3247076554312947,1.110211408057439
900580.598,3.41,2507,-1.3247076554312947,1.110211408057439
1023.202,3.41,2507,-1.3247076554312947,1.110211408057439
242.379,3.41,2507,-1.3247076554312947,1.110211408057439
132121.976,3.41,2507,-1.3247076554312947,1.110211408057439
3782.243,3.41,2507,-1.3247076554312947,1.110211408057439
1337.986,3.41,2507,-1.3247076554312947,1.110211408057439
41942245.761,3.41,2507,-1.3247076554312947,1.110211408057439
101067.162,3.41,2507,-1.3247076554312947,1.110211408057439
46231.224,3.41,2507,-1.3247076554312947,1.110211408057439
31861.921,3.41,2507,-1.3247076554312947,1.110211408057439
1921.995,3.41,2507,-1.3247076554312947,1.110211408057439
663.639,3.41,2507,-1.3247076554312947,1.110211408057439
544.462,3.41,2507,-1.3247076554312947,1.110211408057439
55328.145,3.41,2507,-1.3247076554312947,1.110211408057439
196518.848,3.41,2507,-1.3247076554312947,1.110211408057439
391.121,3.41,2507,-1.3247076554312947,1.110211408057439
81996.014,3.41,2507,-1.3247076554312947,1.110211408057439
894.116,3.41,2507,-1.3247076554312947,1.110211408057439
129879.57,3.41,2507,-1.3247076554312947,1.110211408057439
2480.744,3.41,2507,-1.3247076554312947,1.110211408057439
3307.161,3.41,2507,-1.3247076554312947,1.110211408057439
58291.461,3.41,2507,-1.3247076554312947,1.110211408057439
17483.029,3.41,2507,-1.3247076554312947,1.110211408057439
340269.701,3.41,2507,-1.3247076554312947,1.110211408057439
58.164,3.41,2507,-1.3247076554312947,1.110211408057439
22453.19,3.41,2507,-1.3247076554312947,1.110211408057439
142406.434,3.41,2507,-1.3247076554312947,1.110211408057439
10598.376,3.41,2507,-1.3247076554312947,1.110211408057439
28526611.372,3.41,2507,-1.3247076554312947,1.110211408057439
1623.334,3.41,2507,-1.3247076554312947,1.110211408057439
188.659,3.41,2507,-1.3247076554312947,1.110211408057439
326.723,3.41,2507,-1.3247076554312947,1.110211408057439
9.992,3.41,2507,-1.3247076554312947,1.110211408057439
314602.433,3.41,2507,-1.3247076554312947,1.110211408057439
157191.777,3.41,2507,-1.3247076554312947,1.110211408057439
2972.502,3.41,2507,-1.3247076554312947,1.110211408057439
66218.017,3.41,2507,-1.3247076554312947,1.110211408057439
496.845,3.41,2507,-1.3247076554312947,1.110211408057439
286.444,3.41,2507,-1.3247076554312947,1.110211408057439
39114213.817,3.41,2507,-1.3247076554312947,1.110211408057439
41355.303,3.41,2507,-1.3247076554312947,1.110211408057439
227454973.72,3.41,2507,-1.3247076554312947,1.110211408057439
69.175,3.41,2507,-1.3247076554312947,1.110211408057439
97.4,3.41,2507,-1.3247076554312947,1.110211408057439
1013880.972,3.41,2507,-1.3247076554312947,1.110211408057439
7793.455,3.41,2507,-1.3247076554312947,1.110211408057439
173441.722,3.41,2507,-1.3247076554312947,1.110211408057439
31687.259,3.41,2507,-1.3247076554312947,1.110211408057439
1573898.663,3.41,2507,-1.3247076554312947,1.110211408057439
10530835.544,3.41,2507,-1.3247076554312947,1.110211408057439
839743.897,3.41,2507,-1.3247076554312947,1.110211408057439
67.438,3.41,2507,-1.3247076554312947,1.110211408057439
401700978.806,3.41,2507,-1.3247076554312947,1.110211408057439
61550418.465,3.41,2507,-1.3247076554312947,1.110211408057439
14741702.796,3.41,2507,-1.3247076554312947,1.110211408057439
65.844,3.41,2507,-1.3247076554312947,1.110211408057439
3.341,3.41,2507,-1.3247076554312947,1.110211408057439
30268.522,3.41,2507,-1.3247076554312947,1.110211408057439
179.368,3.41,2507,-1.3247076554312947,1.110211408057439
891434.017,3.41,2507,-1.3247076554312947,1.110211408057439
306613.977,3.41,2507,-1.3247076554312947,1.110211408057439
1428.609,3.41,2507,-1.3247076554312947,1.110211408057439
859.836,3.41,2507,-1.3247076554312947,1.110211408057439
55.518,3.41,2507,-1.3247076554312947,1.110211408057439
421.701,3.41,2507,-1.3247076554312947,1.110211408057439
1598.338,3.41,2507,-1.3247076554312947,1.110211408057439
4139765.558,3.41,2507,-1.3247076554312947,1.110211408057439
72202.124,3.41,2507,-1.3247076554312947,1.110211408057439
1388754.477,3.41,2507,-1.3247076554312947,1.110211408057439
65082549.928,3.41,2507,-1.3247076554312947,1.110211408057439
900530.461,3.41,2507,-1.3247076554312947,1.110211408057439
2972.502,3.41,2507,-1.3247076554312947,1.110211408057439
172780.784,3.41,2507,-1.3247076554312947,1.110211408057439
319.987,3.41,2507,-1.3247076554312947,1.110211408057439
5425.536,3.41,2507,-1.3247076554312947,1.110211408057439
1323371.693,3.41,2507,-1.3247076554312947,1.110211408057439
22281.765,3.41,2507,-1.3247076554312947,1.110211408057439
9.992,3.41,2507,-1.3247076554312947,1.110211408057439
4951.746,3.41,2507,-1.3247076554312947,1.110211408057439
119896.306,3.41,2507,-1.3247076554312947,1.110211408057439
67147.691,3.41,2507,-1.3247076554312947,1.110211408057439
59.509,3.41,2507,-1.3247076554312947,1.110211408057439
509945.896,3.41,2507,-1.3247076554312947,1.110211408057439
411.565,3.41,2507,-1.3247076554312947,1.110211408057439
453.592,3.41,2507,-1.3247076554312947,1.110211408057439
1598.338,3.41,2507,-1.3247076554312947,1.110211408057439
95.162,3.41,2507,-1.3247076554312947,1.110211408057439
12428.126,3.41,2507,-1.3247076554312947,1.110211408057439
39876.192,3.41,2507,-1.3247076554312947,1.110211408057439
884785.044,3.41,2507,-1.3247076554312947,1.110211408057439
454.225,3.41,2507,-1.3247076554312947,1.110211408057439
75978.678,3.41,2507,-1.3247076554312947,1.110211408057439
179.368,3.41,2507,-1.3247076554312947,1.110211408057439
1921.995,3.41,2507,-1.3247076554312947,1.110211408057439
40981126.943,3.41,2507,-1.3247076554312947,1.110211408057439
63319.977,3.41,2507,-1.3247076554312947,1.110211408057439
2666.385,3.41,2507,-1.3247076554312947,1.110211408057439
55780.449,3.41,2507,-1.3247076554312947,1.110211408057439
211.041,3.41,2507,-1.3247076554312947,1.110211408057439
214.348,3.41,2507,-1.3247076554312947,1.110211408057439
1834.988,3.41,2507,-1.3247076554312947,1.110211408057439
19834817.496,3.41,2507,-1.3247076554312947,1.110211408057439
3256.763,3.41,2507,-1.3247076554312947,1.110211408057439
1074656.422,3.41,2507,-1.3247076554312947,1.110211408057439
51711.381,3.41,2507,-1.3247076554312947,1.110211408057439
141875.076,3.41,2507,-1.3247076554312947,1.110211408057439
4360187.203,3.41,2507,-1.3247076554312947,1.110211408057439
288502.557,3.41,2507,-1.3247076554312947,1.110211408057439
2778167.635,3.41,2507,-1.3247076554312947,1.110211408057439
59.509,3.41,2507,-1.3247076554312947,1.110211408057439
67788.106,3.41,2507,-1.3247076554312947,1.110211408057439
116.089,3.41,2507,-1.3247076554312947,1.110211408057439
1983918.67,3.41,2507,-1.3247076554312947,1.110211408057439
100.022,3.41,2507,-1.3247076554312947,1.110211408057439
285.544,3.41,2507,-1.3247076554312947,1.110211408057439
152.924,3.41,2507,-1.3247076554312947,1.110211408057439
301966.906,3.41,2507,-1.3247076554312947,1.110211408057439
610776.033,3.41,2507,-1.3247076554312947,1.110211408057439
163462.729,3.41,2507,-1.3247076554312947,1.110211408057439
1337.986,3.41,2507,-1.3247076554312947,1.110211408057439
385809.679,3.41,2507,-1.3247076554312947,1.110211408057439
174061.104,3.41,2507,-1.3247076554312947,1.110211408057439
98907.022,3.41,2507,-1.3247076554312947,1.110211408057439
88.216,3.41,2507,-1.3247076554312947,1.110211408057439
2899126.666,3.41,2507,-1.3247076554312947,1.110211408057439
608763.765,3.41,2507,-1.3247076554312947,1.110211408057439
67.438,3.41,2507,-1.3247076554312947,1.110211408057439
448489.053,3.41,2507,-1.3247076554312947,1.110211408057439
51.746,3.41,2507,-1.3247076554312947,1.110211408057439
1698011.12,3.41,2507,-1.3247076554312947,1.110211408057439
894.116,3.41,2507,-1.3247076554312947,1.110211408057439
1402.594,3.41,2507,-1.3247076554312947,1.110211408057439
3307.161,3.41,2507,-1.3247076554312947,1.110211408057439
12037.816,3.41,2507,-1.3247076554312947,1.110211408057439
6743376.034,3.41,2507,-1.3247076554312947,1.110211408057439
78926.892,3.41,2507,-1.3247076554312947,1.110211408057439
301029.06,3.41,2507,-1.3247076554312947,1.110211408057439
5170379.179,3.41,2507,-1.3247076554312947,1.110211408057439
55729.819,3.41,2507,-1.3247076554312947,1.110211408057439
22497873.304,3.41,2507,-1.3247076554312947,1.110211408057439
22163.42,3.41,2507,-1.3247076554312947,1.110211408057439
559975.29,3.41,2507,-1.3247076554312947,1.110211408057439
237.848,3.41,2507,-1.3247076554312947,1.110211408057439
16797.001,3.41,2507,-1.3247076554312947,1.110211408057439
4450.961,3.41,2507,-1.3247076554312947,1.110211408057439
5.227,3.41,2507,-1.3247076554312947,1.110211408057439
3.341,3.41,2507,-1.3247076554312947,1.110211408057439
97.4,3.41,2507,-1.3247076554312947,1.110211408057439
5.227,3.41,2507,-1.3247076554312947,1.110211408057439
96.763,3.41,2507,-1.3247076554312947,1.110211408057439
62921.652,3.41,2507,-1.3247076554312947,1.110211408057439
76392.158,3.41,2507,-1.3247076554312947,1.110211408057439
112695586.62,3.41,2507,-1.3247076554312947,1.110211408057439
411.565,3.41,2507,-1.3247076554312947,1.110211408057439
2835.854,3.41,2507,-1.3247076554312947,1.110211408057439
34591.546,3.41,2507,-1.3247076554312947,1.110211408057439
93037.179,3.41,2507,-1.3247076554312947,1.110211408057439
39876.192,3.41,2507,-1.3247076554312947,1.110211408057439
6465.646,3.41,2507,-1.3247076554312947,1.110211408057439
2561.775,3.41,2507,-1.3247076554312947,1.110211408057439
88566.672,3.41,2507,-1.3247076554312947,1.110211408057439
1402.594,3.41,2507,-1.3247076554312947,1.110211408057439
23632.664,3.41,2507,-1.3247076554312947,1.110211408057439
66218.017,3.41,2507,-1.3247076554312947,1.110211408057439
245094.062,3.41,2507,-1.3247076554312947,1.110211408057439
130312.569,3.41,2507,-1.3247076554312947,1.110211408057439
67468.11,3.41,2507,-1.3247076554312947,1.110211408057439
8250.003,3.41,2507,-1.3247076554312947,1.110211408057439
4955.418,3.41,2507,-1.3247076554312947,1.110211408057439
33971.988,3.41,2507,-1.3247076554312947,1.110211408057439
30401.397,3.41,2507,-1.3247076554312947,1.110211408057439
1066412.123,3.41,2507,-1.3247076554312947,1.110211408057439
12108.753,3.41,2507,-1.3247076554312947,1.110211408057439
94.673,3.41,2507,-1.3247076554312947,1.110211408057439
66323.538,3.41,2507,-1.3247076554312947,1.110211408057439
1711824.899,3.41,2507,-1.3247076554312947,1.110211408057439
9081531.88,3.41,2507,-1.3247076554312947,1.110211408057439
813918.127,3.41,2507,-1.3247076554312947,1.110211408057439
7432.49,3.41,2507,-1.3247076554312947,1.110211408057439
150740.5,3.41,2507,-1.3247076554312947,1.110211408057439
94.673,3.41,2507,-1.3247076554312947,1.110211408057439
1361.668,3.41,2507,-1.3247076554312947,1.110211408057439
195357.187,3.41,2507,-1.3247076554312947,1.110211408057439
6198.624,3.41,2507,-1.3247076554312947,1.110211408057439
143604.225,3.41,2507,-1.3247076554312947,1.110211408057439
50648.986,3.41,2507,-1.3247076554312947,1.110211408057439
429.881,3.41,2507,-1.3247076554312947,1.110211408057439
0.097,3.41,2507,-1.3247076554312947,1.110211408057439
47.694,3.41,2507,-1.3247076554312947,1.110211408057439
47.694,3.41,2507,-1.3247076554312947,1.110211408057439
1554258.1,3.41,2507,-1.3247076554312947,1.110211408057439
68173.053,3.41,2507,-1.3247076554312947,1.110211408057439
227880.294,3.41,2507,-1.3247076554312947,1.110211408057439
748587.922,3.41,2507,-1.3247076554312947,1.110211408057439
5052.046,3.41,2507,-1.3247076554312947,1.110211408057439
2926611.121,3.41,2507,-1.3247076554312947,1.110211408057439
38710.616,3.41,2507,-1.3247076554312947,1.110211408057439
21714.14,3.41,2507,-1.3247076554312947,1.110211408057439
1023.202,3.41,2507,-1.3247076554312947,1.110211408057439
86256.59,3.41,2507,-1.3247076554312947,1.110211408057439
51.746,3.41,2507,-1.3247076554312947,1.110211408057439
98907.022,3.41,2507,-1.3247076554312947,1.110211408057439
88.216,3.41,2507,-1.3247076554312947,1.110211408057439
18866730.075,3.41,2507,-1.3247076554312947,1.110211408057439
5889002.726,3.41,2507,-1.3247076554312947,1.110211408057439
23549.128,3.41,2507,-1.3247076554312947,1.110211408057439
53.479,3.41,2507,-1.3247076554312947,1.110211408057439
19712133.984,3.41,2507,-1.3247076554312947,1.110211408057439
17250.593,3.41,2507,-1.3247076554312947,1.110211408057439
839743.897,3.41,2507,-1.3247076554312947,1.110211408057439
729.02,3.41,2507,-1.3247076554312947,1.110211408057439
622896.942,3.41,2507,-1.3247076554312947,1.110211408057439
8478.683,3.41,2507,-1.3247076554312947,1.110211408057439
42398.984,3.41,2507,-1.3247076554312947,1.110211408057439
716513.094,3.41,2507,-1.3247076554312947,1.110211408057439
3675.211,3.41,2507,-1.3247076554312947,1.110211408057439
1623.334,3.41,2507,-1.3247076554312947,1.110211408057439
7206.389,3.41,2507,-1.3247076554312947,1.110211408057439
259550.397,3.41,2507,-1.3247076554312947,1.110211408057439
7860929.127,3.41,2507,-1.3247076554312947,1.110211408057439
32954.859,3.41,2507,-1.3247076554312947,1.110211408057439
719.871,3.41,2507,-1.3247076554312947,1.110211408057439
641193.391,3.41,2507,-1.3247076554312947,1.110211408057439
544673.827,3.41,2507,-1.3247076554312947,1.110211408057439
63492547.007,3.41,2507,-1.3247076554312947,1.110211408057439
391.121,3.41,2507,-1.3247076554312947,1.110211408057439
58.164,3.41,2507,-1.3247076554312947,1.110211408057439
43874.446,3.41,2507,-1.3247076554312947,1.110211408057439
408.274,3.41,2507,-1.3247076554312947,1.110211408057439
7917.011,3.41,2507,-1.3247076554312947,1.110211408057439
137379.335,3.41,2507,-1.3247076554312947,1.110211408057439
100.009,3.41,2507,-1.3247076554312947,1.110211408057439
41355.303,3.41,2507,-1.3247076554312947,1.110211408057439
152.924,3.41,2507,-1.3247076554312947,1.110211408057439
69.175,3.41,2507,-1.3247076554312947,1.110211408057439
285.544,3.41,2507,-1.3247076554312947,1.110211408057439
101.842,3.41,2507,-1.3247076554312947,1.110211408057439
30981.652,3.41,2507,-1.3247076554312947,1.110211408057439
442218.115,3.41,2507,-1.3247076554312947,1.110211408057439
454.225,3.41,2507,-1.3247076554312947,1.110211408057439
53696.913,3.41,2507,-1.3247076554312947,1.110211408057439
6043965.622,3.41,2507,-1.3247076554312947,1.110211408057439
1718729.993,3.41,2507,-1.3247076554312947,1.110211408057439
23633.167,3.41,2507,-1.3247076554312947,1.110211408057439
729.02,3.41,2507,-1.3247076554312947,1.110211408057439
2835.854,3.41,2507,-1.3247076554312947,1.110211408057439
421.701,3.41,2507,-1.3247076554312947,1.110211408057439
6600376.802,3.41,2507,-1.3247076554312947,1.110211408057439
4714085.167,3.41,2507,-1.3247076554312947,1.110211408057439
14414584.617,3.41,2507,-1.3247076554312947,1.110211408057439
31687.259,3.41,2507,-1.3247076554312947,1.110211408057439
95.162,3.41,2507,-1.3247076554312947,1.110211408057439
2784.606,3.41,2507,-1.3247076554312947,1.110211408057439
1027003.069,3.41,2507,-1.3247076554312947,1.110211408057439
4186.995,3.41,2507,-1.3247076554312947,1.110211408057439
2725705.87,3.41,2507,-1.3247076554312947,1.110211408057439
19035.308,3.41,2507,-1.3247076554312947,1.110211408057439
67788.106,3.41,2507,-1.3247076554312947,1.110211408057439
8182.469,3.41,2507,-1.3247076554312947,1.110211408057439
110176.162,3.41,2507,-1.3247076554312947,1.110211408057439
279.5,3.41,2507,-1.3247076554312947,1.110211408057439
11.276,3.41,2507,-1.3247076554312947,1.110211408057439
938942.249,3.41,2507,-1.3247076554312947,1.110211408057439
660546.977,3.41,2507,-1.3247076554312947,1.110211408057439
573.051,3.41,2507,-1.3247076554312947,1.110211408057439
568824.065,3.41,2507,-1.3247076554312947,1.110211408057439
7917.011,3.41,2507,-1.3247076554312947,1.110211408057439
30266.879,3.41,2507,-1.3247076554312947,1.110211408057439
306419.964,3.41,2507,-1.3247076554312947,1.110211408057439
11941.053,3.41,2507,-1.3247076554312947,1.110211408057439
540590.712,3.41,2507,-1.3247076554312947,1.110211408057439
15249.571,3.41,2507,-1.3247076554312947,1.110211408057439
768967.741,3.41,2507,-1.3247076554312947,1.110211408057439
172780.784,3.41,2507,-1.3247076554312947,1.110211408057439
704.446,3.41,2507,-1.3247076554312947,1.110211408057439
19035.308,3.41,2507,-1.3247076554312947,1.110211408057439
55780.449,3.41,2507,-1.3247076554312947,1.110211408057439
214.348,3.41,2507,-1.3247076554312947,1.110211408057439
17534.29,3.41,2507,-1.3247076554312947,1.110211408057439
319.987,3.41,2507,-1.3247076554312947,1.110211408057439
42641.185,3.41,2507,-1.3247076554312947,1.110211408057439
10881.6,3.41,2507,-1.3247076554312947,1.110211408057439
2666.385,3.41,2507,-1.3247076554312947,1.110211408057439
100.022,3.41,2507,-1.3247076554312947,1.110211408057439
3528989.526,3.41,2507,-1.3247076554312947,1.110211408057439
20241.782,3.41,2507,-1.3247076554312947,1.110211408057439
67150.079,3.41,2507,-1.3247076554312947,1.110211408057439
62768.657,3.41,2507,-1.3247076554312947,1.110211408057439
6654809.363,3.41,2507,-1.3247076554312947,1.110211408057439
6217432.478,3.41,2507,-1.3247076554312947,1.110211408057439
640166.554,3.41,2507,-1.3247076554312947,1.110211408057439
9534.041,3.41,2507,-1.3247076554312947,1.110211408057439
7497.547,3.41,2507,-1.3247076554312947,1.110211408057439
22555.032,3.41,2507,-1.3247076554312947,1.110211408057439
46080.005,3.41,2507,-1.3247076554312947,1.110211408057439
65490.504,3.41,2507,-1.3247076554312947,1.110211408057439
518822.053,3.41,2507,-1.3247076554312947,1.110211408057439
2706330.685,3.41,2507,-1.3247076554312947,1.110211408057439
5249.512,3.41,2507,-1.3247076554312947,1.110211408057439
438892.765,3.41,2507,-1.3247076554312947,1.110211408057439
24372511.022,3.41,2507,-1.3247076554312947,1.110211408057439
1020938.263,3.41,2507,-1.3247076554312947,1.110211408057439
327018.506,3.41,2507,-1.3247076554312947,1.110211408057439
1791169.517,3.41,2507,-1.3247076554312947,1.110211408057439
134834.989,3.41,2507,-1.3247076554312947,1.110211408057439
11.276,3.41,2507,-1.3247076554312947,1.110211408057439
211.041,3.41,2507,-1.3247076554312947,1.110211408057439
1.666,3.41,2507,-1.3247076554312947,1.110211408057439
1.666,3.41,2507,-1.3247076554312947,1.110211408057439
114.581,3.41,2507,-1.3247076554312947,1.110211408057439
6860696.114,3.41,2507,-1.3247076554312947,1.110211408057439
1453.996,3.41,2507,-1.3247076554312947,1.110211408057439
596202.486,3.41,2507,-1.3247076554312947,1.110211408057439
66350.34,3.41,2507,-1.3247076554312947,1.110211408057439
70148251.955,3.41,2507,-1.3247076554312947,1.110211408057439
21408716.159,3.41,2507,-1.3247076554312947,1.110211408057439
15131963.148,3.41,2507,-1.3247076554312947,1.110211408057439
301966.906,3.41,2507,-1.3247076554312947,1.110211408057439
195357.187,3.41,2507,-1.3247076554312947,1.110211408057439
408.274,3.41,2507,-1.3247076554312947,1.110211408057439
1197.792,3.41,2507,-1.3247076554312947,1.110211408057439
1361.668,3.41,2507,-1.3247076554312947,1.110211408057439
2671246.372,3.41,2507,-1.3247076554312947,1.110211408057439
26150.586,3.41,2507,-1.3247076554312947,1.110211408057439
1698011.12,3.41,2507,-1.3247076554312947,1.110211408057439
7497.547,3.41,2507,-1.3247076554312947,1.110211408057439
715091.341,3.41,2507,-1.3247076554312947,1.110211408057439
42641.185,3.41,2507,-1.3247076554312947,1.110211408057439
124614.999,3.41,2507,-1.3247076554312947,1.110211408057439
226920.245,3.41,2507,-1.3247076554312947,1.110211408057439
109399.982,3.41,2507,-1.3247076554312947,1.110211408057439
56162.342,3.41,2507,-1.3247076554312947,1.110211408057439
110176.162,3.41,2507,-1.3247076554312947,1.110211408057439
279.5,3.41,2507,-1.3247076554312947,1.110211408057439
663.639,3.41,2507,-1.3247076554312947,1.110211408057439
326.723,3.41,2507,-1.3247076554312947,1.110211408057439
116.089,3.41,2507,-1.3247076554312947,1.110211408057439
188.659,3.41,2507,-1.3247076554312947,1.110211408057439
100.009,3.41,2507,-1.3247076554312947,1.110211408057439
13397.236,3.41,2507,-1.3247076554312947,1.110211408057439
496.845,3.41,2507,-1.3247076554312947,1.110211408057439
8478.683,3.41,2507,-1.3247076554312947,1.110211408057439
286.444,3.41,2507,-1.3247076554312947,1.110211408057439
2906.899,3.41,2507,-1.3247076554312947,1.110211408057439
1897.783,3.41,2507,-1.3247076554312947,1.110211408057439
269035.791,3.41,2507,-1.3247076554312947,1.110211408057439
339326.27,3.41,2507,-1.3247076554312947,1.110211408057439
129488.323,3.41,2507,-1.3247076554312947,1.110211408057439
92973.372,3.41,2507,-1.3247076554312947,1.110211408057439
1765.682,3.41,2507,-1.3247076554312947,1.110211408057439
115224.011,3.41,2507,-1.3247076554312947,1.110211408057439
868.245,3.41,2507,-1.3247076554312947,1.110211408057439
134300.158,3.41,2507,-1.3247076554312947,1.110211408057439
11973.992,3.41,2507,-1.3247076554312947,1.110211408057439
79383.36,3.41,2507,-1.3247076554312947,1.110211408057439
1205829.555,3.41,2507,-1.3247076554312947,1.110211408057439
897.35,3.41,2507,-1.3247076554312947,1.110211408057439
203.823,3.41,2507,-1.3247076554312947,1.110211408057439
6793.327,3.41,2507,-1.3247076554312947,1.110211408057439
787794.089,3.41,2507,-1.3247076554312947,1.110211408057439
23724915.73,3.41,2507,-1.3247076554312947,1.110211408057439
700797.965,3.41,2507,-1.3247076554312947,1.110211408057439
7995.847,3.41,2507,-1.3247076554312947,1.110211408057439
268.924,3.41,2507,-1.3247076554312947,1.110211408057439
568738.41,3.41,2507,-1.3247076554312947,1.110211408057439
11973.992,3.41,2507,-1.3247076554312947,1.110211408057439
214.165,3.41,2507,-1.3247076554312947,1.110211408057439
195471.617,3.41,2507,-1.3247076554312947,1.110211408057439
9513.952,3.41,2507,-1.3247076554312947,1.110211408057439
117218.216,3.41,2507,-1.3247076554312947,1.110211408057439
30685.504,3.41,2507,-1.3247076554312947,1.110211408057439
1765.682,3.41,2507,-1.3247076554312947,1.110211408057439
1897.783,3.41,2507,-1.3247076554312947,1.110211408057439
254.89,3.41,2507,-1.3247076554312947,1.110211408057439
14.664,3.41,2507,-1.3247076554312947,1.110211408057439
4.006,3.41,2507,-1.3247076554312947,1.110211408057439
36.015,3.41,2507,-1.3247076554312947,1.110211408057439
29748.944,3.41,2507,-1.3247076554312947,1.110211408057439
104.338,3.41,2507,-1.3247076554312947,1.110211408057439
136544.532,3.41,2507,-1.3247076554312947,1.110211408057439
4185.115,3.41,2507,-1.3247076554312947,1.110211408057439
67949.664,3.41,2507,-1.3247076554312947,1.110211408057439
72577.272,3.41,2507,-1.3247076554312947,1.110211408057439
1884.016,3.41,2507,-1.3247076554312947,1.110211408057439
5144.749,3.41,2507,-1.3247076554312947,1.110211408057439
804776.379,3.41,2507,-1.3247076554312947,1.110211408057439
2325327.104,3.41,2507,-1.3247076554312947,1.110211408057439
11561825.741,3.41,2507,-1.3247076554312947,1.110211408057439
21437038.192,3.41,2507,-1.3247076554312947,1.110211408057439
68021.186,3.41,2507,-1.3247076554312947,1.110211408057439
208547.899,3.41,2507,-1.3247076554312947,1.110211408057439
48951.569,3.41,2507,-1.3247076554312947,1.110211408057439
47.984,3.41,2507,-1.3247076554312947,1.110211408057439
11992.312,3.41,2507,-1.3247076554312947,1.110211408057439
16316261.772,3.41,2507,-1.3247076554312947,1.110211408057439
23048557.396,3.41,2507,-1.3247076554312947,1.110211408057439
158.795,3.41,2507,-1.3247076554312947,1.110211408057439
26251.101,3.41,2507,-1.3247076554312947,1.110211408057439
363.769,3.41,2507,-1.3247076554312947,1.110211408057439
179.436,3.41,2507,-1.3247076554312947,1.110211408057439
4.507,3.41,2507,-1.3247076554312947,1.110211408057439
9515.711,3.41,2507,-1.3247076554312947,1.110211408057439
34860.246,3.41,2507,-1.3247076554312947,1.110211408057439
53185.009,3.41,2507,-1.3247076554312947,1.110211408057439
1084951.54,3.41,2507,-1.3247076554312947,1.110211408057439
52226.228,3.41,2507,-1.3247076554312947,1.110211408057439
23024.724,3.41,2507,-1.3247076554312947,1.110211408057439
194780.034,3.41,2507,-1.3247076554312947,1.110211408057439
983789.488,3.41,2507,-1.3247076554312947,1.110211408057439
1647441.825,3.41,2507,-1.3247076554312947,1.110211408057439
1162225.841,3.41,2507,-1.3247076554312947,1.110211408057439
3663418.379,3.41,2507,-1.3247076554312947,1.110211408057439
19883.625,3.41,2507,-1.3247076554312947,1.110211408057439
826235.506,3.41,2507,-1.3247076554312947,1.110211408057439
7337.547,3.41,2507,-1.3247076554312947,1.110211408057439
897186.747,3.41,2507,-1.3247076554312947,1.110211408057439
154527.219,3.41,2507,-1.3247076554312947,1.110211408057439
75233.149,3.41,2507,-1.3247076554312947,1.110211408057439
1200175.552,3.41,2507,-1.3247076554312947,1.110211408057439
4832.071,3.41,2507,-1.3247076554312947,1.110211408057439
805.75,3.41,2507,-1.3247076554312947,1.110211408057439
0.412,3.41,2507,-1.3247076554312947,1.110211408057439
735.528,3.41,2507,-1.3247076554312947,1.110211408057439
48.277,3.41,2507,-1.3247076554312947,1.110211408057439
1234964.457,3.41,2507,-1.3247076554312947,1.110211408057439
78194.173,3.41,2507,-1.3247076554312947,1.110211408057439
29029.546,3.41,2507,-1.3247076554312947,1.110211408057439
1032468.028,3.41,2507,-1.3247076554312947,1.110211408057439
3241.696,3.41,2507,-1.3247076554312947,1.110211408057439
1240.001,3.41,2507,-1.3247076554312947,1.110211408057439
477.125,3.41,2507,-1.3247076554312947,1.110211408057439
1731771.603,3.41,2507,-1.3247076554312947,1.110211408057439
1010788.829,3.41,2507,-1.3247076554312947,1.110211408057439
1730014.173,3.41,2507,-1.3247076554312947,1.110211408057439
14446.708,3.41,2507,-1.3247076554312947,1.110211408057439
240757.026,3.41,2507,-1.3247076554312947,1.110211408057439
85.001,3.41,2507,-1.3247076554312947,1.110211408057439
18.014,3.41,2507,-1.3247076554312947,1.110211408057439
13.883,3.41,2507,-1.3247076554312947,1.110211408057439
57.189,3.41,2507,-1.3247076554312947,1.110211408057439
3069.918,3.41,2507,-1.3247076554312947,1.110211408057439
15409.73,3.41,2507,-1.3247076554312947,1.110211408057439
3519883.417,3.41,2507,-1.3247076554312947,1.110211408057439
1139.291,3.41,2507,-1.3247076554312947,1.110211408057439
24925.442,3.41,2507,-1.3247076554312947,1.110211408057439
5117173.063,3.41,2507,-1.3247076554312947,1.110211408057439
79874.687,3.41,2507,-1.3247076554312947,1.110211408057439
43321128.372,3.41,2507,-1.3247076554312947,1.110211408057439
575026.548,3.41,2507,-1.3247076554312947,1.110211408057439
1214.472,3.41,2507,-1.3247076554312947,1.110211408057439
1477.684,3.41,2507,-1.3247076554312947,1.110211408057439
52471.007,3.41,2507,-1.3247076554312947,1.110211408057439
393531.379,3.41,2507,-1.3247076554312947,1.110211408057439
38441.417,3.41,2507,-1.3247076554312947,1.110211408057439
2903627.479,3.41,2507,-1.3247076554312947,1.110211408057439
15392.614,3.41,2507,-1.3247076554312947,1.110211408057439
1059.063,3.41,2507,-1.3247076554312947,1.110211408057439
671916.256,3.41,2507,-1.3247076554312947,1.110211408057439
2210702.191,3.41,2507,-1.3247076554312947,1.110211408057439
3653.606,3.41,2507,-1.3247076554312947,1.110211408057439
2152927.328,3.41,2507,-1.3247076554312947,1.110211408057439
1710.776,3.41,2507,-1.3247076554312947,1.110211408057439
152033.049,3.41,2507,-1.3247076554312947,1.110211408057439
194473.112,3.41,2507,-1.3247076554312947,1.110211408057439
3657.431,3.41,2507,-1.3247076554312947,1.110211408057439
12500.007,3.41,2507,-1.3247076554312947,1.110211408057439
9421291.277,3.41,2507,-1.3247076554312947,1.110211408057439
1030436.366,3.41,2507,-1.3247076554312947,1.110211408057439
44968.847,3.41,2507,-1.3247076554312947,1.110211408057439
680209.864,3.41,2507,-1.3247076554312947,1.110211408057439
343.286,3.41,2507,-1.3247076554312947,1.110211408057439
1240.001,3.41,2507,-1.3247076554312947,1.110211408057439
44431437.336,3.41,2507,-1.3247076554312947,1.110211408057439
60252562.578,3.41,2507,-1.3247076554312947,1.110211408057439
27.985,3.41,2507,-1.3247076554312947,1.110211408057439
715702.395,3.41,2507,-1.3247076554312947,1.110211408057439
205114.004,3.41,2507,-1.3247076554312947,1.110211408057439
389.387,3.41,2507,-1.3247076554312947,1.110211408057439
249410.168,3.41,2507,-1.3247076554312947,1.110211408057439
178476.134,3.41,2507,-1.3247076554312947,1.110211408057439
571.956,3.41,2507,-1.3247076554312947,1.110211408057439
151225.146,3.41,2507,-1.3247076554312947,1.110211408057439
251279.094,3.41,2507,-1.3247076554312947,1.110211408057439
5827.346,3.41,2507,-1.3247076554312947,1.110211408057439
2528044.373,3.41,2507,-1.3247076554312947,1.110211408057439
43806.821,3.41,2507,-1.3247076554312947,1.110211408057439
573142.532,3.41,2507,-1.3247076554312947,1.110211408057439
3800.887,3.41,2507,-1.3247076554312947,1.110211408057439
1008603.581,3.41,2507,-1.3247076554312947,1.110211408057439
116390.941,3.41,2507,-1.3247076554312947,1.110211408057439
132270.353,3.41,2507,-1.3247076554312947,1.110211408057439
71.523,3.41,2507,-1.3247076554312947,1.110211408057439
2510461.234,3.41,2507,-1.3247076554312947,1.110211408057439
908280.871,3.41,2507,-1.3247076554312947,1.110211408057439
66418253.517,3.41,2507,-1.3247076554312947,1.110211408057439
2102136.801,3.41,2507,-1.3247076554312947,1.110211408057439
49670.918,3.41,2507,-1.3247076554312947,1.110211408057439
17.012,3.41,2507,-1.3247076554312947,1.110211408057439
28.923,3.41,2507,-1.3247076554312947,1.110211408057439
28.923,3.41,2507,-1.3247076554312947,1.110211408057439
4.006,3.41,2507,-1.3247076554312947,1.110211408057439
503.639,3.41,2507,-1.3247076554312947,1.110211408057439
96775.337,3.41,2507,-1.3247076554312947,1.110211408057439
757725.323,3.41,2507,-1.3247076554312947,1.110211408057439
19012451.848,3.41,2507,-1.3247076554312947,1.110211408057439
8562.143,3.41,2507,-1.3247076554312947,1.110211408057439
1408985.964,3.41,2507,-1.3247076554312947,1.110211408057439
507347.151,3.41,2507,-1.3247076554312947,1.110211408057439
178.095,3.41,2507,-1.3247076554312947,1.110211408057439
49.019,3.41,2507,-1.3247076554312947,1.110211408057439
1284485.719,3.41,2507,-1.3247076554312947,1.110211408057439
891.597,3.41,2507,-1.3247076554312947,1.110211408057439
278783.281,3.41,2507,-1.3247076554312947,1.110211408057439
30685.504,3.41,2507,-1.3247076554312947,1.110211408057439
4768.227,3.41,2507,-1.3247076554312947,1.110211408057439
226.887,3.41,2507,-1.3247076554312947,1.110211408057439
268.924,3.41,2507,-1.3247076554312947,1.110211408057439
465548.244,3.41,2507,-1.3247076554312947,1.110211408057439
161.491,3.41,2507,-1.3247076554312947,1.110211408057439
3561.019,3.41,2507,-1.3247076554312947,1.110211408057439
45193.942,3.41,2507,-1.3247076554312947,1.110211408057439
6806977.867,3.41,2507,-1.3247076554312947,1.110211408057439
68453.329,3.41,2507,-1.3247076554312947,1.110211408057439
10175.669,3.41,2507,-1.3247076554312947,1.110211408057439
1501.263,3.41,2507,-1.3247076554312947,1.110211408057439
104632.938,3.41,2507,-1.3247076554312947,1.110211408057439
1565042.042,3.41,2507,-1.3247076554312947,1.110211408057439
2133.592,3.41,2507,-1.3247076554312947,1.110211408057439
107539.837,3.41,2507,-1.3247076554312947,1.110211408057439
12500.007,3.41,2507,-1.3247076554312947,1.110211408057439
23386046.516,3.41,2507,-1.3247076554312947,1.110211408057439
20380094.952,3.41,2507,-1.3247076554312947,1.110211408057439
7996334.766,3.41,2507,-1.3247076554312947,1.110211408057439
314540.203,3.41,2507,-1.3247076554312947,1.110211408057439
46744.169,3.41,2507,-1.3247076554312947,1.110211408057439
1041696.629,3.41,2507,-1.3247076554312947,1.110211408057439
344.989,3.41,2507,-1.3247076554312947,1.110211408057439
197543.03,3.41,2507,-1.3247076554312947,1.110211408057439
1957743.747,3.41,2507,-1.3247076554312947,1.110211408057439
1342.318,3.41,2507,-1.3247076554312947,1.110211408057439
512418.526,3.41,2507,-1.3247076554312947,1.110211408057439
178.095,3.41,2507,-1.3247076554312947,1.110211408057439
80.227,3.41,2507,-1.3247076554312947,1.110211408057439
109763.534,3.41,2507,-1.3247076554312947,1.110211408057439
181182.433,3.41,2507,-1.3247076554312947,1.110211408057439
98486.113,3.41,2507,-1.3247076554312947,1.110211408057439
69459283.016,3.41,2507,-1.3247076554312947,1.110211408057439
278831.718,3.41,2507,-1.3247076554312947,1.110211408057439
11883.923,3.41,2507,-1.3247076554312947,1.110211408057439
152.989,3.41,2507,-1.3247076554312947,1.110211408057439
726940.463,3.41,2507,-1.3247076554312947,1.110211408057439
28.009,3.41,2507,-1.3247076554312947,1.110211408057439
1453650.347,3.41,2507,-1.3247076554312947,1.110211408057439
1278.21,3.41,2507,-1.3247076554312947,1.110211408057439
1957743.747,3.41,2507,-1.3247076554312947,1.110211408057439
340898.664,3.41,2507,-1.3247076554312947,1.110211408057439
31.95,3.41,2507,-1.3247076554312947,1.110211408057439
20.015,3.41,2507,-1.3247076554312947,1.110211408057439
18.014,3.41,2507,-1.3247076554312947,1.110211408057439
1765.595,3.41,2507,-1.3247076554312947,1.110211408057439
57.189,3.41,2507,-1.3247076554312947,1.110211408057439
14.664,3.41,2507,-1.3247076554312947,1.110211408057439
130551026.445,3.41,2507,-1.3247076554312947,1.110211408057439
354.367,3.41,2507,-1.3247076554312947,1.110211408057439
17694.47,3.41,2507,-1.3247076554312947,1.110211408057439
1139.291,3.41,2507,-1.3247076554312947,1.110211408057439
488041.389,3.41,2507,-1.3247076554312947,1.110211408057439
12384.274,3.41,2507,-1.3247076554312947,1.110211408057439
2004.294,3.41,2507,-1.3247076554312947,1.110211408057439
2763.78,3.41,2507,-1.3247076554312947,1.110211408057439
11639.547,3.41,2507,-1.3247076554312947,1.110211408057439
37396.493,3.41,2507,-1.3247076554312947,1.110211408057439
214.165,3.41,2507,-1.3247076554312947,1.110211408057439
827.275,3.41,2507,-1.3247076554312947,1.110211408057439
17.012,3.41,2507,-1.3247076554312947,1.110211408057439
7984.194,3.41,2507,-1.3247076554312947,1.110211408057439
2048.998,3.41,2507,-1.3247076554312947,1.110211408057439
624.749,3.41,2507,-1.3247076554312947,1.110211408057439
439250.087,3.41,2507,-1.3247076554312947,1.110211408057439
118.661,3.41,2507,-1.3247076554312947,1.110211408057439
15939.3,3.41,2507,-1.3247076554312947,1.110211408057439
32840.271,3.41,2507,-1.3247076554312947,1.110211408057439
159098.885,3.41,2507,-1.3247076554312947,1.110211408057439
1178.465,3.41,2507,-1.3247076554312947,1.110211408057439
44246.471,3.41,2507,-1.3247076554312947,1.110211408057439
20632261.813,3.41,2507,-1.3247076554312947,1.110211408057439
831928.851,3.41,2507,-1.3247076554312947,1.110211408057439
2153598.627,3.41,2507,-1.3247076554312947,1.110211408057439
158.795,3.41,2507,-1.3247076554312947,1.110211408057439
1537.277,3.41,2507,-1.3247076554312947,1.110211408057439
2048.998,3.41,2507,-1.3247076554312947,1.110211408057439
1474151.824,3.41,2507,-1.3247076554312947,1.110211408057439
161.491,3.41,2507,-1.3247076554312947,1.110211408057439
44479.818,3.41,2507,-1.3247076554312947,1.110211408057439
3481.977,3.41,2507,-1.3247076554312947,1.110211408057439
68623.809,3.41,2507,-1.3247076554312947,1.110211408057439
156.69,3.41,2507,-1.3247076554312947,1.110211408057439
38999765.484,3.41,2507,-1.3247076554312947,1.110211408057439
28277.759,3.41,2507,-1.3247076554312947,1.110211408057439
343.286,3.41,2507,-1.3247076554312947,1.110211408057439
104.007,3.41,2507,-1.3247076554312947,1.110211408057439
9513.952,3.41,2507,-1.3247076554312947,1.110211408057439
829805.145,3.41,2507,-1.3247076554312947,1.110211408057439
17049.997,3.41,2507,-1.3247076554312947,1.110211408057439
201469.962,3.41,2507,-1.3247076554312947,1.110211408057439
403.167,3.41,2507,-1.3247076554312947,1.110211408057439
183.191,3.41,2507,-1.3247076554312947,1.110211408057439
78.494,3.41,2507,-1.3247076554312947,1.110211408057439
27.985,3.41,2507,-1.3247076554312947,1.110211408057439
286678.485,3.41,2507,-1.3247076554312947,1.110211408057439
44902.691,3.41,2507,-1.3247076554312947,1.110211408057439
2896.693,3.41,2507,-1.3247076554312947,1.110211408057439
42488.629,3.41,2507,-1.3247076554312947,1.110211408057439
6765.592,3.41,2507,-1.3247076554312947,1.110211408057439
147.989,3.41,2507,-1.3247076554312947,1.110211408057439
1419435.932,3.41,2507,-1.3247076554312947,1.110211408057439
2736.165,3.41,2507,-1.3247076554312947,1.110211408057439
1241.994,3.41,2507,-1.3247076554312947,1.110211408057439
4861243.591,3.41,2507,-1.3247076554312947,1.110211408057439
647776.579,3.41,2507,-1.3247076554312947,1.110211408057439
35708.484,3.41,2507,-1.3247076554312947,1.110211408057439
13459793.862,3.41,2507,-1.3247076554312947,1.110211408057439
140.695,3.41,2507,-1.3247076554312947,1.110211408057439
671.299,3.41,2507,-1.3247076554312947,1.110211408057439
4.507,3.41,2507,-1.3247076554312947,1.110211408057439
48620569.11,3.41,2507,-1.3247076554312947,1.110211408057439
154527.219,3.41,2507,-1.3247076554312947,1.110211408057439
32744.52,3.41,2507,-1.3247076554312947,1.110211408057439
493.611,3.41,2507,-1.3247076554312947,1.110211408057439
454694.976,3.41,2507,-1.3247076554312947,1.110211408057439
232076.178,3.41,2507,-1.3247076554312947,1.110211408057439
96055.606,3.41,2507,-1.3247076554312947,1.110211408057439
254.89,3.41,2507,-1.3247076554312947,1.110211408057439
4434.828,3.41,2507,-1.3247076554312947,1.110211408057439
789679.34,3.41,2507,-1.3247076554312947,1.110211408057439
8457.087,3.41,2507,-1.3247076554312947,1.110211408057439
470346.919,3.41,2507,-1.3247076554312947,1.110211408057439
284021.116,3.41,2507,-1.3247076554312947,1.110211408057439
469036.064,3.41,2507,-1.3247076554312947,1.110211408057439
2835363.859,3.41,2507,-1.3247076554312947,1.110211408057439
19742.93,3.41,2507,-1.3247076554312947,1.110211408057439
630458.888,3.41,2507,-1.3247076554312947,1.110211408057439
62796.463,3.41,2507,-1.3247076554312947,1.110211408057439
3859.262,3.41,2507,-1.3247076554312947,1.110211408057439
135970.627,3.41,2507,-1.3247076554312947,1.110211408057439
651260.641,3.41,2507,-1.3247076554312947,1.110211408057439
24308322.156,3.41,2507,-1.3247076554312947,1.110211408057439
2896.693,3.41,2507,-1.3247076554312947,1.110211408057439
3241.696,3.41,2507,-1.3247076554312947,1.110211408057439
24769376.071,3.41,2507,-1.3247076554312947,1.110211408057439
301.852,3.41,2507,-1.3247076554312947,1.110211408057439
383.259,3.41,2507,-1.3247076554312947,1.110211408057439
23790.786,3.41,2507,-1.3247076554312947,1.110211408057439
1076762.861,3.41,2507,-1.3247076554312947,1.110211408057439
178476.134,3.41,2507,-1.3247076554312947,1.110211408057439
3859.262,3.41,2507,-1.3247076554312947,1.110211408057439
15392.614,3.41,2507,-1.3247076554312947,1.110211408057439
15505.772,3.41,2507,-1.3247076554312947,1.110211408057439
1769168.096,3.41,2507,-1.3247076554312947,1.110211408057439
766.062,3.41,2507,-1.3247076554312947,1.110211408057439
68.212,3.41,2507,-1.3247076554312947,1.110211408057439
0.412,3.41,2507,-1.3247076554312947,1.110211408057439
7984.194,3.41,2507,-1.3247076554312947,1.110211408057439
226.887,3.41,2507,-1.3247076554312947,1.110211408057439
349501.939,3.41,2507,-1.3247076554312947,1.110211408057439
232076.178,3.41,2507,-1.3247076554312947,1.110211408057439
68.212,3.41,2507,-1.3247076554312947,1.110211408057439
156.69,3.41,2507,-1.3247076554312947,1.110211408057439
24029459.851,3.41,2507,-1.3247076554312947,1.110211408057439
3551398.494,3.41,2507,-1.3247076554312947,1.110211408057439
1836905.878,3.41,2507,-1.3247076554312947,1.110211408057439
477.125,3.41,2507,-1.3247076554312947,1.110211408057439
255154.491,3.41,2507,-1.3247076554312947,1.110211408057439
389.387,3.41,2507,-1.3247076554312947,1.110211408057439
4861322.086,3.41,2507,-1.3247076554312947,1.110211408057439
493.611,3.41,2507,-1.3247076554312947,1.110211408057439
3139.332,3.41,2507,-1.3247076554312947,1.110211408057439
3114147.14,3.41,2507,-1.3247076554312947,1.110211408057439
1010788.829,3.41,2507,-1.3247076554312947,1.110211408057439
105656.016,3.41,2507,-1.3247076554312947,1.110211408057439
45194.429,3.41,2507,-1.3247076554312947,1.110211408057439
1981293.267,3.41,2507,-1.3247076554312947,1.110211408057439
251.996,3.41,2507,-1.3247076554312947,1.110211408057439
52226.228,3.41,2507,-1.3247076554312947,1.110211408057439
209.791,3.41,2507,-1.3247076554312947,1.110211408057439
805.75,3.41,2507,-1.3247076554312947,1.110211408057439
363.769,3.41,2507,-1.3247076554312947,1.110211408057439
2035634.7,3.41,2507,-1.3247076554312947,1.110211408057439
301071.112,3.41,2507,-1.3247076554312947,1.110211408057439
194780.034,3.41,2507,-1.3247076554312947,1.110211408057439
49.019,3.41,2507,-1.3247076554312947,1.110211408057439
209.791,3.41,2507,-1.3247076554312947,1.110211408057439
47.984,3.41,2507,-1.3247076554312947,1.110211408057439
21484673.47,3.41,2507,-1.3247076554312947,1.110211408057439
5893414.829,3.41,2507,-1.3247076554312947,1.110211408057439
491.327,3.41,2507,-1.3247076554312947,1.110211408057439
138485.273,3.41,2507,-1.3247076554312947,1.110211408057439
2647121.61,3.41,2507,-1.3247076554312947,1.110211408057439
5079.097,3.41,2507,-1.3247076554312947,1.110211408057439
28.009,3.41,2507,-1.3247076554312947,1.110211408057439
1447745.641,3.41,2507,-1.3247076554312947,1.110211408057439
1635221.334,3.41,2507,-1.3247076554312947,1.110211408057439
344.989,3.41,2507,-1.3247076554312947,1.110211408057439
106106.103,3.41,2507,-1.3247076554312947,1.110211408057439
7.948,3.41,2507,-1.3247076554312947,1.110211408057439
16.16,3.41,2507,-1.3247076554312947,1.110211408057439
115.844,3.41,2507,-1.3247076554312947,1.110211408057439
64007045.43,3.41,2507,-1.3247076554312947,1.110211408057439
429236504.788,3.41,2507,-1.3247076554312947,1.110211408057439
152.989,3.41,2507,-1.3247076554312947,1.110211408057439
158601.681,3.41,2507,-1.3247076554312947,1.110211408057439
30001068.853,3.41,2507,-1.3247076554312947,1.110211408057439
7819757.657,3.41,2507,-1.3247076554312947,1.110211408057439
3927.186,3.41,2507,-1.3247076554312947,1.110211408057439
1342.318,3.41,2507,-1.3247076554312947,1.110211408057439
5146303.366,3.41,2507,-1.3247076554312947,1.110211408057439
29149.383,3.41,2507,-1.3247076554312947,1.110211408057439
48.277,3.41,2507,-1.3247076554312947,1.110211408057439
13.883,3.41,2507,-1.3247076554312947,1.110211408057439
20.015,3.41,2507,-1.3247076554312947,1.110211408057439
85.001,3.41,2507,-1.3247076554312947,1.110211408057439
0.487,3.41,2507,-1.3247076554312947,1.110211408057439
6793.327,3.41,2507,-1.3247076554312947,1.110211408057439
624.749,3.41,2507,-1.3247076554312947,1.110211408057439
234677218.442,3.41,2507,-1.3247076554312947,1.110211408057439
12840062969.38,3.41,2507,-1.3247076554312947,1.110211408057439
8242876753.75,3.41,2507,-1.3247076554312947,1.110211408057439
9.99,3.41,2507,-1.3247076554312947,1.110211408057439
2346698.17,3.41,2507,-1.3247076554312947,1.110211408057439
3163239596.3,3.41,2507,-1.3247076554312947,1.110211408057439
1425993029.44,3.41,2507,-1.3247076554312947,1.110211408057439
5606881.73,3.41,2507,-1.3247076554312947,1.110211408057439
2097.228,3.41,2507,-1.3247076554312947,1.110211408057439
11144.069,3.41,2507,-1.3247076554312947,1.110211408057439
7218376.509,3.41,2507,-1.3247076554312947,1.110211408057439
4706291957.761,3.41,2507,-1.3247076554312947,1.110211408057439
999354.238,3.41,2507,-1.3247076554312947,1.110211408057439
3890.703,3.41,2507,-1.3247076554312947,1.110211408057439
100.016,3.41,2507,-1.3247076554312947,1.110211408057439
2826.658,3.41,2507,-1.3247076554312947,1.110211408057439
395410.724,3.41,2507,-1.3247076554312947,1.110211408057439
7824473.134,3.41,2507,-1.3247076554312947,1.110211408057439
122888.879,3.41,2507,-1.3247076554312947,1.110211408057439
15770001.585,3.41,2507,-1.3247076554312947,1.110211408057439
67064740.96,3.41,2507,-1.3247076554312947,1.110211408057439
55857.812,3.41,2507,-1.3247076554312947,1.110211408057439
34512.921,3.41,2507,-1.3247076554312947,1.110211408057439
2.099,3.41,2507,-1.3247076554312947,1.110211408057439
11587742.773,3.41,2507,-1.3247076554312947,1.110211408057439
6250.267,3.41,2507,-1.3247076554312947,1.110211408057439
581501.855,3.41,2507,-1.3247076554312947,1.110211408057439
49448.856,3.41,2507,-1.3247076554312947,1.110211408057439
31.67,3.41,2507,-1.3247076554312947,1.110211408057439
95013.293,3.41,2507,-1.3247076554312947,1.110211408057439
2549.993,3.41,2507,-1.3247076554312947,1.110211408057439
644.879,3.41,2507,-1.3247076554312947,1.110211408057439
16669601.126,3.41,2507,-1.3247076554312947,1.110211408057439
22080.007,3.41,2507,-1.3247076554312947,1.110211408057439
56549.984,3.41,2507,-1.3247076554312947,1.110211408057439
8775.003,3.41,2507,-1.3247076554312947,1.110211408057439
10.01,3.41,2507,-1.3247076554312947,1.110211408057439
690303589.166,3.41,2507,-1.3247076554312947,1.110211408057439
11224.613,3.41,2507,-1.3247076554312947,1.110211408057439
249.986,3.41,2507,-1.3247076554312947,1.110211408057439
323.771,3.41,2507,-1.3247076554312947,1.110211408057439
400311.902,3.41,2507,-1.3247076554312947,1.110211408057439
2174.727,3.41,2507,-1.3247076554312947,1.110211408057439
680.713,3.41,2507,-1.3247076554312947,1.110211408057439
310.147,3.41,2507,-1.3247076554312947,1.110211408057439
199.998,3.41,2507,-1.3247076554312947,1.110211408057439
513769535.698,3.41,2507,-1.3247076554312947,1.110211408057439
5592943.33,3.41,2507,-1.3247076554312947,1.110211408057439
2672838551.694,3.41,2507,-1.3247076554312947,1.110211408057439
89692.437,3.41,2507,-1.3247076554312947,1.110211408057439
2821758.012,3.41,2507,-1.3247076554312947,1.110211408057439
158951094.35,3.41,2507,-1.3247076554312947,1.110211408057439
13891.423,3.41,2507,-1.3247076554312947,1.110211408057439
384745.565,3.41,2507,-1.3247076554312947,1.110211408057439
97940.126,3.41,2507,-1.3247076554312947,1.110211408057439
566270.999,3.41,2507,-1.3247076554312947,1.110211408057439
2049.997,3.41,2507,-1.3247076554312947,1.110211408057439
210.008,3.41,2507,-1.3247076554312947,1.110211408057439
13891.423,3.41,2507,-1.3247076554312947,1.110211408057439
5161.049,3.41,2507,-1.3247076554312947,1.110211408057439
46903648.231,3.41,2507,-1.3247076554312947,1.110211408057439
67646164.571,3.41,2507,-1.3247076554312947,1.110211408057439
3848446721.39,3.41,2507,-1.3247076554312947,1.110211408057439
13194.622,3.41,2507,-1.3247076554312947,1.110211408057439
3666.062,3.41,2507,-1.3247076554312947,1.110211408057439
20500.01,3.41,2507,-1.3247076554312947,1.110211408057439
9.249,3.41,2507,-1.3247076554312947,1.110211408057439
23495.572,3.41,2507,-1.3247076554312947,1.110211408057439
7614.624,3.41,2507,-1.3247076554312947,1.110211408057439
4044.986,3.41,2507,-1.3247076554312947,1.110211408057439
165.998,3.41,2507,-1.3247076554312947,1.110211408057439
1927084.136,3.41,2507,-1.3247076554312947,1.110211408057439
1820624712.162,3.41,2507,-1.3247076554312947,1.110211408057439
12089652.165,3.41,2507,-1.3247076554312947,1.110211408057439
868259.694,3.41,2507,-1.3247076554312947,1.110211408057439
23576.012,3.41,2507,-1.3247076554312947,1.110211408057439
380.004,3.41,2507,-1.3247076554312947,1.110211408057439
31.67,3.41,2507,-1.3247076554312947,1.110211408057439
9203387.071,3.41,2507,-1.3247076554312947,1.110211408057439
961602.866,3.41,2507,-1.3247076554312947,1.110211408057439
1885651.913,3.41,2507,-1.3247076554312947,1.110211408057439
29136.387,3.41,2507,-1.3247076554312947,1.110211408057439
743338.743,3.41,2507,-1.3247076554312947,1.110211408057439
64.654,3.41,2507,-1.3247076554312947,1.110211408057439
55857.812,3.41,2507,-1.3247076554312947,1.110211408057439
299.993,3.41,2507,-1.3247076554312947,1.110211408057439
252.942,3.41,2507,-1.3247076554312947,1.110211408057439
22.142,3.41,2507,-1.3247076554312947,1.110211408057439
63581.559,3.41,2507,-1.3247076554312947,1.110211408057439
95013.293,3.41,2507,-1.3247076554312947,1.110211408057439
30293675.79,3.41,2507,-1.3247076554312947,1.110211408057439
1353940.263,3.41,2507,-1.3247076554312947,1.110211408057439
40.023,3.41,2507,-1.3247076554312947,1.110211408057439
29166.379,3.41,2507,-1.3247076554312947,1.110211408057439
7234586.441,3.41,2507,-1.3247076554312947,1.110211408057439
566371.015,3.41,2507,-1.3247076554312947,1.110211408057439
119662440.094,3.41,2507,-1.3247076554312947,1.110211408057439
1924.99,3.41,2507,-1.3247076554312947,1.110211408057439
3551.322,3.41,2507,-1.3247076554312947,1.110211408057439
100.209,3.41,2507,-1.3247076554312947,1.110211408057439
2097.228,3.41,2507,-1.3247076554312947,1.110211408057439
752.942,3.41,2507,-1.3247076554312947,1.110211408057439
6219.713,3.41,2507,-1.3247076554312947,1.110211408057439
2790.514,3.41,2507,-1.3247076554312947,1.110211408057439
2742.462,3.41,2507,-1.3247076554312947,1.110211408057439
2870.006,3.41,2507,-1.3247076554312947,1.110211408057439
147.98,3.41,2507,-1.3247076554312947,1.110211408057439
332.013,3.41,2507,-1.3247076554312947,1.110211408057439
4603.972,3.41,2507,-1.3247076554312947,1.110211408057439
78747.08,3.41,2507,-1.3247076554312947,1.110211408057439
2044.822,3.41,2507,-1.3247076554312947,1.110211408057439
2549137.693,3.41,2507,-1.3247076554312947,1.110211408057439
7614.624,3.41,2507,-1.3247076554312947,1.110211408057439
8775.003,3.41,2507,-1.3247076554312947,1.110211408057439
31298.154,3.41,2507,-1.3247076554312947,1.110211408057439
1062.576,3.41,2507,-1.3247076554312947,1.110211408057439
20500.01,3.41,2507,-1.3247076554312947,1.110211408057439
300.643,3.41,2507,-1.3247076554312947,1.110211408057439
29.996,3.41,2507,-1.3247076554312947,1.110211408057439
983275.729,3.41,2507,-1.3247076554312947,1.110211408057439
13686.36,3.41,2507,-1.3247076554312947,1.110211408057439
2289645.687,3.41,2507,-1.3247076554312947,1.110211408057439
198400.997,3.41,2507,-1.3247076554312947,1.110211408057439
41326487.906,3.41,2507,-1.3247076554312947,1.110211408057439
11669536.736,3.41,2507,-1.3247076554312947,1.110211408057439
5161.049,3.41,2507,-1.3247076554312947,1.110211408057439
370664.535,3.41,2507,-1.3247076554312947,1.110211408057439
48223093.261,3.41,2507,-1.3247076554312947,1.110211408057439
13.342,3.41,2507,-1.3247076554312947,1.110211408057439
808.86,3.41,2507,-1.3247076554312947,1.110211408057439
38904424.635,3.41,2507,-1.3247076554312947,1.110211408057439
59.995,3.41,2507,-1.3247076554312947,1.110211408057439
16209.933,3.41,2507,-1.3247076554312947,1.110211408057439
1993.136,3.41,2507,-1.3247076554312947,1.110211408057439
82.011,3.41,2507,-1.3247076554312947,1.110211408057439
1111263.27,3.41,2507,-1.3247076554312947,1.110211408057439
8847.869,3.41,2507,-1.3247076554312947,1.110211408057439
40.978,3.41,2507,-1.3247076554312947,1.110211408057439
4990.321,3.41,2507,-1.3247076554312947,1.110211408057439
12800256.51,3.41,2507,-1.3247076554312947,1.110211408057439
222942764.137,3.41,2507,-1.3247076554312947,1.110211408057439
11311408.695,3.41,2507,-1.3247076554312947,1.110211408057439
387613.202,3.41,2507,-1.3247076554312947,1.110211408057439
35121399.4,3.41,2507,-1.3247076554312947,1.110211408057439
3.298,3.41,2507,-1.3247076554312947,1.110211408057439
82.137,3.41,2507,-1.3247076554312947,1.110211408057439
578.213,3.41,2507,-1.3247076554312947,1.110211408057439
33.037,3.41,2507,-1.3247076554312947,1.110211408057439
300.643,3.41,2507,-1.3247076554312947,1.110211408057439
40964090.715,3.41,2507,-1.3247076554312947,1.110211408057439
632219.919,3.41,2507,-1.3247076554312947,1.110211408057439
11900371827.821,3.41,2507,-1.3247076554312947,1.110211408057439
7853727749.369,3.41,2507,-1.3247076554312947,1.110211408057439
6109109.614,3.41,2507,-1.3247076554312947,1.110211408057439
999.997,3.41,2507,-1.3247076554312947,1.110211408057439
52995.435,3.41,2507,-1.3247076554312947,1.110211408057439
23495.572,3.41,2507,-1.3247076554312947,1.110211408057439
809.817,3.41,2507,-1.3247076554312947,1.110211408057439
16376.354,3.41,2507,-1.3247076554312947,1.110211408057439
7313.328,3.41,2507,-1.3247076554312947,1.110211408057439
15.003,3.41,2507,-1.3247076554312947,1.110211408057439
4501920.402,3.41,2507,-1.3247076554312947,1.110211408057439
76328554.802,3.41,2507,-1.3247076554312947,1.110211408057439
216841989.49,3.41,2507,-1.3247076554312947,1.110211408057439
698667.574,3.41,2507,-1.3247076554312947,1.110211408057439
3690017.705,3.41,2507,-1.3247076554312947,1.110211408057439
23626.684,3.41,2507,-1.3247076554312947,1.110211408057439
64270.572,3.41,2507,-1.3247076554312947,1.110211408057439
374589.015,3.41,2507,-1.3247076554312947,1.110211408057439
1993.136,3.41,2507,-1.3247076554312947,1.110211408057439
35023.291,3.41,2507,-1.3247076554312947,1.110211408057439
13241.027,3.41,2507,-1.3247076554312947,1.110211408057439
828.011,3.41,2507,-1.3247076554312947,1.110211408057439
34312.923,3.41,2507,-1.3247076554312947,1.110211408057439
835.989,3.41,2507,-1.3247076554312947,1.110211408057439
2546553.017,3.41,2507,-1.3247076554312947,1.110211408057439
1292018.538,3.41,2507,-1.3247076554312947,1.110211408057439
7182.216,3.41,2507,-1.3247076554312947,1.110211408057439
7063.311,3.41,2507,-1.3247076554312947,1.110211408057439
224572.73,3.41,2507,-1.3247076554312947,1.110211408057439
16376.354,3.41,2507,-1.3247076554312947,1.110211408057439
3416.076,3.41,2507,-1.3247076554312947,1.110211408057439
45432.934,3.41,2507,-1.3247076554312947,1.110211408057439
2542.073,3.41,2507,-1.3247076554312947,1.110211408057439
157.022,3.41,2507,-1.3247076554312947,1.110211408057439
8080.666,3.41,2507,-1.3247076554312947,1.110211408057439
999.997,3.41,2507,-1.3247076554312947,1.110211408057439
671011.682,3.41,2507,-1.3247076554312947,1.110211408057439
5577160.325,3.41,2507,-1.3247076554312947,1.110211408057439
1385.6,3.41,2507,-1.3247076554312947,1.110211408057439
4910.734,3.41,2507,-1.3247076554312947,1.110211408057439
475.011,3.41,2507,-1.3247076554312947,1.110211408057439
40.978,3.41,2507,-1.3247076554312947,1.110211408057439
329032.66,3.41,2507,-1.3247076554312947,1.110211408057439
1135592481.792,3.41,2507,-1.3247076554312947,1.110211408057439
12999.99,3.41,2507,-1.3247076554312947,1.110211408057439
280.018,3.41,2507,-1.3247076554312947,1.110211408057439
7681051.263,3.41,2507,-1.3247076554312947,1.110211408057439
194.991,3.41,2507,-1.3247076554312947,1.110211408057439
1021650.571,3.41,2507,-1.3247076554312947,1.110211408057439
66684561.705,3.41,2507,-1.3247076554312947,1.110211408057439
50.672,3.41,2507,-1.3247076554312947,1.110211408057439
2108021.624,3.41,2507,-1.3247076554312947,1.110211408057439
43390.343,3.41,2507,-1.3247076554312947,1.110211408057439
15.003,3.41,2507,-1.3247076554312947,1.110211408057439
1924.99,3.41,2507,-1.3247076554312947,1.110211408057439
10.01,3.41,2507,-1.3247076554312947,1.110211408057439
578.213,3.41,2507,-1.3247076554312947,1.110211408057439
5189226.948,3.41,2507,-1.3247076554312947,1.110211408057439
1075.788,3.41,2507,-1.3247076554312947,1.110211408057439
75554.663,3.41,2507,-1.3247076554312947,1.110211408057439
11824.782,3.41,2507,-1.3247076554312947,1.110211408057439
571194.756,3.41,2507,-1.3247076554312947,1.110211408057439
835.989,3.41,2507,-1.3247076554312947,1.110211408057439
97940.126,3.41,2507,-1.3247076554312947,1.110211408057439
1143650.644,3.41,2507,-1.3247076554312947,1.110211408057439
224732.721,3.41,2507,-1.3247076554312947,1.110211408057439
299.993,3.41,2507,-1.3247076554312947,1.110211408057439
12999.99,3.41,2507,-1.3247076554312947,1.110211408057439
1288380.416,3.41,2507,-1.3247076554312947,1.110211408057439
673056.505,3.41,2507,-1.3247076554312947,1.110211408057439
3392.387,3.41,2507,-1.3247076554312947,1.110211408057439
43999.479,3.41,2507,-1.3247076554312947,1.110211408057439
136999.997,3.41,2507,-1.3247076554312947,1.110211408057439
5874.366,3.41,2507,-1.3247076554312947,1.110211408057439
9665011.365,3.41,2507,-1.3247076554312947,1.110211408057439
98956052.26,3.41,2507,-1.3247076554312947,1.110211408057439
27314917.4,3.41,2507,-1.3247076554312947,1.110211408057439
687220.542,3.41,2507,-1.3247076554312947,1.110211408057439
689.013,3.41,2507,-1.3247076554312947,1.110211408057439
1514.566,3.41,2507,-1.3247076554312947,1.110211408057439
159.991,3.41,2507,-1.3247076554312947,1.110211408057439
500.0,3.41,2507,-1.3247076554312947,1.110211408057439
1180.012,3.41,2507,-1.3247076554312947,1.110211408057439
247.776,3.41,2507,-1.3247076554312947,1.110211408057439
29.992,3.41,2507,-1.3247076554312947,1.110211408057439
250.016,3.41,2507,-1.3247076554312947,1.110211408057439
45650.082,3.41,2507,-1.3247076554312947,1.110211408057439
502299.665,3.41,2507,-1.3247076554312947,1.110211408057439
3559941.965,3.41,2507,-1.3247076554312947,1.110211408057439
369678.282,3.41,2507,-1.3247076554312947,1.110211408057439
747700.971,3.41,2507,-1.3247076554312947,1.110211408057439
100.209,3.41,2507,-1.3247076554312947,1.110211408057439
56549.984,3.41,2507,-1.3247076554312947,1.110211408057439
22080.007,3.41,2507,-1.3247076554312947,1.110211408057439
94296.409,3.41,2507,-1.3247076554312947,1.110211408057439
40307.776,3.41,2507,-1.3247076554312947,1.110211408057439
64.654,3.41,2507,-1.3247076554312947,1.110211408057439
7182.216,3.41,2507,-1.3247076554312947,1.110211408057439
13686.36,3.41,2507,-1.3247076554312947,1.110211408057439
31608.301,3.41,2507,-1.3247076554312947,1.110211408057439
1062.576,3.41,2507,-1.3247076554312947,1.110211408057439
3549.994,3.41,2507,-1.3247076554312947,1.110211408057439
54175.447,3.41,2507,-1.3247076554312947,1.110211408057439
40000.0,3.41,2507,-1.3247076554312947,1.110211408057439
632219.919,3.41,2507,-1.3247076554312947,1.110211408057439
999.994,3.41,2507,-1.3247076554312947,1.110211408057439
1385.6,3.41,2507,-1.3247076554312947,1.110211408057439
1499.997,3.41,2507,-1.3247076554312947,1.110211408057439
1955367.384,3.41,2507,-1.3247076554312947,1.110211408057439
196367.909,3.41,2507,-1.3247076554312947,1.110211408057439
848.277,3.41,2507,-1.3247076554312947,1.110211408057439
40000.0,3.41,2507,-1.3247076554312947,1.110211408057439
40.023,3.41,2507,-1.3247076554312947,1.110211408057439
274853.318,3.41,2507,-1.3247076554312947,1.110211408057439
505265.522,3.41,2507,-1.3247076554312947,1.110211408057439
86801.856,3.41,2507,-1.3247076554312947,1.110211408057439
40.008,3.41,2507,-1.3247076554312947,1.110211408057439
6250.267,3.41,2507,-1.3247076554312947,1.110211408057439
5912915.08,3.41,2507,-1.3247076554312947,1.110211408057439
15113362.493,3.41,2507,-1.3247076554312947,1.110211408057439
26988629.616,3.41,2507,-1.3247076554312947,1.110211408057439
3.298,3.41,2507,-1.3247076554312947,1.110211408057439
33.037,3.41,2507,-1.3247076554312947,1.110211408057439
2549.993,3.41,2507,-1.3247076554312947,1.110211408057439
967064.181,3.41,2507,-1.3247076554312947,1.110211408057439
13241.027,3.41,2507,-1.3247076554312947,1.110211408057439
86996.847,3.41,2507,-1.3247076554312947,1.110211408057439
878321.964,3.41,2507,-1.3247076554312947,1.110211408057439
999734.242,3.41,2507,-1.3247076554312947,1.110211408057439
243833.93,3.41,2507,-1.3247076554312947,1.110211408057439
1825.618,3.41,2507,-1.3247076554312947,1.110211408057439
29.996,3.41,2507,-1.3247076554312947,1.110211408057439
4471.297,3.41,2507,-1.3247076554312947,1.110211408057439
3355052108.871,3.41,2507,-1.3247076554312947,1.110211408057439
8018952.939,3.41,2507,-1.3247076554312947,1.110211408057439
323.771,3.41,2507,-1.3247076554312947,1.110211408057439
600.015,3.41,2507,-1.3247076554312947,1.110211408057439
2870.006,3.41,2507,-1.3247076554312947,1.110211408057439
9812790.541,3.41,2507,-1.3247076554312947,1.110211408057439
1400.556,3.41,2507,-1.3247076554312947,1.110211408057439
34827.984,3.41,2507,-1.3247076554312947,1.110211408057439
9.249,3.41,2507,-1.3247076554312947,1.110211408057439
216945227.611,3.41,2507,-1.3247076554312947,1.110211408057439
3466.761,3.41,2507,-1.3247076554312947,1.110211408057439
186091.131,3.41,2507,-1.3247076554312947,1.110211408057439
51530784.814,3.41,2507,-1.3247076554312947,1.110211408057439
60000771.919,3.41,2507,-1.3247076554312947,1.110211408057439
2.099,3.41,2507,-1.3247076554312947,1.110211408057439
40726.678,3.41,2507,-1.3247076554312947,1.110211408057439
559337.861,3.41,2507,-1.3247076554312947,1.110211408057439
40294.434,3.41,2507,-1.3247076554312947,1.110211408057439
2284581.116,3.41,2507,-1.3247076554312947,1.110211408057439
570346.479,3.41,2507,-1.3247076554312947,1.110211408057439
1043593.589,3.41,2507,-1.3247076554312947,1.110211408057439
4471.297,3.41,2507,-1.3247076554312947,1.110211408057439
89.954,3.41,2507,-1.3247076554312947,1.110211408057439
1825.618,3.41,2507,-1.3247076554312947,1.110211408057439
1970.009,3.41,2507,-1.3247076554312947,1.110211408057439
373056.442,3.41,2507,-1.3247076554312947,1.110211408057439
15998709.244,3.41,2507,-1.3247076554312947,1.110211408057439
15411067.267,3.41,2507,-1.3247076554312947,1.110211408057439
478.881,3.41,2507,-1.3247076554312947,1.110211408057439
2263.588,3.41,2507,-1.3247076554312947,1.110211408057439
563228.564,3.41,2507,-1.3247076554312947,1.110211408057439
1024389.171,3.41,2507,-1.3247076554312947,1.110211408057439
40.008,3.41,2507,-1.3247076554312947,1.110211408057439
1338560.09,3.41,2507,-1.3247076554312947,1.110211408057439
36537.857,3.41,2507,-1.3247076554312947,1.110211408057439
7040689598.008,3.41,2507,-1.3247076554312947,1.110211408057439
89.954,3.41,2507,-1.3247076554312947,1.110211408057439
43670.36,3.41,2507,-1.3247076554312947,1.110211408057439
210.008,3.41,2507,-1.3247076554312947,1.110211408057439
147.98,3.41,2507,-1.3247076554312947,1.110211408057439
999.994,3.41,2507,-1.3247076554312947,1.110211408057439
600.015,3.41,2507,-1.3247076554312947,1.110211408057439
2903245.275,3.41,2507,-1.3247076554312947,1.110211408057439
353.13,3.41,2507,-1.3247076554312947,1.110211408057439
46.292,3.41,2507,-1.3247076554312947,1.110211408057439
17740314.339,3.41,2507,-1.3247076554312947,1.110211408057439
1305490.983,3.41,2507,-1.3247076554312947,1.110211408057439
231099.129,3.41,2507,-1.3247076554312947,1.110211408057439
123495525.606,3.41,2507,-1.3247076554312947,1.110211408057439
185.722,3.41,2507,-1.3247076554312947,1.110211408057439
375871218.218,3.41,2507,-1.3247076554312947,1.110211408057439
173778.49,3.41,2507,-1.3247076554312947,1.110211408057439
148903.191,3.41,2507,-1.3247076554312947,1.110211408057439
1680.726,3.41,2507,-1.3247076554312947,1.110211408057439
150283.111,3.41,2507,-1.3247076554312947,1.110211408057439
1752720.338,3.41,2507,-1.3247076554312947,1.110211408057439
38669.64,3.41,2507,-1.3247076554312947,1.110211408057439
1654.737,3.41,2507,-1.3247076554312947,1.110211408057439
412.745,3.41,2507,-1.3247076554312947,1.110211408057439
20.002,3.41,2507,-1.3247076554312947,1.110211408057439
5296.093,3.41,2507,-1.3247076554312947,1.110211408057439
17588.0,3.41,2507,-1.3247076554312947,1.110211408057439
6365.831,3.41,2507,-1.3247076554312947,1.110211408057439
4008.004,3.41,2507,-1.3247076554312947,1.110211408057439
11949.993,3.41,2507,-1.3247076554312947,1.110211408057439
23038.376,3.41,2507,-1.3247076554312947,1.110211408057439
2152.11,3.41,2507,-1.3247076554312947,1.110211408057439
228608.581,3.41,2507,-1.3247076554312947,1.110211408057439
5072.236,3.41,2507,-1.3247076554312947,1.110211408057439
24595.399,3.41,2507,-1.3247076554312947,1.110211408057439
1495773.962,3.41,2507,-1.3247076554312947,1.110211408057439
387.964,3.41,2507,-1.3247076554312947,1.110211408057439
1678.252,3.41,2507,-1.3247076554312947,1.110211408057439
681.171,3.41,2507,-1.3247076554312947,1.110211408057439
784441.229,3.41,2507,-1.3247076554312947,1.110211408057439
113519.873,3.41,2507,-1.3247076554312947,1.110211408057439
280.011,3.41,2507,-1.3247076554312947,1.110211408057439
1935571.899,3.41,2507,-1.3247076554312947,1.110211408057439
2324325672.256,3.41,2507,-1.3247076554312947,1.110211408057439
1570563.981,3.41,2507,-1.3247076554312947,1.110211408057439
33980.742,3.41,2507,-1.3247076554312947,1.110211408057439
1079.545,3.41,2507,-1.3247076554312947,1.110211408057439
4407347939.892,3.41,2507,-1.3247076554312947,1.110211408057439
5072.236,3.41,2507,-1.3247076554312947,1.110211408057439
830636.883,3.41,2507,-1.3247076554312947,1.110211408057439
20735163.863,3.41,2507,-1.3247076554312947,1.110211408057439
9424.141,3.41,2507,-1.3247076554312947,1.110211408057439
2552.264,3.41,2507,-1.3247076554312947,1.110211408057439
15532.016,3.41,2507,-1.3247076554312947,1.110211408057439
19347.177,3.41,2507,-1.3247076554312947,1.110211408057439
49.973,3.41,2507,-1.3247076554312947,1.110211408057439
1413.286,3.41,2507,-1.3247076554312947,1.110211408057439
0.617,3.41,2507,-1.3247076554312947,1.110211408057439
0.613,3.41,2507,-1.3247076554312947,1.110211408057439
0.033,3.41,2507,-1.3247076554312947,1.110211408057439
471.008,3.41,2507,-1.3247076554312947,1.110211408057439
131.953,3.41,2507,-1.3247076554312947,1.110211408057439
1615.666,3.41,2507,-1.3247076554312947,1.110211408057439
119.997,3.41,2507,-1.3247076554312947,1.110211408057439
437.059,3.41,2507,-1.3247076554312947,1.110211408057439
12099743.721,3.41,2507,-1.3247076554312947,1.110211408057439
2071.817,3.41,2507,-1.3247076554312947,1.110211408057439
0.617,3.41,2507,-1.3247076554312947,1.110211408057439
161.567,3.41,2507,-1.3247076554312947,1.110211408057439
169598.038,3.41,2507,-1.3247076554312947,1.110211408057439
4008.004,3.41,2507,-1.3247076554312947,1.110211408057439
2252.255,3.41,2507,-1.3247076554312947,1.110211408057439
39.979,3.41,2507,-1.3247076554312947,1.110211408057439
8080.635,3.41,2507,-1.3247076554312947,1.110211408057439
6992791.033,3.41,2507,-1.3247076554312947,1.110211408057439
11644.992,3.41,2507,-1.3247076554312947,1.110211408057439
1454394.141,3.41,2507,-1.3247076554312947,1.110211408057439
53983.939,3.41,2507,-1.3247076554312947,1.110211408057439
10892974.248,3.41,2507,-1.3247076554312947,1.110211408057439
327767.627,3.41,2507,-1.3247076554312947,1.110211408057439
2355.875,3.41,2507,-1.3247076554312947,1.110211408057439
265072.998,3.41,2507,-1.3247076554312947,1.110211408057439
4058419.959,3.41,2507,-1.3247076554312947,1.110211408057439
482.199,3.41,2507,-1.3247076554312947,1.110211408057439
2637.286,3.41,2507,-1.3247076554312947,1.110211408057439
157323701.119,3.41,2507,-1.3247076554312947,1.110211408057439
1122800718.044,3.41,2507,-1.3247076554312947,1.110211408057439
9.122,3.41,2507,-1.3247076554312947,1.110211408057439
1582609.706,3.41,2507,-1.3247076554312947,1.110211408057439
59034.545,3.41,2507,-1.3247076554312947,1.110211408057439
240746.029,3.41,2507,-1.3247076554312947,1.110211408057439
178510807.859,3.41,2507,-1.3247076554312947,1.110211408057439
161.567,3.41,2507,-1.3247076554312947,1.110211408057439
8080.635,3.41,2507,-1.3247076554312947,1.110211408057439
2208.331,3.41,2507,-1.3247076554312947,1.110211408057439
42009.429,3.41,2507,-1.3247076554312947,1.110211408057439
4008.004,3.41,2507,-1.3247076554312947,1.110211408057439
6858759181.947,3.41,2507,-1.3247076554312947,1.110211408057439
1000.006,3.41,2507,-1.3247076554312947,1.110211408057439
706.192,3.41,2507,-1.3247076554312947,1.110211408057439
61309.138,3.41,2507,-1.3247076554312947,1.110211408057439
15670.402,3.41,2507,-1.3247076554312947,1.110211408057439
5774162.531,3.41,2507,-1.3247076554312947,1.110211408057439
883379.932,3.41,2507,-1.3247076554312947,1.110211408057439
48315.949,3.41,2507,-1.3247076554312947,1.110211408057439
6000.019,3.41,2507,-1.3247076554312947,1.110211408057439
2071.817,3.41,2507,-1.3247076554312947,1.110211408057439
4008.013,3.41,2507,-1.3247076554312947,1.110211408057439
31331.229,3.41,2507,-1.3247076554312947,1.110211408057439
95162.39,3.41,2507,-1.3247076554312947,1.110211408057439
147287.525,3.41,2507,-1.3247076554312947,1.110211408057439
23134.951,3.41,2507,-1.3247076554312947,1.110211408057439
148023.895,3.41,2507,-1.3247076554312947,1.110211408057439
1462.638,3.41,2507,-1.3247076554312947,1.110211408057439
24992927.661,3.41,2507,-1.3247076554312947,1.110211408057439
33980.742,3.41,2507,-1.3247076554312947,1.110211408057439
39749922.336,3.41,2507,-1.3247076554312947,1.110211408057439
196635.042,3.41,2507,-1.3247076554312947,1.110211408057439
11659961.361,3.41,2507,-1.3247076554312947,1.110211408057439
1372.026,3.41,2507,-1.3247076554312947,1.110211408057439
150661.182,3.41,2507,-1.3247076554312947,1.110211408057439
91404.039,3.41,2507,-1.3247076554312947,1.110211408057439
746431.967,3.41,2507,-1.3247076554312947,1.110211408057439
39681.28,3.41,2507,-1.3247076554312947,1.110211408057439
13018157.73,3.41,2507,-1.3247076554312947,1.110211408057439
793669.855,3.41,2507,-1.3247076554312947,1.110211408057439
133.262,3.41,2507,-1.3247076554312947,1.110211408057439
8618.205,3.41,2507,-1.3247076554312947,1.110211408057439
997.075,3.41,2507,-1.3247076554312947,1.110211408057439
2152.11,3.41,2507,-1.3247076554312947,1.110211408057439
4367.452,3.41,2507,-1.3247076554312947,1.110211408057439
4063538617.158,3.41,2507,-1.3247076554312947,1.110211408057439
40.592,3.41,2507,-1.3247076554312947,1.110211408057439
471.008,3.41,2507,-1.3247076554312947,1.110211408057439
497.753,3.41,2507,-1.3247076554312947,1.110211408057439
143595.586,3.41,2507,-1.3247076554312947,1.110211408057439
8882.004,3.41,2507,-1.3247076554312947,1.110211408057439
571888.488,3.41,2507,-1.3247076554312947,1.110211408057439
17063.001,3.41,2507,-1.3247076554312947,1.110211408057439
18128715.149,3.41,2507,-1.3247076554312947,1.110211408057439
11016994.708,3.41,2507,-1.3247076554312947,1.110211408057439
461021800.222,3.41,2507,-1.3247076554312947,1.110211408057439
27563910.089,3.41,2507,-1.3247076554312947,1.110211408057439
6687.526,3.41,2507,-1.3247076554312947,1.110211408057439
128420.443,3.41,2507,-1.3247076554312947,1.110211408057439
7504.182,3.41,2507,-1.3247076554312947,1.110211408057439
278751778.753,3.41,2507,-1.3247076554312947,1.110211408057439
3005795443.095,3.41,2507,-1.3247076554312947,1.110211408057439
90747.623,3.41,2507,-1.3247076554312947,1.110211408057439
768634.947,3.41,2507,-1.3247076554312947,1.110211408057439
308656.418,3.41,2507,-1.3247076554312947,1.110211408057439
4367.452,3.41,2507,-1.3247076554312947,1.110211408057439
120922.012,3.41,2507,-1.3247076554312947,1.110211408057439
38669.64,3.41,2507,-1.3247076554312947,1.110211408057439
8943.802,3.41,2507,-1.3247076554312947,1.110211408057439
1752720.338,3.41,2507,-1.3247076554312947,1.110211408057439
113.522,3.41,2507,-1.3247076554312947,1.110211408057439
1735491.847,3.41,2507,-1.3247076554312947,1.110211408057439
784547.149,3.41,2507,-1.3247076554312947,1.110211408057439
23282.669,3.41,2507,-1.3247076554312947,1.110211408057439
8943.802,3.41,2507,-1.3247076554312947,1.110211408057439
745.013,3.41,2507,-1.3247076554312947,1.110211408057439
252.558,3.41,2507,-1.3247076554312947,1.110211408057439
46.292,3.41,2507,-1.3247076554312947,1.110211408057439
121083.578,3.41,2507,-1.3247076554312947,1.110211408057439
620.005,3.41,2507,-1.3247076554312947,1.110211408057439
220309.534,3.41,2507,-1.3247076554312947,1.110211408057439
872043695.07,3.41,2507,-1.3247076554312947,1.110211408057439
1660.181,3.41,2507,-1.3247076554312947,1.110211408057439
131.953,3.41,2507,-1.3247076554312947,1.110211408057439
64484.78,3.41,2507,-1.3247076554312947,1.110211408057439
85903.665,3.41,2507,-1.3247076554312947,1.110211408057439
128215.566,3.41,2507,-1.3247076554312947,1.110211408057439
23594375.529,3.41,2507,-1.3247076554312947,1.110211408057439
620.005,3.41,2507,-1.3247076554312947,1.110211408057439
252.558,3.41,2507,-1.3247076554312947,1.110211408057439
2452.204,3.41,2507,-1.3247076554312947,1.110211408057439
1574.978,3.41,2507,-1.3247076554312947,1.110211408057439
4274.529,3.41,2507,-1.3247076554312947,1.110211408057439
7647.351,3.41,2507,-1.3247076554312947,1.110211408057439
42009.429,3.41,2507,-1.3247076554312947,1.110211408057439
133.262,3.41,2507,-1.3247076554312947,1.110211408057439
1680.726,3.41,2507,-1.3247076554312947,1.110211408057439
615563.751,3.41,2507,-1.3247076554312947,1.110211408057439
1898870.558,3.41,2507,-1.3247076554312947,1.110211408057439
33790.755,3.41,2507,-1.3247076554312947,1.110211408057439
3537432666.207,3.41,2507,-1.3247076554312947,1.110211408057439
1079.545,3.41,2507,-1.3247076554312947,1.110211408057439
787903.66,3.41,2507,-1.3247076554312947,1.110211408057439
720062.369,3.41,2507,-1.3247076554312947,1.110211408057439
1538856.805,3.41,2507,-1.3247076554312947,1.110211408057439
656.416,3.41,2507,-1.3247076554312947,1.110211408057439
9851.517,3.41,2507,-1.3247076554312947,1.110211408057439
324.667,3.41,2507,-1.3247076554312947,1.110211408057439
299.996,3.41,2507,-1.3247076554312947,1.110211408057439
497.544,3.41,2507,-1.3247076554312947,1.110211408057439
15872312.371,3.41,2507,-1.3247076554312947,1.110211408057439
309.004,3.41,2507,-1.3247076554312947,1.110211408057439
87.335,3.41,2507,-1.3247076554312947,1.110211408057439
51421513.213,3.41,2507,-1.3247076554312947,1.110211408057439
789011.756,3.41,2507,-1.3247076554312947,1.110211408057439
25973838.427,3.41,2507,-1.3247076554312947,1.110211408057439
1507708.031,3.41,2507,-1.3247076554312947,1.110211408057439
51261.005,3.41,2507,-1.3247076554312947,1.110211408057439
378016.392,3.41,2507,-1.3247076554312947,1.110211408057439
2151484.508,3.41,2507,-1.3247076554312947,1.110211408057439
616000.81,3.41,2507,-1.3247076554312947,1.110211408057439
792803.671,3.41,2507,-1.3247076554312947,1.110211408057439
72083305.308,3.41,2507,-1.3247076554312947,1.110211408057439
9921.406,3.41,2507,-1.3247076554312947,1.110211408057439
1574.978,3.41,2507,-1.3247076554312947,1.110211408057439
2452.204,3.41,2507,-1.3247076554312947,1.110211408057439
1653.117,3.41,2507,-1.3247076554312947,1.110211408057439
22131.463,3.41,2507,-1.3247076554312947,1.110211408057439
11949.993,3.41,2507,-1.3247076554312947,1.110211408057439
32452.894,3.41,2507,-1.3247076554312947,1.110211408057439
363935.858,3.41,2507,-1.3247076554312947,1.110211408057439
250.006,3.41,2507,-1.3247076554312947,1.110211408057439
2065.642,3.41,2507,-1.3247076554312947,1.110211408057439
11794343559.817,3.41,2507,-1.3247076554312947,1.110211408057439
0.033,3.41,2507,-1.3247076554312947,1.110211408057439
83371.846,3.41,2507,-1.3247076554312947,1.110211408057439
499.532,3.41,2507,-1.3247076554312947,1.110211408057439
1191611.459,3.41,2507,-1.3247076554312947,1.110211408057439
8180.997,3.41,2507,-1.3247076554312947,1.110211408057439
1114.498,3.41,2507,-1.3247076554312947,1.110211408057439
413.28,3.41,2507,-1.3247076554312947,1.110211408057439
300.009,3.41,2507,-1.3247076554312947,1.110211408057439
300.122,3.41,2507,-1.3247076554312947,1.110211408057439
863537.319,3.41,2507,-1.3247076554312947,1.110211408057439
8350.051,3.41,2507,-1.3247076554312947,1.110211408057439
147.717,3.41,2507,-1.3247076554312947,1.110211408057439
21189333.994,3.41,2507,-1.3247076554312947,1.110211408057439
23480.48,3.41,2507,-1.3247076554312947,1.110211408057439
15412944.209,3.41,2507,-1.3247076554312947,1.110211408057439
113.522,3.41,2507,-1.3247076554312947,1.110211408057439
45260.986,3.41,2507,-1.3247076554312947,1.110211408057439
520658.271,3.41,2507,-1.3247076554312947,1.110211408057439
418609.385,3.41,2507,-1.3247076554312947,1.110211408057439
375660.517,3.41,2507,-1.3247076554312947,1.110211408057439
49.973,3.41,2507,-1.3247076554312947,1.110211408057439
3423.074,3.41,2507,-1.3247076554312947,1.110211408057439
3676.775,3.41,2507,-1.3247076554312947,1.110211408057439
9228.626,3.41,2507,-1.3247076554312947,1.110211408057439
8136.006,3.41,2507,-1.3247076554312947,1.110211408057439
315.989,3.41,2507,-1.3247076554312947,1.110211408057439
476510.329,3.41,2507,-1.3247076554312947,1.110211408057439
11644.992,3.41,2507,-1.3247076554312947,1.110211408057439
28352569.578,3.41,2507,-1.3247076554312947,1.110211408057439
12514590.937,3.41,2507,-1.3247076554312947,1.110211408057439
38702.579,3.41,2507,-1.3247076554312947,1.110211408057439
1462.638,3.41,2507,-1.3247076554312947,1.110211408057439
4579078.231,3.41,2507,-1.3247076554312947,1.110211408057439
427304.568,3.41,2507,-1.3247076554312947,1.110211408057439
386877712.339,3.41,2507,-1.3247076554312947,1.110211408057439
7647.351,3.41,2507,-1.3247076554312947,1.110211408057439
23240.375,3.41,2507,-1.3247076554312947,1.110211408057439
61609.261,3.41,2507,-1.3247076554312947,1.110211408057439
95162.39,3.41,2507,-1.3247076554312947,1.110211408057439
170444.551,3.41,2507,-1.3247076554312947,1.110211408057439
937.193,3.41,2507,-1.3247076554312947,1.110211408057439
235025.951,3.41,2507,-1.3247076554312947,1.110211408057439
137661.813,3.41,2507,-1.3247076554312947,1.110211408057439
92977.489,3.41,2507,-1.3247076554312947,1.110211408057439
21831.467,3.41,2507,-1.3247076554312947,1.110211408057439
8742.97,3.41,2507,-1.3247076554312947,1.110211408057439
2208.331,3.41,2507,-1.3247076554312947,1.110211408057439
220309.534,3.41,2507,-1.3247076554312947,1.110211408057439
5296.093,3.41,2507,-1.3247076554312947,1.110211408057439
4107.951,3.41,2507,-1.3247076554312947,1.110211408057439
744733.218,3.41,2507,-1.3247076554312947,1.110211408057439
428194.38,3.41,2507,-1.3247076554312947,1.110211408057439
44345607.607,3.41,2507,-1.3247076554312947,1.110211408057439
10926644.433,3.41,2507,-1.3247076554312947,1.110211408057439
418664.34,3.41,2507,-1.3247076554312947,1.110211408057439
52638455.594,3.41,2507,-1.3247076554312947,1.110211408057439
161.566,3.41,2507,-1.3247076554312947,1.110211408057439
59027.043,3.41,2507,-1.3247076554312947,1.110211408057439
4900.01,3.41,2507,-1.3247076554312947,1.110211408057439
137355.785,3.41,2507,-1.3247076554312947,1.110211408057439
387.964,3.41,2507,-1.3247076554312947,1.110211408057439
192006380.906,3.41,2507,-1.3247076554312947,1.110211408057439
1678.252,3.41,2507,-1.3247076554312947,1.110211408057439
232471.155,3.41,2507,-1.3247076554312947,1.110211408057439
3330.695,3.41,2507,-1.3247076554312947,1.110211408057439
30990931.481,3.41,2507,-1.3247076554312947,1.110211408057439
4274.529,3.41,2507,-1.3247076554312947,1.110211408057439
4008.013,3.41,2507,-1.3247076554312947,1.110211408057439
315.989,3.41,2507,-1.3247076554312947,1.110211408057439
93257.5,3.41,2507,-1.3247076554312947,1.110211408057439
6365.831,3.41,2507,-1.3247076554312947,1.110211408057439
136928.661,3.41,2507,-1.3247076554312947,1.110211408057439
69.985,3.41,2507,-1.3247076554312947,1.110211408057439
4008.004,3.41,2507,-1.3247076554312947,1.110211408057439
119.997,3.41,2507,-1.3247076554312947,1.110211408057439
500.011,3.41,2507,-1.3247076554312947,1.110211408057439
1299.986,3.41,2507,-1.3247076554312947,1.110211408057439
2131312.205,3.41,2507,-1.3247076554312947,1.110211408057439
11629.516,3.41,2507,-1.3247076554312947,1.110211408057439
12137.448,3.41,2507,-1.3247076554312947,1.110211408057439
313392.763,3.41,2507,-1.3247076554312947,1.110211408057439
69.985,3.41,2507,-1.3247076554312947,1.110211408057439
463.228,3.41,2507,-1.3247076554312947,1.110211408057439
250.006,3.41,2507,-1.3247076554312947,1.110211408057439
8695.183,3.41,2507,-1.3247076554312947,1.110211408057439
132549.306,3.41,2507,-1.3247076554312947,1.110211408057439
3330.695,3.41,2507,-1.3247076554312947,1.110211408057439
1497856.514,3.41,2507,-1.3247076554312947,1.110211408057439
59034.545,3.41,2507,-1.3247076554312947,1.110211408057439
9735.684,3.41,2507,-1.3247076554312947,1.110211408057439
651349.943,3.41,2507,-1.3247076554312947,1.110211408057439
412.745,3.41,2507,-1.3247076554312947,1.110211408057439
305984.77,3.41,2507,-1.3247076554312947,1.110211408057439
24948.712,3.41,2507,-1.3247076554312947,1.110211408057439
745.013,3.41,2507,-1.3247076554312947,1.110211408057439
15532.016,3.41,2507,-1.3247076554312947,1.110211408057439
1654.737,3.41,2507,-1.3247076554312947,1.110211408057439
136928.661,3.41,2507,-1.3247076554312947,1.110211408057439
363435.846,3.41,2507,-1.3247076554312947,1.110211408057439
37588.08,3.41,2507,-1.3247076554312947,1.110211408057439
20.002,3.41,2507,-1.3247076554312947,1.110211408057439
24595.399,3.41,2507,-1.3247076554312947,1.110211408057439
6322781798.866,3.41,2507,-1.3247076554312947,1.110211408057439
34115.422,3.41,2507,-1.3247076554312947,1.110211408057439
25121348.104,3.41,2507,-1.3247076554312947,1.110211408057439
445942.069,3.41,2507,-1.3247076554312947,1.110211408057439
1340523.435,3.41,2507,-1.3247076554312947,1.110211408057439
4107.951,3.41,2507,-1.3247076554312947,1.110211408057439
26903.555,3.41,2507,-1.3247076554312947,1.110211408057439
59027.043,3.41,2507,-1.3247076554312947,1.110211408057439
309119.646,3.41,2507,-1.3247076554312947,1.110211408057439
706.192,3.41,2507,-1.3247076554312947,1.110211408057439
201.999,3.41,2507,-1.3247076554312947,1.110211408057439
937.193,3.41,2507,-1.3247076554312947,1.110211408057439
748815.971,3.41,2507,-1.3247076554312947,1.110211408057439
497.753,3.41,2507,-1.3247076554312947,1.110211408057439
39602.028,3.41,2507,-1.3247076554312947,1.110211408057439
3347733.047,3.41,2507,-1.3247076554312947,1.110211408057439
1000.003,3.41,2507,-1.3247076554312947,1.110211408057439
6663.348,3.41,2507,-1.3247076554312947,1.110211408057439
249.995,3.41,2507,-1.3247076554312947,1.110211408057439
1837458.858,3.41,2507,-1.3247076554312947,1.110211408057439
279898219.54,3.41,2507,-1.3247076554312947,1.110211408057439
15086.679,3.41,2507,-1.3247076554312947,1.110211408057439
997.529,3.41,2507,-1.3247076554312947,1.110211408057439
20918.34,3.41,2507,-1.3247076554312947,1.110211408057439
7514.388,3.41,2507,-1.3247076554312947,1.110211408057439
249.995,3.41,2507,-1.3247076554312947,1.110211408057439
370.99,3.41,2507,-1.3247076554312947,1.110211408057439
29.289,3.41,2507,-1.3247076554312947,1.110211408057439
39672123.744,3.41,2507,-1.3247076554312947,1.110211408057439
3763231.401,3.41,2507,-1.3247076554312947,1.110211408057439
4192021.966,3.41,2507,-1.3247076554312947,1.110211408057439
1823.303,3.41,2507,-1.3247076554312947,1.110211408057439
83413.01,3.41,2507,-1.3247076554312947,1.110211408057439
803620.403,3.41,2507,-1.3247076554312947,1.110211408057439
13874508.726,3.41,2507,-1.3247076554312947,1.110211408057439
2453.847,3.41,2507,-1.3247076554312947,1.110211408057439
2147685.288,3.41,2507,-1.3247076554312947,1.110211408057439
174098.868,3.41,2507,-1.3247076554312947,1.110211408057439
150.004,3.41,2507,-1.3247076554312947,1.110211408057439
3080.009,3.41,2507,-1.3247076554312947,1.110211408057439
135878.344,3.41,2507,-1.3247076554312947,1.110211408057439
20112549.294,3.41,2507,-1.3247076554312947,1.110211408057439
136496.411,3.41,2507,-1.3247076554312947,1.110211408057439
762946.884,3.41,2507,-1.3247076554312947,1.110211408057439
178022.737,3.41,2507,-1.3247076554312947,1.110211408057439
18391617.839,3.41,2507,-1.3247076554312947,1.110211408057439
721585.344,3.41,2507,-1.3247076554312947,1.110211408057439
1468245.379,3.41,2507,-1.3247076554312947,1.110211408057439
2400.005,3.41,2507,-1.3247076554312947,1.110211408057439
677955.629,3.41,2507,-1.3247076554312947,1.110211408057439
240.012,3.41,2507,-1.3247076554312947,1.110211408057439
766.302,3.41,2507,-1.3247076554312947,1.110211408057439
23926155.679,3.41,2507,-1.3247076554312947,1.110211408057439
1240.01,3.41,2507,-1.3247076554312947,1.110211408057439
3328385328.765,3.41,2507,-1.3247076554312947,1.110211408057439
6000.012,3.41,2507,-1.3247076554312947,1.110211408057439
35.241,3.41,2507,-1.3247076554312947,1.110211408057439
67901.28,3.41,2507,-1.3247076554312947,1.110211408057439
4506946.263,3.41,2507,-1.3247076554312947,1.110211408057439
949555.506,3.41,2507,-1.3247076554312947,1.110211408057439
14521203.611,3.41,2507,-1.3247076554312947,1.110211408057439
3615934986.347,3.41,2507,-1.3247076554312947,1.110211408057439
2089.792,3.41,2507,-1.3247076554312947,1.110211408057439
1582775.828,3.41,2507,-1.3247076554312947,1.110211408057439
386255.121,3.41,2507,-1.3247076554312947,1.110211408057439
883993.45,3.41,2507,-1.3247076554312947,1.110211408057439
3193933.384,3.41,2507,-1.3247076554312947,1.110211408057439
3080.009,3.41,2507,-1.3247076554312947,1.110211408057439
5.457,3.41,2507,-1.3247076554312947,1.110211408057439
840.383,3.41,2507,-1.3247076554312947,1.110211408057439
24925690.777,3.41,2507,-1.3247076554312947,1.110211408057439
17889.402,3.41,2507,-1.3247076554312947,1.110211408057439
1660.397,3.41,2507,-1.3247076554312947,1.110211408057439
1286.167,3.41,2507,-1.3247076554312947,1.110211408057439
1948.008,3.41,2507,-1.3247076554312947,1.110211408057439
484.613,3.41,2507,-1.3247076554312947,1.110211408057439
270.365,3.41,2507,-1.3247076554312947,1.110211408057439
404.24,3.41,2507,-1.3247076554312947,1.110211408057439
2453.847,3.41,2507,-1.3247076554312947,1.110211408057439
7902.813,3.41,2507,-1.3247076554312947,1.110211408057439
55839.591,3.41,2507,-1.3247076554312947,1.110211408057439
53.507,3.41,2507,-1.3247076554312947,1.110211408057439
124898776.391,3.41,2507,-1.3247076554312947,1.110211408057439
65666.669,3.41,2507,-1.3247076554312947,1.110211408057439
26779.994,3.41,2507,-1.3247076554312947,1.110211408057439
1358.003,3.41,2507,-1.3247076554312947,1.110211408057439
2273.484,3.41,2507,-1.3247076554312947,1.110211408057439
699.982,3.41,2507,-1.3247076554312947,1.110211408057439
1003206.87,3.41,2507,-1.3247076554312947,1.110211408057439
24348780.992,3.41,2507,-1.3247076554312947,1.110211408057439
4408927.647,3.41,2507,-1.3247076554312947,1.110211408057439
1831062.637,3.41,2507,-1.3247076554312947,1.110211408057439
21451.53,3.41,2507,-1.3247076554312947,1.110211408057439
1540.548,3.41,2507,-1.3247076554312947,1.110211408057439
25.001,3.41,2507,-1.3247076554312947,1.110211408057439
18842.179,3.41,2507,-1.3247076554312947,1.110211408057439
60321.841,3.41,2507,-1.3247076554312947,1.110211408057439
14546.489,3.41,2507,-1.3247076554312947,1.110211408057439
5041483.973,3.41,2507,-1.3247076554312947,1.110211408057439
26873.247,3.41,2507,-1.3247076554312947,1.110211408057439
335.973,3.41,2507,-1.3247076554312947,1.110211408057439
655.002,3.41,2507,-1.3247076554312947,1.110211408057439
491447623.801,3.41,2507,-1.3247076554312947,1.110211408057439
17682.926,3.41,2507,-1.3247076554312947,1.110211408057439
136646.411,3.41,2507,-1.3247076554312947,1.110211408057439
21616910.035,3.41,2507,-1.3247076554312947,1.110211408057439
672907504.249,3.41,2507,-1.3247076554312947,1.110211408057439
89.996,3.41,2507,-1.3247076554312947,1.110211408057439
29041.954,3.41,2507,-1.3247076554312947,1.110211408057439
21663.926,3.41,2507,-1.3247076554312947,1.110211408057439
339.821,3.41,2507,-1.3247076554312947,1.110211408057439
132.875,3.41,2507,-1.3247076554312947,1.110211408057439
122624.958,3.41,2507,-1.3247076554312947,1.110211408057439
871.159,3.41,2507,-1.3247076554312947,1.110211408057439
41399.38,3.41,2507,-1.3247076554312947,1.110211408057439
4970434385.34,3.41,2507,-1.3247076554312947,1.110211408057439
80.011,3.41,2507,-1.3247076554312947,1.110211408057439
1286.167,3.41,2507,-1.3247076554312947,1.110211408057439
1246.233,3.41,2507,-1.3247076554312947,1.110211408057439
500.0,3.41,2507,-1.3247076554312947,1.110211408057439
42057.949,3.41,2507,-1.3247076554312947,1.110211408057439
347.916,3.41,2507,-1.3247076554312947,1.110211408057439
15.376,3.41,2507,-1.3247076554312947,1.110211408057439
4326.452,3.41,2507,-1.3247076554312947,1.110211408057439
347.916,3.41,2507,-1.3247076554312947,1.110211408057439
669488897.298,3.41,2507,-1.3247076554312947,1.110211408057439
18906342.182,3.41,2507,-1.3247076554312947,1.110211408057439
67250.752,3.41,2507,-1.3247076554312947,1.110211408057439
14546.489,3.41,2507,-1.3247076554312947,1.110211408057439
57.035,3.41,2507,-1.3247076554312947,1.110211408057439
10000.0,3.41,2507,-1.3247076554312947,1.110211408057439
1661164.925,3.41,2507,-1.3247076554312947,1.110211408057439
1478.537,3.41,2507,-1.3247076554312947,1.110211408057439
335.973,3.41,2507,-1.3247076554312947,1.110211408057439
441761.831,3.41,2507,-1.3247076554312947,1.110211408057439
655.002,3.41,2507,-1.3247076554312947,1.110211408057439
19104.327,3.41,2507,-1.3247076554312947,1.110211408057439
526.979,3.41,2507,-1.3247076554312947,1.110211408057439
72728.541,3.41,2507,-1.3247076554312947,1.110211408057439
1315259.987,3.41,2507,-1.3247076554312947,1.110211408057439
58094.103,3.41,2507,-1.3247076554312947,1.110211408057439
13776.109,3.41,2507,-1.3247076554312947,1.110211408057439
24939.837,3.41,2507,-1.3247076554312947,1.110211408057439
3523297.647,3.41,2507,-1.3247076554312947,1.110211408057439
20019.299,3.41,2507,-1.3247076554312947,1.110211408057439
339.821,3.41,2507,-1.3247076554312947,1.110211408057439
10000.0,3.41,2507,-1.3247076554312947,1.110211408057439
57.035,3.41,2507,-1.3247076554312947,1.110211408057439
850.017,3.41,2507,-1.3247076554312947,1.110211408057439
1000.003,3.41,2507,-1.3247076554312947,1.110211408057439
871.159,3.41,2507,-1.3247076554312947,1.110211408057439
34117.016,3.41,2507,-1.3247076554312947,1.110211408057439
117381.313,3.41,2507,-1.3247076554312947,1.110211408057439
4.999,3.41,2507,-1.3247076554312947,1.110211408057439
89.996,3.41,2507,-1.3247076554312947,1.110211408057439
18037772.798,3.41,2507,-1.3247076554312947,1.110211408057439
26502.372,3.41,2507,-1.3247076554312947,1.110211408057439
2253.225,3.41,2507,-1.3247076554312947,1.110211408057439
238390804.416,3.41,2507,-1.3247076554312947,1.110211408057439
6035.253,3.41,2507,-1.3247076554312947,1.110211408057439
195914.695,3.41,2507,-1.3247076554312947,1.110211408057439
117338.709,3.41,2507,-1.3247076554312947,1.110211408057439
1099.174,3.41,2507,-1.3247076554312947,1.110211408057439
484.613,3.41,2507,-1.3247076554312947,1.110211408057439
6922.779,3.41,2507,-1.3247076554312947,1.110211408057439
563.391,3.41,2507,-1.3247076554312947,1.110211408057439
679439.909,3.41,2507,-1.3247076554312947,1.110211408057439
23705.251,3.41,2507,-1.3247076554312947,1.110211408057439
36793.43,3.41,2507,-1.3247076554312947,1.110211408057439
5969.005,3.41,2507,-1.3247076554312947,1.110211408057439
17397.413,3.41,2507,-1.3247076554312947,1.110211408057439
39602.028,3.41,2507,-1.3247076554312947,1.110211408057439
943.248,3.41,2507,-1.3247076554312947,1.110211408057439
917704.666,3.41,2507,-1.3247076554312947,1.110211408057439
2965581760.812,3.41,2507,-1.3247076554312947,1.110211408057439
1836100.855,3.41,2507,-1.3247076554312947,1.110211408057439
8687470.559,3.41,2507,-1.3247076554312947,1.110211408057439
2864772.774,3.41,2507,-1.3247076554312947,1.110211408057439
362779615.997,3.41,2507,-1.3247076554312947,1.110211408057439
526.979,3.41,2507,-1.3247076554312947,1.110211408057439
1603.351,3.41,2507,-1.3247076554312947,1.110211408057439
150.003,3.41,2507,-1.3247076554312947,1.110211408057439
302379420.762,3.41,2507,-1.3247076554312947,1.110211408057439
242786.572,3.41,2507,-1.3247076554312947,1.110211408057439
44355.978,3.41,2507,-1.3247076554312947,1.110211408057439
298.163,3.41,2507,-1.3247076554312947,1.110211408057439
624.02,3.41,2507,-1.3247076554312947,1.110211408057439
37077.929,3.41,2507,-1.3247076554312947,1.110211408057439
341.412,3.41,2507,-1.3247076554312947,1.110211408057439
1004920.82,3.41,2507,-1.3247076554312947,1.110211408057439
1540.548,3.41,2507,-1.3247076554312947,1.110211408057439
2305.273,3.41,2507,-1.3247076554312947,1.110211408057439
107118.261,3.41,2507,-1.3247076554312947,1.110211408057439
56012.927,3.41,2507,-1.3247076554312947,1.110211408057439
803.109,3.41,2507,-1.3247076554312947,1.110211408057439
1099.174,3.41,2507,-1.3247076554312947,1.110211408057439
108031.005,3.41,2507,-1.3247076554312947,1.110211408057439
17889.402,3.41,2507,-1.3247076554312947,1.110211408057439
9427.085,3.41,2507,-1.3247076554312947,1.110211408057439
1660.397,3.41,2507,-1.3247076554312947,1.110211408057439
7427365415.675,3.41,2507,-1.3247076554312947,1.110211408057439
3840341081.016,3.41,2507,-1.3247076554312947,1.110211408057439
624.02,3.41,2507,-1.3247076554312947,1.110211408057439
41399.38,3.41,2507,-1.3247076554312947,1.110211408057439
723.297,3.41,2507,-1.3247076554312947,1.110211408057439
6658.349,3.41,2507,-1.3247076554312947,1.110211408057439
2305.273,3.41,2507,-1.3247076554312947,1.110211408057439
132.875,3.41,2507,-1.3247076554312947,1.110211408057439
44295.983,3.41,2507,-1.3247076554312947,1.110211408057439
169746.791,3.41,2507,-1.3247076554312947,1.110211408057439
2089.792,3.41,2507,-1.3247076554312947,1.110211408057439
1119139048.983,3.41,2507,-1.3247076554312947,1.110211408057439
637304.358,3.41,2507,-1.3247076554312947,1.110211408057439
244326.756,3.41,2507,-1.3247076554312947,1.110211408057439
17298.381,3.41,2507,-1.3247076554312947,1.110211408057439
32691.623,3.41,2507,-1.3247076554312947,1.110211408057439
215.992,3.41,2507,-1.3247076554312947,1.110211408057439
18626.327,3.41,2507,-1.3247076554312947,1.110211408057439
150.0,3.41,2507,-1.3247076554312947,1.110211408057439
49.99,3.41,2507,-1.3247076554312947,1.110211408057439
4089583.383,3.41,2507,-1.3247076554312947,1.110211408057439
20947.63,3.41,2507,-1.3247076554312947,1.110211408057439
23630497.413,3.41,2507,-1.3247076554312947,1.110211408057439
16690.031,3.41,2507,-1.3247076554312947,1.110211408057439
1163003194.693,3.41,2507,-1.3247076554312947,1.110211408057439
18895.686,3.41,2507,-1.3247076554312947,1.110211408057439
136328.339,3.41,2507,-1.3247076554312947,1.110211408057439
12450.01,3.41,2507,-1.3247076554312947,1.110211408057439
86824.213,3.41,2507,-1.3247076554312947,1.110211408057439
6726.456,3.41,2507,-1.3247076554312947,1.110211408057439
17397.413,3.41,2507,-1.3247076554312947,1.110211408057439
723066352.28,3.41,2507,-1.3247076554312947,1.110211408057439
80.011,3.41,2507,-1.3247076554312947,1.110211408057439
404.24,3.41,2507,-1.3247076554312947,1.110211408057439
9383.994,3.41,2507,-1.3247076554312947,1.110211408057439
3329106.72,3.41,2507,-1.3247076554312947,1.110211408057439
35129.921,3.41,2507,-1.3247076554312947,1.110211408057439
1004920.82,3.41,2507,-1.3247076554312947,1.110211408057439
298.163,3.41,2507,-1.3247076554312947,1.110211408057439
8540.104,3.41,2507,-1.3247076554312947,1.110211408057439
650.528,3.41,2507,-1.3247076554312947,1.110211408057439
221335.042,3.41,2507,-1.3247076554312947,1.110211408057439
2480.967,3.41,2507,-1.3247076554312947,1.110211408057439
258639005.894,3.41,2507,-1.3247076554312947,1.110211408057439
1278.531,3.41,2507,-1.3247076554312947,1.110211408057439
59.995,3.41,2507,-1.3247076554312947,1.110211408057439
1023646.354,3.41,2507,-1.3247076554312947,1.110211408057439
99476.318,3.41,2507,-1.3247076554312947,1.110211408057439
344517609.204,3.41,2507,-1.3247076554312947,1.110211408057439
72068.644,3.41,2507,-1.3247076554312947,1.110211408057439
7514.388,3.41,2507,-1.3247076554312947,1.110211408057439
1150.381,3.41,2507,-1.3247076554312947,1.110211408057439
2400.25,3.41,2507,-1.3247076554312947,1.110211408057439
16.127,3.41,2507,-1.3247076554312947,1.110211408057439
53653.241,3.41,2507,-1.3247076554312947,1.110211408057439
723.297,3.41,2507,-1.3247076554312947,1.110211408057439
8811.168,3.41,2507,-1.3247076554312947,1.110211408057439
9477.075,3.41,2507,-1.3247076554312947,1.110211408057439
98.437,3.41,2507,-1.3247076554312947,1.110211408057439
200.006,3.41,2507,-1.3247076554312947,1.110211408057439
19692.909,3.41,2507,-1.3247076554312947,1.110211408057439
4075032.032,3.41,2507,-1.3247076554312947,1.110211408057439
30027.537,3.41,2507,-1.3247076554312947,1.110211408057439
56012.927,3.41,2507,-1.3247076554312947,1.110211408057439
15.376,3.41,2507,-1.3247076554312947,1.110211408057439
8680318004.634,3.41,2507,-1.3247076554312947,1.110211408057439
174098.868,3.41,2507,-1.3247076554312947,1.110211408057439
176899307.165,3.41,2507,-1.3247076554312947,1.110211408057439
1254839.742,3.41,2507,-1.3247076554312947,1.110211408057439
432.215,3.41,2507,-1.3247076554312947,1.110211408057439
411962421.119,3.41,2507,-1.3247076554312947,1.110211408057439
312608766.442,3.41,2507,-1.3247076554312947,1.110211408057439
208232.385,3.41,2507,-1.3247076554312947,1.110211408057439
7560061.769,3.41,2507,-1.3247076554312947,1.110211408057439
23072.949,3.41,2507,-1.3247076554312947,1.110211408057439
16728.617,3.41,2507,-1.3247076554312947,1.110211408057439
1580487.363,3.41,2507,-1.3247076554312947,1.110211408057439
66784.695,3.41,2507,-1.3247076554312947,1.110211408057439
14204767.198,3.41,2507,-1.3247076554312947,1.110211408057439
18338.025,3.41,2507,-1.3247076554312947,1.110211408057439
516370.176,3.41,2507,-1.3247076554312947,1.110211408057439
3352940.282,3.41,2507,-1.3247076554312947,1.110211408057439
841935.501,3.41,2507,-1.3247076554312947,1.110211408057439
39.992,3.41,2507,-1.3247076554312947,1.110211408057439
94717.114,3.41,2507,-1.3247076554312947,1.110211408057439
16.127,3.41,2507,-1.3247076554312947,1.110211408057439
4506382.872,3.41,2507,-1.3247076554312947,1.110211408057439
8661.165,3.41,2507,-1.3247076554312947,1.110211408057439
21447.934,3.41,2507,-1.3247076554312947,1.110211408057439
2166675.987,3.41,2507,-1.3247076554312947,1.110211408057439
5.457,3.41,2507,-1.3247076554312947,1.110211408057439
120351.473,3.41,2507,-1.3247076554312947,1.110211408057439
207352.095,3.41,2507,-1.3247076554312947,1.110211408057439
1484532.227,3.41,2507,-1.3247076554312947,1.110211408057439
7433287.34,3.41,2507,-1.3247076554312947,1.110211408057439
4411408.613,3.41,2507,-1.3247076554312947,1.110211408057439
95813.935,3.41,2507,-1.3247076554312947,1.110211408057439
711122.493,3.41,2507,-1.3247076554312947,1.110211408057439
20019.299,3.41,2507,-1.3247076554312947,1.110211408057439
13776.109,3.41,2507,-1.3247076554312947,1.110211408057439
150.004,3.41,2507,-1.3247076554312947,1.110211408057439
5158865.286,3.41,2507,-1.3247076554312947,1.110211408057439
50845.632,3.41,2507,-1.3247076554312947,1.110211408057439
2166675.987,3.41,2507,-1.3247076554312947,1.110211408057439
9383.994,3.41,2507,-1.3247076554312947,1.110211408057439
36793.43,3.41,2507,-1.3247076554312947,1.110211408057439
7679.646,3.41,2507,-1.3247076554312947,1.110211408057439
6922.779,3.41,2507,-1.3247076554312947,1.110211408057439
4668.099,3.41,2507,-1.3247076554312947,1.110211408057439
803.109,3.41,2507,-1.3247076554312947,1.110211408057439
2664.081,3.41,2507,-1.3247076554312947,1.110211408057439
1246.233,3.41,2507,-1.3247076554312947,1.110211408057439
98.437,3.41,2507,-1.3247076554312947,1.110211408057439
19023680.891,3.41,2507,-1.3247076554312947,1.110211408057439
664.607,3.41,2507,-1.3247076554312947,1.110211408057439
316436.413,3.41,2507,-1.3247076554312947,1.110211408057439
14634.438,3.41,2507,-1.3247076554312947,1.110211408057439
4568514.566,3.41,2507,-1.3247076554312947,1.110211408057439
2494301.765,3.41,2507,-1.3247076554312947,1.110211408057439
449.995,3.41,2507,-1.3247076554312947,1.110211408057439
190053.713,3.41,2507,-1.3247076554312947,1.110211408057439
92690.531,3.41,2507,-1.3247076554312947,1.110211408057439
710882.481,3.41,2507,-1.3247076554312947,1.110211408057439
422068.922,3.41,2507,-1.3247076554312947,1.110211408057439
7679.646,3.41,2507,-1.3247076554312947,1.110211408057439
12450.01,3.41,2507,-1.3247076554312947,1.110211408057439
341.412,3.41,2507,-1.3247076554312947,1.110211408057439
2400.25,3.41,2507,-1.3247076554312947,1.110211408057439
1150.381,3.41,2507,-1.3247076554312947,1.110211408057439
840.383,3.41,2507,-1.3247076554312947,1.110211408057439
1661164.925,3.41,2507,-1.3247076554312947,1.110211408057439
72068.644,3.41,2507,-1.3247076554312947,1.110211408057439
93190.531,3.41,2507,-1.3247076554312947,1.110211408057439
186589984.594,3.41,2507,-1.3247076554312947,1.110211408057439
18119287.549,3.41,2507,-1.3247076554312947,1.110211408057439
39.992,3.41,2507,-1.3247076554312947,1.110211408057439
760696.933,3.41,2507,-1.3247076554312947,1.110211408057439
25310.826,3.41,2507,-1.3247076554312947,1.110211408057439
25.001,3.41,2507,-1.3247076554312947,1.110211408057439
5368.081,3.41,2507,-1.3247076554312947,1.110211408057439
943.248,3.41,2507,-1.3247076554312947,1.110211408057439
850.017,3.41,2507,-1.3247076554312947,1.110211408057439
997.529,3.41,2507,-1.3247076554312947,1.110211408057439
14373824777.507,3.41,2507,-1.3247076554312947,1.110211408057439
2664.081,3.41,2507,-1.3247076554312947,1.110211408057439
270.365,3.41,2507,-1.3247076554312947,1.110211408057439
2925505.586,3.41,2507,-1.3247076554312947,1.110211408057439
5967.146,3.41,2507,-1.3247076554312947,1.110211408057439
17466.165,3.41,2507,-1.3247076554312947,1.110211408057439
3499.999,3.41,2507,-1.3247076554312947,1.110211408057439
6731.335,3.41,2507,-1.3247076554312947,1.110211408057439
812.517,3.41,2507,-1.3247076554312947,1.110211408057439
505.542,3.41,2507,-1.3247076554312947,1.110211408057439
1195.243,3.41,2507,-1.3247076554312947,1.110211408057439
1293629.034,3.41,2507,-1.3247076554312947,1.110211408057439
184.986,3.41,2507,-1.3247076554312947,1.110211408057439
414.539,3.41,2507,-1.3247076554312947,1.110211408057439
1064.258,3.41,2507,-1.3247076554312947,1.110211408057439
10841.545,3.41,2507,-1.3247076554312947,1.110211408057439
35675.967,3.41,2507,-1.3247076554312947,1.110211408057439
568.024,3.41,2507,-1.3247076554312947,1.110211408057439
337949.003,3.41,2507,-1.3247076554312947,1.110211408057439
30760.436,3.41,2507,-1.3247076554312947,1.110211408057439
14927198.426,3.41,2507,-1.3247076554312947,1.110211408057439
1099.992,3.41,2507,-1.3247076554312947,1.110211408057439
260496.372,3.41,2507,-1.3247076554312947,1.110211408057439
721.053,3.41,2507,-1.3247076554312947,1.110211408057439
3004.539,3.41,2507,-1.3247076554312947,1.110211408057439
350.003,3.41,2507,-1.3247076554312947,1.110211408057439
2769.231,3.41,2507,-1.3247076554312947,1.110211408057439
33168.072,3.41,2507,-1.3247076554312947,1.110211408057439
41433.301,3.41,2507,-1.3247076554312947,1.110211408057439
8417.969,3.41,2507,-1.3247076554312947,1.110211408057439
172276.457,3.41,2507,-1.3247076554312947,1.110211408057439
310254.716,3.41,2507,-1.3247076554312947,1.110211408057439
356514.199,3.41,2507,-1.3247076554312947,1.110211408057439
29.991,3.41,2507,-1.3247076554312947,1.110211408057439
588785.193,3.41,2507,-1.3247076554312947,1.110211408057439
4200.023,3.41,2507,-1.3247076554312947,1.110211408057439
5568938.143,3.41,2507,-1.3247076554312947,1.110211408057439
651862.488,3.41,2507,-1.3247076554312947,1.110211408057439
14605.342,3.41,2507,-1.3247076554312947,1.110211408057439
5268425.305,3.41,2507,-1.3247076554312947,1.110211408057439
190754.988,3.41,2507,-1.3247076554312947,1.110211408057439
8733.879,3.41,2507,-1.3247076554312947,1.110211408057439
35175.979,3.41,2507,-1.3247076554312947,1.110211408057439
5711.423,3.41,2507,-1.3247076554312947,1.110211408057439
400.003,3.41,2507,-1.3247076554312947,1.110211408057439
5471.74,3.41,2507,-1.3247076554312947,1.110211408057439
12961157.372,3.41,2507,-1.3247076554312947,1.110211408057439
948966157.108,3.41,2507,-1.3247076554312947,1.110211408057439
25262.75,3.41,2507,-1.3247076554312947,1.110211408057439
1807914190.947,3.41,2507,-1.3247076554312947,1.110211408057439
335562315.783,3.41,2507,-1.3247076554312947,1.110211408057439
54.937,3.41,2507,-1.3247076554312947,1.110211408057439
5.163,3.41,2507,-1.3247076554312947,1.110211408057439
14847.237,3.41,2507,-1.3247076554312947,1.110211408057439
721.053,3.41,2507,-1.3247076554312947,1.110211408057439
574.015,3.41,2507,-1.3247076554312947,1.110211408057439
505663.009,3.41,2507,-1.3247076554312947,1.110211408057439
833.322,3.41,2507,-1.3247076554312947,1.110211408057439
86910.793,3.41,2507,-1.3247076554312947,1.110211408057439
38770.08,3.41,2507,-1.3247076554312947,1.110211408057439
15852.179,3.41,2507,-1.3247076554312947,1.110211408057439
3260.738,3.41,2507,-1.3247076554312947,1.110211408057439
6247.079,3.41,2507,-1.3247076554312947,1.110211408057439
568.024,3.41,2507,-1.3247076554312947,1.110211408057439
4200.023,3.41,2507,-1.3247076554312947,1.110211408057439
82374.114,3.41,2507,-1.3247076554312947,1.110211408057439
818571.716,3.41,2507,-1.3247076554312947,1.110211408057439
377485.143,3.41,2507,-1.3247076554312947,1.110211408057439
277685.938,3.41,2507,-1.3247076554312947,1.110211408057439
44801.077,3.41,2507,-1.3247076554312947,1.110211408057439
971669.336,3.41,2507,-1.3247076554312947,1.110211408057439
3126.469,3.41,2507,-1.3247076554312947,1.110211408057439
40.0,3.41,2507,-1.3247076554312947,1.110211408057439
240.021,3.41,2507,-1.3247076554312947,1.110211408057439
396369.307,3.41,2507,-1.3247076554312947,1.110211408057439
471.996,3.41,2507,-1.3247076554312947,1.110211408057439
400.004,3.41,2507,-1.3247076554312947,1.110211408057439
1664406.474,3.41,2507,-1.3247076554312947,1.110211408057439
3220.936,3.41,2507,-1.3247076554312947,1.110211408057439
35232172.411,3.41,2507,-1.3247076554312947,1.110211408057439
19581095.208,3.41,2507,-1.3247076554312947,1.110211408057439
499.999,3.41,2507,-1.3247076554312947,1.110211408057439
99512690.043,3.41,2507,-1.3247076554312947,1.110211408057439
125088.095,3.41,2507,-1.3247076554312947,1.110211408057439
1441369.376,3.41,2507,-1.3247076554312947,1.110211408057439
6639235954.767,3.41,2507,-1.3247076554312947,1.110211408057439
106750.843,3.41,2507,-1.3247076554312947,1.110211408057439
3252.012,3.41,2507,-1.3247076554312947,1.110211408057439
343.568,3.41,2507,-1.3247076554312947,1.110211408057439
10238.305,3.41,2507,-1.3247076554312947,1.110211408057439
1423021.464,3.41,2507,-1.3247076554312947,1.110211408057439
990508417.487,3.41,2507,-1.3247076554312947,1.110211408057439
833855305.039,3.41,2507,-1.3247076554312947,1.110211408057439
3113121.004,3.41,2507,-1.3247076554312947,1.110211408057439
2079.624,3.41,2507,-1.3247076554312947,1.110211408057439
8045.344,3.41,2507,-1.3247076554312947,1.110211408057439
1017946.623,3.41,2507,-1.3247076554312947,1.110211408057439
780.852,3.41,2507,-1.3247076554312947,1.110211408057439
105.854,3.41,2507,-1.3247076554312947,1.110211408057439
1052.429,3.41,2507,-1.3247076554312947,1.110211408057439
77979.996,3.41,2507,-1.3247076554312947,1.110211408057439
936.182,3.41,2507,-1.3247076554312947,1.110211408057439
17253.587,3.41,2507,-1.3247076554312947,1.110211408057439
65337.701,3.41,2507,-1.3247076554312947,1.110211408057439
28666527.127,3.41,2507,-1.3247076554312947,1.110211408057439
77979.996,3.41,2507,-1.3247076554312947,1.110211408057439
3456.039,3.41,2507,-1.3247076554312947,1.110211408057439
38.145,3.41,2507,-1.3247076554312947,1.110211408057439
52842894.923,3.41,2507,-1.3247076554312947,1.110211408057439
804865.677,3.41,2507,-1.3247076554312947,1.110211408057439
695.203,3.41,2507,-1.3247076554312947,1.110211408057439
40.0,3.41,2507,-1.3247076554312947,1.110211408057439
150.008,3.41,2507,-1.3247076554312947,1.110211408057439
661088.558,3.41,2507,-1.3247076554312947,1.110211408057439
156007245.795,3.41,2507,-1.3247076554312947,1.110211408057439
3607.586,3.41,2507,-1.3247076554312947,1.110211408057439
1750.706,3.41,2507,-1.3247076554312947,1.110211408057439
1873900.568,3.41,2507,-1.3247076554312947,1.110211408057439
41833.754,3.41,2507,-1.3247076554312947,1.110211408057439
2766.559,3.41,2507,-1.3247076554312947,1.110211408057439
727087884.019,3.41,2507,-1.3247076554312947,1.110211408057439
3541.491,3.41,2507,-1.3247076554312947,1.110211408057439
2769.231,3.41,2507,-1.3247076554312947,1.110211408057439
7403.404,3.41,2507,-1.3247076554312947,1.110211408057439
1999.995,3.41,2507,-1.3247076554312947,1.110211408057439
10841.545,3.41,2507,-1.3247076554312947,1.110211408057439
83150.126,3.41,2507,-1.3247076554312947,1.110211408057439
1966817.394,3.41,2507,-1.3247076554312947,1.110211408057439
23224.208,3.41,2507,-1.3247076554312947,1.110211408057439
666845.423,3.41,2507,-1.3247076554312947,1.110211408057439
653375.928,3.41,2507,-1.3247076554312947,1.110211408057439
639340.504,3.41,2507,-1.3247076554312947,1.110211408057439
400.003,3.41,2507,-1.3247076554312947,1.110211408057439
3260.738,3.41,2507,-1.3247076554312947,1.110211408057439
42075.749,3.41,2507,-1.3247076554312947,1.110211408057439
3315.079,3.41,2507,-1.3247076554312947,1.110211408057439
2668055407.642,3.41,2507,-1.3247076554312947,1.110211408057439
29278.16,3.41,2507,-1.3247076554312947,1.110211408057439
62479247.548,3.41,2507,-1.3247076554312947,1.110211408057439
1796251.281,3.41,2507,-1.3247076554312947,1.110211408057439
1122.023,3.41,2507,-1.3247076554312947,1.110211408057439
150.001,3.41,2507,-1.3247076554312947,1.110211408057439
2081.002,3.41,2507,-1.3247076554312947,1.110211408057439
2255.47,3.41,2507,-1.3247076554312947,1.110211408057439
192.098,3.41,2507,-1.3247076554312947,1.110211408057439
4372.259,3.41,2507,-1.3247076554312947,1.110211408057439
38348.656,3.41,2507,-1.3247076554312947,1.110211408057439
3036.322,3.41,2507,-1.3247076554312947,1.110211408057439
328.178,3.41,2507,-1.3247076554312947,1.110211408057439
364.657,3.41,2507,-1.3247076554312947,1.110211408057439
171.423,3.41,2507,-1.3247076554312947,1.110211408057439
118.428,3.41,2507,-1.3247076554312947,1.110211408057439
73.289,3.41,2507,-1.3247076554312947,1.110211408057439
400.024,3.41,2507,-1.3247076554312947,1.110211408057439
1335980867.993,3.41,2507,-1.3247076554312947,1.110211408057439
499.988,3.41,2507,-1.3247076554312947,1.110211408057439
8367.954,3.41,2507,-1.3247076554312947,1.110211408057439
30.465,3.41,2507,-1.3247076554312947,1.110211408057439
1620.152,3.41,2507,-1.3247076554312947,1.110211408057439
10944.507,3.41,2507,-1.3247076554312947,1.110211408057439
27105766.809,3.41,2507,-1.3247076554312947,1.110211408057439
306421.315,3.41,2507,-1.3247076554312947,1.110211408057439
125088.095,3.41,2507,-1.3247076554312947,1.110211408057439
9.999,3.41,2507,-1.3247076554312947,1.110211408057439
201603225.022,3.41,2507,-1.3247076554312947,1.110211408057439
1423903.211,3.41,2507,-1.3247076554312947,1.110211408057439
12944.72,3.41,2507,-1.3247076554312947,1.110211408057439
499.999,3.41,2507,-1.3247076554312947,1.110211408057439
356364.191,3.41,2507,-1.3247076554312947,1.110211408057439
628378.64,3.41,2507,-1.3247076554312947,1.110211408057439
414.539,3.41,2507,-1.3247076554312947,1.110211408057439
3495335686.015,3.41,2507,-1.3247076554312947,1.110211408057439
22984.186,3.41,2507,-1.3247076554312947,1.110211408057439
1349.997,3.41,2507,-1.3247076554312947,1.110211408057439
55213.855,3.41,2507,-1.3247076554312947,1.110211408057439
41975.748,3.41,2507,-1.3247076554312947,1.110211408057439
66079.145,3.41,2507,-1.3247076554312947,1.110211408057439
350.003,3.41,2507,-1.3247076554312947,1.110211408057439
23183.897,3.41,2507,-1.3247076554312947,1.110211408057439
11949.477,3.41,2507,-1.3247076554312947,1.110211408057439
9.999,3.41,2507,-1.3247076554312947,1.110211408057439
46551.783,3.41,2507,-1.3247076554312947,1.110211408057439
28401.508,3.41,2507,-1.3247076554312947,1.110211408057439
41833.754,3.41,2507,-1.3247076554312947,1.110211408057439
62957.993,3.41,2507,-1.3247076554312947,1.110211408057439
3492879713.715,3.41,2507,-1.3247076554312947,1.110211408057439
15520865.755,3.41,2507,-1.3247076554312947,1.110211408057439
3526.473,3.41,2507,-1.3247076554312947,1.110211408057439
383196.566,3.41,2507,-1.3247076554312947,1.110211408057439
2872.413,3.41,2507,-1.3247076554312947,1.110211408057439
15852.179,3.41,2507,-1.3247076554312947,1.110211408057439
8733.879,3.41,2507,-1.3247076554312947,1.110211408057439
318.762,3.41,2507,-1.3247076554312947,1.110211408057439
1894.745,3.41,2507,-1.3247076554312947,1.110211408057439
353.429,3.41,2507,-1.3247076554312947,1.110211408057439
3499.999,3.41,2507,-1.3247076554312947,1.110211408057439
26829.521,3.41,2507,-1.3247076554312947,1.110211408057439
4189.985,3.41,2507,-1.3247076554312947,1.110211408057439
10606.448,3.41,2507,-1.3247076554312947,1.110211408057439
75532573.939,3.41,2507,-1.3247076554312947,1.110211408057439
1173050.888,3.41,2507,-1.3247076554312947,1.110211408057439
3398.996,3.41,2507,-1.3247076554312947,1.110211408057439
3456.039,3.41,2507,-1.3247076554312947,1.110211408057439
20256.475,3.41,2507,-1.3247076554312947,1.110211408057439
936.182,3.41,2507,-1.3247076554312947,1.110211408057439
527.258,3.41,2507,-1.3247076554312947,1.110211408057439
150.001,3.41,2507,-1.3247076554312947,1.110211408057439
37.769,3.41,2507,-1.3247076554312947,1.110211408057439
5.316,3.41,2507,-1.3247076554312947,1.110211408057439
118.127,3.41,2507,-1.3247076554312947,1.110211408057439
5209.811,3.41,2507,-1.3247076554312947,1.110211408057439
645866.653,3.41,2507,-1.3247076554312947,1.110211408057439
14184202.965,3.41,2507,-1.3247076554312947,1.110211408057439
190.014,3.41,2507,-1.3247076554312947,1.110211408057439
150.001,3.41,2507,-1.3247076554312947,1.110211408057439
2479256.994,3.41,2507,-1.3247076554312947,1.110211408057439
404459.091,3.41,2507,-1.3247076554312947,1.110211408057439
2581546.686,3.41,2507,-1.3247076554312947,1.110211408057439
26829.521,3.41,2507,-1.3247076554312947,1.110211408057439
33168.072,3.41,2507,-1.3247076554312947,1.110211408057439
343.568,3.41,2507,-1.3247076554312947,1.110211408057439
3315.079,3.41,2507,-1.3247076554312947,1.110211408057439
27166.335,3.41,2507,-1.3247076554312947,1.110211408057439
459.874,3.41,2507,-1.3247076554312947,1.110211408057439
172276.457,3.41,2507,-1.3247076554312947,1.110211408057439
54857.712,3.41,2507,-1.3247076554312947,1.110211408057439
128.458,3.41,2507,-1.3247076554312947,1.110211408057439
3599566.598,3.41,2507,-1.3247076554312947,1.110211408057439
17283530.492,3.41,2507,-1.3247076554312947,1.110211408057439
886446512.682,3.41,2507,-1.3247076554312947,1.110211408057439
336717.541,3.41,2507,-1.3247076554312947,1.110211408057439
40625.864,3.41,2507,-1.3247076554312947,1.110211408057439
55389.676,3.41,2507,-1.3247076554312947,1.110211408057439
20861.173,3.41,2507,-1.3247076554312947,1.110211408057439
5471.74,3.41,2507,-1.3247076554312947,1.110211408057439
77023.652,3.41,2507,-1.3247076554312947,1.110211408057439
1999.995,3.41,2507,-1.3247076554312947,1.110211408057439
6136.721,3.41,2507,-1.3247076554312947,1.110211408057439
15944.658,3.41,2507,-1.3247076554312947,1.110211408057439
128.458,3.41,2507,-1.3247076554312947,1.110211408057439
11444.972,3.41,2507,-1.3247076554312947,1.110211408057439
6731.335,3.41,2507,-1.3247076554312947,1.110211408057439
2295904189.888,3.41,2507,-1.3247076554312947,1.110211408057439
7946125746.341,3.41,2507,-1.3247076554312947,1.110211408057439
192.098,3.41,2507,-1.3247076554312947,1.110211408057439
1173050.888,3.41,2507,-1.3247076554312947,1.110211408057439
5898.996,3.41,2507,-1.3247076554312947,1.110211408057439
260496.372,3.41,2507,-1.3247076554312947,1.110211408057439
73056.783,3.41,2507,-1.3247076554312947,1.110211408057439
2500.0,3.41,2507,-1.3247076554312947,1.110211408057439
124466.13,3.41,2507,-1.3247076554312947,1.110211408057439
3833.401,3.41,2507,-1.3247076554312947,1.110211408057439
247365.252,3.41,2507,-1.3247076554312947,1.110211408057439
527.258,3.41,2507,-1.3247076554312947,1.110211408057439
14324.506,3.41,2507,-1.3247076554312947,1.110211408057439
50.014,3.41,2507,-1.3247076554312947,1.110211408057439
6527.726,3.41,2507,-1.3247076554312947,1.110211408057439
1143.761,3.41,2507,-1.3247076554312947,1.110211408057439
464832.566,3.41,2507,-1.3247076554312947,1.110211408057439
11949.477,3.41,2507,-1.3247076554312947,1.110211408057439
24127.886,3.41,2507,-1.3247076554312947,1.110211408057439
3541.491,3.41,2507,-1.3247076554312947,1.110211408057439
695.203,3.41,2507,-1.3247076554312947,1.110211408057439
19539.749,3.41,2507,-1.3247076554312947,1.110211408057439
459.874,3.41,2507,-1.3247076554312947,1.110211408057439
14630.061,3.41,2507,-1.3247076554312947,1.110211408057439
1991549.528,3.41,2507,-1.3247076554312947,1.110211408057439
12984.72,3.41,2507,-1.3247076554312947,1.110211408057439
15543365.155,3.41,2507,-1.3247076554312947,1.110211408057439
632502.706,3.41,2507,-1.3247076554312947,1.110211408057439
29.991,3.41,2507,-1.3247076554312947,1.110211408057439
1985097.644,3.41,2507,-1.3247076554312947,1.110211408057439
1343319.879,3.41,2507,-1.3247076554312947,1.110211408057439
550.493,3.41,2507,-1.3247076554312947,1.110211408057439
37174711.935,3.41,2507,-1.3247076554312947,1.110211408057439
3252.012,3.41,2507,-1.3247076554312947,1.110211408057439
11444.972,3.41,2507,-1.3247076554312947,1.110211408057439
74.053,3.41,2507,-1.3247076554312947,1.110211408057439
1894.745,3.41,2507,-1.3247076554312947,1.110211408057439
19539.749,3.41,2507,-1.3247076554312947,1.110211408057439
463780.137,3.41,2507,-1.3247076554312947,1.110211408057439
1064.258,3.41,2507,-1.3247076554312947,1.110211408057439
318.762,3.41,2507,-1.3247076554312947,1.110211408057439
324.141,3.41,2507,-1.3247076554312947,1.110211408057439
158819821.081,3.41,2507,-1.3247076554312947,1.110211408057439
1482.276,3.41,2507,-1.3247076554312947,1.110211408057439
840.149,3.41,2507,-1.3247076554312947,1.110211408057439
347705.211,3.41,2507,-1.3247076554312947,1.110211408057439
75758.864,3.41,2507,-1.3247076554312947,1.110211408057439
537685.559,3.41,2507,-1.3247076554312947,1.110211408057439
1446.302,3.41,2507,-1.3247076554312947,1.110211408057439
38.887,3.41,2507,-1.3247076554312947,1.110211408057439
218814.668,3.41,2507,-1.3247076554312947,1.110211408057439
12910095950.319,3.41,2507,-1.3247076554312947,1.110211408057439
2081.002,3.41,2507,-1.3247076554312947,1.110211408057439
790.887,3.41,2507,-1.3247076554312947,1.110211408057439
1282596.276,3.41,2507,-1.3247076554312947,1.110211408057439
375689.99,3.41,2507,-1.3247076554312947,1.110211408057439
2619.362,3.41,2507,-1.3247076554312947,1.110211408057439
1282596.276,3.41,2507,-1.3247076554312947,1.110211408057439
1164.777,3.41,2507,-1.3247076554312947,1.110211408057439
10.172,3.41,2507,-1.3247076554312947,1.110211408057439
27008.901,3.41,2507,-1.3247076554312947,1.110211408057439
175.821,3.41,2507,-1.3247076554312947,1.110211408057439
24938.509,3.41,2507,-1.3247076554312947,1.110211408057439
200.002,3.41,2507,-1.3247076554312947,1.110211408057439
471.986,3.41,2507,-1.3247076554312947,1.110211408057439
13796.166,3.41,2507,-1.3247076554312947,1.110211408057439
49.993,3.41,2507,-1.3247076554312947,1.110211408057439
87.799,3.41,2507,-1.3247076554312947,1.110211408057439
1309653.889,3.41,2507,-1.3247076554312947,1.110211408057439
336527.527,3.41,2507,-1.3247076554312947,1.110211408057439
15682.192,3.41,2507,-1.3247076554312947,1.110211408057439
2915.786,3.41,2507,-1.3247076554312947,1.110211408057439
26496.52,3.41,2507,-1.3247076554312947,1.110211408057439
40961.315,3.41,2507,-1.3247076554312947,1.110211408057439
256925382.254,3.41,2507,-1.3247076554312947,1.110211408057439
972141.332,3.41,2507,-1.3247076554312947,1.110211408057439
840.149,3.41,2507,-1.3247076554312947,1.110211408057439
587124.295,3.41,2507,-1.3247076554312947,1.110211408057439
6247.079,3.41,2507,-1.3247076554312947,1.110211408057439
7403.404,3.41,2507,-1.3247076554312947,1.110211408057439
364.141,3.41,2507,-1.3247076554312947,1.110211408057439
608027.902,3.41,2507,-1.3247076554312947,1.110211408057439
339285002.46,3.41,2507,-1.3247076554312947,1.110211408057439
1099.992,3.41,2507,-1.3247076554312947,1.110211408057439
833.322,3.41,2507,-1.3247076554312947,1.110211408057439
2619.362,3.41,2507,-1.3247076554312947,1.110211408057439
14992536.127,3.41,2507,-1.3247076554312947,1.110211408057439
349.997,3.41,2507,-1.3247076554312947,1.110211408057439
328.178,3.41,2507,-1.3247076554312947,1.110211408057439
364.657,3.41,2507,-1.3247076554312947,1.110211408057439
2954.546,3.41,2507,-1.3247076554312947,1.110211408057439
14273.222,3.41,2507,-1.3247076554312947,1.110211408057439
16416856.472,3.41,2507,-1.3247076554312947,1.110211408057439
5134.85,3.41,2507,-1.3247076554312947,1.110211408057439
1143.761,3.41,2507,-1.3247076554312947,1.110211408057439
633785.074,3.41,2507,-1.3247076554312947,1.110211408057439
505.542,3.41,2507,-1.3247076554312947,1.110211408057439
1162.514,3.41,2507,-1.3247076554312947,1.110211408057439
38770.08,3.41,2507,-1.3247076554312947,1.110211408057439
74.053,3.41,2507,-1.3247076554312947,1.110211408057439
1349.997,3.41,2507,-1.3247076554312947,1.110211408057439
26496.52,3.41,2507,-1.3247076554312947,1.110211408057439
2.011,3.41,2507,-1.3247076554312947,1.110211408057439
1623437.392,3.41,2507,-1.3247076554312947,1.110211408057439
1469632.335,3.41,2507,-1.3247076554312947,1.110211408057439
35709.636,3.41,2507,-1.3247076554312947,1.110211408057439
2540988051.021,3.41,2507,-1.3247076554312947,1.110211408057439
34.984,3.41,2507,-1.3247076554312947,1.110211408057439
35709.636,3.41,2507,-1.3247076554312947,1.110211408057439
583650.343,3.41,2507,-1.3247076554312947,1.110211408057439
2.011,3.41,2507,-1.3247076554312947,1.110211408057439
51117.732,3.41,2507,-1.3247076554312947,1.110211408057439
353.429,3.41,2507,-1.3247076554312947,1.110211408057439
10038.303,3.41,2507,-1.3247076554312947,1.110211408057439
89.989,3.41,2507,-1.3247076554312947,1.110211408057439
943.989,3.41,2507,-1.3247076554312947,1.110211408057439
638790.011,3.41,2507,-1.3247076554312947,1.110211408057439
4099.995,3.41,2507,-1.3247076554312947,1.110211408057439
776.013,3.41,2507,-1.3247076554312947,1.110211408057439
275250.088,3.41,2507,-1.3247076554312947,1.110211408057439
92050.591,3.41,2507,-1.3247076554312947,1.110211408057439
38.145,3.41,2507,-1.3247076554312947,1.110211408057439
38.887,3.41,2507,-1.3247076554312947,1.110211408057439
317692.528,3.41,2507,-1.3247076554312947,1.110211408057439
3374971.294,3.41,2507,-1.3247076554312947,1.110211408057439
790.887,3.41,2507,-1.3247076554312947,1.110211408057439
14542.262,3.41,2507,-1.3247076554312947,1.110211408057439
100.0,3.41,2507,-1.3247076554312947,1.110211408057439
373191.672,3.41,2507,-1.3247076554312947,1.110211408057439
29805975.21,3.41,2507,-1.3247076554312947,1.110211408057439
389041.811,3.41,2507,-1.3247076554312947,1.110211408057439
40.927,3.41,2507,-1.3247076554312947,1.110211408057439
21258.821,3.41,2507,-1.3247076554312947,1.110211408057439
100.015,3.41,2507,-1.3247076554312947,1.110211408057439
56.049,3.41,2507,-1.3247076554312947,1.110211408057439
252736.491,3.41,2507,-1.3247076554312947,1.110211408057439
682989157.446,3.41,2507,-1.3247076554312947,1.110211408057439
152980.712,3.41,2507,-1.3247076554312947,1.110211408057439
200487700.228,3.41,2507,-1.3247076554312947,1.110211408057439
83044186.472,3.41,2507,-1.3247076554312947,1.110211408057439
30.002,3.41,2507,-1.3247076554312947,1.110211408057439
553.592,3.41,2507,-1.3247076554312947,1.110211408057439
174.999,3.41,2507,-1.3247076554312947,1.110211408057439
209.121,3.41,2507,-1.3247076554312947,1.110211408057439
40054.68,3.41,2507,-1.3247076554312947,1.110211408057439
357646054.909,3.41,2507,-1.3247076554312947,1.110211408057439
5.269,3.41,2507,-1.3247076554312947,1.110211408057439
37748.151,3.41,2507,-1.3247076554312947,1.110211408057439
1504403.907,3.41,2507,-1.3247076554312947,1.110211408057439
48734.399,3.41,2507,-1.3247076554312947,1.110211408057439
130.01,3.41,2507,-1.3247076554312947,1.110211408057439
1025.006,3.41,2507,-1.3247076554312947,1.110211408057439
40154.668,3.41,2507,-1.3247076554312947,1.110211408057439
2748476207.432,3.41,2507,-1.3247076554312947,1.110211408057439
541156.151,3.41,2507,-1.3247076554312947,1.110211408057439
256.029,3.41,2507,-1.3247076554312947,1.110211408057439
242.667,3.41,2507,-1.3247076554312947,1.110211408057439
5165.39,3.41,2507,-1.3247076554312947,1.110211408057439
200.011,3.41,2507,-1.3247076554312947,1.110211408057439
2318.518,3.41,2507,-1.3247076554312947,1.110211408057439
69785.525,3.41,2507,-1.3247076554312947,1.110211408057439
31.284,3.41,2507,-1.3247076554312947,1.110211408057439
6269.992,3.41,2507,-1.3247076554312947,1.110211408057439
30.266,3.41,2507,-1.3247076554312947,1.110211408057439
6701438.943,3.41,2507,-1.3247076554312947,1.110211408057439
2065583938.975,3.41,2507,-1.3247076554312947,1.110211408057439
20536035.661,3.41,2507,-1.3247076554312947,1.110211408057439
856.559,3.41,2507,-1.3247076554312947,1.110211408057439
4524.814,3.41,2507,-1.3247076554312947,1.110211408057439
92063.181,3.41,2507,-1.3247076554312947,1.110211408057439
179.998,3.41,2507,-1.3247076554312947,1.110211408057439
1059439.802,3.41,2507,-1.3247076554312947,1.110211408057439
25392966.032,3.41,2507,-1.3247076554312947,1.110211408057439
1838019.341,3.41,2507,-1.3247076554312947,1.110211408057439
630422.799,3.41,2507,-1.3247076554312947,1.110211408057439
102.362,3.41,2507,-1.3247076554312947,1.110211408057439
2021.45,3.41,2507,-1.3247076554312947,1.110211408057439
1079282.621,3.41,2507,-1.3247076554312947,1.110211408057439
658094.421,3.41,2507,-1.3247076554312947,1.110211408057439
541.989,3.41,2507,-1.3247076554312947,1.110211408057439
5670.545,3.41,2507,-1.3247076554312947,1.110211408057439
861943.75,3.41,2507,-1.3247076554312947,1.110211408057439
1089829.612,3.41,2507,-1.3247076554312947,1.110211408057439
856.559,3.41,2507,-1.3247076554312947,1.110211408057439
196871519.126,3.41,2507,-1.3247076554312947,1.110211408057439
18644657.364,3.41,2507,-1.3247076554312947,1.110211408057439
150482.129,3.41,2507,-1.3247076554312947,1.110211408057439
306874.374,3.41,2507,-1.3247076554312947,1.110211408057439
4702.751,3.41,2507,-1.3247076554312947,1.110211408057439
59642.211,3.41,2507,-1.3247076554312947,1.110211408057439
174662.957,3.41,2507,-1.3247076554312947,1.110211408057439
5733.357,3.41,2507,-1.3247076554312947,1.110211408057439
71.995,3.41,2507,-1.3247076554312947,1.110211408057439
40.009,3.41,2507,-1.3247076554312947,1.110211408057439
70.012,3.41,2507,-1.3247076554312947,1.110211408057439
44151.922,3.41,2507,-1.3247076554312947,1.110211408057439
553.592,3.41,2507,-1.3247076554312947,1.110211408057439
12273.602,3.41,2507,-1.3247076554312947,1.110211408057439
494.424,3.41,2507,-1.3247076554312947,1.110211408057439
5670.545,3.41,2507,-1.3247076554312947,1.110211408057439
174.999,3.41,2507,-1.3247076554312947,1.110211408057439
1698.608,3.41,2507,-1.3247076554312947,1.110211408057439
84.988,3.41,2507,-1.3247076554312947,1.110211408057439
233.321,3.41,2507,-1.3247076554312947,1.110211408057439
377088.809,3.41,2507,-1.3247076554312947,1.110211408057439
224.172,3.41,2507,-1.3247076554312947,1.110211408057439
9922.242,3.41,2507,-1.3247076554312947,1.110211408057439
4250.48,3.41,2507,-1.3247076554312947,1.110211408057439
505.75,3.41,2507,-1.3247076554312947,1.110211408057439
14096525.626,3.41,2507,-1.3247076554312947,1.110211408057439
155866.615,3.41,2507,-1.3247076554312947,1.110211408057439
18301.777,3.41,2507,-1.3247076554312947,1.110211408057439
1350.005,3.41,2507,-1.3247076554312947,1.110211408057439
1499.993,3.41,2507,-1.3247076554312947,1.110211408057439
4606.785,3.41,2507,-1.3247076554312947,1.110211408057439
8848.075,3.41,2507,-1.3247076554312947,1.110211408057439
4209.325,3.41,2507,-1.3247076554312947,1.110211408057439
4308990.511,3.41,2507,-1.3247076554312947,1.110211408057439
2173547465.614,3.41,2507,-1.3247076554312947,1.110211408057439
30842.177,3.41,2507,-1.3247076554312947,1.110211408057439
1701265280.211,3.41,2507,-1.3247076554312947,1.110211408057439
5.269,3.41,2507,-1.3247076554312947,1.110211408057439
21192168.336,3.41,2507,-1.3247076554312947,1.110211408057439
831543.379,3.41,2507,-1.3247076554312947,1.110211408057439
121423189.33,3.41,2507,-1.3247076554312947,1.110211408057439
474971.809,3.41,2507,-1.3247076554312947,1.110211408057439
3568217.989,3.41,2507,-1.3247076554312947,1.110211408057439
604540.722,3.41,2507,-1.3247076554312947,1.110211408057439
313.214,3.41,2507,-1.3247076554312947,1.110211408057439
48552.679,3.41,2507,-1.3247076554312947,1.110211408057439
42.6,3.41,2507,-1.3247076554312947,1.110211408057439
3542785.442,3.41,2507,-1.3247076554312947,1.110211408057439
103581274.711,3.41,2507,-1.3247076554312947,1.110211408057439
38841.963,3.41,2507,-1.3247076554312947,1.110211408057439
14945.91,3.41,2507,-1.3247076554312947,1.110211408057439
139.786,3.41,2507,-1.3247076554312947,1.110211408057439
3010.749,3.41,2507,-1.3247076554312947,1.110211408057439
2021.45,3.41,2507,-1.3247076554312947,1.110211408057439
5000.015,3.41,2507,-1.3247076554312947,1.110211408057439
4524.814,3.41,2507,-1.3247076554312947,1.110211408057439
92754.646,3.41,2507,-1.3247076554312947,1.110211408057439
37.986,3.41,2507,-1.3247076554312947,1.110211408057439
24176192.835,3.41,2507,-1.3247076554312947,1.110211408057439
10.001,3.41,2507,-1.3247076554312947,1.110211408057439
270657.948,3.41,2507,-1.3247076554312947,1.110211408057439
3900.479,3.41,2507,-1.3247076554312947,1.110211408057439
71417.514,3.41,2507,-1.3247076554312947,1.110211408057439
407.046,3.41,2507,-1.3247076554312947,1.110211408057439
3386.736,3.41,2507,-1.3247076554312947,1.110211408057439
790.002,3.41,2507,-1.3247076554312947,1.110211408057439
18301.777,3.41,2507,-1.3247076554312947,1.110211408057439
1350.005,3.41,2507,-1.3247076554312947,1.110211408057439
61437.484,3.41,2507,-1.3247076554312947,1.110211408057439
93.999,3.41,2507,-1.3247076554312947,1.110211408057439
1260.016,3.41,2507,-1.3247076554312947,1.110211408057439
21061.948,3.41,2507,-1.3247076554312947,1.110211408057439
602.03,3.41,2507,-1.3247076554312947,1.110211408057439
530968.857,3.41,2507,-1.3247076554312947,1.110211408057439
458.446,3.41,2507,-1.3247076554312947,1.110211408057439
306743.076,3.41,2507,-1.3247076554312947,1.110211408057439
1962059.757,3.41,2507,-1.3247076554312947,1.110211408057439
4702.751,3.41,2507,-1.3247076554312947,1.110211408057439
614026.564,3.41,2507,-1.3247076554312947,1.110211408057439
128015651.088,3.41,2507,-1.3247076554312947,1.110211408057439
5733.357,3.41,2507,-1.3247076554312947,1.110211408057439
71.995,3.41,2507,-1.3247076554312947,1.110211408057439
199.987,3.41,2507,-1.3247076554312947,1.110211408057439
99.992,3.41,2507,-1.3247076554312947,1.110211408057439
178.389,3.41,2507,-1.3247076554312947,1.110211408057439
36051.963,3.41,2507,-1.3247076554312947,1.110211408057439
134.078,3.41,2507,-1.3247076554312947,1.110211408057439
817706277.743,3.41,2507,-1.3247076554312947,1.110211408057439
56727.341,3.41,2507,-1.3247076554312947,1.110211408057439
458.446,3.41,2507,-1.3247076554312947,1.110211408057439
6673362.312,3.41,2507,-1.3247076554312947,1.110211408057439
614026.564,3.41,2507,-1.3247076554312947,1.110211408057439
2029937.919,3.41,2507,-1.3247076554312947,1.110211408057439
21061.948,3.41,2507,-1.3247076554312947,1.110211408057439
602.03,3.41,2507,-1.3247076554312947,1.110211408057439
430.014,3.41,2507,-1.3247076554312947,1.110211408057439
233470864.154,3.41,2507,-1.3247076554312947,1.110211408057439
119568.345,3.41,2507,-1.3247076554312947,1.110211408057439
402.003,3.41,2507,-1.3247076554312947,1.110211408057439
574.839,3.41,2507,-1.3247076554312947,1.110211408057439
291973.008,3.41,2507,-1.3247076554312947,1.110211408057439
99.988,3.41,2507,-1.3247076554312947,1.110211408057439
102226.701,3.41,2507,-1.3247076554312947,1.110211408057439
566837.376,3.41,2507,-1.3247076554312947,1.110211408057439
130.097,3.41,2507,-1.3247076554312947,1.110211408057439
2513.119,3.41,2507,-1.3247076554312947,1.110211408057439
878.959,3.41,2507,-1.3247076554312947,1.110211408057439
790.002,3.41,2507,-1.3247076554312947,1.110211408057439
3212.253,3.41,2507,-1.3247076554312947,1.110211408057439
102.951,3.41,2507,-1.3247076554312947,1.110211408057439
353288511.719,3.41,2507,-1.3247076554312947,1.110211408057439
96348580.117,3.41,2507,-1.3247076554312947,1.110211408057439
7730.221,3.41,2507,-1.3247076554312947,1.110211408057439
850176851.043,3.41,2507,-1.3247076554312947,1.110211408057439
57781.787,3.41,2507,-1.3247076554312947,1.110211408057439
33011.617,3.41,2507,-1.3247076554312947,1.110211408057439
3563816.678,3.41,2507,-1.3247076554312947,1.110211408057439
11383212.569,3.41,2507,-1.3247076554312947,1.110211408057439
468501.836,3.41,2507,-1.3247076554312947,1.110211408057439
1642364.291,3.41,2507,-1.3247076554312947,1.110211408057439
48833.594,3.41,2507,-1.3247076554312947,1.110211408057439
4369176.625,3.41,2507,-1.3247076554312947,1.110211408057439
1504179.735,3.41,2507,-1.3247076554312947,1.110211408057439
1238970.302,3.41,2507,-1.3247076554312947,1.110211408057439
37103.718,3.41,2507,-1.3247076554312947,1.110211408057439
171483.427,3.41,2507,-1.3247076554312947,1.110211408057439
76997.409,3.41,2507,-1.3247076554312947,1.110211408057439
1499.999,3.41,2507,-1.3247076554312947,1.110211408057439
16450.0,3.41,2507,-1.3247076554312947,1.110211408057439
14865.383,3.41,2507,-1.3247076554312947,1.110211408057439
41109.533,3.41,2507,-1.3247076554312947,1.110211408057439
40.009,3.41,2507,-1.3247076554312947,1.110211408057439
294.437,3.41,2507,-1.3247076554312947,1.110211408057439
16311.208,3.41,2507,-1.3247076554312947,1.110211408057439
204061468.029,3.41,2507,-1.3247076554312947,1.110211408057439
2687811012.274,3.41,2507,-1.3247076554312947,1.110211408057439
60616.425,3.41,2507,-1.3247076554312947,1.110211408057439
1244816.687,3.41,2507,-1.3247076554312947,1.110211408057439
1509.361,3.41,2507,-1.3247076554312947,1.110211408057439
41109.533,3.41,2507,-1.3247076554312947,1.110211408057439
455.877,3.41,2507,-1.3247076554312947,1.110211408057439
4209.325,3.41,2507,-1.3247076554312947,1.110211408057439
16311.208,3.41,2507,-1.3247076554312947,1.110211408057439
1637902227.0,3.41,2507,-1.3247076554312947,1.110211408057439
1177.177,3.41,2507,-1.3247076554312947,1.110211408057439
3179.53,3.41,2507,-1.3247076554312947,1.110211408057439
2318.518,3.41,2507,-1.3247076554312947,1.110211408057439
3212.253,3.41,2507,-1.3247076554312947,1.110211408057439
965.333,3.41,2507,-1.3247076554312947,1.110211408057439
7517.277,3.41,2507,-1.3247076554312947,1.110211408057439
637.235,3.41,2507,-1.3247076554312947,1.110211408057439
680.995,3.41,2507,-1.3247076554312947,1.110211408057439
380.01,3.41,2507,-1.3247076554312947,1.110211408057439
3386.736,3.41,2507,-1.3247076554312947,1.110211408057439
49090.499,3.41,2507,-1.3247076554312947,1.110211408057439
80.527,3.41,2507,-1.3247076554312947,1.110211408057439
126297921.485,3.41,2507,-1.3247076554312947,1.110211408057439
9951.122,3.41,2507,-1.3247076554312947,1.110211408057439
47058508.537,3.41,2507,-1.3247076554312947,1.110211408057439
15736358.57,3.41,2507,-1.3247076554312947,1.110211408057439
10546.991,3.41,2507,-1.3247076554312947,1.110211408057439
148921.553,3.41,2507,-1.3247076554312947,1.110211408057439
726.827,3.41,2507,-1.3247076554312947,1.110211408057439
52389.562,3.41,2507,-1.3247076554312947,1.110211408057439
1313323.183,3.41,2507,-1.3247076554312947,1.110211408057439
607960553.52,3.41,2507,-1.3247076554312947,1.110211408057439
730.287,3.41,2507,-1.3247076554312947,1.110211408057439
4752.688,3.41,2507,-1.3247076554312947,1.110211408057439
24459.895,3.41,2507,-1.3247076554312947,1.110211408057439
129942.311,3.41,2507,-1.3247076554312947,1.110211408057439
1060020.074,3.41,2507,-1.3247076554312947,1.110211408057439
534261.292,3.41,2507,-1.3247076554312947,1.110211408057439
531847.816,3.41,2507,-1.3247076554312947,1.110211408057439
1300045.215,3.41,2507,-1.3247076554312947,1.110211408057439
81845.211,3.41,2507,-1.3247076554312947,1.110211408057439
174258.455,3.41,2507,-1.3247076554312947,1.110211408057439
541.989,3.41,2507,-1.3247076554312947,1.110211408057439
99.992,3.41,2507,-1.3247076554312947,1.110211408057439
57781.787,3.41,2507,-1.3247076554312947,1.110211408057439
10.001,3.41,2507,-1.3247076554312947,1.110211408057439
415.903,3.41,2507,-1.3247076554312947,1.110211408057439
580.272,3.41,2507,-1.3247076554312947,1.110211408057439
2054611.642,3.41,2507,-1.3247076554312947,1.110211408057439
94871.595,3.41,2507,-1.3247076554312947,1.110211408057439
69785.525,3.41,2507,-1.3247076554312947,1.110211408057439
2212.702,3.41,2507,-1.3247076554312947,1.110211408057439
433.839,3.41,2507,-1.3247076554312947,1.110211408057439
4528.934,3.41,2507,-1.3247076554312947,1.110211408057439
10030.396,3.41,2507,-1.3247076554312947,1.110211408057439
40.203,3.41,2507,-1.3247076554312947,1.110211408057439
944.612,3.41,2507,-1.3247076554312947,1.110211408057439
823996.785,3.41,2507,-1.3247076554312947,1.110211408057439
1329.364,3.41,2507,-1.3247076554312947,1.110211408057439
5000.015,3.41,2507,-1.3247076554312947,1.110211408057439
39399.235,3.41,2507,-1.3247076554312947,1.110211408057439
2478.466,3.41,2507,-1.3247076554312947,1.110211408057439
8186.661,3.41,2507,-1.3247076554312947,1.110211408057439
129942.311,3.41,2507,-1.3247076554312947,1.110211408057439
37.986,3.41,2507,-1.3247076554312947,1.110211408057439
1025.006,3.41,2507,-1.3247076554312947,1.110211408057439
730.287,3.41,2507,-1.3247076554312947,1.110211408057439
9936.363,3.41,2507,-1.3247076554312947,1.110211408057439
92063.181,3.41,2507,-1.3247076554312947,1.110211408057439
2015004.215,3.41,2507,-1.3247076554312947,1.110211408057439
179.998,3.41,2507,-1.3247076554312947,1.110211408057439
51924.462,3.41,2507,-1.3247076554312947,1.110211408057439
3499.989,3.41,2507,-1.3247076554312947,1.110211408057439
16450.0,3.41,2507,-1.3247076554312947,1.110211408057439
658337.089,3.41,2507,-1.3247076554312947,1.110211408057439
140.977,3.41,2507,-1.3247076554312947,1.110211408057439
2025.028,3.41,2507,-1.3247076554312947,1.110211408057439
52944.458,3.41,2507,-1.3247076554312947,1.110211408057439
48125.167,3.41,2507,-1.3247076554312947,1.110211408057439
3263.667,3.41,2507,-1.3247076554312947,1.110211408057439
256.029,3.41,2507,-1.3247076554312947,1.110211408057439
392.571,3.41,2507,-1.3247076554312947,1.110211408057439
637.235,3.41,2507,-1.3247076554312947,1.110211408057439
1876608.347,3.41,2507,-1.3247076554312947,1.110211408057439
574.839,3.41,2507,-1.3247076554312947,1.110211408057439
179.998,3.41,2507,-1.3247076554312947,1.110211408057439
402.003,3.41,2507,-1.3247076554312947,1.110211408057439
764.999,3.41,2507,-1.3247076554312947,1.110211408057439
139.786,3.41,2507,-1.3247076554312947,1.110211408057439
51746.074,3.41,2507,-1.3247076554312947,1.110211408057439
70.012,3.41,2507,-1.3247076554312947,1.110211408057439
430.014,3.41,2507,-1.3247076554312947,1.110211408057439
59226.308,3.41,2507,-1.3247076554312947,1.110211408057439
149755.302,3.41,2507,-1.3247076554312947,1.110211408057439
1088.288,3.41,2507,-1.3247076554312947,1.110211408057439
100.008,3.41,2507,-1.3247076554312947,1.110211408057439
2304185.687,3.41,2507,-1.3247076554312947,1.110211408057439
19486.938,3.41,2507,-1.3247076554312947,1.110211408057439
644.433,3.41,2507,-1.3247076554312947,1.110211408057439
1052.578,3.41,2507,-1.3247076554312947,1.110211408057439
23225996.659,3.41,2507,-1.3247076554312947,1.110211408057439
13244.159,3.41,2507,-1.3247076554312947,1.110211408057439
2478.466,3.41,2507,-1.3247076554312947,1.110211408057439
14761874.189,3.41,2507,-1.3247076554312947,1.110211408057439
172883055.853,3.41,2507,-1.3247076554312947,1.110211408057439
152980.712,3.41,2507,-1.3247076554312947,1.110211408057439
2325.907,3.41,2507,-1.3247076554312947,1.110211408057439
78174.587,3.41,2507,-1.3247076554312947,1.110211408057439
12704265.973,3.41,2507,-1.3247076554312947,1.110211408057439
102.362,3.41,2507,-1.3247076554312947,1.110211408057439
30353.19,3.41,2507,-1.3247076554312947,1.110211408057439
19638.554,3.41,2507,-1.3247076554312947,1.110211408057439
5859197513.747,3.41,2507,-1.3247076554312947,1.110211408057439
2056.01,3.41,2507,-1.3247076554312947,1.110211408057439
17892.222,3.41,2507,-1.3247076554312947,1.110211408057439
200.011,3.41,2507,-1.3247076554312947,1.110211408057439
350.001,3.41,2507,-1.3247076554312947,1.110211408057439
1260.016,3.41,2507,-1.3247076554312947,1.110211408057439
142.663,3.41,2507,-1.3247076554312947,1.110211408057439
93.999,3.41,2507,-1.3247076554312947,1.110211408057439
5476.369,3.41,2507,-1.3247076554312947,1.110211408057439
10975316.527,3.41,2507,-1.3247076554312947,1.110211408057439
4659.031,3.41,2507,-1.3247076554312947,1.110211408057439
233.321,3.41,2507,-1.3247076554312947,1.110211408057439
14388498.633,3.41,2507,-1.3247076554312947,1.110211408057439
407.046,3.41,2507,-1.3247076554312947,1.110211408057439
92754.646,3.41,2507,-1.3247076554312947,1.110211408057439
232866323.432,3.41,2507,-1.3247076554312947,1.110211408057439
48150.831,3.41,2507,-1.3247076554312947,1.110211408057439
30353.19,3.41,2507,-1.3247076554312947,1.110211408057439
3010.749,3.41,2507,-1.3247076554312947,1.110211408057439
17299.015,3.41,2507,-1.3247076554312947,1.110211408057439
140.977,3.41,2507,-1.3247076554312947,1.110211408057439
174258.455,3.41,2507,-1.3247076554312947,1.110211408057439
3499.989,3.41,2507,-1.3247076554312947,1.110211408057439
54702.313,3.41,2507,-1.3247076554312947,1.110211408057439
853644.553,3.41,2507,-1.3247076554312947,1.110211408057439
13244.159,3.41,2507,-1.3247076554312947,1.110211408057439
386971.942,3.41,2507,-1.3247076554312947,1.110211408057439
13916618.583,3.41,2507,-1.3247076554312947,1.110211408057439
96954514.538,3.41,2507,-1.3247076554312947,1.110211408057439
1900421.151,3.41,2507,-1.3247076554312947,1.110211408057439
10574.994,3.41,2507,-1.3247076554312947,1.110211408057439
467205038.124,3.41,2507,-1.3247076554312947,1.110211408057439
206.481,3.41,2507,-1.3247076554312947,1.110211408057439
4617026070.228,3.41,2507,-1.3247076554312947,1.110211408057439
729383783.777,3.41,2507,-1.3247076554312947,1.110211408057439
725428.472,3.41,2507,-1.3247076554312947,1.110211408057439
209.121,3.41,2507,-1.3247076554312947,1.110211408057439
1499.999,3.41,2507,-1.3247076554312947,1.110211408057439
4606.785,3.41,2507,-1.3247076554312947,1.110211408057439
24459.895,3.41,2507,-1.3247076554312947,1.110211408057439
1499.993,3.41,2507,-1.3247076554312947,1.110211408057439
764.999,3.41,2507,-1.3247076554312947,1.110211408057439
10245595586.733,3.41,2507,-1.3247076554312947,1.110211408057439
751618.138,3.41,2507,-1.3247076554312947,1.110211408057439
2269.858,3.41,2507,-1.3247076554312947,1.110211408057439
392.571,3.41,2507,-1.3247076554312947,1.110211408057439
10873089.826,3.41,2507,-1.3247076554312947,1.110211408057439
1876608.347,3.41,2507,-1.3247076554312947,1.110211408057439
420.762,3.41,2507,-1.3247076554312947,1.110211408057439
380.01,3.41,2507,-1.3247076554312947,1.110211408057439
1810847834.06,3.41,2507,-1.3247076554312947,1.110211408057439
878018334.08,3.41,2507,-1.3247076554312947,1.110211408057439
1014.54,3.41,2507,-1.3247076554312947,1.110211408057439
203636054.87,3.41,2507,-1.3247076554312947,1.110211408057439
729192430.57,3.41,2507,-1.3247076554312947,1.110211408057439
1468683.177,3.41,2507,-1.3247076554312947,1.110211408057439
410283.079,3.41,2507,-1.3247076554312947,1.110211408057439
13802934.679,3.41,2507,-1.3247076554312947,1.110211408057439
9631995.082,3.41,2507,-1.3247076554312947,1.110211408057439
6997603.173,3.41,2507,-1.3247076554312947,1.110211408057439
351694994.122,3.41,2507,-1.3247076554312947,1.110211408057439
2085427.919,3.41,2507,-1.3247076554312947,1.110211408057439
50.01,3.41,2507,-1.3247076554312947,1.110211408057439
275.061,3.41,2507,-1.3247076554312947,1.110211408057439
15.147,3.41,2507,-1.3247076554312947,1.110211408057439
15608.387,3.41,2507,-1.3247076554312947,1.110211408057439
341340.997,3.41,2507,-1.3247076554312947,1.110211408057439
70963.6,3.41,2507,-1.3247076554312947,1.110211408057439
716709.422,3.41,2507,-1.3247076554312947,1.110211408057439
224515.239,3.41,2507,-1.3247076554312947,1.110211408057439
27795.405,3.41,2507,-1.3247076554312947,1.110211408057439
22830.449,3.41,2507,-1.3247076554312947,1.110211408057439
23772.974,3.41,2507,-1.3247076554312947,1.110211408057439
3673.505,3.41,2507,-1.3247076554312947,1.110211408057439
3943.39,3.41,2507,-1.3247076554312947,1.110211408057439
35270.567,3.41,2507,-1.3247076554312947,1.110211408057439
1624666.435,3.41,2507,-1.3247076554312947,1.110211408057439
5975.515,3.41,2507,-1.3247076554312947,1.110211408057439
339.816,3.41,2507,-1.3247076554312947,1.110211408057439
301.692,3.41,2507,-1.3247076554312947,1.110211408057439
0.896,3.41,2507,-1.3247076554312947,1.110211408057439
2642715.816,3.41,2507,-1.3247076554312947,1.110211408057439
38967623.765,3.41,2507,-1.3247076554312947,1.110211408057439
29.876,3.41,2507,-1.3247076554312947,1.110211408057439
49.992,3.41,2507,-1.3247076554312947,1.110211408057439
457.615,3.41,2507,-1.3247076554312947,1.110211408057439
22.292,3.41,2507,-1.3247076554312947,1.110211408057439
59.467,3.41,2507,-1.3247076554312947,1.110211408057439
200.006,3.41,2507,-1.3247076554312947,1.110211408057439
52.969,3.41,2507,-1.3247076554312947,1.110211408057439
2663148.25,3.41,2507,-1.3247076554312947,1.110211408057439
178884.376,3.41,2507,-1.3247076554312947,1.110211408057439
316.839,3.41,2507,-1.3247076554312947,1.110211408057439
89634.78,3.41,2507,-1.3247076554312947,1.110211408057439
41466.742,3.41,2507,-1.3247076554312947,1.110211408057439
13611.463,3.41,2507,-1.3247076554312947,1.110211408057439
162779.517,3.41,2507,-1.3247076554312947,1.110211408057439
30756538.364,3.41,2507,-1.3247076554312947,1.110211408057439
171277.81,3.41,2507,-1.3247076554312947,1.110211408057439
31435.838,3.41,2507,-1.3247076554312947,1.110211408057439
396165.017,3.41,2507,-1.3247076554312947,1.110211408057439
684.466,3.41,2507,-1.3247076554312947,1.110211408057439
3723.368,3.41,2507,-1.3247076554312947,1.110211408057439
1.487,3.41,2507,-1.3247076554312947,1.110211408057439
21729798.447,3.41,2507,-1.3247076554312947,1.110211408057439
560068.253,3.41,2507,-1.3247076554312947,1.110211408057439
1485805.417,3.41,2507,-1.3247076554312947,1.110211408057439
1485805.417,3.41,2507,-1.3247076554312947,1.110211408057439
809595758.319,3.41,2507,-1.3247076554312947,1.110211408057439
506355170.722,3.41,2507,-1.3247076554312947,1.110211408057439
868402546.663,3.41,2507,-1.3247076554312947,1.110211408057439
52.969,3.41,2507,-1.3247076554312947,1.110211408057439
265.009,3.41,2507,-1.3247076554312947,1.110211408057439
50.01,3.41,2507,-1.3247076554312947,1.110211408057439
48.491,3.41,2507,-1.3247076554312947,1.110211408057439
104.984,3.41,2507,-1.3247076554312947,1.110211408057439
242.771,3.41,2507,-1.3247076554312947,1.110211408057439
817.17,3.41,2507,-1.3247076554312947,1.110211408057439
149766.039,3.41,2507,-1.3247076554312947,1.110211408057439
1.387,3.41,2507,-1.3247076554312947,1.110211408057439
88702486.169,3.41,2507,-1.3247076554312947,1.110211408057439
428.031,3.41,2507,-1.3247076554312947,1.110211408057439
3967236.626,3.41,2507,-1.3247076554312947,1.110211408057439
3499852.544,3.41,2507,-1.3247076554312947,1.110211408057439
159154.422,3.41,2507,-1.3247076554312947,1.110211408057439
589729.348,3.41,2507,-1.3247076554312947,1.110211408057439
1.387,3.41,2507,-1.3247076554312947,1.110211408057439
27795.405,3.41,2507,-1.3247076554312947,1.110211408057439
40171021.31,3.41,2507,-1.3247076554312947,1.110211408057439
4284313.425,3.41,2507,-1.3247076554312947,1.110211408057439
16168.102,3.41,2507,-1.3247076554312947,1.110211408057439
236.395,3.41,2507,-1.3247076554312947,1.110211408057439
236.395,3.41,2507,-1.3247076554312947,1.110211408057439
226.138,3.41,2507,-1.3247076554312947,1.110211408057439
226.138,3.41,2507,-1.3247076554312947,1.110211408057439
32700718.718,3.41,2507,-1.3247076554312947,1.110211408057439
23799279.755,3.41,2507,-1.3247076554312947,1.110211408057439
191045158.323,3.41,2507,-1.3247076554312947,1.110211408057439
2400488.251,3.41,2507,-1.3247076554312947,1.110211408057439
251461778.404,3.41,2507,-1.3247076554312947,1.110211408057439
0.132,3.41,2507,-1.3247076554312947,1.110211408057439
384.055,3.41,2507,-1.3247076554312947,1.110211408057439
275.061,3.41,2507,-1.3247076554312947,1.110211408057439
5214.139,3.41,2507,-1.3247076554312947,1.110211408057439
123269.818,3.41,2507,-1.3247076554312947,1.110211408057439
5532.996,3.41,2507,-1.3247076554312947,1.110211408057439
4086.149,3.41,2507,-1.3247076554312947,1.110211408057439
428.031,3.41,2507,-1.3247076554312947,1.110211408057439
1124708.991,3.41,2507,-1.3247076554312947,1.110211408057439
396057.988,3.41,2507,-1.3247076554312947,1.110211408057439
33763822.014,3.41,2507,-1.3247076554312947,1.110211408057439
44879.974,3.41,2507,-1.3247076554312947,1.110211408057439
234845.521,3.41,2507,-1.3247076554312947,1.110211408057439
2.199,3.41,2507,-1.3247076554312947,1.110211408057439
166.227,3.41,2507,-1.3247076554312947,1.110211408057439
199.505,3.41,2507,-1.3247076554312947,1.110211408057439
48927.397,3.41,2507,-1.3247076554312947,1.110211408057439
30255.638,3.41,2507,-1.3247076554312947,1.110211408057439
134.535,3.41,2507,-1.3247076554312947,1.110211408057439
20252.721,3.41,2507,-1.3247076554312947,1.110211408057439
2727.526,3.41,2507,-1.3247076554312947,1.110211408057439
15968.597,3.41,2507,-1.3247076554312947,1.110211408057439
498866.819,3.41,2507,-1.3247076554312947,1.110211408057439
90674052.747,3.41,2507,-1.3247076554312947,1.110211408057439
4336.649,3.41,2507,-1.3247076554312947,1.110211408057439
44484.75,3.41,2507,-1.3247076554312947,1.110211408057439
670056.722,3.41,2507,-1.3247076554312947,1.110211408057439
3839.731,3.41,2507,-1.3247076554312947,1.110211408057439
4188625.962,3.41,2507,-1.3247076554312947,1.110211408057439
875863.844,3.41,2507,-1.3247076554312947,1.110211408057439
0.896,3.41,2507,-1.3247076554312947,1.110211408057439
72.888,3.41,2507,-1.3247076554312947,1.110211408057439
837776.791,3.41,2507,-1.3247076554312947,1.110211408057439
24424139.168,3.41,2507,-1.3247076554312947,1.110211408057439
837776.791,3.41,2507,-1.3247076554312947,1.110211408057439
0.132,3.41,2507,-1.3247076554312947,1.110211408057439
88.392,3.41,2507,-1.3247076554312947,1.110211408057439
104.984,3.41,2507,-1.3247076554312947,1.110211408057439
140.001,3.41,2507,-1.3247076554312947,1.110211408057439
59.467,3.41,2507,-1.3247076554312947,1.110211408057439
338.212,3.41,2507,-1.3247076554312947,1.110211408057439
171277.81,3.41,2507,-1.3247076554312947,1.110211408057439
2474.528,3.41,2507,-1.3247076554312947,1.110211408057439
188964218.441,3.41,2507,-1.3247076554312947,1.110211408057439
270187.615,3.41,2507,-1.3247076554312947,1.110211408057439
562312.548,3.41,2507,-1.3247076554312947,1.110211408057439
29.026,3.41,2507,-1.3247076554312947,1.110211408057439
38798.068,3.41,2507,-1.3247076554312947,1.110211408057439
5916076.183,3.41,2507,-1.3247076554312947,1.110211408057439
4476.982,3.41,2507,-1.3247076554312947,1.110211408057439
1.069,3.41,2507,-1.3247076554312947,1.110211408057439
13804.694,3.41,2507,-1.3247076554312947,1.110211408057439
34835815.792,3.41,2507,-1.3247076554312947,1.110211408057439
676216.155,3.41,2507,-1.3247076554312947,1.110211408057439
839.44,3.41,2507,-1.3247076554312947,1.110211408057439
34417.73,3.41,2507,-1.3247076554312947,1.110211408057439
55083.852,3.41,2507,-1.3247076554312947,1.110211408057439
707651.994,3.41,2507,-1.3247076554312947,1.110211408057439
653.063,3.41,2507,-1.3247076554312947,1.110211408057439
731.303,3.41,2507,-1.3247076554312947,1.110211408057439
269.008,3.41,2507,-1.3247076554312947,1.110211408057439
9352.804,3.41,2507,-1.3247076554312947,1.110211408057439
2365217.684,3.41,2507,-1.3247076554312947,1.110211408057439
98959516.621,3.41,2507,-1.3247076554312947,1.110211408057439
10114731.087,3.41,2507,-1.3247076554312947,1.110211408057439
6727415.558,3.41,2507,-1.3247076554312947,1.110211408057439
141511053.193,3.41,2507,-1.3247076554312947,1.110211408057439
8900132.995,3.41,2507,-1.3247076554312947,1.110211408057439
140.001,3.41,2507,-1.3247076554312947,1.110211408057439
19.99,3.41,2507,-1.3247076554312947,1.110211408057439
22.292,3.41,2507,-1.3247076554312947,1.110211408057439
817.17,3.41,2507,-1.3247076554312947,1.110211408057439
57940874.755,3.41,2507,-1.3247076554312947,1.110211408057439
89634.78,3.41,2507,-1.3247076554312947,1.110211408057439
6407199.296,3.41,2507,-1.3247076554312947,1.110211408057439
4336.649,3.41,2507,-1.3247076554312947,1.110211408057439
8764529.163,3.41,2507,-1.3247076554312947,1.110211408057439
178884.376,3.41,2507,-1.3247076554312947,1.110211408057439
1674.826,3.41,2507,-1.3247076554312947,1.110211408057439
39475.466,3.41,2507,-1.3247076554312947,1.110211408057439
2712470.728,3.41,2507,-1.3247076554312947,1.110211408057439
48927.397,3.41,2507,-1.3247076554312947,1.110211408057439
134.535,3.41,2507,-1.3247076554312947,1.110211408057439
36780.575,3.41,2507,-1.3247076554312947,1.110211408057439
2474.528,3.41,2507,-1.3247076554312947,1.110211408057439
123269.818,3.41,2507,-1.3247076554312947,1.110211408057439
3723.368,3.41,2507,-1.3247076554312947,1.110211408057439
2988.992,3.41,2507,-1.3247076554312947,1.110211408057439
1124795.719,3.41,2507,-1.3247076554312947,1.110211408057439
6109.016,3.41,2507,-1.3247076554312947,1.110211408057439
339.816,3.41,2507,-1.3247076554312947,1.110211408057439
60635967.504,3.41,2507,-1.3247076554312947,1.110211408057439
1107050.568,3.41,2507,-1.3247076554312947,1.110211408057439
4821329.114,3.41,2507,-1.3247076554312947,1.110211408057439
49.992,3.41,2507,-1.3247076554312947,1.110211408057439
48.491,3.41,2507,-1.3247076554312947,1.110211408057439
13611.463,3.41,2507,-1.3247076554312947,1.110211408057439
34417.73,3.41,2507,-1.3247076554312947,1.110211408057439
839.44,3.41,2507,-1.3247076554312947,1.110211408057439
221389.337,3.41,2507,-1.3247076554312947,1.110211408057439
329718819.695,3.41,2507,-1.3247076554312947,1.110211408057439
350.915,3.41,2507,-1.3247076554312947,1.110211408057439
201.588,3.41,2507,-1.3247076554312947,1.110211408057439
2727.526,3.41,2507,-1.3247076554312947,1.110211408057439
13804.694,3.41,2507,-1.3247076554312947,1.110211408057439
1.069,3.41,2507,-1.3247076554312947,1.110211408057439
36055.639,3.41,2507,-1.3247076554312947,1.110211408057439
6109.016,3.41,2507,-1.3247076554312947,1.110211408057439
5800.001,3.41,2507,-1.3247076554312947,1.110211408057439
2308.757,3.41,2507,-1.3247076554312947,1.110211408057439
1082.158,3.41,2507,-1.3247076554312947,1.110211408057439
2304.65,3.41,2507,-1.3247076554312947,1.110211408057439
19442060.416,3.41,2507,-1.3247076554312947,1.110211408057439
164.843,3.41,2507,-1.3247076554312947,1.110211408057439
1599.986,3.41,2507,-1.3247076554312947,1.110211408057439
5686.682,3.41,2507,-1.3247076554312947,1.110211408057439
5955.524,3.41,2507,-1.3247076554312947,1.110211408057439
589529.342,3.41,2507,-1.3247076554312947,1.110211408057439
1231018.854,3.41,2507,-1.3247076554312947,1.110211408057439
337964.624,3.41,2507,-1.3247076554312947,1.110211408057439
2988.992,3.41,2507,-1.3247076554312947,1.110211408057439
80522.15,3.41,2507,-1.3247076554312947,1.110211408057439
44879.974,3.41,2507,-1.3247076554312947,1.110211408057439
1851651.05,3.41,2507,-1.3247076554312947,1.110211408057439
32856.692,3.41,2507,-1.3247076554312947,1.110211408057439
731.303,3.41,2507,-1.3247076554312947,1.110211408057439
4.508,3.41,2507,-1.3247076554312947,1.110211408057439
36917405.199,3.41,2507,-1.3247076554312947,1.110211408057439
38492419.326,3.41,2507,-1.3247076554312947,1.110211408057439
131393980.726,3.41,2507,-1.3247076554312947,1.110211408057439
55168236.503,3.41,2507,-1.3247076554312947,1.110211408057439
38553949.77,3.41,2507,-1.3247076554312947,1.110211408057439
93673096.857,3.41,2507,-1.3247076554312947,1.110211408057439
9631999.59,3.41,2507,-1.3247076554312947,1.110211408057439
112664545.441,3.41,2507,-1.3247076554312947,1.110211408057439
1929492940.079,3.41,2507,-1.3247076554312947,1.110211408057439
36.73,3.41,2507,-1.3247076554312947,1.110211408057439
428.51,3.41,2507,-1.3247076554312947,1.110211408057439
242.771,3.41,2507,-1.3247076554312947,1.110211408057439
9252259.826,3.41,2507,-1.3247076554312947,1.110211408057439
246375.98,3.41,2507,-1.3247076554312947,1.110211408057439
5532.996,3.41,2507,-1.3247076554312947,1.110211408057439
86.728,3.41,2507,-1.3247076554312947,1.110211408057439
705763.531,3.41,2507,-1.3247076554312947,1.110211408057439
4086.149,3.41,2507,-1.3247076554312947,1.110211408057439
231002.854,3.41,2507,-1.3247076554312947,1.110211408057439
80522.15,3.41,2507,-1.3247076554312947,1.110211408057439
684.466,3.41,2507,-1.3247076554312947,1.110211408057439
103926.393,3.41,2507,-1.3247076554312947,1.110211408057439
1847707.66,3.41,2507,-1.3247076554312947,1.110211408057439
2330429.967,3.41,2507,-1.3247076554312947,1.110211408057439
164.843,3.41,2507,-1.3247076554312947,1.110211408057439
1599.986,3.41,2507,-1.3247076554312947,1.110211408057439
107.029,3.41,2507,-1.3247076554312947,1.110211408057439
72.888,3.41,2507,-1.3247076554312947,1.110211408057439
3.692,3.41,2507,-1.3247076554312947,1.110211408057439
9352.804,3.41,2507,-1.3247076554312947,1.110211408057439
4131831.426,3.41,2507,-1.3247076554312947,1.110211408057439
1210976.961,3.41,2507,-1.3247076554312947,1.110211408057439
46503653.398,3.41,2507,-1.3247076554312947,1.110211408057439
560098.128,3.41,2507,-1.3247076554312947,1.110211408057439
445695430.244,3.41,2507,-1.3247076554312947,1.110211408057439
88.392,3.41,2507,-1.3247076554312947,1.110211408057439
457.615,3.41,2507,-1.3247076554312947,1.110211408057439
428.51,3.41,2507,-1.3247076554312947,1.110211408057439
19.991,3.41,2507,-1.3247076554312947,1.110211408057439
19.99,3.41,2507,-1.3247076554312947,1.110211408057439
265.009,3.41,2507,-1.3247076554312947,1.110211408057439
3.692,3.41,2507,-1.3247076554312947,1.110211408057439
5214.139,3.41,2507,-1.3247076554312947,1.110211408057439
41115.827,3.41,2507,-1.3247076554312947,1.110211408057439
784458.683,3.41,2507,-1.3247076554312947,1.110211408057439
57940874.755,3.41,2507,-1.3247076554312947,1.110211408057439
1674.826,3.41,2507,-1.3247076554312947,1.110211408057439
20252.721,3.41,2507,-1.3247076554312947,1.110211408057439
470663.568,3.41,2507,-1.3247076554312947,1.110211408057439
55838236.955,3.41,2507,-1.3247076554312947,1.110211408057439
274351.581,3.41,2507,-1.3247076554312947,1.110211408057439
200.101,3.41,2507,-1.3247076554312947,1.110211408057439
168291139.171,3.41,2507,-1.3247076554312947,1.110211408057439
600.018,3.41,2507,-1.3247076554312947,1.110211408057439
29.026,3.41,2507,-1.3247076554312947,1.110211408057439
18679688.205,3.41,2507,-1.3247076554312947,1.110211408057439
4070053.701,3.41,2507,-1.3247076554312947,1.110211408057439
72246.01,3.41,2507,-1.3247076554312947,1.110211408057439
820509.642,3.41,2507,-1.3247076554312947,1.110211408057439
44792.306,3.41,2507,-1.3247076554312947,1.110211408057439
219790226.365,3.41,2507,-1.3247076554312947,1.110211408057439
6242749.163,3.41,2507,-1.3247076554312947,1.110211408057439
57472557.285,3.41,2507,-1.3247076554312947,1.110211408057439
43982562.597,3.41,2507,-1.3247076554312947,1.110211408057439
544923.688,3.41,2507,-1.3247076554312947,1.110211408057439
564664.328,3.41,2507,-1.3247076554312947,1.110211408057439
51.994,3.41,2507,-1.3247076554312947,1.110211408057439
7285.964,3.41,2507,-1.3247076554312947,1.110211408057439
143421.781,3.41,2507,-1.3247076554312947,1.110211408057439
20034.203,3.41,2507,-1.3247076554312947,1.110211408057439
89120.3,3.41,2507,-1.3247076554312947,1.110211408057439
38565.762,3.41,2507,-1.3247076554312947,1.110211408057439
6596.669,3.41,2507,-1.3247076554312947,1.110211408057439
3883256.938,3.41,2507,-1.3247076554312947,1.110211408057439
83768.344,3.41,2507,-1.3247076554312947,1.110211408057439
2008658.651,3.41,2507,-1.3247076554312947,1.110211408057439
1583.889,3.41,2507,-1.3247076554312947,1.110211408057439
58177.439,3.41,2507,-1.3247076554312947,1.110211408057439
59824.759,3.41,2507,-1.3247076554312947,1.110211408057439
18937.89,3.41,2507,-1.3247076554312947,1.110211408057439
2559047.367,3.41,2507,-1.3247076554312947,1.110211408057439
1320847.024,3.41,2507,-1.3247076554312947,1.110211408057439
733.449,3.41,2507,-1.3247076554312947,1.110211408057439
158018.768,3.41,2507,-1.3247076554312947,1.110211408057439
202.068,3.41,2507,-1.3247076554312947,1.110211408057439
16548.551,3.41,2507,-1.3247076554312947,1.110211408057439
3372.497,3.41,2507,-1.3247076554312947,1.110211408057439
92.333,3.41,2507,-1.3247076554312947,1.110211408057439
721.005,3.41,2507,-1.3247076554312947,1.110211408057439
78136.075,3.41,2507,-1.3247076554312947,1.110211408057439
6647534.433,3.41,2507,-1.3247076554312947,1.110211408057439
19852301.986,3.41,2507,-1.3247076554312947,1.110211408057439
289546195.951,3.41,2507,-1.3247076554312947,1.110211408057439
559949609.363,3.41,2507,-1.3247076554312947,1.110211408057439
6246327.533,3.41,2507,-1.3247076554312947,1.110211408057439
2547056737.358,3.41,2507,-1.3247076554312947,1.110211408057439
105.533,3.41,2507,-1.3247076554312947,1.110211408057439
22.337,3.41,2507,-1.3247076554312947,1.110211408057439
300.007,3.41,2507,-1.3247076554312947,1.110211408057439
300.01,3.41,2507,-1.3247076554312947,1.110211408057439
2230.319,3.41,2507,-1.3247076554312947,1.110211408057439
805907.76,3.41,2507,-1.3247076554312947,1.110211408057439
231.643,3.41,2507,-1.3247076554312947,1.110211408057439
277.167,3.41,2507,-1.3247076554312947,1.110211408057439
190.421,3.41,2507,-1.3247076554312947,1.110211408057439
7763913.998,3.41,2507,-1.3247076554312947,1.110211408057439
299.998,3.41,2507,-1.3247076554312947,1.110211408057439
3247.761,3.41,2507,-1.3247076554312947,1.110211408057439
88006.745,3.41,2507,-1.3247076554312947,1.110211408057439
39771.209,3.41,2507,-1.3247076554312947,1.110211408057439
246400.34,3.41,2507,-1.3247076554312947,1.110211408057439
10690897.286,3.41,2507,-1.3247076554312947,1.110211408057439
7742.026,3.41,2507,-1.3247076554312947,1.110211408057439
16458.566,3.41,2507,-1.3247076554312947,1.110211408057439
67566.785,3.41,2507,-1.3247076554312947,1.110211408057439
2022.636,3.41,2507,-1.3247076554312947,1.110211408057439
3069387.75,3.41,2507,-1.3247076554312947,1.110211408057439
58734.855,3.41,2507,-1.3247076554312947,1.110211408057439
63286893.703,3.41,2507,-1.3247076554312947,1.110211408057439
11515776.048,3.41,2507,-1.3247076554312947,1.110211408057439
79692231.331,3.41,2507,-1.3247076554312947,1.110211408057439
2169223.997,3.41,2507,-1.3247076554312947,1.110211408057439
110272.13,3.41,2507,-1.3247076554312947,1.110211408057439
14711380.601,3.41,2507,-1.3247076554312947,1.110211408057439
57533304.706,3.41,2507,-1.3247076554312947,1.110211408057439
6210383.279,3.41,2507,-1.3247076554312947,1.110211408057439
866207776.472,3.41,2507,-1.3247076554312947,1.110211408057439
99.509,3.41,2507,-1.3247076554312947,1.110211408057439
20.735,3.41,2507,-1.3247076554312947,1.110211408057439
20.735,3.41,2507,-1.3247076554312947,1.110211408057439
89.382,3.41,2507,-1.3247076554312947,1.110211408057439
16209.247,3.41,2507,-1.3247076554312947,1.110211408057439
486006.857,3.41,2507,-1.3247076554312947,1.110211408057439
33461.142,3.41,2507,-1.3247076554312947,1.110211408057439
839484.764,3.41,2507,-1.3247076554312947,1.110211408057439
94412.096,3.41,2507,-1.3247076554312947,1.110211408057439
76985.98,3.41,2507,-1.3247076554312947,1.110211408057439
182.103,3.41,2507,-1.3247076554312947,1.110211408057439
2321846.606,3.41,2507,-1.3247076554312947,1.110211408057439
202.068,3.41,2507,-1.3247076554312947,1.110211408057439
3857.773,3.41,2507,-1.3247076554312947,1.110211408057439
181.635,3.41,2507,-1.3247076554312947,1.110211408057439
3394.263,3.41,2507,-1.3247076554312947,1.110211408057439
411990.834,3.41,2507,-1.3247076554312947,1.110211408057439
36223.396,3.41,2507,-1.3247076554312947,1.110211408057439
733.449,3.41,2507,-1.3247076554312947,1.110211408057439
103599.954,3.41,2507,-1.3247076554312947,1.110211408057439
3394.263,3.41,2507,-1.3247076554312947,1.110211408057439
3200733.923,3.41,2507,-1.3247076554312947,1.110211408057439
163910.609,3.41,2507,-1.3247076554312947,1.110211408057439
7783.592,3.41,2507,-1.3247076554312947,1.110211408057439
44.999,3.41,2507,-1.3247076554312947,1.110211408057439
300.007,3.41,2507,-1.3247076554312947,1.110211408057439
95.784,3.41,2507,-1.3247076554312947,1.110211408057439
89.382,3.41,2507,-1.3247076554312947,1.110211408057439
2230.319,3.41,2507,-1.3247076554312947,1.110211408057439
7285.964,3.41,2507,-1.3247076554312947,1.110211408057439
90090.543,3.41,2507,-1.3247076554312947,1.110211408057439
143421.781,3.41,2507,-1.3247076554312947,1.110211408057439
76985.98,3.41,2507,-1.3247076554312947,1.110211408057439
6596.669,3.41,2507,-1.3247076554312947,1.110211408057439
927.68,3.41,2507,-1.3247076554312947,1.110211408057439
1348714.355,3.41,2507,-1.3247076554312947,1.110211408057439
27903.234,3.41,2507,-1.3247076554312947,1.110211408057439
51281.659,3.41,2507,-1.3247076554312947,1.110211408057439
486239.304,3.41,2507,-1.3247076554312947,1.110211408057439
248420.858,3.41,2507,-1.3247076554312947,1.110211408057439
850.011,3.41,2507,-1.3247076554312947,1.110211408057439
345618.004,3.41,2507,-1.3247076554312947,1.110211408057439
16934.125,3.41,2507,-1.3247076554312947,1.110211408057439
3520.73,3.41,2507,-1.3247076554312947,1.110211408057439
11693.987,3.41,2507,-1.3247076554312947,1.110211408057439
1889343.123,3.41,2507,-1.3247076554312947,1.110211408057439
18304.169,3.41,2507,-1.3247076554312947,1.110211408057439
3817.047,3.41,2507,-1.3247076554312947,1.110211408057439
26090.786,3.41,2507,-1.3247076554312947,1.110211408057439
463.012,3.41,2507,-1.3247076554312947,1.110211408057439
254.552,3.41,2507,-1.3247076554312947,1.110211408057439
14340.946,3.41,2507,-1.3247076554312947,1.110211408057439
7783.592,3.41,2507,-1.3247076554312947,1.110211408057439
100507278.119,3.41,2507,-1.3247076554312947,1.110211408057439
67300136.181,3.41,2507,-1.3247076554312947,1.110211408057439
37970779.215,3.41,2507,-1.3247076554312947,1.110211408057439
524395.697,3.41,2507,-1.3247076554312947,1.110211408057439
53605687.857,3.41,2507,-1.3247076554312947,1.110211408057439
17432011.528,3.41,2507,-1.3247076554312947,1.110211408057439
366.337,3.41,2507,-1.3247076554312947,1.110211408057439
105.533,3.41,2507,-1.3247076554312947,1.110211408057439
300.01,3.41,2507,-1.3247076554312947,1.110211408057439
51.994,3.41,2507,-1.3247076554312947,1.110211408057439
10.006,3.41,2507,-1.3247076554312947,1.110211408057439
424.78,3.41,2507,-1.3247076554312947,1.110211408057439
3571.164,3.41,2507,-1.3247076554312947,1.110211408057439
1789342.262,3.41,2507,-1.3247076554312947,1.110211408057439
5351.127,3.41,2507,-1.3247076554312947,1.110211408057439
182.103,3.41,2507,-1.3247076554312947,1.110211408057439
24916.791,3.41,2507,-1.3247076554312947,1.110211408057439
630.016,3.41,2507,-1.3247076554312947,1.110211408057439
577.727,3.41,2507,-1.3247076554312947,1.110211408057439
157779.961,3.41,2507,-1.3247076554312947,1.110211408057439
3372.497,3.41,2507,-1.3247076554312947,1.110211408057439
1308.685,3.41,2507,-1.3247076554312947,1.110211408057439
41721452.117,3.41,2507,-1.3247076554312947,1.110211408057439
7680145.654,3.41,2507,-1.3247076554312947,1.110211408057439
17778.536,3.41,2507,-1.3247076554312947,1.110211408057439
103504.17,3.41,2507,-1.3247076554312947,1.110211408057439
411990.834,3.41,2507,-1.3247076554312947,1.110211408057439
4743.211,3.41,2507,-1.3247076554312947,1.110211408057439
548.989,3.41,2507,-1.3247076554312947,1.110211408057439
37671.176,3.41,2507,-1.3247076554312947,1.110211408057439
41.301,3.41,2507,-1.3247076554312947,1.110211408057439
220783791.068,3.41,2507,-1.3247076554312947,1.110211408057439
564664.328,3.41,2507,-1.3247076554312947,1.110211408057439
34531046.648,3.41,2507,-1.3247076554312947,1.110211408057439
2677226.492,3.41,2507,-1.3247076554312947,1.110211408057439
692744710.283,3.41,2507,-1.3247076554312947,1.110211408057439
807.83,3.41,2507,-1.3247076554312947,1.110211408057439
3.005,3.41,2507,-1.3247076554312947,1.110211408057439
10.006,3.41,2507,-1.3247076554312947,1.110211408057439
3.005,3.41,2507,-1.3247076554312947,1.110211408057439
424.78,3.41,2507,-1.3247076554312947,1.110211408057439
118.959,3.41,2507,-1.3247076554312947,1.110211408057439
50980.506,3.41,2507,-1.3247076554312947,1.110211408057439
8520.357,3.41,2507,-1.3247076554312947,1.110211408057439
6515.614,3.41,2507,-1.3247076554312947,1.110211408057439
119315.527,3.41,2507,-1.3247076554312947,1.110211408057439
8520.357,3.41,2507,-1.3247076554312947,1.110211408057439
390.994,3.41,2507,-1.3247076554312947,1.110211408057439
193.658,3.41,2507,-1.3247076554312947,1.110211408057439
39771.209,3.41,2507,-1.3247076554312947,1.110211408057439
96530.597,3.41,2507,-1.3247076554312947,1.110211408057439
38026.12,3.41,2507,-1.3247076554312947,1.110211408057439
1979.995,3.41,2507,-1.3247076554312947,1.110211408057439
1748540.726,3.41,2507,-1.3247076554312947,1.110211408057439
23.985,3.41,2507,-1.3247076554312947,1.110211408057439
254.552,3.41,2507,-1.3247076554312947,1.110211408057439
47039314.907,3.41,2507,-1.3247076554312947,1.110211408057439
2632434.186,3.41,2507,-1.3247076554312947,1.110211408057439
103066325.487,3.41,2507,-1.3247076554312947,1.110211408057439
920195.472,3.41,2507,-1.3247076554312947,1.110211408057439
99.509,3.41,2507,-1.3247076554312947,1.110211408057439
118.959,3.41,2507,-1.3247076554312947,1.110211408057439
2020.517,3.41,2507,-1.3247076554312947,1.110211408057439
85774.534,3.41,2507,-1.3247076554312947,1.110211408057439
20034.203,3.41,2507,-1.3247076554312947,1.110211408057439
77611.13,3.41,2507,-1.3247076554312947,1.110211408057439
4283606.521,3.41,2507,-1.3247076554312947,1.110211408057439
90090.543,3.41,2507,-1.3247076554312947,1.110211408057439
839484.764,3.41,2507,-1.3247076554312947,1.110211408057439
2410966.905,3.41,2507,-1.3247076554312947,1.110211408057439
190.421,3.41,2507,-1.3247076554312947,1.110211408057439
158018.768,3.41,2507,-1.3247076554312947,1.110211408057439
3817.047,3.41,2507,-1.3247076554312947,1.110211408057439
16452.944,3.41,2507,-1.3247076554312947,1.110211408057439
248788094.697,3.41,2507,-1.3247076554312947,1.110211408057439
93579.809,3.41,2507,-1.3247076554312947,1.110211408057439
256106.356,3.41,2507,-1.3247076554312947,1.110211408057439
134288.536,3.41,2507,-1.3247076554312947,1.110211408057439
342084.524,3.41,2507,-1.3247076554312947,1.110211408057439
53561.805,3.41,2507,-1.3247076554312947,1.110211408057439
548.989,3.41,2507,-1.3247076554312947,1.110211408057439
247.996,3.41,2507,-1.3247076554312947,1.110211408057439
14340.946,3.41,2507,-1.3247076554312947,1.110211408057439
496662715.66,3.41,2507,-1.3247076554312947,1.110211408057439
42089911.809,3.41,2507,-1.3247076554312947,1.110211408057439
914844.345,3.41,2507,-1.3247076554312947,1.110211408057439
239667445.142,3.41,2507,-1.3247076554312947,1.110211408057439
345556484.534,3.41,2507,-1.3247076554312947,1.110211408057439
331165903.392,3.41,2507,-1.3247076554312947,1.110211408057439
6515.614,3.41,2507,-1.3247076554312947,1.110211408057439
94412.096,3.41,2507,-1.3247076554312947,1.110211408057439
9928477.032,3.41,2507,-1.3247076554312947,1.110211408057439
390.994,3.41,2507,-1.3247076554312947,1.110211408057439
345618.004,3.41,2507,-1.3247076554312947,1.110211408057439
1886.412,3.41,2507,-1.3247076554312947,1.110211408057439
16934.125,3.41,2507,-1.3247076554312947,1.110211408057439
106310.914,3.41,2507,-1.3247076554312947,1.110211408057439
3247.761,3.41,2507,-1.3247076554312947,1.110211408057439
230082.478,3.41,2507,-1.3247076554312947,1.110211408057439
52753.975,3.41,2507,-1.3247076554312947,1.110211408057439
341784.527,3.41,2507,-1.3247076554312947,1.110211408057439
8810003.032,3.41,2507,-1.3247076554312947,1.110211408057439
193.658,3.41,2507,-1.3247076554312947,1.110211408057439
37671.176,3.41,2507,-1.3247076554312947,1.110211408057439
0.668,3.41,2507,-1.3247076554312947,1.110211408057439
630.016,3.41,2507,-1.3247076554312947,1.110211408057439
463.012,3.41,2507,-1.3247076554312947,1.110211408057439
92.333,3.41,2507,-1.3247076554312947,1.110211408057439
868.025,3.41,2507,-1.3247076554312947,1.110211408057439
868.025,3.41,2507,-1.3247076554312947,1.110211408057439
0.804,3.41,2507,-1.3247076554312947,1.110211408057439
247.996,3.41,2507,-1.3247076554312947,1.110211408057439
721.005,3.41,2507,-1.3247076554312947,1.110211408057439
99.913,3.41,2507,-1.3247076554312947,1.110211408057439
99.913,3.41,2507,-1.3247076554312947,1.110211408057439
0.668,3.41,2507,-1.3247076554312947,1.110211408057439
824.988,3.41,2507,-1.3247076554312947,1.110211408057439
3976995.809,3.41,2507,-1.3247076554312947,1.110211408057439
688674656.582,3.41,2507,-1.3247076554312947,1.110211408057439
660184.266,3.41,2507,-1.3247076554312947,1.110211408057439
3218114.547,3.41,2507,-1.3247076554312947,1.110211408057439
1349656966.707,3.41,2507,-1.3247076554312947,1.110211408057439
366.337,3.41,2507,-1.3247076554312947,1.110211408057439
89.985,3.41,2507,-1.3247076554312947,1.110211408057439
22.337,3.41,2507,-1.3247076554312947,1.110211408057439
44.999,3.41,2507,-1.3247076554312947,1.110211408057439
157779.961,3.41,2507,-1.3247076554312947,1.110211408057439
9040822.165,3.41,2507,-1.3247076554312947,1.110211408057439
17778.536,3.41,2507,-1.3247076554312947,1.110211408057439
3857.773,3.41,2507,-1.3247076554312947,1.110211408057439
22078413.049,3.41,2507,-1.3247076554312947,1.110211408057439
8776595.25,3.41,2507,-1.3247076554312947,1.110211408057439
2093914.676,3.41,2507,-1.3247076554312947,1.110211408057439
17285.505,3.41,2507,-1.3247076554312947,1.110211408057439
4743.211,3.41,2507,-1.3247076554312947,1.110211408057439
674070.687,3.41,2507,-1.3247076554312947,1.110211408057439
7.206,3.41,2507,-1.3247076554312947,1.110211408057439
181.635,3.41,2507,-1.3247076554312947,1.110211408057439
42.641,3.41,2507,-1.3247076554312947,1.110211408057439
41.301,3.41,2507,-1.3247076554312947,1.110211408057439
824.988,3.41,2507,-1.3247076554312947,1.110211408057439
164593631.519,3.41,2507,-1.3247076554312947,1.110211408057439
216458.683,3.41,2507,-1.3247076554312947,1.110211408057439
84937135.613,3.41,2507,-1.3247076554312947,1.110211408057439
20822530.571,3.41,2507,-1.3247076554312947,1.110211408057439
2286.264,3.41,2507,-1.3247076554312947,1.110211408057439
4.0,3.41,2507,-1.3247076554312947,1.110211408057439
49.602,3.41,2507,-1.3247076554312947,1.110211408057439
226.89,3.41,2507,-1.3247076554312947,1.110211408057439
227.989,3.41,2507,-1.3247076554312947,1.110211408057439
110.72,3.41,2507,-1.3247076554312947,1.110211408057439
88.118,3.41,2507,-1.3247076554312947,1.110211408057439
88.118,3.41,2507,-1.3247076554312947,1.110211408057439
471.901,3.41,2507,-1.3247076554312947,1.110211408057439
33.745,3.41,2507,-1.3247076554312947,1.110211408057439
1.076,3.41,2507,-1.3247076554312947,1.110211408057439
343.1,3.41,2507,-1.3247076554312947,1.110211408057439
4502.515,3.41,2507,-1.3247076554312947,1.110211408057439
44888499.572,3.41,2507,-1.3247076554312947,1.110211408057439
418529.675,3.41,2507,-1.3247076554312947,1.110211408057439
157205.9,3.41,2507,-1.3247076554312947,1.110211408057439
1420800.028,3.41,2507,-1.3247076554312947,1.110211408057439
4754.988,3.41,2507,-1.3247076554312947,1.110211408057439
166805.242,3.41,2507,-1.3247076554312947,1.110211408057439
67034.961,3.41,2507,-1.3247076554312947,1.110211408057439
5359314.098,3.41,2507,-1.3247076554312947,1.110211408057439
18754.707,3.41,2507,-1.3247076554312947,1.110211408057439
94667.913,3.41,2507,-1.3247076554312947,1.110211408057439
17472.075,3.41,2507,-1.3247076554312947,1.110211408057439
100.014,3.41,2507,-1.3247076554312947,1.110211408057439
2704665745.571,3.41,2507,-1.3247076554312947,1.110211408057439
12787323.785,3.41,2507,-1.3247076554312947,1.110211408057439
552372358.732,3.41,2507,-1.3247076554312947,1.110211408057439
5637308.918,3.41,2507,-1.3247076554312947,1.110211408057439
1948865.593,3.41,2507,-1.3247076554312947,1.110211408057439
5638288.127,3.41,2507,-1.3247076554312947,1.110211408057439
296.638,3.41,2507,-1.3247076554312947,1.110211408057439
15.007,3.41,2507,-1.3247076554312947,1.110211408057439
2.992,3.41,2507,-1.3247076554312947,1.110211408057439
104.898,3.41,2507,-1.3247076554312947,1.110211408057439
247586.333,3.41,2507,-1.3247076554312947,1.110211408057439
521790.077,3.41,2507,-1.3247076554312947,1.110211408057439
10463.058,3.41,2507,-1.3247076554312947,1.110211408057439
8712388.236,3.41,2507,-1.3247076554312947,1.110211408057439
10463.058,3.41,2507,-1.3247076554312947,1.110211408057439
10280.684,3.41,2507,-1.3247076554312947,1.110211408057439
247799.739,3.41,2507,-1.3247076554312947,1.110211408057439
111182.615,3.41,2507,-1.3247076554312947,1.110211408057439
94042.244,3.41,2507,-1.3247076554312947,1.110211408057439
305807844.224,3.41,2507,-1.3247076554312947,1.110211408057439
31348.439,3.41,2507,-1.3247076554312947,1.110211408057439
67034.961,3.41,2507,-1.3247076554312947,1.110211408057439
94667.913,3.41,2507,-1.3247076554312947,1.110211408057439
137184.126,3.41,2507,-1.3247076554312947,1.110211408057439
147522.507,3.41,2507,-1.3247076554312947,1.110211408057439
6415603.973,3.41,2507,-1.3247076554312947,1.110211408057439
105.12,3.41,2507,-1.3247076554312947,1.110211408057439
3509391.358,3.41,2507,-1.3247076554312947,1.110211408057439
590.512,3.41,2507,-1.3247076554312947,1.110211408057439
1318578.689,3.41,2507,-1.3247076554312947,1.110211408057439
459.948,3.41,2507,-1.3247076554312947,1.110211408057439
15839420.349,3.41,2507,-1.3247076554312947,1.110211408057439
739874058.294,3.41,2507,-1.3247076554312947,1.110211408057439
29.884,3.41,2507,-1.3247076554312947,1.110211408057439
106.46,3.41,2507,-1.3247076554312947,1.110211408057439
63924.793,3.41,2507,-1.3247076554312947,1.110211408057439
5871.482,3.41,2507,-1.3247076554312947,1.110211408057439
2265242.902,3.41,2507,-1.3247076554312947,1.110211408057439
108887641.905,3.41,2507,-1.3247076554312947,1.110211408057439
58978301.737,3.41,2507,-1.3247076554312947,1.110211408057439
57684.199,3.41,2507,-1.3247076554312947,1.110211408057439
2909860.818,3.41,2507,-1.3247076554312947,1.110211408057439
124898.754,3.41,2507,-1.3247076554312947,1.110211408057439
3577157.814,3.41,2507,-1.3247076554312947,1.110211408057439
537045.648,3.41,2507,-1.3247076554312947,1.110211408057439
519.55,3.41,2507,-1.3247076554312947,1.110211408057439
12090.263,3.41,2507,-1.3247076554312947,1.110211408057439
110207135.693,3.41,2507,-1.3247076554312947,1.110211408057439
13875201.306,3.41,2507,-1.3247076554312947,1.110211408057439
4271754.089,3.41,2507,-1.3247076554312947,1.110211408057439
268.897,3.41,2507,-1.3247076554312947,1.110211408057439
6112.901,3.41,2507,-1.3247076554312947,1.110211408057439
490.498,3.41,2507,-1.3247076554312947,1.110211408057439
2231.395,3.41,2507,-1.3247076554312947,1.110211408057439
1303.708,3.41,2507,-1.3247076554312947,1.110211408057439
241.704,3.41,2507,-1.3247076554312947,1.110211408057439
1140.288,3.41,2507,-1.3247076554312947,1.110211408057439
248301.103,3.41,2507,-1.3247076554312947,1.110211408057439
742499.999,3.41,2507,-1.3247076554312947,1.110211408057439
144.656,3.41,2507,-1.3247076554312947,1.110211408057439
536471.407,3.41,2507,-1.3247076554312947,1.110211408057439
4370.268,3.41,2507,-1.3247076554312947,1.110211408057439
108.112,3.41,2507,-1.3247076554312947,1.110211408057439
16589.772,3.41,2507,-1.3247076554312947,1.110211408057439
1225.847,3.41,2507,-1.3247076554312947,1.110211408057439
112.365,3.41,2507,-1.3247076554312947,1.110211408057439
459.948,3.41,2507,-1.3247076554312947,1.110211408057439
8.542,3.41,2507,-1.3247076554312947,1.110211408057439
1094.441,3.41,2507,-1.3247076554312947,1.110211408057439
4689343.963,3.41,2507,-1.3247076554312947,1.110211408057439
5405.209,3.41,2507,-1.3247076554312947,1.110211408057439
82644.847,3.41,2507,-1.3247076554312947,1.110211408057439
334847051.836,3.41,2507,-1.3247076554312947,1.110211408057439
980730.744,3.41,2507,-1.3247076554312947,1.110211408057439
1195773.407,3.41,2507,-1.3247076554312947,1.110211408057439
458940.666,3.41,2507,-1.3247076554312947,1.110211408057439
238168831.541,3.41,2507,-1.3247076554312947,1.110211408057439
49.602,3.41,2507,-1.3247076554312947,1.110211408057439
104.898,3.41,2507,-1.3247076554312947,1.110211408057439
979.209,3.41,2507,-1.3247076554312947,1.110211408057439
4392.915,3.41,2507,-1.3247076554312947,1.110211408057439
256019.219,3.41,2507,-1.3247076554312947,1.110211408057439
94042.244,3.41,2507,-1.3247076554312947,1.110211408057439
2104.7,3.41,2507,-1.3247076554312947,1.110211408057439
2104.7,3.41,2507,-1.3247076554312947,1.110211408057439
464.838,3.41,2507,-1.3247076554312947,1.110211408057439
464.838,3.41,2507,-1.3247076554312947,1.110211408057439
418529.675,3.41,2507,-1.3247076554312947,1.110211408057439
601403.644,3.41,2507,-1.3247076554312947,1.110211408057439
102766.313,3.41,2507,-1.3247076554312947,1.110211408057439
1726559.986,3.41,2507,-1.3247076554312947,1.110211408057439
2019381.197,3.41,2507,-1.3247076554312947,1.110211408057439
1919.94,3.41,2507,-1.3247076554312947,1.110211408057439
167745.146,3.41,2507,-1.3247076554312947,1.110211408057439
144.656,3.41,2507,-1.3247076554312947,1.110211408057439
16589.772,3.41,2507,-1.3247076554312947,1.110211408057439
12030.819,3.41,2507,-1.3247076554312947,1.110211408057439
3556960.992,3.41,2507,-1.3247076554312947,1.110211408057439
6701566.922,3.41,2507,-1.3247076554312947,1.110211408057439
12515167.277,3.41,2507,-1.3247076554312947,1.110211408057439
1033633674.077,3.41,2507,-1.3247076554312947,1.110211408057439
2503212.036,3.41,2507,-1.3247076554312947,1.110211408057439
610609910.399,3.41,2507,-1.3247076554312947,1.110211408057439
78677358.83,3.41,2507,-1.3247076554312947,1.110211408057439
60844293.228,3.41,2507,-1.3247076554312947,1.110211408057439
1242673636.383,3.41,2507,-1.3247076554312947,1.110211408057439
36.994,3.41,2507,-1.3247076554312947,1.110211408057439
226.89,3.41,2507,-1.3247076554312947,1.110211408057439
143.014,3.41,2507,-1.3247076554312947,1.110211408057439
106.46,3.41,2507,-1.3247076554312947,1.110211408057439
177.056,3.41,2507,-1.3247076554312947,1.110211408057439
0.246,3.41,2507,-1.3247076554312947,1.110211408057439
33.745,3.41,2507,-1.3247076554312947,1.110211408057439
108566.369,3.41,2507,-1.3247076554312947,1.110211408057439
3681.273,3.41,2507,-1.3247076554312947,1.110211408057439
11609958.404,3.41,2507,-1.3247076554312947,1.110211408057439
10493.681,3.41,2507,-1.3247076554312947,1.110211408057439
96758.975,3.41,2507,-1.3247076554312947,1.110211408057439
44888499.572,3.41,2507,-1.3247076554312947,1.110211408057439
213.406,3.41,2507,-1.3247076554312947,1.110211408057439
305.279,3.41,2507,-1.3247076554312947,1.110211408057439
102766.313,3.41,2507,-1.3247076554312947,1.110211408057439
1726559.986,3.41,2507,-1.3247076554312947,1.110211408057439
1068480.017,3.41,2507,-1.3247076554312947,1.110211408057439
13199787.263,3.41,2507,-1.3247076554312947,1.110211408057439
79967.995,3.41,2507,-1.3247076554312947,1.110211408057439
1140.288,3.41,2507,-1.3247076554312947,1.110211408057439
18754.707,3.41,2507,-1.3247076554312947,1.110211408057439
537008.654,3.41,2507,-1.3247076554312947,1.110211408057439
450.005,3.41,2507,-1.3247076554312947,1.110211408057439
411.342,3.41,2507,-1.3247076554312947,1.110211408057439
394385.382,3.41,2507,-1.3247076554312947,1.110211408057439
76647196.344,3.41,2507,-1.3247076554312947,1.110211408057439
2508238.612,3.41,2507,-1.3247076554312947,1.110211408057439
398887.897,3.41,2507,-1.3247076554312947,1.110211408057439
110.72,3.41,2507,-1.3247076554312947,1.110211408057439
73.132,3.41,2507,-1.3247076554312947,1.110211408057439
704.706,3.41,2507,-1.3247076554312947,1.110211408057439
1.076,3.41,2507,-1.3247076554312947,1.110211408057439
3925.774,3.41,2507,-1.3247076554312947,1.110211408057439
97867.584,3.41,2507,-1.3247076554312947,1.110211408057439
97867.584,3.41,2507,-1.3247076554312947,1.110211408057439
168088.245,3.41,2507,-1.3247076554312947,1.110211408057439
100.789,3.41,2507,-1.3247076554312947,1.110211408057439
6011.824,3.41,2507,-1.3247076554312947,1.110211408057439
112959.284,3.41,2507,-1.3247076554312947,1.110211408057439
100.789,3.41,2507,-1.3247076554312947,1.110211408057439
19927.925,3.41,2507,-1.3247076554312947,1.110211408057439
281977.84,3.41,2507,-1.3247076554312947,1.110211408057439
182765.981,3.41,2507,-1.3247076554312947,1.110211408057439
1029370.411,3.41,2507,-1.3247076554312947,1.110211408057439
8040.393,3.41,2507,-1.3247076554312947,1.110211408057439
67077.969,3.41,2507,-1.3247076554312947,1.110211408057439
8040.393,3.41,2507,-1.3247076554312947,1.110211408057439
147522.507,3.41,2507,-1.3247076554312947,1.110211408057439
79967.995,3.41,2507,-1.3247076554312947,1.110211408057439
2374350.538,3.41,2507,-1.3247076554312947,1.110211408057439
450.005,3.41,2507,-1.3247076554312947,1.110211408057439
112.365,3.41,2507,-1.3247076554312947,1.110211408057439
15677421.518,3.41,2507,-1.3247076554312947,1.110211408057439
399753163.498,3.41,2507,-1.3247076554312947,1.110211408057439
227.989,3.41,2507,-1.3247076554312947,1.110211408057439
73.132,3.41,2507,-1.3247076554312947,1.110211408057439
774525.902,3.41,2507,-1.3247076554312947,1.110211408057439
46023.285,3.41,2507,-1.3247076554312947,1.110211408057439
256019.219,3.41,2507,-1.3247076554312947,1.110211408057439
187148.118,3.41,2507,-1.3247076554312947,1.110211408057439
519.55,3.41,2507,-1.3247076554312947,1.110211408057439
3696539.475,3.41,2507,-1.3247076554312947,1.110211408057439
65393905.71,3.41,2507,-1.3247076554312947,1.110211408057439
7916726.385,3.41,2507,-1.3247076554312947,1.110211408057439
6292397.358,3.41,2507,-1.3247076554312947,1.110211408057439
188264.187,3.41,2507,-1.3247076554312947,1.110211408057439
12030.819,3.41,2507,-1.3247076554312947,1.110211408057439
2158.284,3.41,2507,-1.3247076554312947,1.110211408057439
1068480.263,3.41,2507,-1.3247076554312947,1.110211408057439
4329943.686,3.41,2507,-1.3247076554312947,1.110211408057439
6007.824,3.41,2507,-1.3247076554312947,1.110211408057439
601403.644,3.41,2507,-1.3247076554312947,1.110211408057439
6641.199,3.41,2507,-1.3247076554312947,1.110211408057439
204538.03,3.41,2507,-1.3247076554312947,1.110211408057439
1225.847,3.41,2507,-1.3247076554312947,1.110211408057439
1690.978,3.41,2507,-1.3247076554312947,1.110211408057439
8.542,3.41,2507,-1.3247076554312947,1.110211408057439
3118.945,3.41,2507,-1.3247076554312947,1.110211408057439
58237551.667,3.41,2507,-1.3247076554312947,1.110211408057439
3562151.793,3.41,2507,-1.3247076554312947,1.110211408057439
60051793.323,3.41,2507,-1.3247076554312947,1.110211408057439
210345.781,3.41,2507,-1.3247076554312947,1.110211408057439
1095843.731,3.41,2507,-1.3247076554312947,1.110211408057439
3215567.808,3.41,2507,-1.3247076554312947,1.110211408057439
8101928.717,3.41,2507,-1.3247076554312947,1.110211408057439
428340963.036,3.41,2507,-1.3247076554312947,1.110211408057439
143.014,3.41,2507,-1.3247076554312947,1.110211408057439
296.638,3.41,2507,-1.3247076554312947,1.110211408057439
15.007,3.41,2507,-1.3247076554312947,1.110211408057439
471.901,3.41,2507,-1.3247076554312947,1.110211408057439
10493.681,3.41,2507,-1.3247076554312947,1.110211408057439
5046279.991,3.41,2507,-1.3247076554312947,1.110211408057439
305.279,3.41,2507,-1.3247076554312947,1.110211408057439
96758.975,3.41,2507,-1.3247076554312947,1.110211408057439
6290477.418,3.41,2507,-1.3247076554312947,1.110211408057439
413.203,3.41,2507,-1.3247076554312947,1.110211408057439
124898.754,3.41,2507,-1.3247076554312947,1.110211408057439
106711.579,3.41,2507,-1.3247076554312947,1.110211408057439
12500.461,3.41,2507,-1.3247076554312947,1.110211408057439
8605312.045,3.41,2507,-1.3247076554312947,1.110211408057439
149767.842,3.41,2507,-1.3247076554312947,1.110211408057439
4370.268,3.41,2507,-1.3247076554312947,1.110211408057439
1318578.689,3.41,2507,-1.3247076554312947,1.110211408057439
49027.381,3.41,2507,-1.3247076554312947,1.110211408057439
534240.013,3.41,2507,-1.3247076554312947,1.110211408057439
1303.708,3.41,2507,-1.3247076554312947,1.110211408057439
6641.199,3.41,2507,-1.3247076554312947,1.110211408057439
1094.441,3.41,2507,-1.3247076554312947,1.110211408057439
411.342,3.41,2507,-1.3247076554312947,1.110211408057439
6012063.113,3.41,2507,-1.3247076554312947,1.110211408057439
722775836.747,3.41,2507,-1.3247076554312947,1.110211408057439
95924222.268,3.41,2507,-1.3247076554312947,1.110211408057439
8424.603,3.41,2507,-1.3247076554312947,1.110211408057439
53374867.768,3.41,2507,-1.3247076554312947,1.110211408057439
1942994.112,3.41,2507,-1.3247076554312947,1.110211408057439
2025940.812,3.41,2507,-1.3247076554312947,1.110211408057439
33320195.735,3.41,2507,-1.3247076554312947,1.110211408057439
704.706,3.41,2507,-1.3247076554312947,1.110211408057439
12303.883,3.41,2507,-1.3247076554312947,1.110211408057439
70294.47,3.41,2507,-1.3247076554312947,1.110211408057439
12090.263,3.41,2507,-1.3247076554312947,1.110211408057439
281977.84,3.41,2507,-1.3247076554312947,1.110211408057439
12323.405,3.41,2507,-1.3247076554312947,1.110211408057439
3681.273,3.41,2507,-1.3247076554312947,1.110211408057439
8931418.468,3.41,2507,-1.3247076554312947,1.110211408057439
193046.665,3.41,2507,-1.3247076554312947,1.110211408057439
166805.242,3.41,2507,-1.3247076554312947,1.110211408057439
111116.976,3.41,2507,-1.3247076554312947,1.110211408057439
5006865.566,3.41,2507,-1.3247076554312947,1.110211408057439
14492.202,3.41,2507,-1.3247076554312947,1.110211408057439
2307272.569,3.41,2507,-1.3247076554312947,1.110211408057439
1318914.069,3.41,2507,-1.3247076554312947,1.110211408057439
188264.187,3.41,2507,-1.3247076554312947,1.110211408057439
2158.284,3.41,2507,-1.3247076554312947,1.110211408057439
579.719,3.41,2507,-1.3247076554312947,1.110211408057439
592732.157,3.41,2507,-1.3247076554312947,1.110211408057439
1690.978,3.41,2507,-1.3247076554312947,1.110211408057439
2425406.374,3.41,2507,-1.3247076554312947,1.110211408057439
1917141.338,3.41,2507,-1.3247076554312947,1.110211408057439
5030370.922,3.41,2507,-1.3247076554312947,1.110211408057439
12521119.373,3.41,2507,-1.3247076554312947,1.110211408057439
98026413.345,3.41,2507,-1.3247076554312947,1.110211408057439
1494410.063,3.41,2507,-1.3247076554312947,1.110211408057439
13823580.923,3.41,2507,-1.3247076554312947,1.110211408057439
287.591,3.41,2507,-1.3247076554312947,1.110211408057439
3.734,3.41,2507,-1.3247076554312947,1.110211408057439
73.288,3.41,2507,-1.3247076554312947,1.110211408057439
5.763,3.41,2507,-1.3247076554312947,1.110211408057439
5.763,3.41,2507,-1.3247076554312947,1.110211408057439
39.27,3.41,2507,-1.3247076554312947,1.110211408057439
5655.735,3.41,2507,-1.3247076554312947,1.110211408057439
30648.008,3.41,2507,-1.3247076554312947,1.110211408057439
1973.564,3.41,2507,-1.3247076554312947,1.110211408057439
292905.897,3.41,2507,-1.3247076554312947,1.110211408057439
19886.635,3.41,2507,-1.3247076554312947,1.110211408057439
941479.351,3.41,2507,-1.3247076554312947,1.110211408057439
1004.812,3.41,2507,-1.3247076554312947,1.110211408057439
184287.603,3.41,2507,-1.3247076554312947,1.110211408057439
9515397.493,3.41,2507,-1.3247076554312947,1.110211408057439
1190.477,3.41,2507,-1.3247076554312947,1.110211408057439
183.513,3.41,2507,-1.3247076554312947,1.110211408057439
106146.395,3.41,2507,-1.3247076554312947,1.110211408057439
217.918,3.41,2507,-1.3247076554312947,1.110211408057439
215406.396,3.41,2507,-1.3247076554312947,1.110211408057439
187341.982,3.41,2507,-1.3247076554312947,1.110211408057439
49.958,3.41,2507,-1.3247076554312947,1.110211408057439
12151686.135,3.41,2507,-1.3247076554312947,1.110211408057439
1176155340.192,3.41,2507,-1.3247076554312947,1.110211408057439
16162415.332,3.41,2507,-1.3247076554312947,1.110211408057439
131313068.317,3.41,2507,-1.3247076554312947,1.110211408057439
217.918,3.41,2507,-1.3247076554312947,1.110211408057439
187341.982,3.41,2507,-1.3247076554312947,1.110211408057439
49.958,3.41,2507,-1.3247076554312947,1.110211408057439
58470378.336,3.41,2507,-1.3247076554312947,1.110211408057439
6452596.624,3.41,2507,-1.3247076554312947,1.110211408057439
451054537.526,3.41,2507,-1.3247076554312947,1.110211408057439
67.99,3.41,2507,-1.3247076554312947,1.110211408057439
344.847,3.41,2507,-1.3247076554312947,1.110211408057439
147.996,3.41,2507,-1.3247076554312947,1.110211408057439
74.033,3.41,2507,-1.3247076554312947,1.110211408057439
90.82,3.41,2507,-1.3247076554312947,1.110211408057439
148975.57,3.41,2507,-1.3247076554312947,1.110211408057439
219861.077,3.41,2507,-1.3247076554312947,1.110211408057439
217490.229,3.41,2507,-1.3247076554312947,1.110211408057439
148975.57,3.41,2507,-1.3247076554312947,1.110211408057439
113670.788,3.41,2507,-1.3247076554312947,1.110211408057439
1396122.878,3.41,2507,-1.3247076554312947,1.110211408057439
643.375,3.41,2507,-1.3247076554312947,1.110211408057439
3850.76,3.41,2507,-1.3247076554312947,1.110211408057439
1844.74,3.41,2507,-1.3247076554312947,1.110211408057439
598.086,3.41,2507,-1.3247076554312947,1.110211408057439
5394.656,3.41,2507,-1.3247076554312947,1.110211408057439
9515397.493,3.41,2507,-1.3247076554312947,1.110211408057439
92181.438,3.41,2507,-1.3247076554312947,1.110211408057439
1536.899,3.41,2507,-1.3247076554312947,1.110211408057439
569.694,3.41,2507,-1.3247076554312947,1.110211408057439
263.361,3.41,2507,-1.3247076554312947,1.110211408057439
204543.916,3.41,2507,-1.3247076554312947,1.110211408057439
649.617,3.41,2507,-1.3247076554312947,1.110211408057439
483350.894,3.41,2507,-1.3247076554312947,1.110211408057439
48550012.154,3.41,2507,-1.3247076554312947,1.110211408057439
1122036.557,3.41,2507,-1.3247076554312947,1.110211408057439
2025797.288,3.41,2507,-1.3247076554312947,1.110211408057439
1010887974.106,3.41,2507,-1.3247076554312947,1.110211408057439
272.148,3.41,2507,-1.3247076554312947,1.110211408057439
739969.632,3.41,2507,-1.3247076554312947,1.110211408057439
215690.094,3.41,2507,-1.3247076554312947,1.110211408057439
1405516.494,3.41,2507,-1.3247076554312947,1.110211408057439
135345.363,3.41,2507,-1.3247076554312947,1.110211408057439
113455.29,3.41,2507,-1.3247076554312947,1.110211408057439
17915.887,3.41,2507,-1.3247076554312947,1.110211408057439
1973.564,3.41,2507,-1.3247076554312947,1.110211408057439
4336047.89,3.41,2507,-1.3247076554312947,1.110211408057439
5384.056,3.41,2507,-1.3247076554312947,1.110211408057439
3037333.549,3.41,2507,-1.3247076554312947,1.110211408057439
2230.583,3.41,2507,-1.3247076554312947,1.110211408057439
569.694,3.41,2507,-1.3247076554312947,1.110211408057439
62.819,3.41,2507,-1.3247076554312947,1.110211408057439
508431.126,3.41,2507,-1.3247076554312947,1.110211408057439
94668.881,3.41,2507,-1.3247076554312947,1.110211408057439
1407.265,3.41,2507,-1.3247076554312947,1.110211408057439
613.158,3.41,2507,-1.3247076554312947,1.110211408057439
13.392,3.41,2507,-1.3247076554312947,1.110211408057439
183.513,3.41,2507,-1.3247076554312947,1.110211408057439
115991.035,3.41,2507,-1.3247076554312947,1.110211408057439
3463.833,3.41,2507,-1.3247076554312947,1.110211408057439
117060936.781,3.41,2507,-1.3247076554312947,1.110211408057439
13646.534,3.41,2507,-1.3247076554312947,1.110211408057439
99.931,3.41,2507,-1.3247076554312947,1.110211408057439
100.992,3.41,2507,-1.3247076554312947,1.110211408057439
6544667.619,3.41,2507,-1.3247076554312947,1.110211408057439
57223709.06,3.41,2507,-1.3247076554312947,1.110211408057439
287.591,3.41,2507,-1.3247076554312947,1.110211408057439
1831738258.276,3.41,2507,-1.3247076554312947,1.110211408057439
30543210.731,3.41,2507,-1.3247076554312947,1.110211408057439
299.992,3.41,2507,-1.3247076554312947,1.110211408057439
344.847,3.41,2507,-1.3247076554312947,1.110211408057439
147.996,3.41,2507,-1.3247076554312947,1.110211408057439
1.01,3.41,2507,-1.3247076554312947,1.110211408057439
83666.727,3.41,2507,-1.3247076554312947,1.110211408057439
65979.313,3.41,2507,-1.3247076554312947,1.110211408057439
62483.511,3.41,2507,-1.3247076554312947,1.110211408057439
17250.835,3.41,2507,-1.3247076554312947,1.110211408057439
39122.724,3.41,2507,-1.3247076554312947,1.110211408057439
12863415.761,3.41,2507,-1.3247076554312947,1.110211408057439
5398.39,3.41,2507,-1.3247076554312947,1.110211408057439
4913660.959,3.41,2507,-1.3247076554312947,1.110211408057439
138690.91,3.41,2507,-1.3247076554312947,1.110211408057439
1536.899,3.41,2507,-1.3247076554312947,1.110211408057439
274.615,3.41,2507,-1.3247076554312947,1.110211408057439
214355.019,3.41,2507,-1.3247076554312947,1.110211408057439
2391.513,3.41,2507,-1.3247076554312947,1.110211408057439
613.158,3.41,2507,-1.3247076554312947,1.110211408057439
1231.352,3.41,2507,-1.3247076554312947,1.110211408057439
9645989.647,3.41,2507,-1.3247076554312947,1.110211408057439
49.963,3.41,2507,-1.3247076554312947,1.110211408057439
256137540.723,3.41,2507,-1.3247076554312947,1.110211408057439
532501967.887,3.41,2507,-1.3247076554312947,1.110211408057439
99.931,3.41,2507,-1.3247076554312947,1.110211408057439
108655.95,3.41,2507,-1.3247076554312947,1.110211408057439
3463.833,3.41,2507,-1.3247076554312947,1.110211408057439
283994117.0,3.41,2507,-1.3247076554312947,1.110211408057439
6055303.809,3.41,2507,-1.3247076554312947,1.110211408057439
272.148,3.41,2507,-1.3247076554312947,1.110211408057439
1289.996,3.41,2507,-1.3247076554312947,1.110211408057439
1.01,3.41,2507,-1.3247076554312947,1.110211408057439
273735.599,3.41,2507,-1.3247076554312947,1.110211408057439
113455.29,3.41,2507,-1.3247076554312947,1.110211408057439
3767.497,3.41,2507,-1.3247076554312947,1.110211408057439
1009876.55,3.41,2507,-1.3247076554312947,1.110211408057439
1063.621,3.41,2507,-1.3247076554312947,1.110211408057439
109725.616,3.41,2507,-1.3247076554312947,1.110211408057439
56224.027,3.41,2507,-1.3247076554312947,1.110211408057439
241.272,3.41,2507,-1.3247076554312947,1.110211408057439
2230.583,3.41,2507,-1.3247076554312947,1.110211408057439
57085.816,3.41,2507,-1.3247076554312947,1.110211408057439
2904.591,3.41,2507,-1.3247076554312947,1.110211408057439
184287.603,3.41,2507,-1.3247076554312947,1.110211408057439
2091.284,3.41,2507,-1.3247076554312947,1.110211408057439
92181.438,3.41,2507,-1.3247076554312947,1.110211408057439
131390.953,3.41,2507,-1.3247076554312947,1.110211408057439
102358049.008,3.41,2507,-1.3247076554312947,1.110211408057439
27.704,3.41,2507,-1.3247076554312947,1.110211408057439
5939680.57,3.41,2507,-1.3247076554312947,1.110211408057439
10017583.754,3.41,2507,-1.3247076554312947,1.110211408057439
106146.395,3.41,2507,-1.3247076554312947,1.110211408057439
205.217,3.41,2507,-1.3247076554312947,1.110211408057439
924.232,3.41,2507,-1.3247076554312947,1.110211408057439
2654086.751,3.41,2507,-1.3247076554312947,1.110211408057439
581162122.805,3.41,2507,-1.3247076554312947,1.110211408057439
6617023.138,3.41,2507,-1.3247076554312947,1.110211408057439
141336036.127,3.41,2507,-1.3247076554312947,1.110211408057439
30546.138,3.41,2507,-1.3247076554312947,1.110211408057439
205.217,3.41,2507,-1.3247076554312947,1.110211408057439
5.793,3.41,2507,-1.3247076554312947,1.110211408057439
5.793,3.41,2507,-1.3247076554312947,1.110211408057439
50951.79,3.41,2507,-1.3247076554312947,1.110211408057439
17117450.048,3.41,2507,-1.3247076554312947,1.110211408057439
866931.334,3.41,2507,-1.3247076554312947,1.110211408057439
3767.497,3.41,2507,-1.3247076554312947,1.110211408057439
66327.66,3.41,2507,-1.3247076554312947,1.110211408057439
66327.66,3.41,2507,-1.3247076554312947,1.110211408057439
9238445.215,3.41,2507,-1.3247076554312947,1.110211408057439
2788590.282,3.41,2507,-1.3247076554312947,1.110211408057439
4281963.271,3.41,2507,-1.3247076554312947,1.110211408057439
56426.171,3.41,2507,-1.3247076554312947,1.110211408057439
4301701.096,3.41,2507,-1.3247076554312947,1.110211408057439
8900300.426,3.41,2507,-1.3247076554312947,1.110211408057439
409.265,3.41,2507,-1.3247076554312947,1.110211408057439
4051.886,3.41,2507,-1.3247076554312947,1.110211408057439
3781.816,3.41,2507,-1.3247076554312947,1.110211408057439
12863415.761,3.41,2507,-1.3247076554312947,1.110211408057439
118459.992,3.41,2507,-1.3247076554312947,1.110211408057439
19089349.662,3.41,2507,-1.3247076554312947,1.110211408057439
5137281.176,3.41,2507,-1.3247076554312947,1.110211408057439
4129437.285,3.41,2507,-1.3247076554312947,1.110211408057439
14088.774,3.41,2507,-1.3247076554312947,1.110211408057439
76161.253,3.41,2507,-1.3247076554312947,1.110211408057439
176030.486,3.41,2507,-1.3247076554312947,1.110211408057439
107.082,3.41,2507,-1.3247076554312947,1.110211408057439
709.94,3.41,2507,-1.3247076554312947,1.110211408057439
37186191.129,3.41,2507,-1.3247076554312947,1.110211408057439
7190528.867,3.41,2507,-1.3247076554312947,1.110211408057439
49.963,3.41,2507,-1.3247076554312947,1.110211408057439
472473688.67,3.41,2507,-1.3247076554312947,1.110211408057439
13646.534,3.41,2507,-1.3247076554312947,1.110211408057439
2214384.397,3.41,2507,-1.3247076554312947,1.110211408057439
30546.138,3.41,2507,-1.3247076554312947,1.110211408057439
226589.094,3.41,2507,-1.3247076554312947,1.110211408057439
67.99,3.41,2507,-1.3247076554312947,1.110211408057439
90.82,3.41,2507,-1.3247076554312947,1.110211408057439
44.263,3.41,2507,-1.3247076554312947,1.110211408057439
1570644.449,3.41,2507,-1.3247076554312947,1.110211408057439
1633093.438,3.41,2507,-1.3247076554312947,1.110211408057439
9393.616,3.41,2507,-1.3247076554312947,1.110211408057439
8017.012,3.41,2507,-1.3247076554312947,1.110211408057439
1570644.449,3.41,2507,-1.3247076554312947,1.110211408057439
113670.788,3.41,2507,-1.3247076554312947,1.110211408057439
83666.727,3.41,2507,-1.3247076554312947,1.110211408057439
276640.189,3.41,2507,-1.3247076554312947,1.110211408057439
643.375,3.41,2507,-1.3247076554312947,1.110211408057439
30580.119,3.41,2507,-1.3247076554312947,1.110211408057439
3850.76,3.41,2507,-1.3247076554312947,1.110211408057439
241.272,3.41,2507,-1.3247076554312947,1.110211408057439
409.265,3.41,2507,-1.3247076554312947,1.110211408057439
94629.612,3.41,2507,-1.3247076554312947,1.110211408057439
417.148,3.41,2507,-1.3247076554312947,1.110211408057439
95072.725,3.41,2507,-1.3247076554312947,1.110211408057439
1004.812,3.41,2507,-1.3247076554312947,1.110211408057439
228443.793,3.41,2507,-1.3247076554312947,1.110211408057439
1231.352,3.41,2507,-1.3247076554312947,1.110211408057439
1407.265,3.41,2507,-1.3247076554312947,1.110211408057439
263.361,3.41,2507,-1.3247076554312947,1.110211408057439
83609654.647,3.41,2507,-1.3247076554312947,1.110211408057439
6591056.291,3.41,2507,-1.3247076554312947,1.110211408057439
3478269.348,3.41,2507,-1.3247076554312947,1.110211408057439
37054800.176,3.41,2507,-1.3247076554312947,1.110211408057439
154.948,3.41,2507,-1.3247076554312947,1.110211408057439
4391453.516,3.41,2507,-1.3247076554312947,1.110211408057439
918022.633,3.41,2507,-1.3247076554312947,1.110211408057439
374170604.863,3.41,2507,-1.3247076554312947,1.110211408057439
10499172.682,3.41,2507,-1.3247076554312947,1.110211408057439
154.948,3.41,2507,-1.3247076554312947,1.110211408057439
84278783.315,3.41,2507,-1.3247076554312947,1.110211408057439
331681.129,3.41,2507,-1.3247076554312947,1.110211408057439
6452596.624,3.41,2507,-1.3247076554312947,1.110211408057439
3417988767.267,3.41,2507,-1.3247076554312947,1.110211408057439
1289.996,3.41,2507,-1.3247076554312947,1.110211408057439
39122.724,3.41,2507,-1.3247076554312947,1.110211408057439
17250.835,3.41,2507,-1.3247076554312947,1.110211408057439
65979.313,3.41,2507,-1.3247076554312947,1.110211408057439
7267206.988,3.41,2507,-1.3247076554312947,1.110211408057439
696930.009,3.41,2507,-1.3247076554312947,1.110211408057439
45679819.824,3.41,2507,-1.3247076554312947,1.110211408057439
393.734,3.41,2507,-1.3247076554312947,1.110211408057439
25966.847,3.41,2507,-1.3247076554312947,1.110211408057439
1844.74,3.41,2507,-1.3247076554312947,1.110211408057439
2611979.122,3.41,2507,-1.3247076554312947,1.110211408057439
2588699.329,3.41,2507,-1.3247076554312947,1.110211408057439
11677.429,3.41,2507,-1.3247076554312947,1.110211408057439
95072.725,3.41,2507,-1.3247076554312947,1.110211408057439
2391.513,3.41,2507,-1.3247076554312947,1.110211408057439
1190.477,3.41,2507,-1.3247076554312947,1.110211408057439
10862.479,3.41,2507,-1.3247076554312947,1.110211408057439
598.086,3.41,2507,-1.3247076554312947,1.110211408057439
763.629,3.41,2507,-1.3247076554312947,1.110211408057439
709.94,3.41,2507,-1.3247076554312947,1.110211408057439
6949557.119,3.41,2507,-1.3247076554312947,1.110211408057439
3271941.177,3.41,2507,-1.3247076554312947,1.110211408057439
44702589.687,3.41,2507,-1.3247076554312947,1.110211408057439
1159294425.72,3.41,2507,-1.3247076554312947,1.110211408057439
575311583.095,3.41,2507,-1.3247076554312947,1.110211408057439
25342532.28,3.41,2507,-1.3247076554312947,1.110211408057439
74.033,3.41,2507,-1.3247076554312947,1.110211408057439
154.054,3.41,2507,-1.3247076554312947,1.110211408057439
154.054,3.41,2507,-1.3247076554312947,1.110211408057439
849015.448,3.41,2507,-1.3247076554312947,1.110211408057439
8017.012,3.41,2507,-1.3247076554312947,1.110211408057439
202.143,3.41,2507,-1.3247076554312947,1.110211408057439
5655.735,3.41,2507,-1.3247076554312947,1.110211408057439
19786279.671,3.41,2507,-1.3247076554312947,1.110211408057439
45679819.824,3.41,2507,-1.3247076554312947,1.110211408057439
217476.837,3.41,2507,-1.3247076554312947,1.110211408057439
78259.547,3.41,2507,-1.3247076554312947,1.110211408057439
393.734,3.41,2507,-1.3247076554312947,1.110211408057439
42298.739,3.41,2507,-1.3247076554312947,1.110211408057439
292905.897,3.41,2507,-1.3247076554312947,1.110211408057439
3781.816,3.41,2507,-1.3247076554312947,1.110211408057439
15000.016,3.41,2507,-1.3247076554312947,1.110211408057439
29664.975,3.41,2507,-1.3247076554312947,1.110211408057439
4.686,3.41,2507,-1.3247076554312947,1.110211408057439
10003.079,3.41,2507,-1.3247076554312947,1.110211408057439
2518501.231,3.41,2507,-1.3247076554312947,1.110211408057439
22094.997,3.41,2507,-1.3247076554312947,1.110211408057439
3459081.673,3.41,2507,-1.3247076554312947,1.110211408057439
32899.392,3.41,2507,-1.3247076554312947,1.110211408057439
2568156.1,3.41,2507,-1.3247076554312947,1.110211408057439
5000.017,3.41,2507,-1.3247076554312947,1.110211408057439
284072.632,3.41,2507,-1.3247076554312947,1.110211408057439
654746.656,3.41,2507,-1.3247076554312947,1.110211408057439
15138.06,3.41,2507,-1.3247076554312947,1.110211408057439
100356251.229,3.41,2507,-1.3247076554312947,1.110211408057439
116436.012,3.41,2507,-1.3247076554312947,1.110211408057439
107130.482,3.41,2507,-1.3247076554312947,1.110211408057439
157019.057,3.41,2507,-1.3247076554312947,1.110211408057439
342871.821,3.41,2507,-1.3247076554312947,1.110211408057439
98068.346,3.41,2507,-1.3247076554312947,1.110211408057439
30959.293,3.41,2507,-1.3247076554312947,1.110211408057439
37454.043,3.41,2507,-1.3247076554312947,1.110211408057439
596420.729,3.41,2507,-1.3247076554312947,1.110211408057439
185875.633,3.41,2507,-1.3247076554312947,1.110211408057439
57947065.348,3.41,2507,-1.3247076554312947,1.110211408057439
1110659.233,3.41,2507,-1.3247076554312947,1.110211408057439
18796.674,3.41,2507,-1.3247076554312947,1.110211408057439
3356416526.296,3.41,2507,-1.3247076554312947,1.110211408057439
15138.06,3.41,2507,-1.3247076554312947,1.110211408057439
29105.364,3.41,2507,-1.3247076554312947,1.110211408057439
100355166.242,3.41,2507,-1.3247076554312947,1.110211408057439
60870.864,3.41,2507,-1.3247076554312947,1.110211408057439
136421.789,3.41,2507,-1.3247076554312947,1.110211408057439
34070275.31,3.41,2507,-1.3247076554312947,1.110211408057439
184699.008,3.41,2507,-1.3247076554312947,1.110211408057439
10437986.736,3.41,2507,-1.3247076554312947,1.110211408057439
767468.086,3.41,2507,-1.3247076554312947,1.110211408057439
383744.041,3.41,2507,-1.3247076554312947,1.110211408057439
143940.143,3.41,2507,-1.3247076554312947,1.110211408057439
1365197.382,3.41,2507,-1.3247076554312947,1.110211408057439
767468.086,3.41,2507,-1.3247076554312947,1.110211408057439
107130.482,3.41,2507,-1.3247076554312947,1.110211408057439
242124.055,3.41,2507,-1.3247076554312947,1.110211408057439
36476.48,3.41,2507,-1.3247076554312947,1.110211408057439
58006.997,3.41,2507,-1.3247076554312947,1.110211408057439
110323.7,3.41,2507,-1.3247076554312947,1.110211408057439
15000.016,3.41,2507,-1.3247076554312947,1.110211408057439
30959.293,3.41,2507,-1.3247076554312947,1.110211408057439
276500.984,3.41,2507,-1.3247076554312947,1.110211408057439
34070275.31,3.41,2507,-1.3247076554312947,1.110211408057439
43500.014,3.41,2507,-1.3247076554312947,1.110211408057439
2065939.48,3.41,2507,-1.3247076554312947,1.110211408057439
2568156.1,3.41,2507,-1.3247076554312947,1.110211408057439
276500.984,3.41,2507,-1.3247076554312947,1.110211408057439
6652994.633,3.41,2507,-1.3247076554312947,1.110211408057439
11833630.981,3.41,2507,-1.3247076554312947,1.110211408057439
242124.055,3.41,2507,-1.3247076554312947,1.110211408057439
1365197.382,3.41,2507,-1.3247076554312947,1.110211408057439
1770882.268,3.41,2507,-1.3247076554312947,1.110211408057439
15786353.304,3.41,2507,-1.3247076554312947,1.110211408057439
143940.143,3.41,2507,-1.3247076554312947,1.110211408057439
725511.032,3.41,2507,-1.3247076554312947,1.110211408057439
1325251.043,3.41,2507,-1.3247076554312947,1.110211408057439
839801.873,3.41,2507,-1.3247076554312947,1.110211408057439
117123.934,3.41,2507,-1.3247076554312947,1.110211408057439
113999.96,3.41,2507,-1.3247076554312947,1.110211408057439
102000.039,3.41,2507,-1.3247076554312947,1.110211408057439
36476.48,3.41,2507,-1.3247076554312947,1.110211408057439
8172603388.82,3.41,2507,-1.3247076554312947,1.110211408057439
12000.0,3.41,2507,-1.3247076554312947,1.110211408057439
28100.016,3.41,2507,-1.3247076554312947,1.110211408057439
25200.004,3.41,2507,-1.3247076554312947,1.110211408057439
93999.993,3.41,2507,-1.3247076554312947,1.110211408057439
48538.012,3.41,2507,-1.3247076554312947,1.110211408057439
16.658,3.41,2507,-1.3247076554312947,1.110211408057439
849.235,3.41,2507,-1.3247076554312947,1.110211408057439
1084.988,3.41,2507,-1.3247076554312947,1.110211408057439
535218.197,3.41,2507,-1.3247076554312947,1.110211408057439
1064175.494,3.41,2507,-1.3247076554312947,1.110211408057439
20125416.34,3.41,2507,-1.3247076554312947,1.110211408057439
103467754.295,3.41,2507,-1.3247076554312947,1.110211408057439
2518501.231,3.41,2507,-1.3247076554312947,1.110211408057439
6076.689,3.41,2507,-1.3247076554312947,1.110211408057439
61681.338,3.41,2507,-1.3247076554312947,1.110211408057439
190616.015,3.41,2507,-1.3247076554312947,1.110211408057439
112753.374,3.41,2507,-1.3247076554312947,1.110211408057439
5000.017,3.41,2507,-1.3247076554312947,1.110211408057439
120707.162,3.41,2507,-1.3247076554312947,1.110211408057439
284072.632,3.41,2507,-1.3247076554312947,1.110211408057439
52279.746,3.41,2507,-1.3247076554312947,1.110211408057439
42163.072,3.41,2507,-1.3247076554312947,1.110211408057439
168987.798,3.41,2507,-1.3247076554312947,1.110211408057439
47843.148,3.41,2507,-1.3247076554312947,1.110211408057439
43500.014,3.41,2507,-1.3247076554312947,1.110211408057439
654746.656,3.41,2507,-1.3247076554312947,1.110211408057439
40616.777,3.41,2507,-1.3247076554312947,1.110211408057439
595870.442,3.41,2507,-1.3247076554312947,1.110211408057439
7.996,3.41,2507,-1.3247076554312947,1.110211408057439
3917108.659,3.41,2507,-1.3247076554312947,1.110211408057439
60000.0,3.41,2507,-1.3247076554312947,1.110211408057439
725511.032,3.41,2507,-1.3247076554312947,1.110211408057439
157019.057,3.41,2507,-1.3247076554312947,1.110211408057439
98068.346,3.41,2507,-1.3247076554312947,1.110211408057439
126400.021,3.41,2507,-1.3247076554312947,1.110211408057439
165289.382,3.41,2507,-1.3247076554312947,1.110211408057439
86834.009,3.41,2507,-1.3247076554312947,1.110211408057439
42884.664,3.41,2507,-1.3247076554312947,1.110211408057439
25713.0,3.41,2507,-1.3247076554312947,1.110211408057439
32276.727,3.41,2507,-1.3247076554312947,1.110211408057439
27318.763,3.41,2507,-1.3247076554312947,1.110211408057439
214538.347,3.41,2507,-1.3247076554312947,1.110211408057439
54487983.675,3.41,2507,-1.3247076554312947,1.110211408057439
529.986,3.41,2507,-1.3247076554312947,1.110211408057439
550.287,3.41,2507,-1.3247076554312947,1.110211408057439
1076.673,3.41,2507,-1.3247076554312947,1.110211408057439
67106774.546,3.41,2507,-1.3247076554312947,1.110211408057439
168987.798,3.41,2507,-1.3247076554312947,1.110211408057439
150167.516,3.41,2507,-1.3247076554312947,1.110211408057439
7999.993,3.41,2507,-1.3247076554312947,1.110211408057439
308732.069,3.41,2507,-1.3247076554312947,1.110211408057439
956035.24,3.41,2507,-1.3247076554312947,1.110211408057439
386665359.981,3.41,2507,-1.3247076554312947,1.110211408057439
6115009.183,3.41,2507,-1.3247076554312947,1.110211408057439
44676.235,3.41,2507,-1.3247076554312947,1.110211408057439
2065939.48,3.41,2507,-1.3247076554312947,1.110211408057439
129290460.956,3.41,2507,-1.3247076554312947,1.110211408057439
35444804.133,3.41,2507,-1.3247076554312947,1.110211408057439
19740306.265,3.41,2507,-1.3247076554312947,1.110211408057439
535218.197,3.41,2507,-1.3247076554312947,1.110211408057439
3543.073,3.41,2507,-1.3247076554312947,1.110211408057439
26825.033,3.41,2507,-1.3247076554312947,1.110211408057439
66.631,3.41,2507,-1.3247076554312947,1.110211408057439
7.996,3.41,2507,-1.3247076554312947,1.110211408057439
15240549.023,3.41,2507,-1.3247076554312947,1.110211408057439
406153.766,3.41,2507,-1.3247076554312947,1.110211408057439
839801.873,3.41,2507,-1.3247076554312947,1.110211408057439
700800.01,3.41,2507,-1.3247076554312947,1.110211408057439
383744.041,3.41,2507,-1.3247076554312947,1.110211408057439
122567.014,3.41,2507,-1.3247076554312947,1.110211408057439
143139.938,3.41,2507,-1.3247076554312947,1.110211408057439
95484.054,3.41,2507,-1.3247076554312947,1.110211408057439
8460225245.671,3.41,2507,-1.3247076554312947,1.110211408057439
32276.727,3.41,2507,-1.3247076554312947,1.110211408057439
37454.043,3.41,2507,-1.3247076554312947,1.110211408057439
47243.177,3.41,2507,-1.3247076554312947,1.110211408057439
39665644.786,3.41,2507,-1.3247076554312947,1.110211408057439
40616.777,3.41,2507,-1.3247076554312947,1.110211408057439
22944.232,3.41,2507,-1.3247076554312947,1.110211408057439
60870.864,3.41,2507,-1.3247076554312947,1.110211408057439
3030148039.404,3.41,2507,-1.3247076554312947,1.110211408057439
136421.789,3.41,2507,-1.3247076554312947,1.110211408057439
3448163874.26,3.41,2507,-1.3247076554312947,1.110211408057439
500684.078,3.41,2507,-1.3247076554312947,1.110211408057439
796006125.874,3.41,2507,-1.3247076554312947,1.110211408057439
32899.392,3.41,2507,-1.3247076554312947,1.110211408057439
13988048.878,3.41,2507,-1.3247076554312947,1.110211408057439
143139.938,3.41,2507,-1.3247076554312947,1.110211408057439
32473214.17,3.41,2507,-1.3247076554312947,1.110211408057439
184699.008,3.41,2507,-1.3247076554312947,1.110211408057439
1770882.268,3.41,2507,-1.3247076554312947,1.110211408057439
113999.96,3.41,2507,-1.3247076554312947,1.110211408057439
86834.009,3.41,2507,-1.3247076554312947,1.110211408057439
165289.382,3.41,2507,-1.3247076554312947,1.110211408057439
753936.723,3.41,2507,-1.3247076554312947,1.110211408057439
25200.004,3.41,2507,-1.3247076554312947,1.110211408057439
37672.295,3.41,2507,-1.3247076554312947,1.110211408057439
19000.013,3.41,2507,-1.3247076554312947,1.110211408057439
47243.177,3.41,2507,-1.3247076554312947,1.110211408057439
240277.047,3.41,2507,-1.3247076554312947,1.110211408057439
6674.713,3.41,2507,-1.3247076554312947,1.110211408057439
87310.698,3.41,2507,-1.3247076554312947,1.110211408057439
236714.038,3.41,2507,-1.3247076554312947,1.110211408057439
14658464.997,3.41,2507,-1.3247076554312947,1.110211408057439
1110659.233,3.41,2507,-1.3247076554312947,1.110211408057439
1064175.494,3.41,2507,-1.3247076554312947,1.110211408057439
500684.078,3.41,2507,-1.3247076554312947,1.110211408057439
5000.016,3.41,2507,-1.3247076554312947,1.110211408057439
190616.015,3.41,2507,-1.3247076554312947,1.110211408057439
3543.073,3.41,2507,-1.3247076554312947,1.110211408057439
6653326.032,3.41,2507,-1.3247076554312947,1.110211408057439
47843.148,3.41,2507,-1.3247076554312947,1.110211408057439
4.686,3.41,2507,-1.3247076554312947,1.110211408057439
75628391.35,3.41,2507,-1.3247076554312947,1.110211408057439
75865105.388,3.41,2507,-1.3247076554312947,1.110211408057439
1703975.856,3.41,2507,-1.3247076554312947,1.110211408057439
406153.766,3.41,2507,-1.3247076554312947,1.110211408057439
410960.029,3.41,2507,-1.3247076554312947,1.110211408057439
32473214.17,3.41,2507,-1.3247076554312947,1.110211408057439
1325251.043,3.41,2507,-1.3247076554312947,1.110211408057439
657630.697,3.41,2507,-1.3247076554312947,1.110211408057439
116436.012,3.41,2507,-1.3247076554312947,1.110211408057439
25713.0,3.41,2507,-1.3247076554312947,1.110211408057439
12000.0,3.41,2507,-1.3247076554312947,1.110211408057439
28100.016,3.41,2507,-1.3247076554312947,1.110211408057439
27318.763,3.41,2507,-1.3247076554312947,1.110211408057439
206259.132,3.41,2507,-1.3247076554312947,1.110211408057439
44676.235,3.41,2507,-1.3247076554312947,1.110211408057439
35444804.133,3.41,2507,-1.3247076554312947,1.110211408057439
39665644.786,3.41,2507,-1.3247076554312947,1.110211408057439
6620624.015,3.41,2507,-1.3247076554312947,1.110211408057439
87310.698,3.41,2507,-1.3247076554312947,1.110211408057439
129294708.755,3.41,2507,-1.3247076554312947,1.110211408057439
14873619.135,3.41,2507,-1.3247076554312947,1.110211408057439
16684261.048,3.41,2507,-1.3247076554312947,1.110211408057439
150167.516,3.41,2507,-1.3247076554312947,1.110211408057439
112753.374,3.41,2507,-1.3247076554312947,1.110211408057439
193130.564,3.41,2507,-1.3247076554312947,1.110211408057439
949360.526,3.41,2507,-1.3247076554312947,1.110211408057439
386312485.08,3.41,2507,-1.3247076554312947,1.110211408057439
103409217.311,3.41,2507,-1.3247076554312947,1.110211408057439
185875.633,3.41,2507,-1.3247076554312947,1.110211408057439
67069102.251,3.41,2507,-1.3247076554312947,1.110211408057439
120707.162,3.41,2507,-1.3247076554312947,1.110211408057439
795895802.175,3.41,2507,-1.3247076554312947,1.110211408057439
1113292.379,3.41,2507,-1.3247076554312947,1.110211408057439
59970.197,3.41,2507,-1.3247076554312947,1.110211408057439
4247.8,3.41,2507,-1.3247076554312947,1.110211408057439
331.399,3.41,2507,-1.3247076554312947,1.110211408057439
23.557,3.41,2507,-1.3247076554312947,1.110211408057439
10437986.736,3.41,2507,-1.3247076554312947,1.110211408057439
410960.029,3.41,2507,-1.3247076554312947,1.110211408057439
291110.081,3.41,2507,-1.3247076554312947,1.110211408057439
91687377.767,3.41,2507,-1.3247076554312947,1.110211408057439
126400.021,3.41,2507,-1.3247076554312947,1.110211408057439
102000.039,3.41,2507,-1.3247076554312947,1.110211408057439
753936.723,3.41,2507,-1.3247076554312947,1.110211408057439
19000.013,3.41,2507,-1.3247076554312947,1.110211408057439
48538.012,3.41,2507,-1.3247076554312947,1.110211408057439
6620624.015,3.41,2507,-1.3247076554312947,1.110211408057439
7999.993,3.41,2507,-1.3247076554312947,1.110211408057439
6115025.841,3.41,2507,-1.3247076554312947,1.110211408057439
29105.364,3.41,2507,-1.3247076554312947,1.110211408057439
615.79,3.41,2507,-1.3247076554312947,1.110211408057439
42229.704,3.41,2507,-1.3247076554312947,1.110211408057439
52279.746,3.41,2507,-1.3247076554312947,1.110211408057439
3012242881.867,3.41,2507,-1.3247076554312947,1.110211408057439
56490.008,3.41,2507,-1.3247076554312947,1.110211408057439
11640476.861,3.41,2507,-1.3247076554312947,1.110211408057439
1113292.379,3.41,2507,-1.3247076554312947,1.110211408057439
308732.069,3.41,2507,-1.3247076554312947,1.110211408057439
206259.132,3.41,2507,-1.3247076554312947,1.110211408057439
272381307.828,3.41,2507,-1.3247076554312947,1.110211408057439
122567.014,3.41,2507,-1.3247076554312947,1.110211408057439
700800.01,3.41,2507,-1.3247076554312947,1.110211408057439
1703975.856,3.41,2507,-1.3247076554312947,1.110211408057439
60000.0,3.41,2507,-1.3247076554312947,1.110211408057439
117123.934,3.41,2507,-1.3247076554312947,1.110211408057439
95484.054,3.41,2507,-1.3247076554312947,1.110211408057439
119.103,3.41,2507,-1.3247076554312947,1.110211408057439
3699.995,3.41,2507,-1.3247076554312947,1.110211408057439
184116.404,3.41,2507,-1.3247076554312947,1.110211408057439
15000.015,3.41,2507,-1.3247076554312947,1.110211408057439
58457.284,3.41,2507,-1.3247076554312947,1.110211408057439
17171492.737,3.41,2507,-1.3247076554312947,1.110211408057439
61412.016,3.41,2507,-1.3247076554312947,1.110211408057439
150302.916,3.41,2507,-1.3247076554312947,1.110211408057439
229199.616,3.41,2507,-1.3247076554312947,1.110211408057439
3901142.974,3.41,2507,-1.3247076554312947,1.110211408057439
15000.016,3.41,2507,-1.3247076554312947,1.110211408057439
153311.976,3.41,2507,-1.3247076554312947,1.110211408057439
8104334.786,3.41,2507,-1.3247076554312947,1.110211408057439
288020.977,3.41,2507,-1.3247076554312947,1.110211408057439
109.038,3.41,2507,-1.3247076554312947,1.110211408057439
39993.609,3.41,2507,-1.3247076554312947,1.110211408057439
14000.0,3.41,2507,-1.3247076554312947,1.110211408057439
14000.0,3.41,2507,-1.3247076554312947,1.110211408057439
94220.998,3.41,2507,-1.3247076554312947,1.110211408057439
56200.008,3.41,2507,-1.3247076554312947,1.110211408057439
3426441364.635,3.41,2507,-1.3247076554312947,1.110211408057439
38241.608,3.41,2507,-1.3247076554312947,1.110211408057439
20000.016,3.41,2507,-1.3247076554312947,1.110211408057439
414149.112,3.41,2507,-1.3247076554312947,1.110211408057439
50000.0,3.41,2507,-1.3247076554312947,1.110211408057439
10000.0,3.41,2507,-1.3247076554312947,1.110211408057439
279770.059,3.41,2507,-1.3247076554312947,1.110211408057439
1422427.125,3.41,2507,-1.3247076554312947,1.110211408057439
1757225.811,3.41,2507,-1.3247076554312947,1.110211408057439
274268.441,3.41,2507,-1.3247076554312947,1.110211408057439
127647838.18,3.41,2507,-1.3247076554312947,1.110211408057439
50000.0,3.41,2507,-1.3247076554312947,1.110211408057439
287832627.331,3.41,2507,-1.3247076554312947,1.110211408057439
2201261.192,3.41,2507,-1.3247076554312947,1.110211408057439
3892994.958,3.41,2507,-1.3247076554312947,1.110211408057439
84963.318,3.41,2507,-1.3247076554312947,1.110211408057439
934530690.134,3.41,2507,-1.3247076554312947,1.110211408057439
113883.726,3.41,2507,-1.3247076554312947,1.110211408057439
71361240.857,3.41,2507,-1.3247076554312947,1.110211408057439
49280.011,3.41,2507,-1.3247076554312947,1.110211408057439
189807.696,3.41,2507,-1.3247076554312947,1.110211408057439
881324.784,3.41,2507,-1.3247076554312947,1.110211408057439
683040.312,3.41,2507,-1.3247076554312947,1.110211408057439
411055.947,3.41,2507,-1.3247076554312947,1.110211408057439
881324.784,3.41,2507,-1.3247076554312947,1.110211408057439
197400.054,3.41,2507,-1.3247076554312947,1.110211408057439
107299.98,3.41,2507,-1.3247076554312947,1.110211408057439
71656.018,3.41,2507,-1.3247076554312947,1.110211408057439
162181.822,3.41,2507,-1.3247076554312947,1.110211408057439
1990381.864,3.41,2507,-1.3247076554312947,1.110211408057439
2069549.305,3.41,2507,-1.3247076554312947,1.110211408057439
77830.341,3.41,2507,-1.3247076554312947,1.110211408057439
787411.9,3.41,2507,-1.3247076554312947,1.110211408057439
101066.747,3.41,2507,-1.3247076554312947,1.110211408057439
44527.321,3.41,2507,-1.3247076554312947,1.110211408057439
19993480.018,3.41,2507,-1.3247076554312947,1.110211408057439
1271288.254,3.41,2507,-1.3247076554312947,1.110211408057439
216018.992,3.41,2507,-1.3247076554312947,1.110211408057439
4956629502.624,3.41,2507,-1.3247076554312947,1.110211408057439
11365346.783,3.41,2507,-1.3247076554312947,1.110211408057439
4454902.105,3.41,2507,-1.3247076554312947,1.110211408057439
292744.971,3.41,2507,-1.3247076554312947,1.110211408057439
683040.312,3.41,2507,-1.3247076554312947,1.110211408057439
82566.946,3.41,2507,-1.3247076554312947,1.110211408057439
123769.986,3.41,2507,-1.3247076554312947,1.110211408057439
42391.84,3.41,2507,-1.3247076554312947,1.110211408057439
72683.258,3.41,2507,-1.3247076554312947,1.110211408057439
32999.991,3.41,2507,-1.3247076554312947,1.110211408057439
18899.985,3.41,2507,-1.3247076554312947,1.110211408057439
29869.992,3.41,2507,-1.3247076554312947,1.110211408057439
29870.002,3.41,2507,-1.3247076554312947,1.110211408057439
4906306.175,3.41,2507,-1.3247076554312947,1.110211408057439
95183357.031,3.41,2507,-1.3247076554312947,1.110211408057439
45289.012,3.41,2507,-1.3247076554312947,1.110211408057439
20000.016,3.41,2507,-1.3247076554312947,1.110211408057439
34393.276,3.41,2507,-1.3247076554312947,1.110211408057439
80924.198,3.41,2507,-1.3247076554312947,1.110211408057439
101066.747,3.41,2507,-1.3247076554312947,1.110211408057439
15000.015,3.41,2507,-1.3247076554312947,1.110211408057439
36778.699,3.41,2507,-1.3247076554312947,1.110211408057439
21685.661,3.41,2507,-1.3247076554312947,1.110211408057439
84963.318,3.41,2507,-1.3247076554312947,1.110211408057439
149503.971,3.41,2507,-1.3247076554312947,1.110211408057439
1990381.864,3.41,2507,-1.3247076554312947,1.110211408057439
10000.0,3.41,2507,-1.3247076554312947,1.110211408057439
12641088.765,3.41,2507,-1.3247076554312947,1.110211408057439
2201261.192,3.41,2507,-1.3247076554312947,1.110211408057439
443683493.378,3.41,2507,-1.3247076554312947,1.110211408057439
934576438.871,3.41,2507,-1.3247076554312947,1.110211408057439
18802.641,3.41,2507,-1.3247076554312947,1.110211408057439
36449.077,3.41,2507,-1.3247076554312947,1.110211408057439
22696166.036,3.41,2507,-1.3247076554312947,1.110211408057439
1757225.811,3.41,2507,-1.3247076554312947,1.110211408057439
97252906.336,3.41,2507,-1.3247076554312947,1.110211408057439
288193716.199,3.41,2507,-1.3247076554312947,1.110211408057439
13202.147,3.41,2507,-1.3247076554312947,1.110211408057439
899954.979,3.41,2507,-1.3247076554312947,1.110211408057439
205160.039,3.41,2507,-1.3247076554312947,1.110211408057439
205160.039,3.41,2507,-1.3247076554312947,1.110211408057439
197400.054,3.41,2507,-1.3247076554312947,1.110211408057439
186642291.037,3.41,2507,-1.3247076554312947,1.110211408057439
4838.101,3.41,2507,-1.3247076554312947,1.110211408057439
117190.052,3.41,2507,-1.3247076554312947,1.110211408057439
19618.624,3.41,2507,-1.3247076554312947,1.110211408057439
45748.738,3.41,2507,-1.3247076554312947,1.110211408057439
56200.008,3.41,2507,-1.3247076554312947,1.110211408057439
25847.908,3.41,2507,-1.3247076554312947,1.110211408057439
3351667.266,3.41,2507,-1.3247076554312947,1.110211408057439
61412.016,3.41,2507,-1.3247076554312947,1.110211408057439
3892994.958,3.41,2507,-1.3247076554312947,1.110211408057439
3699.995,3.41,2507,-1.3247076554312947,1.110211408057439
408278.138,3.41,2507,-1.3247076554312947,1.110211408057439
38241.608,3.41,2507,-1.3247076554312947,1.110211408057439
10000.0,3.41,2507,-1.3247076554312947,1.110211408057439
279770.059,3.41,2507,-1.3247076554312947,1.110211408057439
12641088.765,3.41,2507,-1.3247076554312947,1.110211408057439
1254009.374,3.41,2507,-1.3247076554312947,1.110211408057439
52733569.461,3.41,2507,-1.3247076554312947,1.110211408057439
950867.546,3.41,2507,-1.3247076554312947,1.110211408057439
3878457.146,3.41,2507,-1.3247076554312947,1.110211408057439
222417.004,3.41,2507,-1.3247076554312947,1.110211408057439
899954.979,3.41,2507,-1.3247076554312947,1.110211408057439
49280.011,3.41,2507,-1.3247076554312947,1.110211408057439
71656.018,3.41,2507,-1.3247076554312947,1.110211408057439
465265.326,3.41,2507,-1.3247076554312947,1.110211408057439
4.998,3.41,2507,-1.3247076554312947,1.110211408057439
29869.992,3.41,2507,-1.3247076554312947,1.110211408057439
15000.016,3.41,2507,-1.3247076554312947,1.110211408057439
1367454.916,3.41,2507,-1.3247076554312947,1.110211408057439
3410621115.747,3.41,2507,-1.3247076554312947,1.110211408057439
3901142.974,3.41,2507,-1.3247076554312947,1.110211408057439
1271288.254,3.41,2507,-1.3247076554312947,1.110211408057439
19993480.018,3.41,2507,-1.3247076554312947,1.110211408057439
36449.077,3.41,2507,-1.3247076554312947,1.110211408057439
3908816.234,3.41,2507,-1.3247076554312947,1.110211408057439
61988701.039,3.41,2507,-1.3247076554312947,1.110211408057439
21685.661,3.41,2507,-1.3247076554312947,1.110211408057439
99603.682,3.41,2507,-1.3247076554312947,1.110211408057439
52733569.461,3.41,2507,-1.3247076554312947,1.110211408057439
7224683.861,3.41,2507,-1.3247076554312947,1.110211408057439
150302.916,3.41,2507,-1.3247076554312947,1.110211408057439
17171617.394,3.41,2507,-1.3247076554312947,1.110211408057439
1403535.228,3.41,2507,-1.3247076554312947,1.110211408057439
10.065,3.41,2507,-1.3247076554312947,1.110211408057439
927906.133,3.41,2507,-1.3247076554312947,1.110211408057439
927906.133,3.41,2507,-1.3247076554312947,1.110211408057439
1030511.897,3.41,2507,-1.3247076554312947,1.110211408057439
155862.444,3.41,2507,-1.3247076554312947,1.110211408057439
292744.971,3.41,2507,-1.3247076554312947,1.110211408057439
8104334.786,3.41,2507,-1.3247076554312947,1.110211408057439
59143.982,3.41,2507,-1.3247076554312947,1.110211408057439
140299.971,3.41,2507,-1.3247076554312947,1.110211408057439
201088.637,3.41,2507,-1.3247076554312947,1.110211408057439
117190.052,3.41,2507,-1.3247076554312947,1.110211408057439
18899.985,3.41,2507,-1.3247076554312947,1.110211408057439
29870.002,3.41,2507,-1.3247076554312947,1.110211408057439
13202.147,3.41,2507,-1.3247076554312947,1.110211408057439
229199.616,3.41,2507,-1.3247076554312947,1.110211408057439
153311.976,3.41,2507,-1.3247076554312947,1.110211408057439
2318119.688,3.41,2507,-1.3247076554312947,1.110211408057439
10000.0,3.41,2507,-1.3247076554312947,1.110211408057439
3351667.266,3.41,2507,-1.3247076554312947,1.110211408057439
136687.814,3.41,2507,-1.3247076554312947,1.110211408057439
149503.971,3.41,2507,-1.3247076554312947,1.110211408057439
44527.321,3.41,2507,-1.3247076554312947,1.110211408057439
125075688.758,3.41,2507,-1.3247076554312947,1.110211408057439
408278.138,3.41,2507,-1.3247076554312947,1.110211408057439
107642167.517,3.41,2507,-1.3247076554312947,1.110211408057439
15000.015,3.41,2507,-1.3247076554312947,1.110211408057439
71395634.133,3.41,2507,-1.3247076554312947,1.110211408057439
45289.012,3.41,2507,-1.3247076554312947,1.110211408057439
136687.814,3.41,2507,-1.3247076554312947,1.110211408057439
127837645.876,3.41,2507,-1.3247076554312947,1.110211408057439
162181.822,3.41,2507,-1.3247076554312947,1.110211408057439
58457.284,3.41,2507,-1.3247076554312947,1.110211408057439
1254009.374,3.41,2507,-1.3247076554312947,1.110211408057439
135205.427,3.41,2507,-1.3247076554312947,1.110211408057439
80924.198,3.41,2507,-1.3247076554312947,1.110211408057439
61988701.039,3.41,2507,-1.3247076554312947,1.110211408057439
425772483.942,3.41,2507,-1.3247076554312947,1.110211408057439
1276349.343,3.41,2507,-1.3247076554312947,1.110211408057439
2251352.702,3.41,2507,-1.3247076554312947,1.110211408057439
3878457.146,3.41,2507,-1.3247076554312947,1.110211408057439
535816.018,3.41,2507,-1.3247076554312947,1.110211408057439
2251352.702,3.41,2507,-1.3247076554312947,1.110211408057439
341470.244,3.41,2507,-1.3247076554312947,1.110211408057439
465265.326,3.41,2507,-1.3247076554312947,1.110211408057439
4838.101,3.41,2507,-1.3247076554312947,1.110211408057439
10437081811.712,3.41,2507,-1.3247076554312947,1.110211408057439
10875748558.288,3.41,2507,-1.3247076554312947,1.110211408057439
124.657,3.41,2507,-1.3247076554312947,1.110211408057439
1367454.916,3.41,2507,-1.3247076554312947,1.110211408057439
535725.039,3.41,2507,-1.3247076554312947,1.110211408057439
52840.101,3.41,2507,-1.3247076554312947,1.110211408057439
2876911.168,3.41,2507,-1.3247076554312947,1.110211408057439
36259126.088,3.41,2507,-1.3247076554312947,1.110211408057439
443499376.974,3.41,2507,-1.3247076554312947,1.110211408057439
673528.174,3.41,2507,-1.3247076554312947,1.110211408057439
216018.992,3.41,2507,-1.3247076554312947,1.110211408057439
535725.039,3.41,2507,-1.3247076554312947,1.110211408057439
1422427.125,3.41,2507,-1.3247076554312947,1.110211408057439
77825.344,3.41,2507,-1.3247076554312947,1.110211408057439
25847.908,3.41,2507,-1.3247076554312947,1.110211408057439
3908816.234,3.41,2507,-1.3247076554312947,1.110211408057439
1926043.622,3.41,2507,-1.3247076554312947,1.110211408057439
1403535.228,3.41,2507,-1.3247076554312947,1.110211408057439
4769987211.587,3.41,2507,-1.3247076554312947,1.110211408057439
36259126.088,3.41,2507,-1.3247076554312947,1.110211408057439
155862.444,3.41,2507,-1.3247076554312947,1.110211408057439
411055.947,3.41,2507,-1.3247076554312947,1.110211408057439
6432235.079,3.41,2507,-1.3247076554312947,1.110211408057439
288020.977,3.41,2507,-1.3247076554312947,1.110211408057439
335691.989,3.41,2507,-1.3247076554312947,1.110211408057439
535816.018,3.41,2507,-1.3247076554312947,1.110211408057439
123769.986,3.41,2507,-1.3247076554312947,1.110211408057439
295309.635,3.41,2507,-1.3247076554312947,1.110211408057439
59143.982,3.41,2507,-1.3247076554312947,1.110211408057439
72683.258,3.41,2507,-1.3247076554312947,1.110211408057439
12894262.634,3.41,2507,-1.3247076554312947,1.110211408057439
18802.641,3.41,2507,-1.3247076554312947,1.110211408057439
414149.112,3.41,2507,-1.3247076554312947,1.110211408057439
135205.427,3.41,2507,-1.3247076554312947,1.110211408057439
99603.682,3.41,2507,-1.3247076554312947,1.110211408057439
22653774.197,3.41,2507,-1.3247076554312947,1.110211408057439
257.998,3.41,2507,-1.3247076554312947,1.110211408057439
16061.402,3.41,2507,-1.3247076554312947,1.110211408057439
15000.015,3.41,2507,-1.3247076554312947,1.110211408057439
274268.441,3.41,2507,-1.3247076554312947,1.110211408057439
125075688.758,3.41,2507,-1.3247076554312947,1.110211408057439
107682161.126,3.41,2507,-1.3247076554312947,1.110211408057439
1276349.343,3.41,2507,-1.3247076554312947,1.110211408057439
82566.946,3.41,2507,-1.3247076554312947,1.110211408057439
1030511.897,3.41,2507,-1.3247076554312947,1.110211408057439
222417.004,3.41,2507,-1.3247076554312947,1.110211408057439
335691.989,3.41,2507,-1.3247076554312947,1.110211408057439
6432235.079,3.41,2507,-1.3247076554312947,1.110211408057439
39000.003,3.41,2507,-1.3247076554312947,1.110211408057439
109663.472,3.41,2507,-1.3247076554312947,1.110211408057439
108524.945,3.41,2507,-1.3247076554312947,1.110211408057439
7373984.949,3.41,2507,-1.3247076554312947,1.110211408057439
270.028,3.41,2507,-1.3247076554312947,1.110211408057439
26174.5,3.41,2507,-1.3247076554312947,1.110211408057439
1791063.475,3.41,2507,-1.3247076554312947,1.110211408057439
67323.56,3.41,2507,-1.3247076554312947,1.110211408057439
6939911.336,3.41,2507,-1.3247076554312947,1.110211408057439
1164525.135,3.41,2507,-1.3247076554312947,1.110211408057439
5222172.521,3.41,2507,-1.3247076554312947,1.110211408057439
18716984.006,3.41,2507,-1.3247076554312947,1.110211408057439
46420354.489,3.41,2507,-1.3247076554312947,1.110211408057439
6939911.336,3.41,2507,-1.3247076554312947,1.110211408057439
101370.805,3.41,2507,-1.3247076554312947,1.110211408057439
26174.5,3.41,2507,-1.3247076554312947,1.110211408057439
11249716.742,3.41,2507,-1.3247076554312947,1.110211408057439
130789.184,3.41,2507,-1.3247076554312947,1.110211408057439
56786.147,3.41,2507,-1.3247076554312947,1.110211408057439
91495.407,3.41,2507,-1.3247076554312947,1.110211408057439
4027.976,3.41,2507,-1.3247076554312947,1.110211408057439
2002592.169,3.41,2507,-1.3247076554312947,1.110211408057439
2772468.3,3.41,2507,-1.3247076554312947,1.110211408057439
583574.912,3.41,2507,-1.3247076554312947,1.110211408057439
2894382.985,3.41,2507,-1.3247076554312947,1.110211408057439
1297320.695,3.41,2507,-1.3247076554312947,1.110211408057439
279598.045,3.41,2507,-1.3247076554312947,1.110211408057439
1103447.983,3.41,2507,-1.3247076554312947,1.110211408057439
119480.004,3.41,2507,-1.3247076554312947,1.110211408057439
19355.796,3.41,2507,-1.3247076554312947,1.110211408057439
33482.284,3.41,2507,-1.3247076554312947,1.110211408057439
3107365.709,3.41,2507,-1.3247076554312947,1.110211408057439
301536664.186,3.41,2507,-1.3247076554312947,1.110211408057439
23543992.851,3.41,2507,-1.3247076554312947,1.110211408057439
105988.105,3.41,2507,-1.3247076554312947,1.110211408057439
3114625.481,3.41,2507,-1.3247076554312947,1.110211408057439
29414301.462,3.41,2507,-1.3247076554312947,1.110211408057439
158072.55,3.41,2507,-1.3247076554312947,1.110211408057439
677376359.49,3.41,2507,-1.3247076554312947,1.110211408057439
253193.315,3.41,2507,-1.3247076554312947,1.110211408057439
15676.304,3.41,2507,-1.3247076554312947,1.110211408057439
104484.231,3.41,2507,-1.3247076554312947,1.110211408057439
128754914.826,3.41,2507,-1.3247076554312947,1.110211408057439
1075294.152,3.41,2507,-1.3247076554312947,1.110211408057439
46420354.489,3.41,2507,-1.3247076554312947,1.110211408057439
5730895.17,3.41,2507,-1.3247076554312947,1.110211408057439
2894382.985,3.41,2507,-1.3247076554312947,1.110211408057439
426824.796,3.41,2507,-1.3247076554312947,1.110211408057439
93698.124,3.41,2507,-1.3247076554312947,1.110211408057439
280704.949,3.41,2507,-1.3247076554312947,1.110211408057439
181995.058,3.41,2507,-1.3247076554312947,1.110211408057439
181995.058,3.41,2507,-1.3247076554312947,1.110211408057439
119520.01,3.41,2507,-1.3247076554312947,1.110211408057439
59828.355,3.41,2507,-1.3247076554312947,1.110211408057439
9.993,3.41,2507,-1.3247076554312947,1.110211408057439
15231.69,3.41,2507,-1.3247076554312947,1.110211408057439
80000.0,3.41,2507,-1.3247076554312947,1.110211408057439
109663.472,3.41,2507,-1.3247076554312947,1.110211408057439
139510.018,3.41,2507,-1.3247076554312947,1.110211408057439
33482.284,3.41,2507,-1.3247076554312947,1.110211408057439
128590360.14,3.41,2507,-1.3247076554312947,1.110211408057439
82853.815,3.41,2507,-1.3247076554312947,1.110211408057439
6116994609.139,3.41,2507,-1.3247076554312947,1.110211408057439
81069325.274,3.41,2507,-1.3247076554312947,1.110211408057439
301432179.955,3.41,2507,-1.3247076554312947,1.110211408057439
815.166,3.41,2507,-1.3247076554312947,1.110211408057439
30000.0,3.41,2507,-1.3247076554312947,1.110211408057439
158072.55,3.41,2507,-1.3247076554312947,1.110211408057439
1732906.489,3.41,2507,-1.3247076554312947,1.110211408057439
1385072.103,3.41,2507,-1.3247076554312947,1.110211408057439
108761452.724,3.41,2507,-1.3247076554312947,1.110211408057439
41494170.619,3.41,2507,-1.3247076554312947,1.110211408057439
2115070.186,3.41,2507,-1.3247076554312947,1.110211408057439
121304.04,3.41,2507,-1.3247076554312947,1.110211408057439
107760.012,3.41,2507,-1.3247076554312947,1.110211408057439
263414.513,3.41,2507,-1.3247076554312947,1.110211408057439
59740.001,3.41,2507,-1.3247076554312947,1.110211408057439
59740.001,3.41,2507,-1.3247076554312947,1.110211408057439
35969.969,3.41,2507,-1.3247076554312947,1.110211408057439
59547.227,3.41,2507,-1.3247076554312947,1.110211408057439
1606100.076,3.41,2507,-1.3247076554312947,1.110211408057439
2797.649,3.41,2507,-1.3247076554312947,1.110211408057439
24549.699,3.41,2507,-1.3247076554312947,1.110211408057439
549816.604,3.41,2507,-1.3247076554312947,1.110211408057439
1805599.638,3.41,2507,-1.3247076554312947,1.110211408057439
677779265.143,3.41,2507,-1.3247076554312947,1.110211408057439
8935714.159,3.41,2507,-1.3247076554312947,1.110211408057439
113589.996,3.41,2507,-1.3247076554312947,1.110211408057439
347932.069,3.41,2507,-1.3247076554312947,1.110211408057439
1919987.395,3.41,2507,-1.3247076554312947,1.110211408057439
2772468.3,3.41,2507,-1.3247076554312947,1.110211408057439
1919987.395,3.41,2507,-1.3247076554312947,1.110211408057439
2115070.186,3.41,2507,-1.3247076554312947,1.110211408057439
5961594.917,3.41,2507,-1.3247076554312947,1.110211408057439
43465.003,3.41,2507,-1.3247076554312947,1.110211408057439
19355.796,3.41,2507,-1.3247076554312947,1.110211408057439
58232.259,3.41,2507,-1.3247076554312947,1.110211408057439
21130.375,3.41,2507,-1.3247076554312947,1.110211408057439
7286275.696,3.41,2507,-1.3247076554312947,1.110211408057439
130789.184,3.41,2507,-1.3247076554312947,1.110211408057439
10692007985.562,3.41,2507,-1.3247076554312947,1.110211408057439
18999.987,3.41,2507,-1.3247076554312947,1.110211408057439
181664748.909,3.41,2507,-1.3247076554312947,1.110211408057439
324611.505,3.41,2507,-1.3247076554312947,1.110211408057439
81069325.274,3.41,2507,-1.3247076554312947,1.110211408057439
2797.649,3.41,2507,-1.3247076554312947,1.110211408057439
24549.699,3.41,2507,-1.3247076554312947,1.110211408057439
86055.934,3.41,2507,-1.3247076554312947,1.110211408057439
16933.005,3.41,2507,-1.3247076554312947,1.110211408057439
549816.604,3.41,2507,-1.3247076554312947,1.110211408057439
18999.987,3.41,2507,-1.3247076554312947,1.110211408057439
157708.981,3.41,2507,-1.3247076554312947,1.110211408057439
3114625.481,3.41,2507,-1.3247076554312947,1.110211408057439
2788630.765,3.41,2507,-1.3247076554312947,1.110211408057439
402924.531,3.41,2507,-1.3247076554312947,1.110211408057439
426824.796,3.41,2507,-1.3247076554312947,1.110211408057439
190186.997,3.41,2507,-1.3247076554312947,1.110211408057439
688303.004,3.41,2507,-1.3247076554312947,1.110211408057439
219562.988,3.41,2507,-1.3247076554312947,1.110211408057439
143327.232,3.41,2507,-1.3247076554312947,1.110211408057439
117997.006,3.41,2507,-1.3247076554312947,1.110211408057439
107760.012,3.41,2507,-1.3247076554312947,1.110211408057439
29414311.454,3.41,2507,-1.3247076554312947,1.110211408057439
11201802875.375,3.41,2507,-1.3247076554312947,1.110211408057439
15231.69,3.41,2507,-1.3247076554312947,1.110211408057439
29870.004,3.41,2507,-1.3247076554312947,1.110211408057439
39000.003,3.41,2507,-1.3247076554312947,1.110211408057439
29870.004,3.41,2507,-1.3247076554312947,1.110211408057439
58232.259,3.41,2507,-1.3247076554312947,1.110211408057439
128874997.847,3.41,2507,-1.3247076554312947,1.110211408057439
67323.56,3.41,2507,-1.3247076554312947,1.110211408057439
1164525.135,3.41,2507,-1.3247076554312947,1.110211408057439
2835324.522,3.41,2507,-1.3247076554312947,1.110211408057439
77527.988,3.41,2507,-1.3247076554312947,1.110211408057439
6325682937.627,3.41,2507,-1.3247076554312947,1.110211408057439
7286275.696,3.41,2507,-1.3247076554312947,1.110211408057439
253193.315,3.41,2507,-1.3247076554312947,1.110211408057439
213344.671,3.41,2507,-1.3247076554312947,1.110211408057439
105988.105,3.41,2507,-1.3247076554312947,1.110211408057439
4634.999,3.41,2507,-1.3247076554312947,1.110211408057439
412974.384,3.41,2507,-1.3247076554312947,1.110211408057439
1385072.103,3.41,2507,-1.3247076554312947,1.110211408057439
181664748.909,3.41,2507,-1.3247076554312947,1.110211408057439
2739844526.402,3.41,2507,-1.3247076554312947,1.110211408057439
120083.021,3.41,2507,-1.3247076554312947,1.110211408057439
86055.934,3.41,2507,-1.3247076554312947,1.110211408057439
3107365.709,3.41,2507,-1.3247076554312947,1.110211408057439
16933.005,3.41,2507,-1.3247076554312947,1.110211408057439
203993.968,3.41,2507,-1.3247076554312947,1.110211408057439
1103447.983,3.41,2507,-1.3247076554312947,1.110211408057439
1426190.07,3.41,2507,-1.3247076554312947,1.110211408057439
4765922.341,3.41,2507,-1.3247076554312947,1.110211408057439
693494.899,3.41,2507,-1.3247076554312947,1.110211408057439
161006.673,3.41,2507,-1.3247076554312947,1.110211408057439
771551.531,3.41,2507,-1.3247076554312947,1.110211408057439
2252124.033,3.41,2507,-1.3247076554312947,1.110211408057439
2261098.051,3.41,2507,-1.3247076554312947,1.110211408057439
121304.04,3.41,2507,-1.3247076554312947,1.110211408057439
85473.875,3.41,2507,-1.3247076554312947,1.110211408057439
21130.375,3.41,2507,-1.3247076554312947,1.110211408057439
124408.828,3.41,2507,-1.3247076554312947,1.110211408057439
15676.304,3.41,2507,-1.3247076554312947,1.110211408057439
4370.416,3.41,2507,-1.3247076554312947,1.110211408057439
56436634.748,3.41,2507,-1.3247076554312947,1.110211408057439
26722.6,3.41,2507,-1.3247076554312947,1.110211408057439
11249716.742,3.41,2507,-1.3247076554312947,1.110211408057439
2835324.522,3.41,2507,-1.3247076554312947,1.110211408057439
101370.805,3.41,2507,-1.3247076554312947,1.110211408057439
30000.0,3.41,2507,-1.3247076554312947,1.110211408057439
500830762.748,3.41,2507,-1.3247076554312947,1.110211408057439
113589.996,3.41,2507,-1.3247076554312947,1.110211408057439
279598.045,3.41,2507,-1.3247076554312947,1.110211408057439
771551.531,3.41,2507,-1.3247076554312947,1.110211408057439
280704.949,3.41,2507,-1.3247076554312947,1.110211408057439
208652358.518,3.41,2507,-1.3247076554312947,1.110211408057439
203993.968,3.41,2507,-1.3247076554312947,1.110211408057439
4765922.341,3.41,2507,-1.3247076554312947,1.110211408057439
347932.069,3.41,2507,-1.3247076554312947,1.110211408057439
688303.004,3.41,2507,-1.3247076554312947,1.110211408057439
771899.939,3.41,2507,-1.3247076554312947,1.110211408057439
219562.988,3.41,2507,-1.3247076554312947,1.110211408057439
119480.004,3.41,2507,-1.3247076554312947,1.110211408057439
117997.006,3.41,2507,-1.3247076554312947,1.110211408057439
8964127.065,3.41,2507,-1.3247076554312947,1.110211408057439
78649.997,3.41,2507,-1.3247076554312947,1.110211408057439
78649.997,3.41,2507,-1.3247076554312947,1.110211408057439
83668.981,3.41,2507,-1.3247076554312947,1.110211408057439
60000.0,3.41,2507,-1.3247076554312947,1.110211408057439
59817.255,3.41,2507,-1.3247076554312947,1.110211408057439
472802.739,3.41,2507,-1.3247076554312947,1.110211408057439
128806264.374,3.41,2507,-1.3247076554312947,1.110211408057439
5222172.521,3.41,2507,-1.3247076554312947,1.110211408057439
77527.988,3.41,2507,-1.3247076554312947,1.110211408057439
140237325.454,3.41,2507,-1.3247076554312947,1.110211408057439
420184.668,3.41,2507,-1.3247076554312947,1.110211408057439
56786.147,3.41,2507,-1.3247076554312947,1.110211408057439
56436634.748,3.41,2507,-1.3247076554312947,1.110211408057439
4370.416,3.41,2507,-1.3247076554312947,1.110211408057439
4634.999,3.41,2507,-1.3247076554312947,1.110211408057439
213344.671,3.41,2507,-1.3247076554312947,1.110211408057439
18555977.333,3.41,2507,-1.3247076554312947,1.110211408057439
1732906.489,3.41,2507,-1.3247076554312947,1.110211408057439
39.998,3.41,2507,-1.3247076554312947,1.110211408057439
31159.467,3.41,2507,-1.3247076554312947,1.110211408057439
2261098.051,3.41,2507,-1.3247076554312947,1.110211408057439
2252124.033,3.41,2507,-1.3247076554312947,1.110211408057439
1297320.695,3.41,2507,-1.3247076554312947,1.110211408057439
583574.912,3.41,2507,-1.3247076554312947,1.110211408057439
693494.899,3.41,2507,-1.3247076554312947,1.110211408057439
51332025.777,3.41,2507,-1.3247076554312947,1.110211408057439
190186.997,3.41,2507,-1.3247076554312947,1.110211408057439
1426190.07,3.41,2507,-1.3247076554312947,1.110211408057439
2002592.169,3.41,2507,-1.3247076554312947,1.110211408057439
93698.124,3.41,2507,-1.3247076554312947,1.110211408057439
41579644.494,3.41,2507,-1.3247076554312947,1.110211408057439
259578.421,3.41,2507,-1.3247076554312947,1.110211408057439
43465.003,3.41,2507,-1.3247076554312947,1.110211408057439
108761452.724,3.41,2507,-1.3247076554312947,1.110211408057439
1035635.581,3.41,2507,-1.3247076554312947,1.110211408057439
2788630.765,3.41,2507,-1.3247076554312947,1.110211408057439
26722.6,3.41,2507,-1.3247076554312947,1.110211408057439
289424.062,3.41,2507,-1.3247076554312947,1.110211408057439
23435467.906,3.41,2507,-1.3247076554312947,1.110211408057439
8935714.159,3.41,2507,-1.3247076554312947,1.110211408057439
157708.981,3.41,2507,-1.3247076554312947,1.110211408057439
1805599.638,3.41,2507,-1.3247076554312947,1.110211408057439
1791063.475,3.41,2507,-1.3247076554312947,1.110211408057439
1606100.076,3.41,2507,-1.3247076554312947,1.110211408057439
1455860.247,3.41,2507,-1.3247076554312947,1.110211408057439
140237325.454,3.41,2507,-1.3247076554312947,1.110211408057439
3360021.034,3.41,2507,-1.3247076554312947,1.110211408057439
2752949406.521,3.41,2507,-1.3247076554312947,1.110211408057439
2204726.882,3.41,2507,-1.3247076554312947,1.110211408057439
771899.939,3.41,2507,-1.3247076554312947,1.110211408057439
5961594.917,3.41,2507,-1.3247076554312947,1.110211408057439
51332025.777,3.41,2507,-1.3247076554312947,1.110211408057439
119520.01,3.41,2507,-1.3247076554312947,1.110211408057439
880000.0,3.41,2507,-1.3247076554312947,1.110211408057439
4454365.423,3.41,2507,-1.3247076554312947,1.110211408057439
681447.189,3.41,2507,-1.3247076554312947,1.110211408057439
682348.688,3.41,2507,-1.3247076554312947,1.110211408057439
275824.089,3.41,2507,-1.3247076554312947,1.110211408057439
14317830.368,3.41,2507,-1.3247076554312947,1.110211408057439
88988124.246,3.41,2507,-1.3247076554312947,1.110211408057439
106351.387,3.41,2507,-1.3247076554312947,1.110211408057439
29135.276,3.41,2507,-1.3247076554312947,1.110211408057439
131039.988,3.41,2507,-1.3247076554312947,1.110211408057439
2464623.65,3.41,2507,-1.3247076554312947,1.110211408057439
108799.964,3.41,2507,-1.3247076554312947,1.110211408057439
139295.097,3.41,2507,-1.3247076554312947,1.110211408057439
39000.012,3.41,2507,-1.3247076554312947,1.110211408057439
412081823.944,3.41,2507,-1.3247076554312947,1.110211408057439
55900.008,3.41,2507,-1.3247076554312947,1.110211408057439
1749623.172,3.41,2507,-1.3247076554312947,1.110211408057439
63373.493,3.41,2507,-1.3247076554312947,1.110211408057439
9977285.145,3.41,2507,-1.3247076554312947,1.110211408057439
1868403.067,3.41,2507,-1.3247076554312947,1.110211408057439
2913737.35,3.41,2507,-1.3247076554312947,1.110211408057439
5249359.159,3.41,2507,-1.3247076554312947,1.110211408057439
117139.955,3.41,2507,-1.3247076554312947,1.110211408057439
41557.693,3.41,2507,-1.3247076554312947,1.110211408057439
25000.015,3.41,2507,-1.3247076554312947,1.110211408057439
70137.307,3.41,2507,-1.3247076554312947,1.110211408057439
220062.428,3.41,2507,-1.3247076554312947,1.110211408057439
40000.0,3.41,2507,-1.3247076554312947,1.110211408057439
851333.014,3.41,2507,-1.3247076554312947,1.110211408057439
6106821313.593,3.41,2507,-1.3247076554312947,1.110211408057439
4213008.787,3.41,2507,-1.3247076554312947,1.110211408057439
58140.3,3.41,2507,-1.3247076554312947,1.110211408057439
1740224.996,3.41,2507,-1.3247076554312947,1.110211408057439
7645858.027,3.41,2507,-1.3247076554312947,1.110211408057439
293916836.978,3.41,2507,-1.3247076554312947,1.110211408057439
6297.158,3.41,2507,-1.3247076554312947,1.110211408057439
1526239.818,3.41,2507,-1.3247076554312947,1.110211408057439
9878408.549,3.41,2507,-1.3247076554312947,1.110211408057439
3580359128.563,3.41,2507,-1.3247076554312947,1.110211408057439
1149069.451,3.41,2507,-1.3247076554312947,1.110211408057439
682348.688,3.41,2507,-1.3247076554312947,1.110211408057439
4213008.787,3.41,2507,-1.3247076554312947,1.110211408057439
50481.703,3.41,2507,-1.3247076554312947,1.110211408057439
83799.923,3.41,2507,-1.3247076554312947,1.110211408057439
55900.008,3.41,2507,-1.3247076554312947,1.110211408057439
1850232.071,3.41,2507,-1.3247076554312947,1.110211408057439
345117.028,3.41,2507,-1.3247076554312947,1.110211408057439
443519.728,3.41,2507,-1.3247076554312947,1.110211408057439
2256126.028,3.41,2507,-1.3247076554312947,1.110211408057439
345117.028,3.41,2507,-1.3247076554312947,1.110211408057439
62819367.149,3.41,2507,-1.3247076554312947,1.110211408057439
1125300.242,3.41,2507,-1.3247076554312947,1.110211408057439
2758826.106,3.41,2507,-1.3247076554312947,1.110211408057439
360400.032,3.41,2507,-1.3247076554312947,1.110211408057439
179279.956,3.41,2507,-1.3247076554312947,1.110211408057439
76940.002,3.41,2507,-1.3247076554312947,1.110211408057439
12999.994,3.41,2507,-1.3247076554312947,1.110211408057439
117139.955,3.41,2507,-1.3247076554312947,1.110211408057439
25000.015,3.41,2507,-1.3247076554312947,1.110211408057439
2451.777,3.41,2507,-1.3247076554312947,1.110211408057439
891999.994,3.41,2507,-1.3247076554312947,1.110211408057439
7645858.027,3.41,2507,-1.3247076554312947,1.110211408057439
667195.044,3.41,2507,-1.3247076554312947,1.110211408057439
23701977.957,3.41,2507,-1.3247076554312947,1.110211408057439
1526239.818,3.41,2507,-1.3247076554312947,1.110211408057439
28000.024,3.41,2507,-1.3247076554312947,1.110211408057439
8480.772,3.41,2507,-1.3247076554312947,1.110211408057439
10000.029,3.41,2507,-1.3247076554312947,1.110211408057439
841725.216,3.41,2507,-1.3247076554312947,1.110211408057439
16963118.498,3.41,2507,-1.3247076554312947,1.110211408057439
11464005.292,3.41,2507,-1.3247076554312947,1.110211408057439
999.988,3.41,2507,-1.3247076554312947,1.110211408057439
179005223.552,3.41,2507,-1.3247076554312947,1.110211408057439
1740224.996,3.41,2507,-1.3247076554312947,1.110211408057439
1868403.067,3.41,2507,-1.3247076554312947,1.110211408057439
136438296.019,3.41,2507,-1.3247076554312947,1.110211408057439
1287442.315,3.41,2507,-1.3247076554312947,1.110211408057439
587299.868,3.41,2507,-1.3247076554312947,1.110211408057439
1158000.244,3.41,2507,-1.3247076554312947,1.110211408057439
110801.79,3.41,2507,-1.3247076554312947,1.110211408057439
91144.017,3.41,2507,-1.3247076554312947,1.110211408057439
59739.989,3.41,2507,-1.3247076554312947,1.110211408057439
178898872.165,3.41,2507,-1.3247076554312947,1.110211408057439
124633468.137,3.41,2507,-1.3247076554312947,1.110211408057439
886600.189,3.41,2507,-1.3247076554312947,1.110211408057439
15000.014,3.41,2507,-1.3247076554312947,1.110211408057439
1433397.791,3.41,2507,-1.3247076554312947,1.110211408057439
8213470.968,3.41,2507,-1.3247076554312947,1.110211408057439
166975969.678,3.41,2507,-1.3247076554312947,1.110211408057439
5000.0,3.41,2507,-1.3247076554312947,1.110211408057439
999.988,3.41,2507,-1.3247076554312947,1.110211408057439
1445810.649,3.41,2507,-1.3247076554312947,1.110211408057439
8213470.968,3.41,2507,-1.3247076554312947,1.110211408057439
14510.871,3.41,2507,-1.3247076554312947,1.110211408057439
2364484.009,3.41,2507,-1.3247076554312947,1.110211408057439
5000.0,3.41,2507,-1.3247076554312947,1.110211408057439
3592346145.28,3.41,2507,-1.3247076554312947,1.110211408057439
40000.0,3.41,2507,-1.3247076554312947,1.110211408057439
1445810.649,3.41,2507,-1.3247076554312947,1.110211408057439
93440.404,3.41,2507,-1.3247076554312947,1.110211408057439
12847928002.736,3.41,2507,-1.3247076554312947,1.110211408057439
855308.634,3.41,2507,-1.3247076554312947,1.110211408057439
2361409.529,3.41,2507,-1.3247076554312947,1.110211408057439
1850232.071,3.41,2507,-1.3247076554312947,1.110211408057439
52918200.39,3.41,2507,-1.3247076554312947,1.110211408057439
1158000.244,3.41,2507,-1.3247076554312947,1.110211408057439
41557.693,3.41,2507,-1.3247076554312947,1.110211408057439
462627.025,3.41,2507,-1.3247076554312947,1.110211408057439
3125838.292,3.41,2507,-1.3247076554312947,1.110211408057439
220062.428,3.41,2507,-1.3247076554312947,1.110211408057439
17199.987,3.41,2507,-1.3247076554312947,1.110211408057439
12366619354.24,3.41,2507,-1.3247076554312947,1.110211408057439
24463557.848,3.41,2507,-1.3247076554312947,1.110211408057439
28000.024,3.41,2507,-1.3247076554312947,1.110211408057439
65000.014,3.41,2507,-1.3247076554312947,1.110211408057439
8134875.25,3.41,2507,-1.3247076554312947,1.110211408057439
131039.988,3.41,2507,-1.3247076554312947,1.110211408057439
471331363.351,3.41,2507,-1.3247076554312947,1.110211408057439
1676441.665,3.41,2507,-1.3247076554312947,1.110211408057439
88988124.246,3.41,2507,-1.3247076554312947,1.110211408057439
4547480.596,3.41,2507,-1.3247076554312947,1.110211408057439
125605639.166,3.41,2507,-1.3247076554312947,1.110211408057439
32199.997,3.41,2507,-1.3247076554312947,1.110211408057439
918216.096,3.41,2507,-1.3247076554312947,1.110211408057439
239077.968,3.41,2507,-1.3247076554312947,1.110211408057439
136438296.019,3.41,2507,-1.3247076554312947,1.110211408057439
2458948.911,3.41,2507,-1.3247076554312947,1.110211408057439
360400.032,3.41,2507,-1.3247076554312947,1.110211408057439
1289649.183,3.41,2507,-1.3247076554312947,1.110211408057439
220205.98,3.41,2507,-1.3247076554312947,1.110211408057439
79590.002,3.41,2507,-1.3247076554312947,1.110211408057439
70137.307,3.41,2507,-1.3247076554312947,1.110211408057439
53740.932,3.41,2507,-1.3247076554312947,1.110211408057439
59739.989,3.41,2507,-1.3247076554312947,1.110211408057439
11464005.292,3.41,2507,-1.3247076554312947,1.110211408057439
9878408.549,3.41,2507,-1.3247076554312947,1.110211408057439
108799.964,3.41,2507,-1.3247076554312947,1.110211408057439
1749623.172,3.41,2507,-1.3247076554312947,1.110211408057439
2464623.65,3.41,2507,-1.3247076554312947,1.110211408057439
3064.721,3.41,2507,-1.3247076554312947,1.110211408057439
126460.356,3.41,2507,-1.3247076554312947,1.110211408057439
151281966.016,3.41,2507,-1.3247076554312947,1.110211408057439
58140.3,3.41,2507,-1.3247076554312947,1.110211408057439
50481.703,3.41,2507,-1.3247076554312947,1.110211408057439
886600.189,3.41,2507,-1.3247076554312947,1.110211408057439
65000.014,3.41,2507,-1.3247076554312947,1.110211408057439
1433397.791,3.41,2507,-1.3247076554312947,1.110211408057439
6297.158,3.41,2507,-1.3247076554312947,1.110211408057439
275824.089,3.41,2507,-1.3247076554312947,1.110211408057439
2758826.106,3.41,2507,-1.3247076554312947,1.110211408057439
3101893.087,3.41,2507,-1.3247076554312947,1.110211408057439
220205.98,3.41,2507,-1.3247076554312947,1.110211408057439
239077.968,3.41,2507,-1.3247076554312947,1.110211408057439
430475.34,3.41,2507,-1.3247076554312947,1.110211408057439
918216.096,3.41,2507,-1.3247076554312947,1.110211408057439
972171.03,3.41,2507,-1.3247076554312947,1.110211408057439
2458948.911,3.41,2507,-1.3247076554312947,1.110211408057439
79590.002,3.41,2507,-1.3247076554312947,1.110211408057439
432133.68,3.41,2507,-1.3247076554312947,1.110211408057439
53740.932,3.41,2507,-1.3247076554312947,1.110211408057439
2451.777,3.41,2507,-1.3247076554312947,1.110211408057439
1676441.665,3.41,2507,-1.3247076554312947,1.110211408057439
63373.493,3.41,2507,-1.3247076554312947,1.110211408057439
1099886316.496,3.41,2507,-1.3247076554312947,1.110211408057439
776532.402,3.41,2507,-1.3247076554312947,1.110211408057439
83799.923,3.41,2507,-1.3247076554312947,1.110211408057439
10573.946,3.41,2507,-1.3247076554312947,1.110211408057439
16902699.385,3.41,2507,-1.3247076554312947,1.110211408057439
126460.356,3.41,2507,-1.3247076554312947,1.110211408057439
411849597.947,3.41,2507,-1.3247076554312947,1.110211408057439
39000.012,3.41,2507,-1.3247076554312947,1.110211408057439
6208875889.353,3.41,2507,-1.3247076554312947,1.110211408057439
56403631.968,3.41,2507,-1.3247076554312947,1.110211408057439
776532.402,3.41,2507,-1.3247076554312947,1.110211408057439
10573.946,3.41,2507,-1.3247076554312947,1.110211408057439
8134875.25,3.41,2507,-1.3247076554312947,1.110211408057439
3101893.087,3.41,2507,-1.3247076554312947,1.110211408057439
52918200.39,3.41,2507,-1.3247076554312947,1.110211408057439
1122439.829,3.41,2507,-1.3247076554312947,1.110211408057439
1125300.242,3.41,2507,-1.3247076554312947,1.110211408057439
498343.944,3.41,2507,-1.3247076554312947,1.110211408057439
62819367.149,3.41,2507,-1.3247076554312947,1.110211408057439
177020.851,3.41,2507,-1.3247076554312947,1.110211408057439
76940.002,3.41,2507,-1.3247076554312947,1.110211408057439
8255.365,3.41,2507,-1.3247076554312947,1.110211408057439
8255.365,3.41,2507,-1.3247076554312947,1.110211408057439
12999.994,3.41,2507,-1.3247076554312947,1.110211408057439
841725.216,3.41,2507,-1.3247076554312947,1.110211408057439
92598.029,3.41,2507,-1.3247076554312947,1.110211408057439
665683.079,3.41,2507,-1.3247076554312947,1.110211408057439
139295.097,3.41,2507,-1.3247076554312947,1.110211408057439
14510.871,3.41,2507,-1.3247076554312947,1.110211408057439
4547480.596,3.41,2507,-1.3247076554312947,1.110211408057439
10000.029,3.41,2507,-1.3247076554312947,1.110211408057439
293916836.978,3.41,2507,-1.3247076554312947,1.110211408057439
851333.014,3.41,2507,-1.3247076554312947,1.110211408057439
8480.772,3.41,2507,-1.3247076554312947,1.110211408057439
232225.998,3.41,2507,-1.3247076554312947,1.110211408057439
79.989,3.41,2507,-1.3247076554312947,1.110211408057439
56403631.968,3.41,2507,-1.3247076554312947,1.110211408057439
6737657.558,3.41,2507,-1.3247076554312947,1.110211408057439
1348722.221,3.41,2507,-1.3247076554312947,1.110211408057439
17199.987,3.41,2507,-1.3247076554312947,1.110211408057439
15000.014,3.41,2507,-1.3247076554312947,1.110211408057439
1149069.451,3.41,2507,-1.3247076554312947,1.110211408057439
1099886316.496,3.41,2507,-1.3247076554312947,1.110211408057439
167438596.703,3.41,2507,-1.3247076554312947,1.110211408057439
665683.079,3.41,2507,-1.3247076554312947,1.110211408057439
14317830.368,3.41,2507,-1.3247076554312947,1.110211408057439
24463557.848,3.41,2507,-1.3247076554312947,1.110211408057439
871720.116,3.41,2507,-1.3247076554312947,1.110211408057439
443519.728,3.41,2507,-1.3247076554312947,1.110211408057439
3253203.145,3.41,2507,-1.3247076554312947,1.110211408057439
203066.015,3.41,2507,-1.3247076554312947,1.110211408057439
587299.868,3.41,2507,-1.3247076554312947,1.110211408057439
2256126.028,3.41,2507,-1.3247076554312947,1.110211408057439
3253203.145,3.41,2507,-1.3247076554312947,1.110211408057439
2361409.529,3.41,2507,-1.3247076554312947,1.110211408057439
110801.79,3.41,2507,-1.3247076554312947,1.110211408057439
11999.994,3.41,2507,-1.3247076554312947,1.110211408057439
10527.834,3.41,2507,-1.3247076554312947,1.110211408057439
10527.834,3.41,2507,-1.3247076554312947,1.110211408057439
60419.113,3.41,2507,-1.3247076554312947,1.110211408057439
842.375,3.41,2507,-1.3247076554312947,1.110211408057439
2364484.009,3.41,2507,-1.3247076554312947,1.110211408057439
22690866.643,3.41,2507,-1.3247076554312947,1.110211408057439
151281966.016,3.41,2507,-1.3247076554312947,1.110211408057439
27145232.066,3.41,2507,-1.3247076554312947,1.110211408057439
23701977.957,3.41,2507,-1.3247076554312947,1.110211408057439
98928737.467,3.41,2507,-1.3247076554312947,1.110211408057439
498343.944,3.41,2507,-1.3247076554312947,1.110211408057439
1289649.183,3.41,2507,-1.3247076554312947,1.110211408057439
1122439.829,3.41,2507,-1.3247076554312947,1.110211408057439
177020.851,3.41,2507,-1.3247076554312947,1.110211408057439
430475.34,3.41,2507,-1.3247076554312947,1.110211408057439
871720.116,3.41,2507,-1.3247076554312947,1.110211408057439
2913737.35,3.41,2507,-1.3247076554312947,1.110211408057439
203066.015,3.41,2507,-1.3247076554312947,1.110211408057439
179279.956,3.41,2507,-1.3247076554312947,1.110211408057439
