typeCode,freqCode,refPeriodId,refYear,refMonth,period,reporterCode,reporterISO,reporterDesc,flowCode,flowDesc,partnerCode,partnerISO,partnerDesc,partner2Code,partner2ISO,partner2Desc,classificationCode,classificationSearchCode,isOriginalClassification,cmdCode,cmdDesc,aggrLevel,isLeaf,customsCode,customsDesc,mosCode,motCode,motDesc,qtyUnitCode,qtyUnitAbbr,qty,isQtyEstimated,altQtyUnitCode,altQtyUnitAbbr,altQty,isAltQtyEstimated,netWgt,isNetWgtEstimated,grossWgt,isGrossWgtEstimated,cifvalue,fobvalue,primaryValue,legacyEstimationFlag,isReported,isAggregate
C,A,20210101,2021,52,2021,156,,,X,,0,,,0,,,H5,HS,True,8541,,,,C00,,0,0,,-1,,0.0,True,-1,,0.0,False,6570654434.906,True,0,False,,48695835401.0,48695835401.0,6,False,True
C,A,20220101,2022,52,2022,156,,,X,,0,,,0,,,H6,HS,True,8541,,,,C00,,0,0,,-1,,0.0,True,-1,,0.0,False,0.0,True,0,False,,65880032713.0,65880032713.0,6,False,True
C,A,20230101,2023,52,2023,156,,,X,,0,,,0,,,H6,HS,True,8541,,,,C00,,0,0,,-1,,0.0,True,-1,,0.0,False,10592081989.587,True,0,False,,61319694041.0,61319694041.0,6,False,True
C,A,20210101,2021,52,2021,156,,,X,,0,,,0,,,H5,HS,True,8471,,,,C00,,0,0,,5,,1634603750.413,True,-1,,0.0,False,1174569623.297,True,0,False,,204222573688.0,204222573688.0,6,False,True
C,A,20220101,2022,52,2022,156,,,X,,0,,,0,,,H6,HS,True,8471,,,,C00,,0,0,,5,,1290804975.39,True,-1,,0.0,False,954100845.989,True,0,False,,187904868047.0,187904868047.0,6,False,True
C,A,20230101,2023,52,2023,156,,,X,,0,,,0,,,H6,HS,True,8471,,,,C00,,0,0,,5,,1205196994.679,True,-1,,0.0,False,836091960.99,True,0,False,,149274380470.0,149274380470.0,6,False,True
C,A,20210101,2021,52,2021,156,,,X,,0,,,0,,,H5,HS,True,3004,,,,C00,,0,0,,8,,305359305.62,True,-1,,0.0,False,305359305.62,True,0,False,,5347919086.0,5347919086.0,6,False,True
C,A,20220101,2022,52,2022,156,,,X,,0,,,0,,,H6,HS,True,3004,,,,C00,,0,0,,8,,334692968.489,True,-1,,0.0,False,334692968.489,True,0,False,,5836091780.0,5836091780.0,6,False,True
C,A,20230101,2023,52,2023,156,,,X,,0,,,0,,,H6,HS,True,3004,,,,C00,,0,0,,8,,373406369.465,True,-1,,0.0,False,373406369.465,True,0,False,,5592610085.0,5592610085.0,6,False,True
C,A,20210101,2021,52,2021,156,,,X,,0,,,0,,,H5,HS,True,8703,,,,C00,,0,0,,5,,3035175.0,False,5,,3035175.0,False,2404311044.654,True,0,False,,24385291658.0,24385291658.0,4,False,True
C,A,20220101,2022,52,2022,156,,,X,,0,,,0,,,H6,HS,True,8703,,,,C00,,0,0,,5,,3640902.155,True,-1,,0.0,False,3938430265.068,True,0,False,,44687898713.0,44687898713.0,6,False,True
C,A,20230101,2023,52,2023,156,,,X,,0,,,0,,,H6,HS,True,8703,,,,C00,,0,0,,5,,5387661.526,True,-1,,0.0,False,6711361618.603,True,0,False,,77648806293.0,77648806293.0,6,False,True
C,A,20210101,2021,52,2021,276,,,X,,0,,,899,,,H5,HS,True,8541,,,,C07,,0,0,,-1,,0.0,False,-1,,0.0,False,36805.667,True,0,False,0.0,18418936.721,18418936.721,4,False,True
C,A,20210101,2021,52,2021,276,,,X,,0,,,899,,,H5,HS,True,8541,,,,C07,,0,2100,,-1,,0.0,False,-1,,0.0,False,2164.109,True,0,False,0.0,432074.832,432074.832,4,False,True
C,A,20210101,2021,52,2021,276,,,X,,0,,,899,,,H5,HS,True,8541,,,,C00,,0,1000,,-1,,0.0,False,-1,,0.0,False,8730634.537,True,0,False,0.0,4326069677.562,4326069677.562,4,False,True
C,A,20210101,2021,52,2021,276,,,X,,0,,,899,,,H5,HS,True,8541,,,,C03,,0,2100,,-1,,0.0,False,-1,,0.0,False,7915825.391,True,0,False,0.0,99565136.503,99565136.503,4,False,True
C,A,20210101,2021,52,2021,276,,,X,,0,,,899,,,H5,HS,True,8541,,,,C03,,0,9200,,-1,,0.0,False,-1,,0.0,False,289201.415,True,0,False,0.0,79720706.402,79720706.402,4,False,True
C,A,20210101,2021,52,2021,276,,,X,,0,,,899,,,H5,HS,True,8541,,,,C00,,0,9200,,-1,,0.0,False,-1,,0.0,False,289201.415,True,0,False,0.0,79720706.402,79720706.402,4,False,True
C,A,20210101,2021,52,2021,276,,,X,,0,,,0,,,H5,HS,True,8541,,,,C03,,0,3100,,-1,,0.0,False,-1,,0.0,False,542831.634,True,0,False,0.0,3904902.042,3904902.042,4,False,True
C,A,20210101,2021,52,2021,276,,,X,,0,,,0,,,H5,HS,True,8541,,,,C03,,0,9200,,-1,,0.0,False,-1,,0.0,False,289201.415,True,0,False,0.0,79720706.402,79720706.402,4,False,True
C,A,20210101,2021,52,2021,276,,,X,,0,,,0,,,H5,HS,True,8541,,,,C03,,0,1000,,-1,,0.0,False,-1,,0.0,False,8723446.164,True,0,False,0.0,4316362700.127,4316362700.127,4,False,True
C,A,20210101,2021,52,2021,276,,,X,,0,,,0,,,H5,HS,True,8541,,,,C07,,0,1000,,-1,,0.0,False,-1,,0.0,False,1598.996,True,0,False,0.0,560309.585,560309.585,4,False,True
C,A,20210101,2021,52,2021,276,,,X,,0,,,0,,,H5,HS,True,8541,,,,C00,,0,2100,,-1,,0.0,False,-1,,0.0,False,7971921.508,True,0,False,0.0,100278675.91,100278675.91,4,False,True
C,A,20210101,2021,52,2021,276,,,X,,0,,,0,,,H5,HS,True,8541,,,,C00,,0,2200,,-1,,0.0,False,-1,,0.0,False,86.389,True,0,False,0.0,56278.749,56278.749,4,False,True
C,A,20210101,2021,52,2021,276,,,X,,0,,,0,,,H5,HS,True,8541,,,,C04,,0,2100,,-1,,0.0,False,-1,,0.0,False,53931.009,True,0,False,0.0,280874.317,280874.317,4,False,True
C,A,20210101,2021,52,2021,276,,,X,,0,,,0,,,H5,HS,True,8541,,,,C06,,0,2100,,-1,,0.0,False,-1,,0.0,False,1.0,False,0,False,0.0,590.258,590.258,0,False,True
C,A,20210101,2021,52,2021,276,,,X,,0,,,0,,,H5,HS,True,8541,,,,C07,,0,2100,,-1,,0.0,False,-1,,0.0,False,2164.109,True,0,False,0.0,432074.832,432074.832,4,False,True
C,A,20210101,2021,52,2021,276,,,X,,0,,,0,,,H5,HS,True,8541,,,,C03,,0,2100,,-1,,0.0,False,-1,,0.0,False,7915825.391,True,0,False,0.0,99565136.503,99565136.503,4,False,True
C,A,20210101,2021,52,2021,276,,,X,,0,,,0,,,H5,HS,True,8541,,,,C03,,0,2200,,-1,,0.0,False,-1,,0.0,False,86.389,True,0,False,0.0,56278.749,56278.749,4,False,True
C,A,20210101,2021,52,2021,276,,,X,,0,,,0,,,H5,HS,True,8541,,,,C00,,0,1000,,-1,,0.0,False,-1,,0.0,False,8730634.537,True,0,False,0.0,4326069677.562,4326069677.562,4,False,True
C,A,20210101,2021,52,2021,276,,,X,,0,,,0,,,H5,HS,True,8541,,,,C06,,0,1000,,-1,,0.0,False,-1,,0.0,False,2732.26,True,0,False,0.0,8017724.861,8017724.861,4,False,True
C,A,20210101,2021,52,2021,276,,,X,,0,,,0,,,H5,HS,True,8541,,,,C00,,0,0,,-1,,0.0,False,-1,,0.0,False,214731305.951,True,0,False,0.0,8064201402.705,8064201402.705,4,False,True
C,A,20210101,2021,52,2021,276,,,X,,0,,,0,,,H5,HS,True,8541,,,,C03,,0,3200,,-1,,0.0,False,-1,,0.0,False,197095776.339,True,0,False,0.0,3535781870.443,3535781870.443,4,False,True
C,A,20210101,2021,52,2021,276,,,X,,0,,,0,,,H5,HS,True,8541,,,,C04,,0,3200,,-1,,0.0,False,-1,,0.0,False,67786.345,True,0,False,0.0,865788.22,865788.22,4,False,True
C,A,20210101,2021,52,2021,276,,,X,,0,,,0,,,H5,HS,True,8541,,,,C00,,0,3100,,-1,,0.0,False,-1,,0.0,False,542855.634,True,0,False,0.0,3912496.303,3912496.303,4,False,True
C,A,20210101,2021,52,2021,276,,,X,,0,,,0,,,H5,HS,True,8541,,,,C04,,0,1000,,-1,,0.0,False,-1,,0.0,False,2857.117,True,0,False,0.0,1128942.989,1128942.989,4,False,True
C,A,20210101,2021,52,2021,276,,,X,,0,,,0,,,H5,HS,True,8541,,,,C07,,0,3200,,-1,,0.0,False,-1,,0.0,False,33018.562,True,0,False,0.0,17418958.044,17418958.044,4,False,True
C,A,20210101,2021,52,2021,276,,,X,,0,,,0,,,H5,HS,True,8541,,,,C00,,0,9200,,-1,,0.0,False,-1,,0.0,False,289201.415,True,0,False,0.0,79720706.402,79720706.402,4,False,True
C,A,20210101,2021,52,2021,276,,,X,,0,,,0,,,H5,HS,True,8541,,,,C07,,0,0,,-1,,0.0,False,-1,,0.0,False,36805.667,True,0,False,0.0,18418936.721,18418936.721,4,False,True
C,A,20210101,2021,52,2021,276,,,X,,0,,,0,,,H5,HS,True,8541,,,,C07,,0,3100,,-1,,0.0,False,-1,,0.0,False,24.0,False,0,False,0.0,7594.261,7594.261,0,False,True
C,A,20210101,2021,52,2021,276,,,X,,0,,,0,,,H5,HS,True,8541,,,,C00,,0,3200,,-1,,0.0,False,-1,,0.0,False,197196606.469,True,0,False,0.0,3554163567.781,3554163567.781,4,False,True
C,A,20210101,2021,52,2021,276,,,X,,0,,,0,,,H5,HS,True,8541,,,,C06,,0,0,,-1,,0.0,False,-1,,0.0,False,2758.483,True,0,False,0.0,8115266.193,8115266.193,4,False,True
C,A,20210101,2021,52,2021,276,,,X,,0,,,0,,,H5,HS,True,8541,,,,C06,,0,3200,,-1,,0.0,False,-1,,0.0,False,25.223,True,0,False,0.0,96951.073,96951.073,4,False,True
C,A,20210101,2021,52,2021,276,,,X,,0,,,0,,,H5,HS,True,8541,,,,C03,,0,0,,-1,,0.0,False,-1,,0.0,False,214567167.331,True,0,False,0.0,8035391594.266,8035391594.266,4,False,True
C,A,20210101,2021,52,2021,276,,,X,,0,,,0,,,H5,HS,True,8541,,,,C04,,0,0,,-1,,0.0,False,-1,,0.0,False,124574.471,True,0,False,0.0,2275605.526,2275605.526,4,False,True
C,A,20210101,2021,52,2021,276,,,X,,0,,,899,,,H5,HS,True,8541,,,,C07,,0,3100,,-1,,0.0,False,-1,,0.0,False,24.0,False,0,False,0.0,7594.261,7594.261,0,False,True
C,A,20210101,2021,52,2021,276,,,X,,0,,,899,,,H5,HS,True,8541,,,,C04,,0,2100,,-1,,0.0,False,-1,,0.0,False,53931.009,True,0,False,0.0,280874.317,280874.317,4,False,True
C,A,20210101,2021,52,2021,276,,,X,,0,,,899,,,H5,HS,True,8541,,,,C00,,0,2100,,-1,,0.0,False,-1,,0.0,False,7971921.508,True,0,False,0.0,100278675.91,100278675.91,4,False,True
C,A,20210101,2021,52,2021,276,,,X,,0,,,899,,,H5,HS,True,8541,,,,C00,,0,3200,,-1,,0.0,False,-1,,0.0,False,197196606.469,True,0,False,0.0,3554163567.781,3554163567.781,4,False,True
C,A,20210101,2021,52,2021,276,,,X,,0,,,899,,,H5,HS,True,8541,,,,C03,,0,0,,-1,,0.0,False,-1,,0.0,False,214567167.331,True,0,False,0.0,8035391594.266,8035391594.266,4,False,True
C,A,20210101,2021,52,2021,276,,,X,,0,,,899,,,H5,HS,True,8541,,,,C04,,0,0,,-1,,0.0,False,-1,,0.0,False,124574.471,True,0,False,0.0,2275605.526,2275605.526,4,False,True
C,A,20210101,2021,52,2021,276,,,X,,0,,,899,,,H5,HS,True,8541,,,,C06,,0,2100,,-1,,0.0,False,-1,,0.0,False,1.0,False,0,False,0.0,590.258,590.258,0,False,True
C,A,20210101,2021,52,2021,276,,,X,,0,,,899,,,H5,HS,True,8541,,,,C03,,0,3200,,-1,,0.0,False,-1,,0.0,False,197095776.339,True,0,False,0.0,3535781870.443,3535781870.443,4,False,True
C,A,20210101,2021,52,2021,276,,,X,,0,,,899,,,H5,HS,True,8541,,,,C06,,0,0,,-1,,0.0,False,-1,,0.0,False,2758.483,True,0,False,0.0,8115266.193,8115266.193,4,False,True
C,A,20210101,2021,52,2021,276,,,X,,0,,,899,,,H5,HS,True,8541,,,,C00,,0,3100,,-1,,0.0,False,-1,,0.0,False,542855.634,True,0,False,0.0,3912496.303,3912496.303,4,False,True
C,A,20210101,2021,52,2021,276,,,X,,0,,,899,,,H5,HS,True,8541,,,,C00,,0,2200,,-1,,0.0,False,-1,,0.0,False,86.389,True,0,False,0.0,56278.749,56278.749,4,False,True
C,A,20210101,2021,52,2021,276,,,X,,0,,,899,,,H5,HS,True,8541,,,,C03,,0,3100,,-1,,0.0,False,-1,,0.0,False,542831.634,True,0,False,0.0,3904902.042,3904902.042,4,False,True
C,A,20210101,2021,52,2021,276,,,X,,0,,,899,,,H5,HS,True,8541,,,,C04,,0,1000,,-1,,0.0,False,-1,,0.0,False,2857.117,True,0,False,0.0,1128942.989,1128942.989,4,False,True
C,A,20210101,2021,52,2021,276,,,X,,0,,,899,,,H5,HS,True,8541,,,,C06,,0,1000,,-1,,0.0,False,-1,,0.0,False,2732.26,True,0,False,0.0,8017724.861,8017724.861,4,False,True
C,A,20210101,2021,52,2021,276,,,X,,0,,,899,,,H5,HS,True,8541,,,,C07,,0,3200,,-1,,0.0,False,-1,,0.0,False,33018.562,True,0,False,0.0,17418958.044,17418958.044,4,False,True
C,A,20210101,2021,52,2021,276,,,X,,0,,,899,,,H5,HS,True,8541,,,,C03,,0,2200,,-1,,0.0,False,-1,,0.0,False,86.389,True,0,False,0.0,56278.749,56278.749,4,False,True
C,A,20210101,2021,52,2021,276,,,X,,0,,,899,,,H5,HS,True,8541,,,,C07,,0,1000,,-1,,0.0,False,-1,,0.0,False,1598.996,True,0,False,0.0,560309.585,560309.585,4,False,True
C,A,20210101,2021,52,2021,276,,,X,,0,,,899,,,H5,HS,True,8541,,,,C06,,0,3200,,-1,,0.0,False,-1,,0.0,False,25.223,True,0,False,0.0,96951.073,96951.073,4,False,True
C,A,20210101,2021,52,2021,276,,,X,,0,,,899,,,H5,HS,True,8541,,,,C00,,0,0,,-1,,0.0,False,-1,,0.0,False,214731305.951,True,0,False,0.0,8064201402.705,8064201402.705,4,False,True
C,A,20210101,2021,52,2021,276,,,X,,0,,,899,,,H5,HS,True,8541,,,,C03,,0,1000,,-1,,0.0,False,-1,,0.0,False,8723446.164,True,0,False,0.0,4316362700.127,4316362700.127,4,False,True
C,A,20210101,2021,52,2021,276,,,X,,0,,,899,,,H5,HS,True,8541,,,,C04,,0,3200,,-1,,0.0,False,-1,,0.0,False,67786.345,True,0,False,0.0,865788.22,865788.22,4,False,True
C,A,20220101,2022,52,2022,276,,,X,,0,,,899,,,H6,HS,True,8541,,,,C04,,0,1000,,-1,,0.0,False,-1,,0.0,False,1035.106,True,0,False,,844102.833,844102.833,4,False,True
C,A,20220101,2022,52,2022,276,,,X,,0,,,0,,,H6,HS,True,8541,,,,C04,,0,2100,,-1,,0.0,False,-1,,0.0,False,13.0,False,0,False,,50565.801,50565.801,0,False,True
C,A,20220101,2022,52,2022,276,,,X,,0,,,899,,,H6,HS,True,8541,,,,C03,,0,0,,-1,,0.0,False,-1,,0.0,False,269251483.23,True,0,False,,9590265889.597,9590265889.597,4,False,True
C,A,20220101,2022,52,2022,276,,,X,,0,,,899,,,H6,HS,True,8541,,,,C04,,0,0,,-1,,0.0,False,-1,,0.0,False,1075.559,True,0,False,,921676.451,921676.451,4,False,True
C,A,20220101,2022,52,2022,276,,,X,,0,,,0,,,H6,HS,True,8541,,,,C04,,0,3200,,-1,,0.0,False,-1,,0.0,False,27.453,True,0,False,,27007.818,27007.818,4,False,True
C,A,20220101,2022,52,2022,276,,,X,,0,,,0,,,H6,HS,True,8541,,,,C03,,0,0,,-1,,0.0,False,-1,,0.0,False,269251483.23,True,0,False,,9590265889.597,9590265889.597,4,False,True
C,A,20220101,2022,52,2022,276,,,X,,0,,,899,,,H6,HS,True,8541,,,,C07,,0,2100,,-1,,0.0,False,-1,,0.0,False,3207.064,True,0,False,,705424.371,705424.371,4,False,True
C,A,20220101,2022,52,2022,276,,,X,,0,,,899,,,H6,HS,True,8541,,,,C00,,0,1000,,-1,,0.0,False,-1,,0.0,False,9861177.476,True,0,False,,4993879411.463,4993879411.463,4,False,True
C,A,20220101,2022,52,2022,276,,,X,,0,,,899,,,H6,HS,True,8541,,,,C07,,0,1000,,-1,,0.0,False,-1,,0.0,False,1540.567,True,0,False,,760024.508,760024.508,4,False,True
C,A,20220101,2022,52,2022,276,,,X,,0,,,0,,,H6,HS,True,8541,,,,C00,,0,9200,,-1,,0.0,False,-1,,0.0,False,336705.299,True,0,False,,119855916.442,119855916.442,4,False,True
C,A,20220101,2022,52,2022,276,,,X,,0,,,899,,,H6,HS,True,8541,,,,C04,,0,3200,,-1,,0.0,False,-1,,0.0,False,27.453,True,0,False,,27007.818,27007.818,4,False,True
C,A,20220101,2022,52,2022,276,,,X,,0,,,0,,,H6,HS,True,8541,,,,C00,,0,2100,,-1,,0.0,False,-1,,0.0,False,15224861.537,True,0,False,,151942280.526,151942280.526,4,False,True
C,A,20220101,2022,52,2022,276,,,X,,0,,,0,,,H6,HS,True,8541,,,,C03,,0,2100,,-1,,0.0,False,-1,,0.0,False,15221641.474,True,0,False,,151186290.354,151186290.354,4,False,True
C,A,20220101,2022,52,2022,276,,,X,,0,,,0,,,H6,HS,True,8541,,,,C00,,0,0,,-1,,0.0,False,-1,,0.0,False,269283456.386,True,0,False,,9609963010.901,9609963010.901,4,False,True
C,A,20220101,2022,52,2022,276,,,X,,0,,,0,,,H6,HS,True,8541,,,,C00,,0,3100,,-1,,0.0,False,-1,,0.0,False,237292.932,True,0,False,,3991539.628,3991539.628,4,False,True
C,A,20220101,2022,52,2022,276,,,X,,0,,,0,,,H6,HS,True,8541,,,,C00,,0,2200,,-1,,0.0,False,-1,,0.0,False,1.726,True,0,False,,1271.716,1271.716,4,False,True
C,A,20220101,2022,52,2022,276,,,X,,0,,,0,,,H6,HS,True,8541,,,,C03,,0,9200,,-1,,0.0,False,-1,,0.0,False,336705.299,True,0,False,,119855916.442,119855916.442,4,False,True
C,A,20220101,2022,52,2022,276,,,X,,0,,,0,,,H6,HS,True,8541,,,,C00,,0,3200,,-1,,0.0,False,-1,,0.0,False,243623417.416,True,0,False,,4340292591.126,4340292591.126,4,False,True
C,A,20220101,2022,52,2022,276,,,X,,0,,,899,,,H6,HS,True,8541,,,,C03,,0,2200,,-1,,0.0,False,-1,,0.0,False,1.726,True,0,False,,1271.716,1271.716,4,False,True
C,A,20220101,2022,52,2022,276,,,X,,0,,,899,,,H6,HS,True,8541,,,,C03,,0,3200,,-1,,0.0,False,-1,,0.0,False,243598507.57,True,0,False,,4326058758.671,4326058758.671,4,False,True
C,A,20220101,2022,52,2022,276,,,X,,0,,,899,,,H6,HS,True,8541,,,,C06,,0,1000,,-1,,0.0,False,-1,,0.0,False,1267.573,True,0,False,,3103171.336,3103171.336,4,False,True
C,A,20220101,2022,52,2022,276,,,X,,0,,,0,,,H6,HS,True,8541,,,,C03,,0,2200,,-1,,0.0,False,-1,,0.0,False,1.726,True,0,False,,1271.716,1271.716,4,False,True
C,A,20220101,2022,52,2022,276,,,X,,0,,,0,,,H6,HS,True,8541,,,,C03,,0,3200,,-1,,0.0,False,-1,,0.0,False,243598507.57,True,0,False,,4326058758.671,4326058758.671,4,False,True
C,A,20220101,2022,52,2022,276,,,X,,0,,,899,,,H6,HS,True,8541,,,,C04,,0,2100,,-1,,0.0,False,-1,,0.0,False,13.0,False,0,False,,50565.801,50565.801,0,False,True
C,A,20220101,2022,52,2022,276,,,X,,0,,,899,,,H6,HS,True,8541,,,,C00,,0,0,,-1,,0.0,False,-1,,0.0,False,269283456.386,True,0,False,,9609963010.901,9609963010.901,4,False,True
C,A,20220101,2022,52,2022,276,,,X,,0,,,899,,,H6,HS,True,8541,,,,C06,,0,0,,-1,,0.0,False,-1,,0.0,False,1599.342,True,0,False,,3109096.834,3109096.834,4,False,True
C,A,20220101,2022,52,2022,276,,,X,,0,,,0,,,H6,HS,True,8541,,,,C04,,0,1000,,-1,,0.0,False,-1,,0.0,False,1035.106,True,0,False,,844102.833,844102.833,4,False,True
C,A,20220101,2022,52,2022,276,,,X,,0,,,0,,,H6,HS,True,8541,,,,C06,,0,1000,,-1,,0.0,False,-1,,0.0,False,1267.573,True,0,False,,3103171.336,3103171.336,4,False,True
C,A,20220101,2022,52,2022,276,,,X,,0,,,0,,,H6,HS,True,8541,,,,C06,,0,0,,-1,,0.0,False,-1,,0.0,False,1599.342,True,0,False,,3109096.834,3109096.834,4,False,True
C,A,20220101,2022,52,2022,276,,,X,,0,,,899,,,H6,HS,True,8541,,,,C03,,0,2100,,-1,,0.0,False,-1,,0.0,False,15221641.474,True,0,False,,151186290.354,151186290.354,4,False,True
C,A,20220101,2022,52,2022,276,,,X,,0,,,899,,,H6,HS,True,8541,,,,C03,,0,1000,,-1,,0.0,False,-1,,0.0,False,9857334.23,True,0,False,,4989172112.786,4989172112.786,4,False,True
C,A,20220101,2022,52,2022,276,,,X,,0,,,899,,,H6,HS,True,8541,,,,C07,,0,3200,,-1,,0.0,False,-1,,0.0,False,24550.624,True,0,False,,14200899.14,14200899.14,4,False,True
C,A,20220101,2022,52,2022,276,,,X,,0,,,899,,,H6,HS,True,8541,,,,C00,,0,3200,,-1,,0.0,False,-1,,0.0,False,243623417.416,True,0,False,,4340292591.126,4340292591.126,4,False,True
C,A,20220101,2022,52,2022,276,,,X,,0,,,899,,,H6,HS,True,8541,,,,C00,,0,3100,,-1,,0.0,False,-1,,0.0,False,237292.932,True,0,False,,3991539.628,3991539.628,4,False,True
C,A,20220101,2022,52,2022,276,,,X,,0,,,0,,,H6,HS,True,8541,,,,C06,,0,3200,,-1,,0.0,False,-1,,0.0,False,331.769,True,0,False,,5925.498,5925.498,4,False,True
C,A,20220101,2022,52,2022,276,,,X,,0,,,0,,,H6,HS,True,8541,,,,C04,,0,0,,-1,,0.0,False,-1,,0.0,False,1075.559,True,0,False,,921676.451,921676.451,4,False,True
C,A,20220101,2022,52,2022,276,,,X,,0,,,899,,,H6,HS,True,8541,,,,C06,,0,3200,,-1,,0.0,False,-1,,0.0,False,331.769,True,0,False,,5925.498,5925.498,4,False,True
C,A,20220101,2022,52,2022,276,,,X,,0,,,0,,,H6,HS,True,8541,,,,C07,,0,3200,,-1,,0.0,False,-1,,0.0,False,24550.624,True,0,False,,14200899.14,14200899.14,4,False,True
C,A,20220101,2022,52,2022,276,,,X,,0,,,0,,,H6,HS,True,8541,,,,C00,,0,1000,,-1,,0.0,False,-1,,0.0,False,9861177.476,True,0,False,,4993879411.463,4993879411.463,4,False,True
C,A,20220101,2022,52,2022,276,,,X,,0,,,899,,,H6,HS,True,8541,,,,C03,,0,9200,,-1,,0.0,False,-1,,0.0,False,336705.299,True,0,False,,119855916.442,119855916.442,4,False,True
C,A,20220101,2022,52,2022,276,,,X,,0,,,0,,,H6,HS,True,8541,,,,C07,,0,1000,,-1,,0.0,False,-1,,0.0,False,1540.567,True,0,False,,760024.508,760024.508,4,False,True
C,A,20220101,2022,52,2022,276,,,X,,0,,,0,,,H6,HS,True,8541,,,,C07,,0,0,,-1,,0.0,False,-1,,0.0,False,29298.255,True,0,False,,15666348.019,15666348.019,4,False,True
C,A,20220101,2022,52,2022,276,,,X,,0,,,0,,,H6,HS,True,8541,,,,C03,,0,3100,,-1,,0.0,False,-1,,0.0,False,237292.932,True,0,False,,3991539.628,3991539.628,4,False,True
C,A,20220101,2022,52,2022,276,,,X,,0,,,0,,,H6,HS,True,8541,,,,C07,,0,2100,,-1,,0.0,False,-1,,0.0,False,3207.064,True,0,False,,705424.371,705424.371,4,False,True
C,A,20220101,2022,52,2022,276,,,X,,0,,,0,,,H6,HS,True,8541,,,,C03,,0,1000,,-1,,0.0,False,-1,,0.0,False,9857334.23,True,0,False,,4989172112.786,4989172112.786,4,False,True
C,A,20220101,2022,52,2022,276,,,X,,0,,,899,,,H6,HS,True,8541,,,,C00,,0,2200,,-1,,0.0,False,-1,,0.0,False,1.726,True,0,False,,1271.716,1271.716,4,False,True
C,A,20220101,2022,52,2022,276,,,X,,0,,,899,,,H6,HS,True,8541,,,,C03,,0,3100,,-1,,0.0,False,-1,,0.0,False,237292.932,True,0,False,,3991539.628,3991539.628,4,False,True
C,A,20220101,2022,52,2022,276,,,X,,0,,,899,,,H6,HS,True,8541,,,,C00,,0,9200,,-1,,0.0,False,-1,,0.0,False,336705.299,True,0,False,,119855916.442,119855916.442,4,False,True
C,A,20220101,2022,52,2022,276,,,X,,0,,,899,,,H6,HS,True,8541,,,,C00,,0,2100,,-1,,0.0,False,-1,,0.0,False,15224861.537,True,0,False,,151942280.526,151942280.526,4,False,True
C,A,20220101,2022,52,2022,276,,,X,,0,,,899,,,H6,HS,True,8541,,,,C07,,0,0,,-1,,0.0,False,-1,,0.0,False,29298.255,True,0,False,,15666348.019,15666348.019,4,False,True
C,A,20230101,2023,52,2023,276,,,X,,0,,,0,,,H6,HS,True,8541,,,,C00,,0,0,,-1,,0.0,False,-1,,0.0,False,,False,0,False,,9735330796.146,9735330796.146,0,False,True
C,A,20230101,2023,52,2023,276,,,X,,0,,,899,,,H6,HS,True,8541,,,,C03,,0,2100,,-1,,0.0,False,-1,,0.0,False,,False,0,False,,325663460.19,325663460.19,0,False,True
C,A,20230101,2023,52,2023,276,,,X,,0,,,0,,,H6,HS,True,8541,,,,C04,,0,3200,,-1,,0.0,False,-1,,0.0,False,17938.617,True,0,False,,159918.343,159918.343,4,False,True
C,A,20230101,2023,52,2023,276,,,X,,0,,,0,,,H6,HS,True,8541,,,,C00,,0,1000,,-1,,0.0,False,-1,,0.0,False,9203778.816,True,0,False,,5137955304.237,5137955304.237,4,False,True
C,A,20230101,2023,52,2023,276,,,X,,0,,,0,,,H6,HS,True,8541,,,,C00,,0,2100,,-1,,0.0,False,-1,,0.0,False,,False,0,False,,325769233.975,325769233.975,0,False,True
C,A,20230101,2023,52,2023,276,,,X,,0,,,899,,,H6,HS,True,8541,,,,C04,,0,1000,,-1,,0.0,False,-1,,0.0,False,441.003,True,0,False,,381799.825,381799.825,4,False,True
C,A,20230101,2023,52,2023,276,,,X,,0,,,899,,,H6,HS,True,8541,,,,C00,,0,2200,,-1,,0.0,False,-1,,0.0,False,0.295,True,0,False,,171.178,171.178,4,False,True
C,A,20230101,2023,52,2023,276,,,X,,0,,,0,,,H6,HS,True,8541,,,,C00,,0,9200,,-1,,0.0,False,-1,,0.0,False,266353.174,True,0,False,,107560010.58,107560010.58,4,False,True
C,A,20230101,2023,52,2023,276,,,X,,0,,,899,,,H6,HS,True,8541,,,,C03,,0,9200,,-1,,0.0,False,-1,,0.0,False,266353.174,True,0,False,,107560010.58,107560010.58,4,False,True
C,A,20230101,2023,52,2023,276,,,X,,0,,,899,,,H6,HS,True,8541,,,,C03,,0,3200,,-1,,0.0,False,-1,,0.0,False,205866517.43,True,0,False,,4159478402.565,4159478402.565,4,False,True
C,A,20230101,2023,52,2023,276,,,X,,0,,,899,,,H6,HS,True,8541,,,,C00,,0,2100,,-1,,0.0,False,-1,,0.0,False,,False,0,False,,325769233.975,325769233.975,0,False,True
C,A,20230101,2023,52,2023,276,,,X,,0,,,899,,,H6,HS,True,8541,,,,C03,,0,1000,,-1,,0.0,False,-1,,0.0,False,9203337.813,True,0,False,,5137573504.412,5137573504.412,4,False,True
C,A,20230101,2023,52,2023,276,,,X,,0,,,0,,,H6,HS,True,8541,,,,C03,,0,2200,,-1,,0.0,False,-1,,0.0,False,0.295,True,0,False,,171.178,171.178,4,False,True
C,A,20230101,2023,52,2023,276,,,X,,0,,,0,,,H6,HS,True,8541,,,,C03,,0,2100,,-1,,0.0,False,-1,,0.0,False,,False,0,False,,325663460.19,325663460.19,0,False,True
C,A,20230101,2023,52,2023,276,,,X,,0,,,0,,,H6,HS,True,8541,,,,C04,,0,1000,,-1,,0.0,False,-1,,0.0,False,441.003,True,0,False,,381799.825,381799.825,4,False,True
C,A,20230101,2023,52,2023,276,,,X,,0,,,899,,,H6,HS,True,8541,,,,C00,,0,9200,,-1,,0.0,False,-1,,0.0,False,266353.174,True,0,False,,107560010.58,107560010.58,4,False,True
C,A,20230101,2023,52,2023,276,,,X,,0,,,0,,,H6,HS,True,8541,,,,C00,,0,3200,,-1,,0.0,False,-1,,0.0,False,205884456.047,True,0,False,,4159638320.908,4159638320.908,4,False,True
C,A,20230101,2023,52,2023,276,,,X,,0,,,0,,,H6,HS,True,8541,,,,C00,,0,2200,,-1,,0.0,False,-1,,0.0,False,0.295,True,0,False,,171.178,171.178,4,False,True
C,A,20230101,2023,52,2023,276,,,X,,0,,,0,,,H6,HS,True,8541,,,,C04,,0,0,,-1,,0.0,False,-1,,0.0,False,18396.62,True,0,False,,647491.953,647491.953,4,False,True
C,A,20230101,2023,52,2023,276,,,X,,0,,,899,,,H6,HS,True,8541,,,,C00,,0,0,,-1,,0.0,False,-1,,0.0,False,,False,0,False,,9735330796.146,9735330796.146,0,False,True
C,A,20230101,2023,52,2023,276,,,X,,0,,,899,,,H6,HS,True,8541,,,,C00,,0,1000,,-1,,0.0,False,-1,,0.0,False,9203778.816,True,0,False,,5137955304.237,5137955304.237,4,False,True
C,A,20230101,2023,52,2023,276,,,X,,0,,,899,,,H6,HS,True,8541,,,,C00,,0,3200,,-1,,0.0,False,-1,,0.0,False,205884456.047,True,0,False,,4159638320.908,4159638320.908,4,False,True
C,A,20230101,2023,52,2023,276,,,X,,0,,,899,,,H6,HS,True,8541,,,,C03,,0,3100,,-1,,0.0,False,-1,,0.0,False,479532.476,True,0,False,,4407755.268,4407755.268,4,False,True
C,A,20230101,2023,52,2023,276,,,X,,0,,,0,,,H6,HS,True,8541,,,,C00,,0,3100,,-1,,0.0,False,-1,,0.0,False,479532.476,True,0,False,,4407755.268,4407755.268,4,False,True
C,A,20230101,2023,52,2023,276,,,X,,0,,,0,,,H6,HS,True,8541,,,,C03,,0,9200,,-1,,0.0,False,-1,,0.0,False,266353.174,True,0,False,,107560010.58,107560010.58,4,False,True
C,A,20230101,2023,52,2023,276,,,X,,0,,,899,,,H6,HS,True,8541,,,,C03,,0,2200,,-1,,0.0,False,-1,,0.0,False,0.295,True,0,False,,171.178,171.178,4,False,True
C,A,20230101,2023,52,2023,276,,,X,,0,,,0,,,H6,HS,True,8541,,,,C03,,0,0,,-1,,0.0,False,-1,,0.0,False,,False,0,False,,9734683304.194,9734683304.194,0,False,True
C,A,20230101,2023,52,2023,276,,,X,,0,,,899,,,H6,HS,True,8541,,,,C04,,0,0,,-1,,0.0,False,-1,,0.0,False,18396.62,True,0,False,,647491.953,647491.953,4,False,True
C,A,20230101,2023,52,2023,276,,,X,,0,,,0,,,H6,HS,True,8541,,,,C04,,0,2100,,-1,,0.0,False,-1,,0.0,False,17.0,False,0,False,,105773.784,105773.784,0,False,True
C,A,20230101,2023,52,2023,276,,,X,,0,,,0,,,H6,HS,True,8541,,,,C03,,0,3100,,-1,,0.0,False,-1,,0.0,False,479532.476,True,0,False,,4407755.268,4407755.268,4,False,True
C,A,20230101,2023,52,2023,276,,,X,,0,,,0,,,H6,HS,True,8541,,,,C03,,0,3200,,-1,,0.0,False,-1,,0.0,False,205866517.43,True,0,False,,4159478402.565,4159478402.565,4,False,True
C,A,20230101,2023,52,2023,276,,,X,,0,,,0,,,H6,HS,True,8541,,,,C03,,0,1000,,-1,,0.0,False,-1,,0.0,False,9203337.813,True,0,False,,5137573504.412,5137573504.412,4,False,True
C,A,20230101,2023,52,2023,276,,,X,,0,,,899,,,H6,HS,True,8541,,,,C03,,0,0,,-1,,0.0,False,-1,,0.0,False,,False,0,False,,9734683304.194,9734683304.194,0,False,True
C,A,20230101,2023,52,2023,276,,,X,,0,,,899,,,H6,HS,True,8541,,,,C04,,0,2100,,-1,,0.0,False,-1,,0.0,False,17.0,False,0,False,,105773.784,105773.784,0,False,True
C,A,20230101,2023,52,2023,276,,,X,,0,,,899,,,H6,HS,True,8541,,,,C00,,0,3100,,-1,,0.0,False,-1,,0.0,False,479532.476,True,0,False,,4407755.268,4407755.268,4,False,True
C,A,20230101,2023,52,2023,276,,,X,,0,,,899,,,H6,HS,True,8541,,,,C04,,0,3200,,-1,,0.0,False,-1,,0.0,False,17938.617,True,0,False,,159918.343,159918.343,4,False,True
C,A,20210101,2021,52,2021,276,,,X,,0,,,899,,,H5,HS,True,8471,,,,C03,,0,1000,,5,,17104917.129,True,-1,,0.0,False,22092390.833,True,0,False,0.0,6684613131.509,6684613131.509,6,False,True
C,A,20210101,2021,52,2021,276,,,X,,0,,,899,,,H5,HS,True,8471,,,,C00,,0,1000,,5,,17112864.233,True,-1,,0.0,False,22128305.928,True,0,False,0.0,6701859989.18,6701859989.18,6,False,True
C,A,20210101,2021,52,2021,276,,,X,,0,,,899,,,H5,HS,True,8471,,,,C03,,0,9200,,5,,2573675.744,True,-1,,0.0,False,2635983.725,True,0,False,0.0,568472809.186,568472809.186,6,False,True
C,A,20210101,2021,52,2021,276,,,X,,0,,,899,,,H5,HS,True,8471,,,,C03,,0,3200,,5,,58622217.084,True,-1,,0.0,False,48622840.168,True,0,False,0.0,9760327875.103,9760327875.103,6,False,True
C,A,20210101,2021,52,2021,276,,,X,,0,,,899,,,H5,HS,True,8471,,,,C04,,0,0,,5,,5573.104,True,-1,,0.0,False,15033.099,True,0,False,0.0,9544305.844,9544305.844,6,False,True
C,A,20210101,2021,52,2021,276,,,X,,0,,,899,,,H5,HS,True,8471,,,,C00,,0,3200,,5,,58627898.084,True,-1,,0.0,False,48630203.152,True,0,False,0.0,9762572559.368,9762572559.368,6,False,True
C,A,20210101,2021,52,2021,276,,,X,,0,,,899,,,H5,HS,True,8471,,,,C03,,0,0,,5,,82963657.179,True,-1,,0.0,False,83703002.172,True,0,False,0.0,18612556193.355,18612556193.355,6,False,True
C,A,20210101,2021,52,2021,276,,,X,,0,,,899,,,H5,HS,True,8471,,,,C00,,0,9200,,5,,2573675.744,True,-1,,0.0,False,2635983.725,True,0,False,0.0,568472809.186,568472809.186,6,False,True
C,A,20210101,2021,52,2021,276,,,X,,0,,,899,,,H5,HS,True,8471,,,,C03,,0,2100,,5,,1916105.221,True,-1,,0.0,False,2853384.866,True,0,False,0.0,371970208.232,371970208.232,6,False,True
C,A,20210101,2021,52,2021,276,,,X,,0,,,899,,,H5,HS,True,8471,,,,C04,,0,1000,,5,,796.104,True,-1,,0.0,False,4255.115,True,0,False,0.0,5862627.61,5862627.61,6,False,True
C,A,20210101,2021,52,2021,276,,,X,,0,,,899,,,H5,HS,True,8471,,,,C00,,0,0,,5,,82988063.283,True,-1,,0.0,False,83756979.25,True,0,False,0.0,18636141416.039,18636141416.039,6,False,True
C,A,20210101,2021,52,2021,276,,,X,,0,,,899,,,H5,HS,True,8471,,,,C00,,0,2100,,5,,1926883.221,True,-1,,0.0,False,2864083.866,True,0,False,0.0,376063888.981,376063888.981,6,False,True
C,A,20210101,2021,52,2021,276,,,X,,0,,,0,,,H5,HS,True,8471,,,,C00,,0,1000,,5,,17112864.233,True,-1,,0.0,False,22128305.928,True,0,False,0.0,6701859989.18,6701859989.18,6,False,True
C,A,20210101,2021,52,2021,276,,,X,,0,,,0,,,H5,HS,True,8471,,,,C03,,0,9200,,5,,2573675.744,True,-1,,0.0,False,2635983.725,True,0,False,0.0,568472809.186,568472809.186,6,False,True
C,A,20210101,2021,52,2021,276,,,X,,0,,,0,,,H5,HS,True,8471,,,,C00,,0,2100,,5,,1926883.221,True,-1,,0.0,False,2864083.866,True,0,False,0.0,376063888.981,376063888.981,6,False,True
C,A,20210101,2021,52,2021,276,,,X,,0,,,0,,,H5,HS,True,8471,,,,C04,,0,1000,,5,,796.104,True,-1,,0.0,False,4255.115,True,0,False,0.0,5862627.61,5862627.61,6,False,True
C,A,20210101,2021,52,2021,276,,,X,,0,,,0,,,H5,HS,True,8471,,,,C00,,0,3200,,5,,58627898.084,True,-1,,0.0,False,48630203.152,True,0,False,0.0,9762572559.368,9762572559.368,6,False,True
C,A,20210101,2021,52,2021,276,,,X,,0,,,0,,,H5,HS,True,8471,,,,C00,,0,9200,,5,,2573675.744,True,-1,,0.0,False,2635983.725,True,0,False,0.0,568472809.186,568472809.186,6,False,True
C,A,20210101,2021,52,2021,276,,,X,,0,,,0,,,H5,HS,True,8471,,,,C03,,0,3200,,5,,58622217.084,True,-1,,0.0,False,48622840.168,True,0,False,0.0,9760327875.103,9760327875.103,6,False,True
C,A,20210101,2021,52,2021,276,,,X,,0,,,0,,,H5,HS,True,8471,,,,C04,,0,0,,5,,5573.104,True,-1,,0.0,False,15033.099,True,0,False,0.0,9544305.844,9544305.844,6,False,True
C,A,20210101,2021,52,2021,276,,,X,,0,,,0,,,H5,HS,True,8471,,,,C03,,0,0,,5,,82963657.179,True,-1,,0.0,False,83703002.172,True,0,False,0.0,18612556193.355,18612556193.355,6,False,True
C,A,20210101,2021,52,2021,276,,,X,,0,,,0,,,H5,HS,True,8471,,,,C03,,0,1000,,5,,17104917.129,True,-1,,0.0,False,22092390.833,True,0,False,0.0,6684613131.509,6684613131.509,6,False,True
C,A,20210101,2021,52,2021,276,,,X,,0,,,0,,,H5,HS,True,8471,,,,C03,,0,2100,,5,,1916105.221,True,-1,,0.0,False,2853384.866,True,0,False,0.0,371970208.232,371970208.232,6,False,True
C,A,20210101,2021,52,2021,276,,,X,,0,,,0,,,H5,HS,True,8471,,,,C00,,0,0,,5,,82988063.283,True,-1,,0.0,False,83756979.25,True,0,False,0.0,18636141416.039,18636141416.039,6,False,True
C,A,20210101,2021,52,2021,276,,,X,,0,,,0,,,H5,HS,True,8471,,,,C00,,0,2200,,5,,219.0,False,5,,219.0,False,90.0,False,0,False,0.0,16744.442,16744.442,0,False,True
C,A,20210101,2021,52,2021,276,,,X,,0,,,0,,,H5,HS,True,8471,,,,C00,,0,3100,,5,,2746523.0,False,5,,2746523.0,False,7498312.579,True,0,False,0.0,1227155424.883,1227155424.883,4,False,True
C,A,20210101,2021,52,2021,276,,,X,,0,,,0,,,H5,HS,True,8471,,,,C04,,0,3200,,5,,4170.0,False,5,,4170.0,False,5748.984,True,0,False,0.0,1815413.159,1815413.159,4,False,True
C,A,20210101,2021,52,2021,276,,,X,,0,,,0,,,H5,HS,True,8471,,,,C04,,0,2100,,5,,607.0,False,5,,607.0,False,5029.0,False,0,False,0.0,1866265.075,1866265.075,0,False,True
C,A,20210101,2021,52,2021,276,,,X,,0,,,0,,,H5,HS,True,8471,,,,C07,,0,2100,,5,,10158.0,False,5,,10158.0,False,5661.0,False,0,False,0.0,2210642.9,2210642.9,0,False,True
C,A,20210101,2021,52,2021,276,,,X,,0,,,0,,,H5,HS,True,8471,,,,C06,,0,0,,5,,5159.0,False,5,,5159.0,False,30752.859,True,0,False,0.0,11011982.609,11011982.609,4,False,True
C,A,20210101,2021,52,2021,276,,,X,,0,,,0,,,H5,HS,True,8471,,,,C07,,0,0,,5,,13674.0,False,5,,13674.0,False,8191.12,True,0,False,0.0,3028934.231,3028934.231,4,False,True
C,A,20210101,2021,52,2021,276,,,X,,0,,,0,,,H5,HS,True,8471,,,,C07,,0,3200,,5,,1479.0,False,5,,1479.0,False,1450.0,False,0,False,0.0,382399.891,382399.891,0,False,True
C,A,20210101,2021,52,2021,276,,,X,,0,,,0,,,H5,HS,True,8471,,,,C07,,0,1000,,5,,2037.0,False,5,,2037.0,False,1080.12,True,0,False,0.0,435891.441,435891.441,4,False,True
C,A,20210101,2021,52,2021,276,,,X,,0,,,0,,,H5,HS,True,8471,,,,C06,,0,1000,,5,,5114.0,False,5,,5114.0,False,30579.859,True,0,False,0.0,10948338.62,10948338.62,4,False,True
C,A,20210101,2021,52,2021,276,,,X,,0,,,0,,,H5,HS,True,8471,,,,C06,,0,3200,,5,,32.0,False,5,,32.0,False,164.0,False,0,False,0.0,46871.215,46871.215,0,False,True
C,A,20210101,2021,52,2021,276,,,X,,0,,,0,,,H5,HS,True,8471,,,,C06,,0,2100,,5,,13.0,False,5,,13.0,False,9.0,False,0,False,0.0,16772.774,16772.774,0,False,True
C,A,20210101,2021,52,2021,276,,,X,,0,,,0,,,H5,HS,True,8471,,,,C03,,0,3100,,5,,2746523.0,False,5,,2746523.0,False,7498312.579,True,0,False,0.0,1227155424.883,1227155424.883,4,False,True
C,A,20210101,2021,52,2021,276,,,X,,0,,,0,,,H5,HS,True,8471,,,,C03,,0,2200,,5,,219.0,False,5,,219.0,False,90.0,False,0,False,0.0,16744.442,16744.442,0,False,True
C,A,20210101,2021,52,2021,276,,,X,,0,,,899,,,H5,HS,True,8471,,,,C00,,0,2200,,5,,219.0,False,5,,219.0,False,90.0,False,0,False,0.0,16744.442,16744.442,0,False,True
C,A,20210101,2021,52,2021,276,,,X,,0,,,899,,,H5,HS,True,8471,,,,C00,,0,3100,,5,,2746523.0,False,5,,2746523.0,False,7498312.579,True,0,False,0.0,1227155424.883,1227155424.883,4,False,True
C,A,20210101,2021,52,2021,276,,,X,,0,,,899,,,H5,HS,True,8471,,,,C04,,0,3200,,5,,4170.0,False,5,,4170.0,False,5748.984,True,0,False,0.0,1815413.159,1815413.159,4,False,True
C,A,20210101,2021,52,2021,276,,,X,,0,,,899,,,H5,HS,True,8471,,,,C04,,0,2100,,5,,607.0,False,5,,607.0,False,5029.0,False,0,False,0.0,1866265.075,1866265.075,0,False,True
C,A,20210101,2021,52,2021,276,,,X,,0,,,899,,,H5,HS,True,8471,,,,C07,,0,3200,,5,,1479.0,False,5,,1479.0,False,1450.0,False,0,False,0.0,382399.891,382399.891,0,False,True
C,A,20210101,2021,52,2021,276,,,X,,0,,,899,,,H5,HS,True,8471,,,,C07,,0,2100,,5,,10158.0,False,5,,10158.0,False,5661.0,False,0,False,0.0,2210642.9,2210642.9,0,False,True
C,A,20210101,2021,52,2021,276,,,X,,0,,,899,,,H5,HS,True,8471,,,,C07,,0,1000,,5,,2037.0,False,5,,2037.0,False,1080.12,True,0,False,0.0,435891.441,435891.441,4,False,True
C,A,20210101,2021,52,2021,276,,,X,,0,,,899,,,H5,HS,True,8471,,,,C06,,0,2100,,5,,13.0,False,5,,13.0,False,9.0,False,0,False,0.0,16772.774,16772.774,0,False,True
C,A,20210101,2021,52,2021,276,,,X,,0,,,899,,,H5,HS,True,8471,,,,C06,,0,1000,,5,,5114.0,False,5,,5114.0,False,30579.859,True,0,False,0.0,10948338.62,10948338.62,4,False,True
C,A,20210101,2021,52,2021,276,,,X,,0,,,899,,,H5,HS,True,8471,,,,C06,,0,0,,5,,5159.0,False,5,,5159.0,False,30752.859,True,0,False,0.0,11011982.609,11011982.609,4,False,True
C,A,20210101,2021,52,2021,276,,,X,,0,,,899,,,H5,HS,True,8471,,,,C06,,0,3200,,5,,32.0,False,5,,32.0,False,164.0,False,0,False,0.0,46871.215,46871.215,0,False,True
C,A,20210101,2021,52,2021,276,,,X,,0,,,899,,,H5,HS,True,8471,,,,C07,,0,0,,5,,13674.0,False,5,,13674.0,False,8191.12,True,0,False,0.0,3028934.231,3028934.231,4,False,True
C,A,20210101,2021,52,2021,276,,,X,,0,,,899,,,H5,HS,True,8471,,,,C03,,0,3100,,5,,2746523.0,False,5,,2746523.0,False,7498312.579,True,0,False,0.0,1227155424.883,1227155424.883,4,False,True
C,A,20210101,2021,52,2021,276,,,X,,0,,,899,,,H5,HS,True,8471,,,,C03,,0,2200,,5,,219.0,False,5,,219.0,False,90.0,False,0,False,0.0,16744.442,16744.442,0,False,True
C,A,20220101,2022,52,2022,276,,,X,,0,,,899,,,H6,HS,True,8471,,,,C03,,0,3200,,5,,46636636.0,False,5,,46636636.0,False,42142821.814,True,0,False,,8806818024.97,8806818024.97,4,False,True
C,A,20220101,2022,52,2022,276,,,X,,0,,,899,,,H6,HS,True,8471,,,,C03,,0,2200,,5,,158.0,False,5,,158.0,False,74.0,False,0,False,,15358.009,15358.009,0,False,True
C,A,20220101,2022,52,2022,276,,,X,,0,,,899,,,H6,HS,True,8471,,,,C07,,0,0,,5,,45270.0,False,5,,45270.0,False,21364.37,True,0,False,,9762073.374,9762073.374,4,False,True
C,A,20220101,2022,52,2022,276,,,X,,0,,,0,,,H6,HS,True,8471,,,,C07,,0,2100,,5,,35268.0,False,5,,35268.0,False,16001.0,False,0,False,,7560660.938,7560660.938,0,False,True
C,A,20220101,2022,52,2022,276,,,X,,0,,,0,,,H6,HS,True,8471,,,,C00,,0,2200,,5,,158.0,False,5,,158.0,False,74.0,False,0,False,,15358.009,15358.009,0,False,True
C,A,20220101,2022,52,2022,276,,,X,,0,,,899,,,H6,HS,True,8471,,,,C00,,0,2100,,5,,4217496.488,True,-1,,0.0,False,9546483.207,True,0,False,,1615613680.17,1615613680.17,6,False,True
C,A,20220101,2022,52,2022,276,,,X,,0,,,0,,,H6,HS,True,8471,,,,C04,,0,2100,,5,,553.0,False,5,,553.0,False,4057.0,False,0,False,,1165516.615,1165516.615,0,False,True
C,A,20220101,2022,52,2022,276,,,X,,0,,,0,,,H6,HS,True,8471,,,,C07,,0,0,,5,,45270.0,False,5,,45270.0,False,21364.37,True,0,False,,9762073.374,9762073.374,4,False,True
C,A,20220101,2022,52,2022,276,,,X,,0,,,899,,,H6,HS,True,8471,,,,C06,,0,0,,5,,2698.0,False,5,,2698.0,False,19578.29,True,0,False,,7581721.021,7581721.021,4,False,True
C,A,20220101,2022,52,2022,276,,,X,,0,,,899,,,H6,HS,True,8471,,,,C03,,0,9200,,5,,3196326.48,True,-1,,0.0,False,2904237.67,True,0,False,,454591314.932,454591314.932,6,False,True
C,A,20220101,2022,52,2022,276,,,X,,0,,,0,,,H6,HS,True,8471,,,,C03,,0,9200,,5,,3196326.48,True,-1,,0.0,False,2904237.67,True,0,False,,454591314.932,454591314.932,6,False,True
C,A,20220101,2022,52,2022,276,,,X,,0,,,0,,,H6,HS,True,8471,,,,C00,,0,2100,,5,,4217496.488,True,-1,,0.0,False,9546483.207,True,0,False,,1615613680.17,1615613680.17,6,False,True
C,A,20220101,2022,52,2022,276,,,X,,0,,,0,,,H6,HS,True,8471,,,,C07,,0,3200,,5,,1190.0,False,5,,1190.0,False,1117.37,True,0,False,,239368.51,239368.51,4,False,True
C,A,20220101,2022,52,2022,276,,,X,,0,,,0,,,H6,HS,True,8471,,,,C00,,0,3200,,5,,46643661.0,False,5,,46643661.0,False,42148953.184,True,0,False,,8807909720.641,8807909720.641,4,False,True
C,A,20220101,2022,52,2022,276,,,X,,0,,,0,,,H6,HS,True,8471,,,,C06,,0,3200,,5,,71.0,False,5,,71.0,False,555.0,False,0,False,,126555.333,126555.333,0,False,True
C,A,20220101,2022,52,2022,276,,,X,,0,,,0,,,H6,HS,True,8471,,,,C04,,0,0,,5,,7018.0,False,5,,7018.0,False,11746.204,True,0,False,,5669900.877,5669900.877,4,False,True
C,A,20220101,2022,52,2022,276,,,X,,0,,,0,,,H6,HS,True,8471,,,,C03,,0,3100,,5,,841365.929,True,-1,,0.0,False,2113674.064,True,0,False,,368520093.26,368520093.26,6,False,True
C,A,20220101,2022,52,2022,276,,,X,,0,,,0,,,H6,HS,True,8471,,,,C07,,0,1000,,5,,8803.0,False,5,,8803.0,False,4238.0,False,0,False,,1957556.389,1957556.389,0,False,True
C,A,20220101,2022,52,2022,276,,,X,,0,,,0,,,H6,HS,True,8471,,,,C03,,0,3200,,5,,46636636.0,False,5,,46636636.0,False,42142821.814,True,0,False,,8806818024.97,8806818024.97,4,False,True
C,A,20220101,2022,52,2022,276,,,X,,0,,,899,,,H6,HS,True,8471,,,,C00,,0,1000,,5,,14076967.798,True,-1,,0.0,False,15812725.348,True,0,False,,5324991833.959,5324991833.959,6,False,True
C,A,20220101,2022,52,2022,276,,,X,,0,,,899,,,H6,HS,True,8471,,,,C00,,0,9200,,5,,3196328.48,True,-1,,0.0,False,2904257.67,True,0,False,,454716209.94,454716209.94,6,False,True
C,A,20220101,2022,52,2022,276,,,X,,0,,,0,,,H6,HS,True,8471,,,,C00,,0,0,,5,,68975986.694,True,-1,,0.0,False,72526175.473,True,0,False,,16571771383.517,16571771383.517,6,False,True
C,A,20220101,2022,52,2022,276,,,X,,0,,,0,,,H6,HS,True,8471,,,,C06,,0,9200,,5,,2.0,False,5,,2.0,False,20.0,False,0,False,,124895.008,124895.008,0,False,True
C,A,20220101,2022,52,2022,276,,,X,,0,,,899,,,H6,HS,True,8471,,,,C07,,0,1000,,5,,8803.0,False,5,,8803.0,False,4238.0,False,0,False,,1957556.389,1957556.389,0,False,True
C,A,20220101,2022,52,2022,276,,,X,,0,,,899,,,H6,HS,True,8471,,,,C07,,0,2100,,5,,35268.0,False,5,,35268.0,False,16001.0,False,0,False,,7560660.938,7560660.938,0,False,True
C,A,20220101,2022,52,2022,276,,,X,,0,,,899,,,H6,HS,True,8471,,,,C03,,0,1000,,5,,14064999.798,True,-1,,0.0,False,15786375.854,True,0,False,,5311965879.71,5311965879.71,6,False,True
C,A,20220101,2022,52,2022,276,,,X,,0,,,899,,,H6,HS,True,8471,,,,C00,,0,3100,,5,,841374.929,True,-1,,0.0,False,2113682.064,True,0,False,,368524580.797,368524580.797,6,False,True
C,A,20220101,2022,52,2022,276,,,X,,0,,,899,,,H6,HS,True,8471,,,,C00,,0,0,,5,,68975986.694,True,-1,,0.0,False,72526175.473,True,0,False,,16571771383.517,16571771383.517,6,False,True
C,A,20220101,2022,52,2022,276,,,X,,0,,,899,,,H6,HS,True,8471,,,,C03,,0,3100,,5,,841365.929,True,-1,,0.0,False,2113674.064,True,0,False,,368520093.26,368520093.26,6,False,True
C,A,20220101,2022,52,2022,276,,,X,,0,,,0,,,H6,HS,True,8471,,,,C03,,0,0,,5,,68921000.694,True,-1,,0.0,False,72473486.61,True,0,False,,16548757688.245,16548757688.245,6,False,True
C,A,20220101,2022,52,2022,276,,,X,,0,,,0,,,H6,HS,True,8471,,,,C03,,0,1000,,5,,14064999.798,True,-1,,0.0,False,15786375.854,True,0,False,,5311965879.71,5311965879.71,6,False,True
C,A,20220101,2022,52,2022,276,,,X,,0,,,0,,,H6,HS,True,8471,,,,C00,,0,3100,,5,,841374.929,True,-1,,0.0,False,2113682.064,True,0,False,,368524580.797,368524580.797,6,False,True
C,A,20220101,2022,52,2022,276,,,X,,0,,,899,,,H6,HS,True,8471,,,,C00,,0,2200,,5,,158.0,False,5,,158.0,False,74.0,False,0,False,,15358.009,15358.009,0,False,True
C,A,20220101,2022,52,2022,276,,,X,,0,,,0,,,H6,HS,True,8471,,,,C06,,0,1000,,5,,2464.0,False,5,,2464.0,False,18881.29,True,0,False,,7289785.425,7289785.425,4,False,True
C,A,20220101,2022,52,2022,276,,,X,,0,,,899,,,H6,HS,True,8471,,,,C04,,0,3200,,5,,5764.0,False,5,,5764.0,False,4459.0,False,0,False,,725771.827,725771.827,0,False,True
C,A,20220101,2022,52,2022,276,,,X,,0,,,899,,,H6,HS,True,8471,,,,C06,,0,3200,,5,,71.0,False,5,,71.0,False,555.0,False,0,False,,126555.333,126555.333,0,False,True
C,A,20220101,2022,52,2022,276,,,X,,0,,,899,,,H6,HS,True,8471,,,,C07,,0,3100,,5,,9.0,False,5,,9.0,False,8.0,False,0,False,,4487.537,4487.537,0,False,True
C,A,20220101,2022,52,2022,276,,,X,,0,,,899,,,H6,HS,True,8471,,,,C03,,0,2100,,5,,4181514.488,True,-1,,0.0,False,9526303.207,True,0,False,,1606847017.363,1606847017.363,6,False,True
C,A,20220101,2022,52,2022,276,,,X,,0,,,0,,,H6,HS,True,8471,,,,C00,,0,1000,,5,,14076967.798,True,-1,,0.0,False,15812725.348,True,0,False,,5324991833.959,5324991833.959,6,False,True
C,A,20220101,2022,52,2022,276,,,X,,0,,,0,,,H6,HS,True,8471,,,,C06,,0,0,,5,,2698.0,False,5,,2698.0,False,19578.29,True,0,False,,7581721.021,7581721.021,4,False,True
C,A,20220101,2022,52,2022,276,,,X,,0,,,899,,,H6,HS,True,8471,,,,C00,,0,3200,,5,,46643661.0,False,5,,46643661.0,False,42148953.184,True,0,False,,8807909720.641,8807909720.641,4,False,True
C,A,20220101,2022,52,2022,276,,,X,,0,,,899,,,H6,HS,True,8471,,,,C04,,0,0,,5,,7018.0,False,5,,7018.0,False,11746.204,True,0,False,,5669900.877,5669900.877,4,False,True
C,A,20220101,2022,52,2022,276,,,X,,0,,,899,,,H6,HS,True,8471,,,,C06,,0,2100,,5,,161.0,False,5,,161.0,False,122.0,False,0,False,,40485.254,40485.254,0,False,True
C,A,20220101,2022,52,2022,276,,,X,,0,,,899,,,H6,HS,True,8471,,,,C04,,0,2100,,5,,553.0,False,5,,553.0,False,4057.0,False,0,False,,1165516.615,1165516.615,0,False,True
C,A,20220101,2022,52,2022,276,,,X,,0,,,0,,,H6,HS,True,8471,,,,C06,,0,2100,,5,,161.0,False,5,,161.0,False,122.0,False,0,False,,40485.254,40485.254,0,False,True
C,A,20220101,2022,52,2022,276,,,X,,0,,,899,,,H6,HS,True,8471,,,,C07,,0,3200,,5,,1190.0,False,5,,1190.0,False,1117.37,True,0,False,,239368.51,239368.51,4,False,True
C,A,20220101,2022,52,2022,276,,,X,,0,,,899,,,H6,HS,True,8471,,,,C06,,0,9200,,5,,2.0,False,5,,2.0,False,20.0,False,0,False,,124895.008,124895.008,0,False,True
C,A,20220101,2022,52,2022,276,,,X,,0,,,0,,,H6,HS,True,8471,,,,C03,,0,2100,,5,,4181514.488,True,-1,,0.0,False,9526303.207,True,0,False,,1606847017.363,1606847017.363,6,False,True
C,A,20220101,2022,52,2022,276,,,X,,0,,,899,,,H6,HS,True,8471,,,,C04,,0,1000,,5,,701.0,False,5,,701.0,False,3230.204,True,0,False,,3778612.435,3778612.435,4,False,True
C,A,20220101,2022,52,2022,276,,,X,,0,,,0,,,H6,HS,True,8471,,,,C04,,0,3200,,5,,5764.0,False,5,,5764.0,False,4459.0,False,0,False,,725771.827,725771.827,0,False,True
C,A,20220101,2022,52,2022,276,,,X,,0,,,0,,,H6,HS,True,8471,,,,C03,,0,2200,,5,,158.0,False,5,,158.0,False,74.0,False,0,False,,15358.009,15358.009,0,False,True
C,A,20220101,2022,52,2022,276,,,X,,0,,,899,,,H6,HS,True,8471,,,,C06,,0,1000,,5,,2464.0,False,5,,2464.0,False,18881.29,True,0,False,,7289785.425,7289785.425,4,False,True
C,A,20220101,2022,52,2022,276,,,X,,0,,,899,,,H6,HS,True,8471,,,,C03,,0,0,,5,,68921000.694,True,-1,,0.0,False,72473486.61,True,0,False,,16548757688.245,16548757688.245,6,False,True
C,A,20220101,2022,52,2022,276,,,X,,0,,,0,,,H6,HS,True,8471,,,,C00,,0,9200,,5,,3196328.48,True,-1,,0.0,False,2904257.67,True,0,False,,454716209.94,454716209.94,6,False,True
C,A,20220101,2022,52,2022,276,,,X,,0,,,0,,,H6,HS,True,8471,,,,C07,,0,3100,,5,,9.0,False,5,,9.0,False,8.0,False,0,False,,4487.537,4487.537,0,False,True
C,A,20220101,2022,52,2022,276,,,X,,0,,,0,,,H6,HS,True,8471,,,,C04,,0,1000,,5,,701.0,False,5,,701.0,False,3230.204,True,0,False,,3778612.435,3778612.435,4,False,True
C,A,20230101,2023,52,2023,276,,,X,,0,,,0,,,H6,HS,True,8471,,,,C03,,0,3200,,5,,40349502.212,True,-1,,0.0,False,36837965.365,True,0,False,,8093970686.903,8093970686.903,6,False,True
C,A,20230101,2023,52,2023,276,,,X,,0,,,899,,,H6,HS,True,8471,,,,C03,,0,9200,,5,,3494420.317,True,-1,,0.0,False,2877704.871,True,0,False,,486555986.979,486555986.979,6,False,True
C,A,20230101,2023,52,2023,276,,,X,,0,,,899,,,H6,HS,True,8471,,,,C00,,0,2200,,5,,114.0,False,5,,114.0,False,36.0,False,0,False,,9189.093,9189.093,0,False,True
C,A,20230101,2023,52,2023,276,,,X,,0,,,899,,,H6,HS,True,8471,,,,C04,,0,2100,,5,,468.0,False,5,,468.0,False,3705.0,False,0,False,,1100961.904,1100961.904,0,False,True
C,A,20230101,2023,52,2023,276,,,X,,0,,,899,,,H6,HS,True,8471,,,,C03,,0,2200,,5,,114.0,False,5,,114.0,False,36.0,False,0,False,,9189.093,9189.093,0,False,True
C,A,20230101,2023,52,2023,276,,,X,,0,,,0,,,H6,HS,True,8471,,,,C00,,0,9200,,5,,3494420.317,True,-1,,0.0,False,2877704.871,True,0,False,,486555986.979,486555986.979,6,False,True
C,A,20230101,2023,52,2023,276,,,X,,0,,,899,,,H6,HS,True,8471,,,,C04,,0,3200,,5,,4055.0,False,5,,4055.0,False,1943.0,False,0,False,,533074.228,533074.228,0,False,True
C,A,20230101,2023,52,2023,276,,,X,,0,,,0,,,H6,HS,True,8471,,,,C04,,0,1000,,5,,216.0,False,5,,216.0,False,1615.793,True,0,False,,4805017.803,4805017.803,4,False,True
C,A,20230101,2023,52,2023,276,,,X,,0,,,0,,,H6,HS,True,8471,,,,C03,,0,1000,,5,,13539965.116,True,-1,,0.0,False,15286805.833,True,0,False,,5227672195.571,5227672195.571,6,False,True
C,A,20230101,2023,52,2023,276,,,X,,0,,,0,,,H6,HS,True,8471,,,,C00,,0,1000,,5,,13540181.116,True,-1,,0.0,False,15288421.626,True,0,False,,5232477213.373,5232477213.373,6,False,True
C,A,20230101,2023,52,2023,276,,,X,,0,,,0,,,H6,HS,True,8471,,,,C04,,0,2100,,5,,468.0,False,5,,468.0,False,3705.0,False,0,False,,1100961.904,1100961.904,0,False,True
C,A,20230101,2023,52,2023,276,,,X,,0,,,899,,,H6,HS,True,8471,,,,C00,,0,2100,,5,,4344865.47,True,-1,,0.0,False,8728454.02,True,0,False,,1383599750.715,1383599750.715,6,False,True
C,A,20230101,2023,52,2023,276,,,X,,0,,,0,,,H6,HS,True,8471,,,,C00,,0,0,,5,,62551354.116,True,-1,,0.0,False,64357869.956,True,0,False,,15231157453.802,15231157453.802,6,False,True
C,A,20230101,2023,52,2023,276,,,X,,0,,,0,,,H6,HS,True,8471,,,,C00,,0,3100,,5,,818216.0,False,5,,818216.0,False,623345.074,True,0,False,,34011552.51,34011552.51,4,False,True
C,A,20230101,2023,52,2023,276,,,X,,0,,,0,,,H6,HS,True,8471,,,,C03,,0,2100,,5,,4344397.47,True,-1,,0.0,False,8724749.02,True,0,False,,1382498788.812,1382498788.812,6,False,True
C,A,20230101,2023,52,2023,276,,,X,,0,,,0,,,H6,HS,True,8471,,,,C00,,0,2100,,5,,4344865.47,True,-1,,0.0,False,8728454.02,True,0,False,,1383599750.715,1383599750.715,6,False,True
C,A,20230101,2023,52,2023,276,,,X,,0,,,0,,,H6,HS,True,8471,,,,C03,,0,0,,5,,62546615.116,True,-1,,0.0,False,64350606.163,True,0,False,,15224718399.867,15224718399.867,6,False,True
C,A,20230101,2023,52,2023,276,,,X,,0,,,899,,,H6,HS,True,8471,,,,C00,,0,9200,,5,,3494420.317,True,-1,,0.0,False,2877704.871,True,0,False,,486555986.979,486555986.979,6,False,True
C,A,20230101,2023,52,2023,276,,,X,,0,,,0,,,H6,HS,True,8471,,,,C03,,0,2200,,5,,114.0,False,5,,114.0,False,36.0,False,0,False,,9189.093,9189.093,0,False,True
C,A,20230101,2023,52,2023,276,,,X,,0,,,0,,,H6,HS,True,8471,,,,C03,,0,9200,,5,,3494420.317,True,-1,,0.0,False,2877704.871,True,0,False,,486555986.979,486555986.979,6,False,True
C,A,20230101,2023,52,2023,276,,,X,,0,,,899,,,H6,HS,True,8471,,,,C00,,0,3200,,5,,40353557.212,True,-1,,0.0,False,36839908.365,True,0,False,,8094503761.131,8094503761.131,6,False,True
C,A,20230101,2023,52,2023,276,,,X,,0,,,0,,,H6,HS,True,8471,,,,C04,,0,0,,5,,4739.0,False,5,,4739.0,False,7263.793,True,0,False,,6439053.935,6439053.935,4,False,True
C,A,20230101,2023,52,2023,276,,,X,,0,,,0,,,H6,HS,True,8471,,,,C04,,0,3200,,5,,4055.0,False,5,,4055.0,False,1943.0,False,0,False,,533074.228,533074.228,0,False,True
C,A,20230101,2023,52,2023,276,,,X,,0,,,899,,,H6,HS,True,8471,,,,C00,,0,1000,,5,,13540181.116,True,-1,,0.0,False,15288421.626,True,0,False,,5232477213.373,5232477213.373,6,False,True
C,A,20230101,2023,52,2023,276,,,X,,0,,,899,,,H6,HS,True,8471,,,,C00,,0,3100,,5,,818216.0,False,5,,818216.0,False,623345.074,True,0,False,,34011552.51,34011552.51,4,False,True
C,A,20230101,2023,52,2023,276,,,X,,0,,,899,,,H6,HS,True,8471,,,,C03,,0,3200,,5,,40349502.212,True,-1,,0.0,False,36837965.365,True,0,False,,8093970686.903,8093970686.903,6,False,True
C,A,20230101,2023,52,2023,276,,,X,,0,,,0,,,H6,HS,True,8471,,,,C03,,0,3100,,5,,818216.0,False,5,,818216.0,False,623345.074,True,0,False,,34011552.51,34011552.51,4,False,True
C,A,20230101,2023,52,2023,276,,,X,,0,,,899,,,H6,HS,True,8471,,,,C03,,0,3100,,5,,818216.0,False,5,,818216.0,False,623345.074,True,0,False,,34011552.51,34011552.51,4,False,True
C,A,20230101,2023,52,2023,276,,,X,,0,,,899,,,H6,HS,True,8471,,,,C04,,0,1000,,5,,216.0,False,5,,216.0,False,1615.793,True,0,False,,4805017.803,4805017.803,4,False,True
C,A,20230101,2023,52,2023,276,,,X,,0,,,899,,,H6,HS,True,8471,,,,C03,,0,2100,,5,,4344397.47,True,-1,,0.0,False,8724749.02,True,0,False,,1382498788.812,1382498788.812,6,False,True
C,A,20230101,2023,52,2023,276,,,X,,0,,,899,,,H6,HS,True,8471,,,,C03,,0,0,,5,,62546615.116,True,-1,,0.0,False,64350606.163,True,0,False,,15224718399.867,15224718399.867,6,False,True
C,A,20230101,2023,52,2023,276,,,X,,0,,,0,,,H6,HS,True,8471,,,,C00,,0,2200,,5,,114.0,False,5,,114.0,False,36.0,False,0,False,,9189.093,9189.093,0,False,True
C,A,20230101,2023,52,2023,276,,,X,,0,,,0,,,H6,HS,True,8471,,,,C00,,0,3200,,5,,40353557.212,True,-1,,0.0,False,36839908.365,True,0,False,,8094503761.131,8094503761.131,6,False,True
C,A,20230101,2023,52,2023,276,,,X,,0,,,899,,,H6,HS,True,8471,,,,C00,,0,0,,5,,62551354.116,True,-1,,0.0,False,64357869.956,True,0,False,,15231157453.802,15231157453.802,6,False,True
C,A,20230101,2023,52,2023,276,,,X,,0,,,899,,,H6,HS,True,8471,,,,C03,,0,1000,,5,,13539965.116,True,-1,,0.0,False,15286805.833,True,0,False,,5227672195.571,5227672195.571,6,False,True
C,A,20230101,2023,52,2023,276,,,X,,0,,,899,,,H6,HS,True,8471,,,,C04,,0,0,,5,,4739.0,False,5,,4739.0,False,7263.793,True,0,False,,6439053.935,6439053.935,4,False,True
C,A,20210101,2021,52,2021,276,,,X,,0,,,899,,,H5,HS,True,3004,,,,C04,,0,3200,,8,,368204.767,True,-1,,0.0,False,368204.767,True,0,False,0.0,50072796.388,50072796.388,6,False,True
C,A,20210101,2021,52,2021,276,,,X,,0,,,899,,,H5,HS,True,3004,,,,C03,,0,9200,,8,,942050.967,True,-1,,0.0,False,942050.967,True,0,False,0.0,282770636.722,282770636.722,6,False,True
C,A,20210101,2021,52,2021,276,,,X,,0,,,899,,,H5,HS,True,3004,,,,C03,,0,2100,,8,,174959085.712,True,-1,,0.0,False,174959085.712,True,0,False,0.0,12536399189.751,12536399189.751,6,False,True
C,A,20210101,2021,52,2021,276,,,X,,0,,,899,,,H5,HS,True,3004,,,,C03,,0,3200,,8,,491005294.428,True,-1,,0.0,False,491005294.428,True,0,False,0.0,37031955447.762,37031955447.762,6,False,True
C,A,20210101,2021,52,2021,276,,,X,,0,,,899,,,H5,HS,True,3004,,,,C03,,0,3100,,8,,230271.541,True,-1,,0.0,False,230271.541,True,0,False,0.0,31600268.954,31600268.954,6,False,True
C,A,20210101,2021,52,2021,276,,,X,,0,,,899,,,H5,HS,True,3004,,,,C03,,0,1000,,8,,22179768.26,True,-1,,0.0,False,22179768.26,True,0,False,0.0,14225682831.869,14225682831.869,6,False,True
C,A,20210101,2021,52,2021,276,,,X,,0,,,899,,,H5,HS,True,3004,,,,C03,,0,0,,8,,689316470.907,True,-1,,0.0,False,689316470.907,True,0,False,0.0,64108408375.057,64108408375.057,6,False,True
C,A,20210101,2021,52,2021,276,,,X,,0,,,899,,,H5,HS,True,3004,,,,C00,,0,3100,,8,,230271.541,True,-1,,0.0,False,230271.541,True,0,False,0.0,31600268.954,31600268.954,6,False,True
C,A,20210101,2021,52,2021,276,,,X,,0,,,899,,,H5,HS,True,3004,,,,C00,,0,9200,,8,,942050.967,True,-1,,0.0,False,942050.967,True,0,False,0.0,282770636.722,282770636.722,6,False,True
C,A,20210101,2021,52,2021,276,,,X,,0,,,899,,,H5,HS,True,3004,,,,C00,,0,2100,,8,,175862474.712,True,-1,,0.0,False,175862474.712,True,0,False,0.0,12699106451.04,12699106451.04,6,False,True
C,A,20210101,2021,52,2021,276,,,X,,0,,,899,,,H5,HS,True,3004,,,,C00,,0,3200,,8,,491399931.195,True,-1,,0.0,False,491399931.195,True,0,False,0.0,37083083906.596,37083083906.596,6,False,True
C,A,20210101,2021,52,2021,276,,,X,,0,,,0,,,H5,HS,True,3004,,,,C04,,0,3200,,8,,368204.767,True,-1,,0.0,False,368204.767,True,0,False,0.0,50072796.388,50072796.388,6,False,True
C,A,20210101,2021,52,2021,276,,,X,,0,,,0,,,H5,HS,True,3004,,,,C03,,0,3100,,8,,230271.541,True,-1,,0.0,False,230271.541,True,0,False,0.0,31600268.954,31600268.954,6,False,True
C,A,20210101,2021,52,2021,276,,,X,,0,,,0,,,H5,HS,True,3004,,,,C03,,0,2100,,8,,174959085.712,True,-1,,0.0,False,174959085.712,True,0,False,0.0,12536399189.751,12536399189.751,6,False,True
C,A,20210101,2021,52,2021,276,,,X,,0,,,0,,,H5,HS,True,3004,,,,C03,,0,3200,,8,,491005294.428,True,-1,,0.0,False,491005294.428,True,0,False,0.0,37031955447.762,37031955447.762,6,False,True
C,A,20210101,2021,52,2021,276,,,X,,0,,,0,,,H5,HS,True,3004,,,,C03,,0,9200,,8,,942050.967,True,-1,,0.0,False,942050.967,True,0,False,0.0,282770636.722,282770636.722,6,False,True
C,A,20210101,2021,52,2021,276,,,X,,0,,,0,,,H5,HS,True,3004,,,,C03,,0,1000,,8,,22179768.26,True,-1,,0.0,False,22179768.26,True,0,False,0.0,14225682831.869,14225682831.869,6,False,True
C,A,20210101,2021,52,2021,276,,,X,,0,,,0,,,H5,HS,True,3004,,,,C03,,0,0,,8,,689316470.907,True,-1,,0.0,False,689316470.907,True,0,False,0.0,64108408375.057,64108408375.057,6,False,True
C,A,20210101,2021,52,2021,276,,,X,,0,,,0,,,H5,HS,True,3004,,,,C00,,0,2100,,8,,175862474.712,True,-1,,0.0,False,175862474.712,True,0,False,0.0,12699106451.04,12699106451.04,6,False,True
C,A,20210101,2021,52,2021,276,,,X,,0,,,0,,,H5,HS,True,3004,,,,C00,,0,9200,,8,,942050.967,True,-1,,0.0,False,942050.967,True,0,False,0.0,282770636.722,282770636.722,6,False,True
C,A,20210101,2021,52,2021,276,,,X,,0,,,0,,,H5,HS,True,3004,,,,C00,,0,3100,,8,,230271.541,True,-1,,0.0,False,230271.541,True,0,False,0.0,31600268.954,31600268.954,6,False,True
C,A,20210101,2021,52,2021,276,,,X,,0,,,0,,,H5,HS,True,3004,,,,C00,,0,3200,,8,,491399931.195,True,-1,,0.0,False,491399931.195,True,0,False,0.0,37083083906.596,37083083906.596,6,False,True
C,A,20210101,2021,52,2021,276,,,X,,0,,,899,,,H5,HS,True,3004,,,,C07,,0,3200,,8,,394.0,False,8,,394.0,False,394.0,False,0,False,0.0,40963.912,40963.912,0,False,True
C,A,20210101,2021,52,2021,276,,,X,,0,,,899,,,H5,HS,True,3004,,,,C07,,0,0,,8,,394.0,False,8,,394.0,False,394.0,False,0,False,0.0,40963.912,40963.912,0,False,True
C,A,20210101,2021,52,2021,276,,,X,,0,,,899,,,H5,HS,True,3004,,,,C06,,0,2100,,8,,1426.0,False,8,,1426.0,False,1426.0,False,0,False,0.0,4413953.613,4413953.613,0,False,True
C,A,20210101,2021,52,2021,276,,,X,,0,,,899,,,H5,HS,True,3004,,,,C06,,0,3200,,8,,26038.0,False,8,,26038.0,False,26038.0,False,0,False,0.0,1014698.534,1014698.534,0,False,True
C,A,20210101,2021,52,2021,276,,,X,,0,,,899,,,H5,HS,True,3004,,,,C06,,0,1000,,8,,8258.0,False,8,,8258.0,False,8258.0,False,0,False,0.0,76871575.413,76871575.413,0,False,True
C,A,20210101,2021,52,2021,276,,,X,,0,,,899,,,H5,HS,True,3004,,,,C06,,0,0,,8,,35722.0,False,8,,35722.0,False,35722.0,False,0,False,0.0,82300227.559,82300227.559,0,False,True
C,A,20210101,2021,52,2021,276,,,X,,0,,,899,,,H5,HS,True,3004,,,,C04,,0,2100,,8,,901963.0,False,8,,901963.0,False,901963.0,False,0,False,0.0,158293307.676,158293307.676,0,False,True
C,A,20210101,2021,52,2021,276,,,X,,0,,,0,,,H5,HS,True,3004,,,,C07,,0,0,,8,,394.0,False,8,,394.0,False,394.0,False,0,False,0.0,40963.912,40963.912,0,False,True
C,A,20220101,2022,52,2022,276,,,X,,0,,,899,,,H6,HS,True,3004,,,,C06,,0,1000,,8,,639502.745,True,-1,,0.0,False,639502.745,True,0,False,,6532146276.006,6532146276.006,6,False,True
C,A,20220101,2022,52,2022,276,,,X,,0,,,0,,,H6,HS,True,3004,,,,C03,,0,3100,,8,,430024.395,True,-1,,0.0,False,430024.395,True,0,False,,41421433.127,41421433.127,6,False,True
C,A,20220101,2022,52,2022,276,,,X,,0,,,0,,,H6,HS,True,3004,,,,C04,,0,3200,,8,,577889.457,True,-1,,0.0,False,577889.457,True,0,False,,67087143.388,67087143.388,6,False,True
C,A,20220101,2022,52,2022,276,,,X,,0,,,0,,,H6,HS,True,3004,,,,C03,,0,3200,,8,,510553833.012,True,-1,,0.0,False,510553833.012,True,0,False,,42499072749.933,42499072749.933,6,False,True
C,A,20220101,2022,52,2022,276,,,X,,0,,,0,,,H6,HS,True,3004,,,,C00,,0,3200,,8,,511139619.469,True,-1,,0.0,False,511139619.469,True,0,False,,42624635365.482,42624635365.482,6,False,True
C,A,20220101,2022,52,2022,276,,,X,,0,,,899,,,H6,HS,True,3004,,,,C07,,0,1000,,8,,354.0,False,8,,354.0,False,354.0,False,0,False,,1629.618,1629.618,0,False,True
C,A,20220101,2022,52,2022,276,,,X,,0,,,0,,,H6,HS,True,3004,,,,C07,,0,0,,8,,354.0,False,8,,354.0,False,354.0,False,0,False,,1629.618,1629.618,0,False,True
C,A,20220101,2022,52,2022,276,,,X,,0,,,0,,,H6,HS,True,3004,,,,C07,,0,1000,,8,,354.0,False,8,,354.0,False,354.0,False,0,False,,1629.618,1629.618,0,False,True
C,A,20220101,2022,52,2022,276,,,X,,0,,,0,,,H6,HS,True,3004,,,,C06,,0,3200,,8,,7897.0,False,8,,7897.0,False,7897.0,False,0,False,,58475472.162,58475472.162,0,False,True
C,A,20220101,2022,52,2022,276,,,X,,0,,,899,,,H6,HS,True,3004,,,,C03,,0,3200,,8,,510553833.012,True,-1,,0.0,False,510553833.012,True,0,False,,42499072749.933,42499072749.933,6,False,True
C,A,20220101,2022,52,2022,276,,,X,,0,,,0,,,H6,HS,True,3004,,,,C06,,0,0,,8,,647399.745,True,-1,,0.0,False,647399.745,True,0,False,,6590621748.168,6590621748.168,6,False,True
C,A,20220101,2022,52,2022,276,,,X,,0,,,0,,,H6,HS,True,3004,,,,C00,,0,3100,,8,,430024.395,True,-1,,0.0,False,430024.395,True,0,False,,41421433.127,41421433.127,6,False,True
C,A,20220101,2022,52,2022,276,,,X,,0,,,899,,,H6,HS,True,3004,,,,C04,,0,3200,,8,,577889.457,True,-1,,0.0,False,577889.457,True,0,False,,67087143.388,67087143.388,6,False,True
C,A,20220101,2022,52,2022,276,,,X,,0,,,899,,,H6,HS,True,3004,,,,C00,,0,3100,,8,,430024.395,True,-1,,0.0,False,430024.395,True,0,False,,41421433.127,41421433.127,6,False,True
C,A,20220101,2022,52,2022,276,,,X,,0,,,899,,,H6,HS,True,3004,,,,C04,,0,1000,,8,,266432.144,True,-1,,0.0,False,266432.144,True,0,False,,200576115.0,200576115.0,6,False,True
C,A,20220101,2022,52,2022,276,,,X,,0,,,0,,,H6,HS,True,3004,,,,C03,,0,9200,,8,,696969.49,True,-1,,0.0,False,696969.49,True,0,False,,244801308.168,244801308.168,6,False,True
C,A,20220101,2022,52,2022,276,,,X,,0,,,0,,,H6,HS,True,3004,,,,C03,,0,2100,,8,,162493914.533,True,-1,,0.0,False,162493914.533,True,0,False,,10759458351.527,10759458351.527,6,False,True
C,A,20220101,2022,52,2022,276,,,X,,0,,,899,,,H6,HS,True,3004,,,,C00,,0,3200,,8,,511139619.469,True,-1,,0.0,False,511139619.469,True,0,False,,42624635365.482,42624635365.482,6,False,True
C,A,20230101,2023,52,2023,276,,,X,,0,,,0,,,H6,HS,True,3004,,,,C04,,0,1000,,8,,340779.578,True,-1,,0.0,False,340779.578,True,0,False,,168436510.248,168436510.248,6,False,True
C,A,20230101,2023,52,2023,276,,,X,,0,,,0,,,H6,HS,True,3004,,,,C04,,0,3200,,8,,728496.501,True,-1,,0.0,False,728496.501,True,0,False,,93689094.728,93689094.728,6,False,True
C,A,20230101,2023,52,2023,276,,,X,,0,,,899,,,H6,HS,True,3004,,,,C03,,0,3200,,8,,537347031.128,True,-1,,0.0,False,537347031.128,True,0,False,,40634735082.964,40634735082.964,6,False,True
C,A,20230101,2023,52,2023,276,,,X,,0,,,899,,,H6,HS,True,3004,,,,C00,,0,0,,8,,705037652.605,True,-1,,0.0,False,705037652.605,True,0,False,,68308281492.622,68308281492.622,6,False,True
C,A,20230101,2023,52,2023,276,,,X,,0,,,0,,,H6,HS,True,3004,,,,C00,,0,1000,,8,,19696889.719,True,-1,,0.0,False,19696889.719,True,0,False,,14579976672.486,14579976672.486,6,False,True
C,A,20230101,2023,52,2023,276,,,X,,0,,,0,,,H6,HS,True,3004,,,,C03,,0,1000,,8,,19356110.141,True,-1,,0.0,False,19356110.141,True,0,False,,14411540162.239,14411540162.239,6,False,True
C,A,20230101,2023,52,2023,276,,,X,,0,,,899,,,H6,HS,True,3004,,,,C00,,0,2100,,8,,146031026.393,True,-1,,0.0,False,146031026.393,True,0,False,,12733752723.114,12733752723.114,6,False,True
C,A,20230101,2023,52,2023,276,,,X,,0,,,899,,,H6,HS,True,3004,,,,C03,,0,3100,,8,,780246.113,True,-1,,0.0,False,780246.113,True,0,False,,56695916.042,56695916.042,6,False,True
C,A,20230101,2023,52,2023,276,,,X,,0,,,0,,,H6,HS,True,3004,,,,C00,,0,3100,,8,,780246.113,True,-1,,0.0,False,780246.113,True,0,False,,56695916.042,56695916.042,6,False,True
C,A,20230101,2023,52,2023,276,,,X,,0,,,0,,,H6,HS,True,3004,,,,C04,,0,0,,8,,1916874.18,True,-1,,0.0,False,1916874.18,True,0,False,,455977464.467,455977464.467,6,False,True
C,A,20230101,2023,52,2023,276,,,X,,0,,,899,,,H6,HS,True,3004,,,,C00,,0,3100,,8,,780246.113,True,-1,,0.0,False,780246.113,True,0,False,,56695916.042,56695916.042,6,False,True
C,A,20230101,2023,52,2023,276,,,X,,0,,,0,,,H6,HS,True,3004,,,,C00,,0,0,,8,,705037652.605,True,-1,,0.0,False,705037652.605,True,0,False,,68308281492.622,68308281492.622,6,False,True
C,A,20230101,2023,52,2023,276,,,X,,0,,,0,,,H6,HS,True,3004,,,,C00,,0,2200,,8,,4282.0,False,8,,4282.0,False,4282.0,False,0,False,,790480.036,790480.036,0,False,True
C,A,20230101,2023,52,2023,276,,,X,,0,,,899,,,H6,HS,True,3004,,,,C03,,0,2200,,8,,4282.0,False,8,,4282.0,False,4282.0,False,0,False,,790480.036,790480.036,0,False,True
C,A,20230101,2023,52,2023,276,,,X,,0,,,899,,,H6,HS,True,3004,,,,C00,,0,9200,,8,,449680.751,True,-1,,0.0,False,449680.751,True,0,False,,208641523.252,208641523.252,6,False,True
C,A,20230101,2023,52,2023,276,,,X,,0,,,899,,,H6,HS,True,3004,,,,C00,,0,1000,,8,,19696889.719,True,-1,,0.0,False,19696889.719,True,0,False,,14579976672.486,14579976672.486,6,False,True
C,A,20230101,2023,52,2023,276,,,X,,0,,,899,,,H6,HS,True,3004,,,,C04,,0,0,,8,,1916874.18,True,-1,,0.0,False,1916874.18,True,0,False,,455977464.467,455977464.467,6,False,True
C,A,20230101,2023,52,2023,276,,,X,,0,,,0,,,H6,HS,True,3004,,,,C00,,0,3200,,8,,538075527.629,True,-1,,0.0,False,538075527.629,True,0,False,,40728424177.692,40728424177.692,6,False,True
C,A,20230101,2023,52,2023,276,,,X,,0,,,0,,,H6,HS,True,3004,,,,C00,,0,2100,,8,,146031026.393,True,-1,,0.0,False,146031026.393,True,0,False,,12733752723.114,12733752723.114,6,False,True
C,A,20230101,2023,52,2023,276,,,X,,0,,,899,,,H6,HS,True,3004,,,,C03,,0,2100,,8,,145183428.292,True,-1,,0.0,False,145183428.292,True,0,False,,12539900863.622,12539900863.622,6,False,True
C,A,20230101,2023,52,2023,276,,,X,,0,,,899,,,H6,HS,True,3004,,,,C00,,0,3200,,8,,538075527.629,True,-1,,0.0,False,538075527.629,True,0,False,,40728424177.692,40728424177.692,6,False,True
C,A,20230101,2023,52,2023,276,,,X,,0,,,0,,,H6,HS,True,3004,,,,C03,,0,9200,,8,,449680.751,True,-1,,0.0,False,449680.751,True,0,False,,208641523.252,208641523.252,6,False,True
C,A,20230101,2023,52,2023,276,,,X,,0,,,0,,,H6,HS,True,3004,,,,C03,,0,0,,8,,703120778.425,True,-1,,0.0,False,703120778.425,True,0,False,,67852304028.155,67852304028.155,6,False,True
C,A,20230101,2023,52,2023,276,,,X,,0,,,0,,,H6,HS,True,3004,,,,C03,,0,2100,,8,,145183428.292,True,-1,,0.0,False,145183428.292,True,0,False,,12539900863.622,12539900863.622,6,False,True
C,A,20230101,2023,52,2023,276,,,X,,0,,,0,,,H6,HS,True,3004,,,,C03,,0,3200,,8,,537347031.128,True,-1,,0.0,False,537347031.128,True,0,False,,40634735082.964,40634735082.964,6,False,True
C,A,20230101,2023,52,2023,276,,,X,,0,,,899,,,H6,HS,True,3004,,,,C00,,0,2200,,8,,4282.0,False,8,,4282.0,False,4282.0,False,0,False,,790480.036,790480.036,0,False,True
C,A,20230101,2023,52,2023,276,,,X,,0,,,0,,,H6,HS,True,3004,,,,C04,,0,2100,,8,,847598.1,True,-1,,0.0,False,847598.1,True,0,False,,193851859.492,193851859.492,6,False,True
C,A,20230101,2023,52,2023,276,,,X,,0,,,899,,,H6,HS,True,3004,,,,C04,,0,2100,,8,,847598.1,True,-1,,0.0,False,847598.1,True,0,False,,193851859.492,193851859.492,6,False,True
C,A,20210101,2021,52,2021,276,,,X,,0,,,0,,,H5,HS,True,3004,,,,C07,,0,3200,,8,,394.0,False,8,,394.0,False,394.0,False,0,False,0.0,40963.912,40963.912,0,False,True
C,A,20210101,2021,52,2021,276,,,X,,0,,,0,,,H5,HS,True,3004,,,,C06,,0,1000,,8,,8258.0,False,8,,8258.0,False,8258.0,False,0,False,0.0,76871575.413,76871575.413,0,False,True
C,A,20210101,2021,52,2021,276,,,X,,0,,,0,,,H5,HS,True,3004,,,,C06,,0,3200,,8,,26038.0,False,8,,26038.0,False,26038.0,False,0,False,0.0,1014698.534,1014698.534,0,False,True
C,A,20210101,2021,52,2021,276,,,X,,0,,,0,,,H5,HS,True,3004,,,,C06,,0,2100,,8,,1426.0,False,8,,1426.0,False,1426.0,False,0,False,0.0,4413953.613,4413953.613,0,False,True
C,A,20210101,2021,52,2021,276,,,X,,0,,,0,,,H5,HS,True,3004,,,,C06,,0,0,,8,,35722.0,False,8,,35722.0,False,35722.0,False,0,False,0.0,82300227.559,82300227.559,0,False,True
C,A,20210101,2021,52,2021,276,,,X,,0,,,0,,,H5,HS,True,3004,,,,C04,,0,2100,,8,,901963.0,False,8,,901963.0,False,901963.0,False,0,False,0.0,158293307.676,158293307.676,0,False,True
C,A,20220101,2022,52,2022,276,,,X,,0,,,0,,,H6,HS,True,3004,,,,C00,,0,9200,,8,,696969.49,True,-1,,0.0,False,696969.49,True,0,False,,244801308.168,244801308.168,6,False,True
C,A,20220101,2022,52,2022,276,,,X,,0,,,0,,,H6,HS,True,3004,,,,C03,,0,1000,,8,,21827176.806,True,-1,,0.0,False,21827176.806,True,0,False,,14699854548.638,14699854548.638,6,False,True
C,A,20220101,2022,52,2022,276,,,X,,0,,,899,,,H6,HS,True,3004,,,,C04,,0,0,,8,,1875565.044,True,-1,,0.0,False,1875565.044,True,0,False,,462603295.285,462603295.285,6,False,True
C,A,20220101,2022,52,2022,276,,,X,,0,,,899,,,H6,HS,True,3004,,,,C04,,0,2100,,8,,1031243.443,True,-1,,0.0,False,1031243.443,True,0,False,,194940036.898,194940036.898,6,False,True
C,A,20220101,2022,52,2022,276,,,X,,0,,,899,,,H6,HS,True,3004,,,,C03,,0,0,,8,,696001918.236,True,-1,,0.0,False,696001918.236,True,0,False,,68244608391.392,68244608391.392,6,False,True
C,A,20230101,2023,52,2023,276,,,X,,0,,,0,,,H6,HS,True,3004,,,,C03,,0,3100,,8,,780246.113,True,-1,,0.0,False,780246.113,True,0,False,,56695916.042,56695916.042,6,False,True
C,A,20230101,2023,52,2023,276,,,X,,0,,,0,,,H6,HS,True,3004,,,,C00,,0,9200,,8,,449680.751,True,-1,,0.0,False,449680.751,True,0,False,,208641523.252,208641523.252,6,False,True
C,A,20230101,2023,52,2023,276,,,X,,0,,,899,,,H6,HS,True,3004,,,,C04,,0,1000,,8,,340779.578,True,-1,,0.0,False,340779.578,True,0,False,,168436510.248,168436510.248,6,False,True
C,A,20230101,2023,52,2023,276,,,X,,0,,,899,,,H6,HS,True,3004,,,,C03,,0,1000,,8,,19356110.141,True,-1,,0.0,False,19356110.141,True,0,False,,14411540162.239,14411540162.239,6,False,True
C,A,20230101,2023,52,2023,276,,,X,,0,,,899,,,H6,HS,True,3004,,,,C04,,0,3200,,8,,728496.501,True,-1,,0.0,False,728496.501,True,0,False,,93689094.728,93689094.728,6,False,True
C,A,20230101,2023,52,2023,276,,,X,,0,,,0,,,H6,HS,True,3004,,,,C03,,0,2200,,8,,4282.0,False,8,,4282.0,False,4282.0,False,0,False,,790480.036,790480.036,0,False,True
C,A,20230101,2023,52,2023,276,,,X,,0,,,899,,,H6,HS,True,3004,,,,C03,,0,9200,,8,,449680.751,True,-1,,0.0,False,449680.751,True,0,False,,208641523.252,208641523.252,6,False,True
C,A,20230101,2023,52,2023,276,,,X,,0,,,899,,,H6,HS,True,3004,,,,C03,,0,0,,8,,703120778.425,True,-1,,0.0,False,703120778.425,True,0,False,,67852304028.155,67852304028.155,6,False,True
C,A,20220101,2022,52,2022,276,,,X,,0,,,899,,,H6,HS,True,3004,,,,C00,,0,1000,,8,,22733465.695,True,-1,,0.0,False,22733465.695,True,0,False,,21432578569.261,21432578569.261,6,False,True
C,A,20220101,2022,52,2022,276,,,X,,0,,,0,,,H6,HS,True,3004,,,,C00,,0,0,,8,,698525237.026,True,-1,,0.0,False,698525237.026,True,0,False,,75297835064.463,75297835064.463,6,False,True
C,A,20220101,2022,52,2022,276,,,X,,0,,,0,,,H6,HS,True,3004,,,,C03,,0,0,,8,,696001918.236,True,-1,,0.0,False,696001918.236,True,0,False,,68244608391.392,68244608391.392,6,False,True
C,A,20220101,2022,52,2022,276,,,X,,0,,,899,,,H6,HS,True,3004,,,,C00,,0,9200,,8,,696969.49,True,-1,,0.0,False,696969.49,True,0,False,,244801308.168,244801308.168,6,False,True
C,A,20220101,2022,52,2022,276,,,X,,0,,,899,,,H6,HS,True,3004,,,,C03,,0,1000,,8,,21827176.806,True,-1,,0.0,False,21827176.806,True,0,False,,14699854548.638,14699854548.638,6,False,True
C,A,20220101,2022,52,2022,276,,,X,,0,,,899,,,H6,HS,True,3004,,,,C00,,0,0,,8,,698525237.026,True,-1,,0.0,False,698525237.026,True,0,False,,75297835064.463,75297835064.463,6,False,True
C,A,20220101,2022,52,2022,276,,,X,,0,,,0,,,H6,HS,True,3004,,,,C00,,0,2100,,8,,163525157.976,True,-1,,0.0,False,163525157.976,True,0,False,,10954398388.425,10954398388.425,6,False,True
C,A,20220101,2022,52,2022,276,,,X,,0,,,0,,,H6,HS,True,3004,,,,C06,,0,1000,,8,,639502.745,True,-1,,0.0,False,639502.745,True,0,False,,6532146276.006,6532146276.006,6,False,True
C,A,20220101,2022,52,2022,276,,,X,,0,,,0,,,H6,HS,True,3004,,,,C00,,0,1000,,8,,22733465.695,True,-1,,0.0,False,22733465.695,True,0,False,,21432578569.261,21432578569.261,6,False,True
C,A,20220101,2022,52,2022,276,,,X,,0,,,899,,,H6,HS,True,3004,,,,C03,,0,2100,,8,,162493914.533,True,-1,,0.0,False,162493914.533,True,0,False,,10759458351.527,10759458351.527,6,False,True
C,A,20220101,2022,52,2022,276,,,X,,0,,,899,,,H6,HS,True,3004,,,,C06,,0,0,,8,,647399.745,True,-1,,0.0,False,647399.745,True,0,False,,6590621748.168,6590621748.168,6,False,True
C,A,20220101,2022,52,2022,276,,,X,,0,,,0,,,H6,HS,True,3004,,,,C04,,0,0,,8,,1875565.044,True,-1,,0.0,False,1875565.044,True,0,False,,462603295.285,462603295.285,6,False,True
C,A,20220101,2022,52,2022,276,,,X,,0,,,0,,,H6,HS,True,3004,,,,C04,,0,1000,,8,,266432.144,True,-1,,0.0,False,266432.144,True,0,False,,200576115.0,200576115.0,6,False,True
C,A,20220101,2022,52,2022,276,,,X,,0,,,899,,,H6,HS,True,3004,,,,C07,,0,0,,8,,354.0,False,8,,354.0,False,354.0,False,0,False,,1629.618,1629.618,0,False,True
C,A,20220101,2022,52,2022,276,,,X,,0,,,899,,,H6,HS,True,3004,,,,C03,,0,9200,,8,,696969.49,True,-1,,0.0,False,696969.49,True,0,False,,244801308.168,244801308.168,6,False,True
C,A,20220101,2022,52,2022,276,,,X,,0,,,0,,,H6,HS,True,3004,,,,C04,,0,2100,,8,,1031243.443,True,-1,,0.0,False,1031243.443,True,0,False,,194940036.898,194940036.898,6,False,True
C,A,20220101,2022,52,2022,276,,,X,,0,,,899,,,H6,HS,True,3004,,,,C03,,0,3100,,8,,430024.395,True,-1,,0.0,False,430024.395,True,0,False,,41421433.127,41421433.127,6,False,True
C,A,20220101,2022,52,2022,276,,,X,,0,,,899,,,H6,HS,True,3004,,,,C00,,0,2100,,8,,163525157.976,True,-1,,0.0,False,163525157.976,True,0,False,,10954398388.425,10954398388.425,6,False,True
C,A,20220101,2022,52,2022,276,,,X,,0,,,899,,,H6,HS,True,3004,,,,C06,,0,3200,,8,,7897.0,False,8,,7897.0,False,7897.0,False,0,False,,58475472.162,58475472.162,0,False,True
C,A,20210101,2021,52,2021,276,,,X,,0,,,899,,,H5,HS,True,3004,,,,C04,,0,0,,-1,,0.0,False,-1,,0.0,False,0.0,False,0,False,0.0,377366666.522,377366666.522,0,False,True
C,A,20210101,2021,52,2021,276,,,X,,0,,,899,,,H5,HS,True,3004,,,,C00,,0,1000,,-1,,0.0,False,-1,,0.0,False,0.0,False,0,False,0.0,14471554969.739,14471554969.739,0,False,True
C,A,20210101,2021,52,2021,276,,,X,,0,,,899,,,H5,HS,True,3004,,,,C04,,0,1000,,-1,,0.0,False,-1,,0.0,False,0.0,False,0,False,0.0,169000562.458,169000562.458,0,False,True
C,A,20210101,2021,52,2021,276,,,X,,0,,,899,,,H5,HS,True,3004,,,,C00,,0,0,,-1,,0.0,False,-1,,0.0,False,0.0,False,0,False,0.0,64568116233.051,64568116233.051,0,False,True
C,A,20210101,2021,52,2021,276,,,X,,0,,,0,,,H5,HS,True,3004,,,,C00,,0,0,,-1,,0.0,False,-1,,0.0,False,0.0,False,0,False,0.0,64568116233.051,64568116233.051,0,False,True
C,A,20210101,2021,52,2021,276,,,X,,0,,,0,,,H5,HS,True,3004,,,,C04,,0,0,,-1,,0.0,False,-1,,0.0,False,0.0,False,0,False,0.0,377366666.522,377366666.522,0,False,True
C,A,20210101,2021,52,2021,276,,,X,,0,,,0,,,H5,HS,True,3004,,,,C00,,0,1000,,-1,,0.0,False,-1,,0.0,False,0.0,False,0,False,0.0,14471554969.739,14471554969.739,0,False,True
C,A,20210101,2021,52,2021,276,,,X,,0,,,0,,,H5,HS,True,3004,,,,C04,,0,1000,,-1,,0.0,False,-1,,0.0,False,0.0,False,0,False,0.0,169000562.458,169000562.458,0,False,True
C,A,20210101,2021,52,2021,276,,,X,,0,,,899,,,H5,HS,True,8703,,,,C07,,0,9300,,5,,2.0,False,5,,2.0,False,5229.0,False,0,False,0.0,8853.872,8853.872,0,False,True
C,A,20210101,2021,52,2021,276,,,X,,0,,,899,,,H5,HS,True,8703,,,,C06,,0,3200,,5,,45077.0,False,5,,45077.0,False,83480545.0,False,0,False,0.0,1729386046.59,1729386046.59,0,False,True
C,A,20210101,2021,52,2021,276,,,X,,0,,,899,,,H5,HS,True,8703,,,,C00,,0,2200,,5,,12.0,False,5,,12.0,False,24072.0,False,0,False,0.0,451416.409,451416.409,0,False,True
C,A,20210101,2021,52,2021,276,,,X,,0,,,899,,,H5,HS,True,8703,,,,C07,,0,2100,,5,,16.0,False,5,,16.0,False,28074.0,False,0,False,0.0,1036679.745,1036679.745,0,False,True
C,A,20210101,2021,52,2021,276,,,X,,0,,,899,,,H5,HS,True,8703,,,,C03,,0,3100,,5,,499011.0,False,5,,499011.0,False,867427739.0,False,0,False,0.0,17674494932.299,17674494932.299,0,False,True
C,A,20210101,2021,52,2021,276,,,X,,0,,,899,,,H5,HS,True,8703,,,,C04,,0,2100,,5,,6354.0,False,5,,6354.0,False,11733520.0,False,0,False,0.0,189040763.463,189040763.463,0,False,True
C,A,20210101,2021,52,2021,276,,,X,,0,,,899,,,H5,HS,True,8703,,,,C00,,0,3100,,5,,554896.0,False,5,,554896.0,False,984447039.0,False,0,False,0.0,22413602671.143,22413602671.143,0,False,True
C,A,20210101,2021,52,2021,276,,,X,,0,,,899,,,H5,HS,True,8703,,,,C06,,0,1000,,5,,142.0,False,5,,142.0,False,324332.0,False,0,False,0.0,24370039.298,24370039.298,0,False,True
C,A,20210101,2021,52,2021,276,,,X,,0,,,899,,,H5,HS,True,8703,,,,C07,,0,0,,5,,40.0,False,5,,40.0,False,76848.0,False,0,False,0.0,7782018.275,7782018.275,0,False,True
C,A,20210101,2021,52,2021,276,,,X,,0,,,0,,,H5,HS,True,8703,,,,C03,,0,9300,,5,,55884.0,False,5,,55884.0,False,92143264.203,True,0,False,0.0,1878637944.781,1878637944.781,4,False,True
C,A,20210101,2021,52,2021,276,,,X,,0,,,0,,,H5,HS,True,8703,,,,C03,,0,2200,,5,,12.0,False,5,,12.0,False,24072.0,False,0,False,0.0,451416.409,451416.409,0,False,True
C,A,20210101,2021,52,2021,276,,,X,,0,,,0,,,H5,HS,True,8703,,,,C03,,0,3100,,5,,499011.0,False,5,,499011.0,False,867427739.0,False,0,False,0.0,17674494932.299,17674494932.299,0,False,True
C,A,20210101,2021,52,2021,276,,,X,,0,,,0,,,H5,HS,True,8703,,,,C04,,0,3200,,5,,6881.0,False,5,,6881.0,False,14847965.0,False,0,False,0.0,400888377.434,400888377.434,0,False,True
C,A,20210101,2021,52,2021,276,,,X,,0,,,0,,,H5,HS,True,8703,,,,C04,,0,1000,,5,,64.0,False,5,,64.0,False,163487.0,False,0,False,0.0,24887610.654,24887610.654,0,False,True
C,A,20210101,2021,52,2021,276,,,X,,0,,,0,,,H5,HS,True,8703,,,,C04,,0,0,,5,,16014.0,False,5,,16014.0,False,32347619.0,False,0,False,0.0,775990819.787,775990819.787,0,False,True
C,A,20210101,2021,52,2021,276,,,X,,0,,,0,,,H5,HS,True,8703,,,,C06,,0,3100,,5,,53170.0,False,5,,53170.0,False,111416653.0,False,0,False,0.0,4577933670.608,4577933670.608,0,False,True
C,A,20210101,2021,52,2021,276,,,X,,0,,,0,,,H5,HS,True,8703,,,,C06,,0,9300,,5,,33.0,False,5,,33.0,False,130427.0,False,0,False,0.0,4099730.894,4099730.894,0,False,True
C,A,20210101,2021,52,2021,276,,,X,,0,,,0,,,H5,HS,True,8703,,,,C07,,0,2100,,5,,16.0,False,5,,16.0,False,28074.0,False,0,False,0.0,1036679.745,1036679.745,0,False,True
C,A,20210101,2021,52,2021,276,,,X,,0,,,0,,,H5,HS,True,8703,,,,C00,,0,0,,5,,3541867.552,True,-1,,0.0,False,6222623169.203,True,0,False,0.0,140320723649.224,140320723649.224,6,False,True
C,A,20210101,2021,52,2021,276,,,X,,0,,,0,,,H5,HS,True,8703,,,,C06,,0,2100,,5,,831697.001,True,-1,,0.0,False,1484802939.0,False,0,False,0.0,35484147040.382,35484147040.382,2,False,True
C,A,20210101,2021,52,2021,276,,,X,,0,,,0,,,H5,HS,True,8703,,,,C00,,0,1000,,5,,3240.009,True,-1,,0.0,False,7025305.0,False,0,False,0.0,825990278.968,825990278.968,2,False,True
C,A,20210101,2021,52,2021,276,,,X,,0,,,0,,,H5,HS,True,8703,,,,C00,,0,2100,,5,,1826217.459,True,-1,,0.0,False,3281156611.0,False,0,False,0.0,77048530162.131,77048530162.131,2,False,True
C,A,20210101,2021,52,2021,276,,,X,,0,,,0,,,H5,HS,True,8703,,,,C00,,0,9200,,5,,73.063,True,-1,,0.0,False,126016.0,False,0,False,0.0,18986911.397,18986911.397,2,False,True
C,A,20210101,2021,52,2021,276,,,X,,0,,,0,,,H5,HS,True,8703,,,,C03,,0,1000,,5,,3034.009,True,-1,,0.0,False,6537486.0,False,0,False,0.0,776732629.015,776732629.015,2,False,True
C,A,20210101,2021,52,2021,276,,,X,,0,,,0,,,H5,HS,True,8703,,,,C03,,0,2100,,5,,988150.458,True,-1,,0.0,False,1784592078.0,False,0,False,0.0,41374305678.541,41374305678.541,2,False,True
C,A,20210101,2021,52,2021,276,,,X,,0,,,0,,,H5,HS,True,8703,,,,C03,,0,3200,,5,,1049530.021,True,-1,,0.0,False,1759193151.0,False,0,False,0.0,35993404770.947,35993404770.947,2,False,True
C,A,20210101,2021,52,2021,276,,,X,,0,,,899,,,H5,HS,True,8703,,,,C00,,0,2100,,5,,1826217.459,True,-1,,0.0,False,3281156611.0,False,0,False,0.0,77048530162.131,77048530162.131,2,False,True
C,A,20210101,2021,52,2021,276,,,X,,0,,,899,,,H5,HS,True,8703,,,,C00,,0,1000,,5,,3240.009,True,-1,,0.0,False,7025305.0,False,0,False,0.0,825990278.968,825990278.968,2,False,True
C,A,20210101,2021,52,2021,276,,,X,,0,,,899,,,H5,HS,True,8703,,,,C00,,0,3200,,5,,1101510.021,True,-1,,0.0,False,1857565206.0,False,0,False,0.0,38130415679.629,38130415679.629,2,False,True
C,A,20210101,2021,52,2021,276,,,X,,0,,,899,,,H5,HS,True,8703,,,,C03,,0,9200,,5,,73.063,True,-1,,0.0,False,126016.0,False,0,False,0.0,18986911.397,18986911.397,2,False,True
C,A,20210101,2021,52,2021,276,,,X,,0,,,899,,,H5,HS,True,8703,,,,C03,,0,2100,,5,,988150.458,True,-1,,0.0,False,1784592078.0,False,0,False,0.0,41374305678.541,41374305678.541,2,False,True
C,A,20210101,2021,52,2021,276,,,X,,0,,,899,,,H5,HS,True,8703,,,,C00,,0,9300,,5,,55919.0,False,5,,55919.0,False,92278920.203,True,0,False,0.0,1882746529.547,1882746529.547,4,False,True
C,A,20210101,2021,52,2021,276,,,X,,0,,,899,,,H5,HS,True,8703,,,,C03,,0,9300,,5,,55884.0,False,5,,55884.0,False,92143264.203,True,0,False,0.0,1878637944.781,1878637944.781,4,False,True
C,A,20210101,2021,52,2021,276,,,X,,0,,,899,,,H5,HS,True,8703,,,,C06,,0,3100,,5,,53170.0,False,5,,53170.0,False,111416653.0,False,0,False,0.0,4577933670.608,4577933670.608,0,False,True
C,A,20210101,2021,52,2021,276,,,X,,0,,,899,,,H5,HS,True,8703,,,,C07,,0,3200,,5,,22.0,False,5,,22.0,False,43545.0,False,0,False,0.0,6736484.658,6736484.658,0,False,True
C,A,20210101,2021,52,2021,276,,,X,,0,,,899,,,H5,HS,True,8703,,,,C03,,0,2200,,5,,12.0,False,5,,12.0,False,24072.0,False,0,False,0.0,451416.409,451416.409,0,False,True
C,A,20210101,2021,52,2021,276,,,X,,0,,,899,,,H5,HS,True,8703,,,,C04,,0,3100,,5,,2715.0,False,5,,2715.0,False,5602647.0,False,0,False,0.0,161174068.235,161174068.235,0,False,True
C,A,20210101,2021,52,2021,276,,,X,,0,,,899,,,H5,HS,True,8703,,,,C04,,0,3200,,5,,6881.0,False,5,,6881.0,False,14847965.0,False,0,False,0.0,400888377.434,400888377.434,0,False,True
C,A,20210101,2021,52,2021,276,,,X,,0,,,899,,,H5,HS,True,8703,,,,C04,,0,1000,,5,,64.0,False,5,,64.0,False,163487.0,False,0,False,0.0,24887610.654,24887610.654,0,False,True
C,A,20210101,2021,52,2021,276,,,X,,0,,,899,,,H5,HS,True,8703,,,,C04,,0,0,,5,,16014.0,False,5,,16014.0,False,32347619.0,False,0,False,0.0,775990819.787,775990819.787,0,False,True
C,A,20210101,2021,52,2021,276,,,X,,0,,,899,,,H5,HS,True,8703,,,,C06,,0,9300,,5,,33.0,False,5,,33.0,False,130427.0,False,0,False,0.0,4099730.894,4099730.894,0,False,True
C,A,20210101,2021,52,2021,276,,,X,,0,,,0,,,H5,HS,True,8703,,,,C00,,0,9300,,5,,55919.0,False,5,,55919.0,False,92278920.203,True,0,False,0.0,1882746529.547,1882746529.547,4,False,True
C,A,20210101,2021,52,2021,276,,,X,,0,,,0,,,H5,HS,True,8703,,,,C06,,0,1000,,5,,142.0,False,5,,142.0,False,324332.0,False,0,False,0.0,24370039.298,24370039.298,0,False,True
C,A,20210101,2021,52,2021,276,,,X,,0,,,0,,,H5,HS,True,8703,,,,C04,,0,2100,,5,,6354.0,False,5,,6354.0,False,11733520.0,False,0,False,0.0,189040763.463,189040763.463,0,False,True
C,A,20210101,2021,52,2021,276,,,X,,0,,,0,,,H5,HS,True,8703,,,,C07,,0,9300,,5,,2.0,False,5,,2.0,False,5229.0,False,0,False,0.0,8853.872,8853.872,0,False,True
C,A,20210101,2021,52,2021,276,,,X,,0,,,0,,,H5,HS,True,8703,,,,C06,,0,3200,,5,,45077.0,False,5,,45077.0,False,83480545.0,False,0,False,0.0,1729386046.59,1729386046.59,0,False,True
C,A,20210101,2021,52,2021,276,,,X,,0,,,0,,,H5,HS,True,8703,,,,C00,,0,2200,,5,,12.0,False,5,,12.0,False,24072.0,False,0,False,0.0,451416.409,451416.409,0,False,True
C,A,20210101,2021,52,2021,276,,,X,,0,,,0,,,H5,HS,True,8703,,,,C04,,0,3100,,5,,2715.0,False,5,,2715.0,False,5602647.0,False,0,False,0.0,161174068.235,161174068.235,0,False,True
C,A,20210101,2021,52,2021,276,,,X,,0,,,0,,,H5,HS,True,8703,,,,C00,,0,3100,,5,,554896.0,False,5,,554896.0,False,984447039.0,False,0,False,0.0,22413602671.143,22413602671.143,0,False,True
C,A,20210101,2021,52,2021,276,,,X,,0,,,0,,,H5,HS,True,8703,,,,C07,,0,0,,5,,40.0,False,5,,40.0,False,76848.0,False,0,False,0.0,7782018.275,7782018.275,0,False,True
C,A,20210101,2021,52,2021,276,,,X,,0,,,0,,,H5,HS,True,8703,,,,C07,,0,3200,,5,,22.0,False,5,,22.0,False,43545.0,False,0,False,0.0,6736484.658,6736484.658,0,False,True
C,A,20210101,2021,52,2021,276,,,X,,0,,,0,,,H5,HS,True,8703,,,,C03,,0,9200,,5,,73.063,True,-1,,0.0,False,126016.0,False,0,False,0.0,18986911.397,18986911.397,2,False,True
C,A,20210101,2021,52,2021,276,,,X,,0,,,0,,,H5,HS,True,8703,,,,C00,,0,3200,,5,,1101510.021,True,-1,,0.0,False,1857565206.0,False,0,False,0.0,38130415679.629,38130415679.629,2,False,True
C,A,20210101,2021,52,2021,276,,,X,,0,,,0,,,H5,HS,True,8703,,,,C06,,0,0,,5,,930119.001,True,-1,,0.0,False,1680154896.0,False,0,False,0.0,41819936527.772,41819936527.772,2,False,True
C,A,20210101,2021,52,2021,276,,,X,,0,,,0,,,H5,HS,True,8703,,,,C03,,0,0,,5,,2595694.551,True,-1,,0.0,False,4510043806.203,True,0,False,0.0,97717014283.39,97717014283.39,6,False,True
C,A,20210101,2021,52,2021,276,,,X,,0,,,899,,,H5,HS,True,8703,,,,C03,,0,3200,,5,,1049530.021,True,-1,,0.0,False,1759193151.0,False,0,False,0.0,35993404770.947,35993404770.947,2,False,True
C,A,20210101,2021,52,2021,276,,,X,,0,,,899,,,H5,HS,True,8703,,,,C06,,0,2100,,5,,831697.001,True,-1,,0.0,False,1484802939.0,False,0,False,0.0,35484147040.382,35484147040.382,2,False,True
C,A,20210101,2021,52,2021,276,,,X,,0,,,899,,,H5,HS,True,8703,,,,C03,,0,1000,,5,,3034.009,True,-1,,0.0,False,6537486.0,False,0,False,0.0,776732629.015,776732629.015,2,False,True
C,A,20210101,2021,52,2021,276,,,X,,0,,,899,,,H5,HS,True,8703,,,,C00,,0,9200,,5,,73.063,True,-1,,0.0,False,126016.0,False,0,False,0.0,18986911.397,18986911.397,2,False,True
C,A,20210101,2021,52,2021,276,,,X,,0,,,899,,,H5,HS,True,8703,,,,C06,,0,0,,5,,930119.001,True,-1,,0.0,False,1680154896.0,False,0,False,0.0,41819936527.772,41819936527.772,2,False,True
C,A,20210101,2021,52,2021,276,,,X,,0,,,899,,,H5,HS,True,8703,,,,C00,,0,0,,5,,3541867.552,True,-1,,0.0,False,6222623169.203,True,0,False,0.0,140320723649.224,140320723649.224,6,False,True
C,A,20210101,2021,52,2021,276,,,X,,0,,,899,,,H5,HS,True,8703,,,,C03,,0,0,,5,,2595694.551,True,-1,,0.0,False,4510043806.203,True,0,False,0.0,97717014283.39,97717014283.39,6,False,True
C,A,20220101,2022,52,2022,276,,,X,,0,,,899,,,H6,HS,True,8703,,,,C03,,0,2200,,5,,23.0,False,5,,23.0,False,41902.0,False,0,False,,800802.014,800802.014,0,False,True
C,A,20220101,2022,52,2022,276,,,X,,0,,,899,,,H6,HS,True,8703,,,,C07,,0,3200,,5,,38.0,False,5,,38.0,False,89887.0,False,0,False,,3322152.152,3322152.152,0,False,True
C,A,20220101,2022,52,2022,276,,,X,,0,,,0,,,H6,HS,True,8703,,,,C03,,0,9300,,5,,60115.01,True,-1,,0.0,False,109520093.0,False,0,False,,2285000469.772,2285000469.772,2,False,True
C,A,20220101,2022,52,2022,276,,,X,,0,,,0,,,H6,HS,True,8703,,,,C00,,0,9200,,5,,2743.323,True,-1,,0.0,False,310337.197,True,0,False,,8726589.457,8726589.457,6,False,True
C,A,20220101,2022,52,2022,276,,,X,,0,,,0,,,H6,HS,True,8703,,,,C06,,0,9300,,5,,33.0,False,5,,33.0,False,122556.0,False,0,False,,2552172.045,2552172.045,0,False,True
C,A,20220101,2022,52,2022,276,,,X,,0,,,0,,,H6,HS,True,8703,,,,C03,,0,1000,,5,,2233.0,False,5,,2233.0,False,5075590.0,False,0,False,,585511232.76,585511232.76,0,False,True
C,A,20220101,2022,52,2022,276,,,X,,0,,,0,,,H6,HS,True,8703,,,,C00,,0,3200,,5,,1591533.014,True,-1,,0.0,False,2762616977.0,False,0,False,,56371776128.253,56371776128.253,2,False,True
C,A,20220101,2022,52,2022,276,,,X,,0,,,899,,,H6,HS,True,8703,,,,C03,,0,9200,,5,,2743.323,True,-1,,0.0,False,310337.197,True,0,False,,8726589.457,8726589.457,6,False,True
C,A,20220101,2022,52,2022,276,,,X,,0,,,0,,,H6,HS,True,8703,,,,C04,,0,3200,,5,,8440.0,False,5,,8440.0,False,18252410.0,False,0,False,,478935406.231,478935406.231,0,False,True
C,A,20220101,2022,52,2022,276,,,X,,0,,,0,,,H6,HS,True,8703,,,,C07,,0,3200,,5,,38.0,False,5,,38.0,False,89887.0,False,0,False,,3322152.152,3322152.152,0,False,True
C,A,20220101,2022,52,2022,276,,,X,,0,,,899,,,H6,HS,True,8703,,,,C04,,0,1000,,5,,35.0,False,5,,35.0,False,87511.0,False,0,False,,8194904.155,8194904.155,0,False,True
C,A,20220101,2022,52,2022,276,,,X,,0,,,0,,,H6,HS,True,8703,,,,C03,,0,0,,5,,2735591.42,True,-1,,0.0,False,4823385870.197,True,0,False,,107748445482.369,107748445482.369,6,False,True
C,A,20220101,2022,52,2022,276,,,X,,0,,,899,,,H6,HS,True,8703,,,,C03,,0,1000,,5,,2233.0,False,5,,2233.0,False,5075590.0,False,0,False,,585511232.76,585511232.76,0,False,True
C,A,20220101,2022,52,2022,276,,,X,,0,,,0,,,H6,HS,True,8703,,,,C07,,0,0,,5,,73.0,False,5,,73.0,False,145080.0,False,0,False,,4190521.36,4190521.36,0,False,True
C,A,20220101,2022,52,2022,276,,,X,,0,,,899,,,H6,HS,True,8703,,,,C00,,0,9200,,5,,2743.323,True,-1,,0.0,False,310337.197,True,0,False,,8726589.457,8726589.457,6,False,True
C,A,20220101,2022,52,2022,276,,,X,,0,,,899,,,H6,HS,True,8703,,,,C03,,0,9300,,5,,60115.01,True,-1,,0.0,False,109520093.0,False,0,False,,2285000469.772,2285000469.772,2,False,True
C,A,20220101,2022,52,2022,276,,,X,,0,,,0,,,H6,HS,True,8703,,,,C00,,0,2200,,5,,23.0,False,5,,23.0,False,41902.0,False,0,False,,800802.014,800802.014,0,False,True
C,A,20220101,2022,52,2022,276,,,X,,0,,,899,,,H6,HS,True,8703,,,,C03,,0,3200,,5,,1538627.013,True,-1,,0.0,False,2661859796.0,False,0,False,,54118093218.875,54118093218.875,2,False,True
C,A,20220101,2022,52,2022,276,,,X,,0,,,899,,,H6,HS,True,8703,,,,C04,,0,9300,,5,,1.0,False,5,,1.0,False,1855.0,False,0,False,,14887.866,14887.866,0,False,True
C,A,20220101,2022,52,2022,276,,,X,,0,,,899,,,H6,HS,True,8703,,,,C00,,0,2200,,5,,23.0,False,5,,23.0,False,41902.0,False,0,False,,800802.014,800802.014,0,False,True
C,A,20220101,2022,52,2022,276,,,X,,0,,,899,,,H6,HS,True,8703,,,,C00,,0,2100,,5,,1892695.073,True,-1,,0.0,False,3480459357.0,False,0,False,,87889473126.726,87889473126.726,2,False,True
C,A,20220101,2022,52,2022,276,,,X,,0,,,899,,,H6,HS,True,8703,,,,C06,,0,9300,,5,,33.0,False,5,,33.0,False,122556.0,False,0,False,,2552172.045,2552172.045,0,False,True
C,A,20220101,2022,52,2022,276,,,X,,0,,,0,,,H6,HS,True,8703,,,,C00,,0,1000,,5,,2459.0,False,5,,2459.0,False,5668790.0,False,0,False,,640806453.405,640806453.405,0,False,True
C,A,20220101,2022,52,2022,276,,,X,,0,,,0,,,H6,HS,True,8703,,,,C03,,0,2200,,5,,23.0,False,5,,23.0,False,41902.0,False,0,False,,800802.014,800802.014,0,False,True
C,A,20220101,2022,52,2022,276,,,X,,0,,,0,,,H6,HS,True,8703,,,,C03,,0,2100,,5,,943195.073,True,-1,,0.0,False,1719626544.0,False,0,False,,44243941526.593,44243941526.593,2,False,True
C,A,20220101,2022,52,2022,276,,,X,,0,,,899,,,H6,HS,True,8703,,,,C04,,0,3200,,5,,8440.0,False,5,,8440.0,False,18252410.0,False,0,False,,478935406.231,478935406.231,0,False,True
C,A,20220101,2022,52,2022,276,,,X,,0,,,899,,,H6,HS,True,8703,,,,C06,,0,3100,,5,,48231.0,False,5,,48231.0,False,103085210.0,False,0,False,,4278443405.663,4278443405.663,0,False,True
C,A,20220101,2022,52,2022,276,,,X,,0,,,899,,,H6,HS,True,8703,,,,C07,,0,9300,,5,,3.0,False,5,,3.0,False,6329.0,False,0,False,,69572.714,69572.714,0,False,True
C,A,20220101,2022,52,2022,276,,,X,,0,,,0,,,H6,HS,True,8703,,,,C07,,0,9300,,5,,3.0,False,5,,3.0,False,6329.0,False,0,False,,69572.714,69572.714,0,False,True
C,A,20220101,2022,52,2022,276,,,X,,0,,,0,,,H6,HS,True,8703,,,,C04,,0,9300,,5,,1.0,False,5,,1.0,False,1855.0,False,0,False,,14887.866,14887.866,0,False,True
C,A,20220101,2022,52,2022,276,,,X,,0,,,899,,,H6,HS,True,8703,,,,C00,,0,0,,5,,3790373.421,True,-1,,0.0,False,6796411293.197,True,0,False,,158186958670.867,158186958670.867,6,False,True
C,A,20220101,2022,52,2022,276,,,X,,0,,,899,,,H6,HS,True,8703,,,,C06,,0,0,,5,,1034338.001,True,-1,,0.0,False,1932753530.0,False,0,False,,49511563157.856,49511563157.856,2,False,True
C,A,20220101,2022,52,2022,276,,,X,,0,,,899,,,H6,HS,True,8703,,,,C03,,0,2100,,5,,943195.073,True,-1,,0.0,False,1719626544.0,False,0,False,,44243941526.593,44243941526.593,2,False,True
C,A,20220101,2022,52,2022,276,,,X,,0,,,0,,,H6,HS,True,8703,,,,C04,,0,1000,,5,,35.0,False,5,,35.0,False,87511.0,False,0,False,,8194904.155,8194904.155,0,False,True
C,A,20220101,2022,52,2022,276,,,X,,0,,,0,,,H6,HS,True,8703,,,,C04,,0,0,,5,,20371.0,False,5,,20371.0,False,40126813.0,False,0,False,,922759509.282,922759509.282,0,False,True
C,A,20220101,2022,52,2022,276,,,X,,0,,,0,,,H6,HS,True,8703,,,,C06,,0,3100,,5,,48231.0,False,5,,48231.0,False,103085210.0,False,0,False,,4278443405.663,4278443405.663,0,False,True
C,A,20220101,2022,52,2022,276,,,X,,0,,,899,,,H6,HS,True,8703,,,,C07,,0,2100,,5,,32.0,False,5,,32.0,False,48864.0,False,0,False,,798796.493,798796.493,0,False,True
C,A,20220101,2022,52,2022,276,,,X,,0,,,899,,,H6,HS,True,8703,,,,C06,,0,1000,,5,,191.0,False,5,,191.0,False,505689.0,False,0,False,,47100316.491,47100316.491,0,False,True
C,A,20220101,2022,52,2022,276,,,X,,0,,,899,,,H6,HS,True,8703,,,,C04,,0,2100,,5,,8013.0,False,5,,8013.0,False,14158758.0,False,0,False,,232690890.978,232690890.978,0,False,True
C,A,20220101,2022,52,2022,276,,,X,,0,,,899,,,H6,HS,True,8703,,,,C06,,0,3200,,5,,44428.001,True,-1,,0.0,False,82414884.0,False,0,False,,1771425350.995,1771425350.995,2,False,True
C,A,20220101,2022,52,2022,276,,,X,,0,,,899,,,H6,HS,True,8703,,,,C00,,0,1000,,5,,2459.0,False,5,,2459.0,False,5668790.0,False,0,False,,640806453.405,640806453.405,0,False,True
C,A,20220101,2022,52,2022,276,,,X,,0,,,899,,,H6,HS,True,8703,,,,C03,,0,3100,,5,,188655.0,False,5,,188655.0,False,326951608.0,False,0,False,,6506371642.897,6506371642.897,0,False,True
C,A,20220101,2022,52,2022,276,,,X,,0,,,0,,,H6,HS,True,8703,,,,C00,,0,3100,,5,,240768.0,False,5,,240768.0,False,437663097.0,False,0,False,,10987738468.613,10987738468.613,0,False,True
C,A,20220101,2022,52,2022,276,,,X,,0,,,0,,,H6,HS,True,8703,,,,C00,,0,2100,,5,,1892695.073,True,-1,,0.0,False,3480459357.0,False,0,False,,87889473126.726,87889473126.726,2,False,True
C,A,20220101,2022,52,2022,276,,,X,,0,,,0,,,H6,HS,True,8703,,,,C03,,0,3100,,5,,188655.0,False,5,,188655.0,False,326951608.0,False,0,False,,6506371642.897,6506371642.897,0,False,True
C,A,20220101,2022,52,2022,276,,,X,,0,,,899,,,H6,HS,True,8703,,,,C04,,0,3100,,5,,3882.0,False,5,,3882.0,False,7626279.0,False,0,False,,202923420.053,202923420.053,0,False,True
C,A,20220101,2022,52,2022,276,,,X,,0,,,899,,,H6,HS,True,8703,,,,C03,,0,0,,5,,2735591.42,True,-1,,0.0,False,4823385870.197,True,0,False,,107748445482.369,107748445482.369,6,False,True
C,A,20220101,2022,52,2022,276,,,X,,0,,,0,,,H6,HS,True,8703,,,,C03,,0,9200,,5,,2743.323,True,-1,,0.0,False,310337.197,True,0,False,,8726589.457,8726589.457,6,False,True
C,A,20220101,2022,52,2022,276,,,X,,0,,,0,,,H6,HS,True,8703,,,,C00,,0,0,,5,,3790373.421,True,-1,,0.0,False,6796411293.197,True,0,False,,158186958670.867,158186958670.867,6,False,True
C,A,20220101,2022,52,2022,276,,,X,,0,,,899,,,H6,HS,True,8703,,,,C00,,0,9300,,5,,60152.01,True,-1,,0.0,False,109650833.0,False,0,False,,2287637102.398,2287637102.398,2,False,True
C,A,20220101,2022,52,2022,276,,,X,,0,,,899,,,H6,HS,True,8703,,,,C00,,0,3200,,5,,1591533.014,True,-1,,0.0,False,2762616977.0,False,0,False,,56371776128.253,56371776128.253,2,False,True
C,A,20220101,2022,52,2022,276,,,X,,0,,,899,,,H6,HS,True,8703,,,,C07,,0,0,,5,,73.0,False,5,,73.0,False,145080.0,False,0,False,,4190521.36,4190521.36,0,False,True
C,A,20220101,2022,52,2022,276,,,X,,0,,,0,,,H6,HS,True,8703,,,,C06,,0,0,,5,,1034338.001,True,-1,,0.0,False,1932753530.0,False,0,False,,49511563157.856,49511563157.856,2,False,True
C,A,20220101,2022,52,2022,276,,,X,,0,,,0,,,H6,HS,True,8703,,,,C06,,0,3200,,5,,44428.001,True,-1,,0.0,False,82414884.0,False,0,False,,1771425350.995,1771425350.995,2,False,True
C,A,20220101,2022,52,2022,276,,,X,,0,,,899,,,H6,HS,True,8703,,,,C06,,0,2100,,5,,941455.0,False,5,,941455.0,False,1746625191.0,False,0,False,,43412041912.661,43412041912.661,0,False,True
C,A,20220101,2022,52,2022,276,,,X,,0,,,899,,,H6,HS,True,8703,,,,C00,,0,3100,,5,,240768.0,False,5,,240768.0,False,437663097.0,False,0,False,,10987738468.613,10987738468.613,0,False,True
C,A,20220101,2022,52,2022,276,,,X,,0,,,0,,,H6,HS,True,8703,,,,C04,,0,3100,,5,,3882.0,False,5,,3882.0,False,7626279.0,False,0,False,,202923420.053,202923420.053,0,False,True
C,A,20220101,2022,52,2022,276,,,X,,0,,,0,,,H6,HS,True,8703,,,,C06,,0,1000,,5,,191.0,False,5,,191.0,False,505689.0,False,0,False,,47100316.491,47100316.491,0,False,True
C,A,20220101,2022,52,2022,276,,,X,,0,,,0,,,H6,HS,True,8703,,,,C06,,0,2100,,5,,941455.0,False,5,,941455.0,False,1746625191.0,False,0,False,,43412041912.661,43412041912.661,0,False,True
C,A,20220101,2022,52,2022,276,,,X,,0,,,0,,,H6,HS,True,8703,,,,C07,,0,2100,,5,,32.0,False,5,,32.0,False,48864.0,False,0,False,,798796.493,798796.493,0,False,True
C,A,20220101,2022,52,2022,276,,,X,,0,,,0,,,H6,HS,True,8703,,,,C00,,0,9300,,5,,60152.01,True,-1,,0.0,False,109650833.0,False,0,False,,2287637102.398,2287637102.398,2,False,True
C,A,20220101,2022,52,2022,276,,,X,,0,,,0,,,H6,HS,True,8703,,,,C03,,0,3200,,5,,1538627.013,True,-1,,0.0,False,2661859796.0,False,0,False,,54118093218.875,54118093218.875,2,False,True
C,A,20220101,2022,52,2022,276,,,X,,0,,,899,,,H6,HS,True,8703,,,,C04,,0,0,,5,,20371.0,False,5,,20371.0,False,40126813.0,False,0,False,,922759509.282,922759509.282,0,False,True
C,A,20220101,2022,52,2022,276,,,X,,0,,,0,,,H6,HS,True,8703,,,,C04,,0,2100,,5,,8013.0,False,5,,8013.0,False,14158758.0,False,0,False,,232690890.978,232690890.978,0,False,True
C,A,20230101,2023,52,2023,276,,,X,,0,,,0,,,H6,HS,True,8703,,,,C00,,0,2100,,5,,1997822.01,True,-1,,0.0,False,3698047265.0,False,0,False,,92745154538.206,92745154538.206,2,False,True
C,A,20230101,2023,52,2023,276,,,X,,0,,,0,,,H6,HS,True,8703,,,,C03,,0,2100,,5,,1991156.01,True,-1,,0.0,False,3685694795.0,False,0,False,,92533303945.649,92533303945.649,2,False,True
C,A,20230101,2023,52,2023,276,,,X,,0,,,899,,,H6,HS,True,8703,,,,C00,,0,9300,,5,,66005.005,True,-1,,0.0,False,121365027.0,False,0,False,,2600632994.45,2600632994.45,2,False,True
C,A,20230101,2023,52,2023,276,,,X,,0,,,0,,,H6,HS,True,8703,,,,C00,,0,2200,,5,,12.0,False,5,,12.0,False,22314.0,False,0,False,,487513.642,487513.642,0,False,True
C,A,20230101,2023,52,2023,276,,,X,,0,,,899,,,H6,HS,True,8703,,,,C03,,0,1000,,5,,2396.0,False,5,,2396.0,False,5234195.0,False,0,False,,670483814.944,670483814.944,0,False,True
C,A,20230101,2023,52,2023,276,,,X,,0,,,899,,,H6,HS,True,8703,,,,C00,,0,2200,,5,,12.0,False,5,,12.0,False,22314.0,False,0,False,,487513.642,487513.642,0,False,True
C,A,20230101,2023,52,2023,276,,,X,,0,,,899,,,H6,HS,True,8703,,,,C03,,0,9300,,5,,66004.005,True,-1,,0.0,False,121363346.0,False,0,False,,2600622571.132,2600622571.132,2,False,True
C,A,20230101,2023,52,2023,276,,,X,,0,,,0,,,H6,HS,True,8703,,,,C04,,0,3200,,5,,9202.0,False,5,,9202.0,False,19951378.0,False,0,False,,593909252.785,593909252.785,0,False,True
C,A,20230101,2023,52,2023,276,,,X,,0,,,0,,,H6,HS,True,8703,,,,C04,,0,1000,,5,,9.0,False,5,,9.0,False,22800.0,False,0,False,,6783640.551,6783640.551,0,False,True
C,A,20230101,2023,52,2023,276,,,X,,0,,,0,,,H6,HS,True,8703,,,,C04,,0,0,,5,,19470.0,False,5,,19470.0,False,39188841.0,False,0,False,,1008731035.473,1008731035.473,0,False,True
C,A,20230101,2023,52,2023,276,,,X,,0,,,899,,,H6,HS,True,8703,,,,C00,,0,9200,,5,,3389.384,True,-1,,0.0,False,412603.0,False,0,False,,18889794.851,18889794.851,2,False,True
C,A,20230101,2023,52,2023,276,,,X,,0,,,0,,,H6,HS,True,8703,,,,C03,,0,9300,,5,,66004.005,True,-1,,0.0,False,121363346.0,False,0,False,,2600622571.132,2600622571.132,2,False,True
C,A,20230101,2023,52,2023,276,,,X,,0,,,899,,,H6,HS,True,8703,,,,C03,,0,2100,,5,,1991156.01,True,-1,,0.0,False,3685694795.0,False,0,False,,92533303945.649,92533303945.649,2,False,True
C,A,20230101,2023,52,2023,276,,,X,,0,,,0,,,H6,HS,True,8703,,,,C00,,0,0,,5,,4168917.412,True,-1,,0.0,False,7578644642.054,True,0,False,,180713070858.301,180713070858.301,6,False,True
C,A,20230101,2023,52,2023,276,,,X,,0,,,0,,,H6,HS,True,8703,,,,C00,,0,1000,,5,,2405.0,False,5,,2405.0,False,5256995.0,False,0,False,,677267455.495,677267455.495,0,False,True
C,A,20230101,2023,52,2023,276,,,X,,0,,,0,,,H6,HS,True,8703,,,,C03,,0,1000,,5,,2396.0,False,5,,2396.0,False,5234195.0,False,0,False,,670483814.944,670483814.944,0,False,True
C,A,20230101,2023,52,2023,276,,,X,,0,,,0,,,H6,HS,True,8703,,,,C04,,0,9300,,5,,1.0,False,5,,1.0,False,1681.0,False,0,False,,10423.318,10423.318,0,False,True
C,A,20230101,2023,52,2023,276,,,X,,0,,,0,,,H6,HS,True,8703,,,,C04,,0,2100,,5,,6666.0,False,5,,6666.0,False,12352470.0,False,0,False,,211850592.556,211850592.556,0,False,True
C,A,20230101,2023,52,2023,276,,,X,,0,,,0,,,H6,HS,True,8703,,,,C00,,0,3100,,5,,314300.0,False,5,,314300.0,False,569340272.0,False,0,False,,14270416544.523,14270416544.523,0,False,True
C,A,20230101,2023,52,2023,276,,,X,,0,,,899,,,H6,HS,True,8703,,,,C00,,0,3100,,5,,314300.0,False,5,,314300.0,False,569340272.0,False,0,False,,14270416544.523,14270416544.523,0,False,True
C,A,20230101,2023,52,2023,276,,,X,,0,,,899,,,H6,HS,True,8703,,,,C04,,0,3100,,5,,3592.0,False,5,,3592.0,False,6860512.0,False,0,False,,196177126.262,196177126.262,0,False,True
C,A,20230101,2023,52,2023,276,,,X,,0,,,899,,,H6,HS,True,8703,,,,C03,,0,0,,5,,4149447.412,True,-1,,0.0,False,7539455801.054,True,0,False,,179704339822.828,179704339822.828,6,False,True
C,A,20230101,2023,52,2023,276,,,X,,0,,,0,,,H6,HS,True,8703,,,,C03,,0,3100,,5,,310708.0,False,5,,310708.0,False,562479760.0,False,0,False,,14074239418.261,14074239418.261,0,False,True
C,A,20230101,2023,52,2023,276,,,X,,0,,,899,,,H6,HS,True,8703,,,,C03,,0,2200,,5,,12.0,False,5,,12.0,False,22314.0,False,0,False,,487513.642,487513.642,0,False,True
C,A,20230101,2023,52,2023,276,,,X,,0,,,899,,,H6,HS,True,8703,,,,C04,,0,9300,,5,,1.0,False,5,,1.0,False,1681.0,False,0,False,,10423.318,10423.318,0,False,True
C,A,20230101,2023,52,2023,276,,,X,,0,,,899,,,H6,HS,True,8703,,,,C00,,0,3200,,5,,1784984.013,True,-1,,0.0,False,3184200166.054,True,0,False,,70400222017.135,70400222017.135,6,False,True
C,A,20230101,2023,52,2023,276,,,X,,0,,,899,,,H6,HS,True,8703,,,,C03,,0,3200,,5,,1775782.013,True,-1,,0.0,False,3164248788.054,True,0,False,,69806312764.349,69806312764.349,6,False,True
C,A,20230101,2023,52,2023,276,,,X,,0,,,0,,,H6,HS,True,8703,,,,C00,,0,9300,,5,,66005.005,True,-1,,0.0,False,121365027.0,False,0,False,,2600632994.45,2600632994.45,2,False,True
C,A,20230101,2023,52,2023,276,,,X,,0,,,0,,,H6,HS,True,8703,,,,C03,,0,2200,,5,,12.0,False,5,,12.0,False,22314.0,False,0,False,,487513.642,487513.642,0,False,True
C,A,20230101,2023,52,2023,276,,,X,,0,,,0,,,H6,HS,True,8703,,,,C03,,0,9200,,5,,3389.384,True,-1,,0.0,False,412603.0,False,0,False,,18889794.851,18889794.851,2,False,True
C,A,20230101,2023,52,2023,276,,,X,,0,,,899,,,H6,HS,True,8703,,,,C00,,0,2100,,5,,1997822.01,True,-1,,0.0,False,3698047265.0,False,0,False,,92745154538.206,92745154538.206,2,False,True
C,A,20230101,2023,52,2023,276,,,X,,0,,,899,,,H6,HS,True,8703,,,,C04,,0,2100,,5,,6666.0,False,5,,6666.0,False,12352470.0,False,0,False,,211850592.556,211850592.556,0,False,True
C,A,20230101,2023,52,2023,276,,,X,,0,,,0,,,H6,HS,True,8703,,,,C03,,0,3200,,5,,1775782.013,True,-1,,0.0,False,3164248788.054,True,0,False,,69806312764.349,69806312764.349,6,False,True
C,A,20230101,2023,52,2023,276,,,X,,0,,,0,,,H6,HS,True,8703,,,,C03,,0,0,,5,,4149447.412,True,-1,,0.0,False,7539455801.054,True,0,False,,179704339822.828,179704339822.828,6,False,True
C,A,20230101,2023,52,2023,276,,,X,,0,,,0,,,H6,HS,True,8703,,,,C00,,0,9200,,5,,3389.384,True,-1,,0.0,False,412603.0,False,0,False,,18889794.851,18889794.851,2,False,True
C,A,20230101,2023,52,2023,276,,,X,,0,,,899,,,H6,HS,True,8703,,,,C03,,0,9200,,5,,3389.384,True,-1,,0.0,False,412603.0,False,0,False,,18889794.851,18889794.851,2,False,True
C,A,20230101,2023,52,2023,276,,,X,,0,,,899,,,H6,HS,True,8703,,,,C00,,0,0,,5,,4168917.412,True,-1,,0.0,False,7578644642.054,True,0,False,,180713070858.301,180713070858.301,6,False,True
C,A,20230101,2023,52,2023,276,,,X,,0,,,899,,,H6,HS,True,8703,,,,C04,,0,1000,,5,,9.0,False,5,,9.0,False,22800.0,False,0,False,,6783640.551,6783640.551,0,False,True
C,A,20230101,2023,52,2023,276,,,X,,0,,,0,,,H6,HS,True,8703,,,,C04,,0,3100,,5,,3592.0,False,5,,3592.0,False,6860512.0,False,0,False,,196177126.262,196177126.262,0,False,True
C,A,20230101,2023,52,2023,276,,,X,,0,,,0,,,H6,HS,True,8703,,,,C00,,0,3200,,5,,1784984.013,True,-1,,0.0,False,3184200166.054,True,0,False,,70400222017.135,70400222017.135,6,False,True
C,A,20230101,2023,52,2023,276,,,X,,0,,,899,,,H6,HS,True,8703,,,,C00,,0,1000,,5,,2405.0,False,5,,2405.0,False,5256995.0,False,0,False,,677267455.495,677267455.495,0,False,True
C,A,20230101,2023,52,2023,276,,,X,,0,,,899,,,H6,HS,True,8703,,,,C04,,0,3200,,5,,9202.0,False,5,,9202.0,False,19951378.0,False,0,False,,593909252.785,593909252.785,0,False,True
C,A,20230101,2023,52,2023,276,,,X,,0,,,899,,,H6,HS,True,8703,,,,C04,,0,0,,5,,19470.0,False,5,,19470.0,False,39188841.0,False,0,False,,1008731035.473,1008731035.473,0,False,True
C,A,20230101,2023,52,2023,276,,,X,,0,,,899,,,H6,HS,True,8703,,,,C03,,0,3100,,5,,310708.0,False,5,,310708.0,False,562479760.0,False,0,False,,14074239418.261,14074239418.261,0,False,True
C,A,20210101,2021,52,2021,392,,,X,,0,,,0,,,H5,HS,True,8541,,,,C00,,0,0,,-1,,0.0,True,-1,,0.0,False,0.0,True,0,False,0.0,10253644701.621,10253644701.621,6,False,True
C,A,20220101,2022,52,2022,392,,,X,,0,,,0,,,H6,HS,True,8541,,,,C00,,0,0,,-1,,0.0,True,-1,,0.0,False,0.0,False,0,False,0.0,9209345462.525,9209345462.525,2,False,True
C,A,20230101,2023,52,2023,392,,,X,,0,,,0,,,H6,HS,True,8541,,,,C00,,0,0,,-1,,0.0,True,-1,,0.0,False,,False,0,False,,7954464893.187,7954464893.187,2,False,True
C,A,20210101,2021,52,2021,392,,,X,,0,,,0,,,H5,HS,True,8471,,,,C00,,0,0,,5,,10864522.0,False,5,,10864522.0,False,6859146.986,True,0,False,0.0,1624558470.9,1624558470.9,4,False,True
C,A,20220101,2022,52,2022,392,,,X,,0,,,0,,,H6,HS,True,8471,,,,C00,,0,0,,5,,8344773.0,False,5,,8344773.0,False,6335932.633,True,0,False,0.0,1476582210.929,1476582210.929,4,False,True
C,A,20230101,2023,52,2023,392,,,X,,0,,,0,,,H6,HS,True,8471,,,,C00,,0,0,,5,,6756120.0,False,5,,6756120.0,False,7114526.76,True,0,False,,1505087014.958,1505087014.958,4,False,True
C,A,20220101,2022,52,2022,392,,,X,,0,,,0,,,H6,HS,True,3004,,,,C00,,0,0,,8,,32553967.128,True,-1,,0.0,False,32553967.128,True,0,False,0.0,4544348074.312,4544348074.312,6,False,True
C,A,20210101,2021,52,2021,392,,,X,,0,,,0,,,H5,HS,True,3004,,,,C00,,0,0,,8,,30952556.059,True,-1,,0.0,False,30952556.059,True,0,False,0.0,4499275135.021,4499275135.021,6,False,True
C,A,20230101,2023,52,2023,392,,,X,,0,,,0,,,H6,HS,True,3004,,,,C00,,0,0,,8,,31757312.364,True,-1,,0.0,False,31757312.364,True,0,False,,4487908220.719,4487908220.719,6,False,True
C,A,20210101,2021,52,2021,392,,,X,,0,,,0,,,H5,HS,True,8703,,,,C00,,0,0,,5,,4357090.698,True,-1,,0.0,False,4094642115.745,True,0,False,0.0,85544977953.198,85544977953.198,6,False,True
C,A,20220101,2022,52,2022,392,,,X,,0,,,0,,,H6,HS,True,8703,,,,C00,,0,0,,5,,4336458.39,True,-1,,0.0,False,4321958362.865,True,0,False,0.0,86572809829.902,86572809829.902,6,False,True
C,A,20230101,2023,52,2023,392,,,X,,0,,,0,,,H6,HS,True,8703,,,,C00,,0,0,,5,,5259383.367,True,-1,,0.0,False,5419191725.786,True,0,False,,110654497401.223,110654497401.223,6,False,True
C,A,20210101,2021,52,2021,410,,,X,,0,,,0,,,H5,HS,True,8541,,,,C00,,0,0,,-1,,0.0,False,-1,,0.0,False,169787524.944,True,0,False,,5042955017.0,5042955017.0,4,False,True
C,A,20220101,2022,52,2022,410,,,X,,0,,,0,,,H6,HS,True,8541,,,,C00,,0,0,,-1,,0.0,False,-1,,0.0,False,229891604.285,True,0,False,,4583602231.0,4583602231.0,4,False,True
C,A,20230101,2023,52,2023,410,,,X,,0,,,0,,,H6,HS,True,8541,,,,C00,,0,0,,-1,,0.0,False,-1,,0.0,False,189961504.728,True,0,False,,3878216723.0,3878216723.0,4,False,True
C,A,20210101,2021,52,2021,410,,,X,,0,,,0,,,H5,HS,True,8471,,,,C00,,0,0,,-1,,0.0,False,-1,,0.0,False,5594437.813,True,0,False,,740346123.0,740346123.0,4,False,True
C,A,20220101,2022,52,2022,410,,,X,,0,,,0,,,H6,HS,True,8471,,,,C00,,0,0,,-1,,0.0,False,-1,,0.0,False,4824926.199,True,0,False,,776260912.0,776260912.0,4,False,True
C,A,20230101,2023,52,2023,410,,,X,,0,,,0,,,H6,HS,True,8471,,,,C00,,0,0,,-1,,0.0,False,-1,,0.0,False,5148324.593,True,0,False,,805282869.0,805282869.0,4,False,True
C,A,20210101,2021,52,2021,410,,,X,,0,,,0,,,H5,HS,True,3004,,,,C00,,0,0,,8,,17594402.194,True,-1,,0.0,False,17594402.194,True,0,False,,865413439.0,865413439.0,6,False,True
C,A,20220101,2022,52,2022,410,,,X,,0,,,0,,,H6,HS,True,3004,,,,C00,,0,0,,8,,20307309.466,False,8,,20307309.466,False,20307309.466,False,0,False,,907530033.0,907530033.0,0,False,True
C,A,20230101,2023,52,2023,410,,,X,,0,,,0,,,H6,HS,True,3004,,,,C00,,0,0,,8,,18344578.143,False,8,,18344578.143,False,18344578.143,False,0,False,,842396969.0,842396969.0,0,False,True
C,A,20210101,2021,52,2021,410,,,X,,0,,,0,,,H5,HS,True,8703,,,,C00,,0,0,,5,,1658612.53,True,-1,,0.0,False,3726924733.2,False,0,False,,44317180103.0,44317180103.0,2,False,True
C,A,20220101,2022,52,2022,410,,,X,,0,,,0,,,H6,HS,True,8703,,,,C00,,0,0,,5,,1914107.108,True,-1,,0.0,False,4057998279.275,True,0,False,,51680333532.0,51680333532.0,6,False,True
C,A,20230101,2023,52,2023,410,,,X,,0,,,0,,,H6,HS,True,8703,,,,C00,,0,0,,5,,2516409.96,True,-1,,0.0,False,5201060745.87,False,0,False,,68260793413.0,68260793413.0,2,False,True
C,A,20210101,2021,52,2021,826,,,X,,0,,,0,,,H5,HS,True,8541,,,,C00,,0,3200,,-1,,0.0,False,-1,,0.0,False,131771.107,True,0,False,0.0,32045699.837,32045699.837,4,False,True
C,A,20210101,2021,52,2021,826,,,X,,0,,,0,,,H5,HS,True,8541,,,,C00,,0,9900,,-1,,0.0,False,-1,,0.0,False,1471942.732,True,0,False,0.0,32644140.186,32644140.186,4,False,True
C,A,20210101,2021,52,2021,826,,,X,,0,,,0,,,H5,HS,True,8541,,,,C00,,0,0,,-1,,0.0,False,-1,,0.0,False,3287059.375,True,0,False,0.0,704991572.337,704991572.337,4,False,True
C,A,20210101,2021,52,2021,826,,,X,,0,,,0,,,H5,HS,True,8541,,,,C00,,0,2100,,-1,,0.0,False,-1,,0.0,False,770827.752,True,0,False,0.0,10852754.009,10852754.009,4,False,True
C,A,20210101,2021,52,2021,826,,,X,,0,,,0,,,H5,HS,True,8541,,,,C00,,0,1000,,-1,,0.0,False,-1,,0.0,False,912517.784,True,0,False,0.0,629448978.305,629448978.305,4,False,True
C,A,20210101,2021,52,2021,826,,,X,,0,,,899,,,H5,HS,True,8541,,,,C00,,0,0,,-1,,0.0,False,-1,,0.0,False,3287059.375,True,0,False,0.0,704991572.337,704991572.337,4,False,True
C,A,20210101,2021,52,2021,826,,,X,,0,,,899,,,H5,HS,True,8541,,,,C00,,0,1000,,-1,,0.0,False,-1,,0.0,False,912517.784,True,0,False,0.0,629448978.305,629448978.305,4,False,True
C,A,20210101,2021,52,2021,826,,,X,,0,,,899,,,H5,HS,True,8541,,,,C00,,0,9900,,-1,,0.0,False,-1,,0.0,False,1471942.732,True,0,False,0.0,32644140.186,32644140.186,4,False,True
C,A,20210101,2021,52,2021,826,,,X,,0,,,899,,,H5,HS,True,8541,,,,C00,,0,2100,,-1,,0.0,False,-1,,0.0,False,770827.752,True,0,False,0.0,10852754.009,10852754.009,4,False,True
C,A,20210101,2021,52,2021,826,,,X,,0,,,899,,,H5,HS,True,8541,,,,C00,,0,3200,,-1,,0.0,False,-1,,0.0,False,131771.107,True,0,False,0.0,32045699.837,32045699.837,4,False,True
C,A,20220101,2022,52,2022,826,,,X,,0,,,764,,,H6,HS,True,8541,,,,C00,,0,3200,,8,,2.0,False,8,,2.0,False,2.0,False,0,False,,1618.687,1618.687,0,False,True
C,A,20220101,2022,52,2022,826,,,X,,0,,,752,,,H6,HS,True,8541,,,,C00,,0,9900,,5,,1262562.362,True,-1,,0.0,False,3757.0,False,0,False,,112705.064,112705.064,2,False,True
C,A,20220101,2022,52,2022,826,,,X,,0,,,752,,,H6,HS,True,8541,,,,C00,,0,2100,,5,,3785575.963,True,-1,,0.0,False,60715.0,False,0,False,,1463937.772,1463937.772,2,False,True
C,A,20220101,2022,52,2022,826,,,X,,0,,,780,,,H6,HS,True,8541,,,,C00,,0,1000,,5,,93.028,True,-1,,0.0,False,77.0,False,0,False,,10958.488,10958.488,2,False,True
C,A,20220101,2022,52,2022,826,,,X,,0,,,724,,,H6,HS,True,8541,,,,C00,,0,9000,,-1,,0.0,False,-1,,0.0,False,14.0,False,0,False,,258.795,258.795,0,False,True
C,A,20220101,2022,52,2022,826,,,X,,0,,,724,,,H6,HS,True,8541,,,,C00,,0,3200,,-1,,0.0,True,-1,,0.0,False,2026.245,True,0,False,,503603.373,503603.373,6,False,True
C,A,20220101,2022,52,2022,826,,,X,,0,,,757,,,H6,HS,True,8541,,,,C00,,0,3200,,-1,,0.0,True,-1,,0.0,False,3272.22,True,0,False,,781413.31,781413.31,6,False,True
C,A,20220101,2022,52,2022,826,,,X,,0,,,752,,,H6,HS,True,8541,,,,C00,,0,3200,,-1,,0.0,True,-1,,0.0,False,1364.521,True,0,False,,560816.519,560816.519,6,False,True
C,A,20220101,2022,52,2022,826,,,X,,0,,,724,,,H6,HS,True,8541,,,,C00,,0,9900,,-1,,0.0,True,-1,,0.0,False,19138.435,True,0,False,,1543753.944,1543753.944,6,False,True
C,A,20220101,2022,52,2022,826,,,X,,0,,,757,,,H6,HS,True,8541,,,,C00,,0,9900,,-1,,0.0,True,-1,,0.0,False,5600.0,False,0,False,,2357416.483,2357416.483,2,False,True
C,A,20220101,2022,52,2022,826,,,X,,0,,,764,,,H6,HS,True,8541,,,,C00,,0,2100,,-1,,0.0,True,-1,,0.0,False,6282.0,False,0,False,,243744.262,243744.262,2,False,True
C,A,20220101,2022,52,2022,826,,,X,,0,,,724,,,H6,HS,True,8541,,,,C00,,0,2100,,-1,,0.0,True,-1,,0.0,False,236.097,True,0,False,,37967.126,37967.126,6,False,True
C,A,20220101,2022,52,2022,826,,,X,,0,,,780,,,H6,HS,True,8541,,,,C00,,0,2100,,-1,,0.0,False,-1,,0.0,False,59.0,False,0,False,,1226.833,1226.833,0,False,True
C,A,20220101,2022,52,2022,826,,,X,,0,,,724,,,H6,HS,True,8541,,,,C00,,0,1000,,-1,,0.0,True,-1,,0.0,False,5530.01,True,0,False,,3143959.298,3143959.298,6,False,True
C,A,20220101,2022,52,2022,826,,,X,,0,,,764,,,H6,HS,True,8541,,,,C00,,0,1000,,-1,,0.0,True,-1,,0.0,False,3211.651,True,0,False,,7103563.6,7103563.6,6,False,True
C,A,20220101,2022,52,2022,826,,,X,,0,,,752,,,H6,HS,True,8541,,,,C00,,0,1000,,-1,,0.0,True,-1,,0.0,False,17460.946,True,0,False,,3595348.412,3595348.412,6,False,True
C,A,20220101,2022,52,2022,826,,,X,,0,,,757,,,H6,HS,True,8541,,,,C00,,0,1000,,-1,,0.0,True,-1,,0.0,False,6387.279,True,0,False,,10732602.923,10732602.923,6,False,True
C,A,20220101,2022,52,2022,826,,,X,,0,,,780,,,H6,HS,True,8541,,,,C00,,0,0,,-1,,0.0,False,-1,,0.0,False,136.0,False,0,False,,12185.321,12185.321,0,False,True
C,A,20220101,2022,52,2022,826,,,X,,0,,,764,,,H6,HS,True,8541,,,,C00,,0,0,,-1,,0.0,True,-1,,0.0,False,9495.651,True,0,False,,7348926.549,7348926.549,6,False,True
C,A,20220101,2022,52,2022,826,,,X,,0,,,724,,,H6,HS,True,8541,,,,C00,,0,0,,-1,,0.0,False,-1,,0.0,False,26944.787,True,0,False,,5229542.535,5229542.535,4,False,True
C,A,20220101,2022,52,2022,826,,,X,,0,,,757,,,H6,HS,True,8541,,,,C00,,0,0,,-1,,0.0,True,-1,,0.0,False,15259.5,True,0,False,,13871432.716,13871432.716,6,False,True
C,A,20220101,2022,52,2022,826,,,X,,0,,,752,,,H6,HS,True,8541,,,,C00,,0,0,,-1,,0.0,True,-1,,0.0,False,83297.467,True,0,False,,5732807.766,5732807.766,6,False,True
C,A,20220101,2022,52,2022,826,,,X,,0,,,428,,,H6,HS,True,8541,,,,C00,,0,9000,,-1,,0.0,False,-1,,0.0,False,3.0,False,0,False,,46.388,46.388,0,False,True
C,A,20220101,2022,52,2022,826,,,X,,0,,,251,,,H6,HS,True,8541,,,,C00,,0,9000,,-1,,0.0,False,-1,,0.0,False,11.0,False,0,False,,181.889,181.889,0,False,True
C,A,20220101,2022,52,2022,826,,,X,,0,,,276,,,H6,HS,True,8541,,,,C00,,0,9000,,-1,,0.0,False,-1,,0.0,False,42.0,False,0,False,,739.762,739.762,0,False,True
C,A,20220101,2022,52,2022,826,,,X,,0,,,0,,,H6,HS,True,8541,,,,C00,,0,9000,,-1,,0.0,False,-1,,0.0,False,237436.139,True,0,False,,2597909.943,2597909.943,4,False,True
C,A,20220101,2022,52,2022,826,,,X,,0,,,372,,,H6,HS,True,8541,,,,C00,,0,9000,,-1,,0.0,False,-1,,0.0,False,237064.139,True,0,False,,2588108.706,2588108.706,4,False,True
C,A,20220101,2022,52,2022,826,,,X,,0,,,380,,,H6,HS,True,8541,,,,C00,,0,3200,,-1,,0.0,False,-1,,0.0,False,3509.118,True,0,False,,810898.808,810898.808,4,False,True
C,A,20220101,2022,52,2022,826,,,X,,0,,,392,,,H6,HS,True,8541,,,,C00,,0,3200,,-1,,0.0,False,-1,,0.0,False,158.766,True,0,False,,80660.916,80660.916,4,False,True
C,A,20220101,2022,52,2022,826,,,X,,0,,,699,,,H6,HS,True,8541,,,,C00,,0,3200,,-1,,0.0,False,-1,,0.0,False,290.597,True,0,False,,52267.971,52267.971,4,False,True
C,A,20220101,2022,52,2022,826,,,X,,0,,,554,,,H6,HS,True,8541,,,,C00,,0,3200,,-1,,0.0,False,-1,,0.0,False,2.113,True,0,False,,16340.684,16340.684,4,False,True
C,A,20220101,2022,52,2022,826,,,X,,0,,,372,,,H6,HS,True,8541,,,,C00,,0,3200,,-1,,0.0,True,-1,,0.0,False,867.546,True,0,False,,306250.491,306250.491,6,False,True
C,A,20220101,2022,52,2022,826,,,X,,0,,,251,,,H6,HS,True,8541,,,,C00,,0,3200,,-1,,0.0,True,-1,,0.0,False,12806.76,True,0,False,,2658788.939,2658788.939,6,False,True
C,A,20220101,2022,52,2022,826,,,X,,0,,,276,,,H6,HS,True,8541,,,,C00,,0,3200,,-1,,0.0,True,-1,,0.0,False,36247.211,True,0,False,,6895460.975,6895460.975,6,False,True
C,A,20220101,2022,52,2022,826,,,X,,0,,,528,,,H6,HS,True,8541,,,,C00,,0,3200,,-1,,0.0,True,-1,,0.0,False,10291.171,True,0,False,,5039711.788,5039711.788,6,False,True
C,A,20220101,2022,52,2022,826,,,X,,0,,,579,,,H6,HS,True,8541,,,,C00,,0,3200,,-1,,0.0,True,-1,,0.0,False,703.849,True,0,False,,216041.029,216041.029,6,False,True
C,A,20220101,2022,52,2022,826,,,X,,0,,,702,,,H6,HS,True,8541,,,,C00,,0,3200,,-1,,0.0,True,-1,,0.0,False,52.0,False,0,False,,41205.721,41205.721,2,False,True
C,A,20220101,2022,52,2022,826,,,X,,0,,,100,,,H6,HS,True,8541,,,,C00,,0,3200,,-1,,0.0,False,-1,,0.0,False,104.0,False,0,False,,10770.496,10770.496,0,False,True
C,A,20220101,2022,52,2022,826,,,X,,0,,,124,,,H6,HS,True,8541,,,,C00,,0,3200,,-1,,0.0,False,-1,,0.0,False,48.0,False,0,False,,11644.538,11644.538,0,False,True
C,A,20220101,2022,52,2022,826,,,X,,0,,,156,,,H6,HS,True,8541,,,,C00,,0,3200,,-1,,0.0,False,-1,,0.0,False,215.0,False,0,False,,218781.566,218781.566,0,False,True
C,A,20220101,2022,52,2022,826,,,X,,0,,,376,,,H6,HS,True,8541,,,,C00,,0,3200,,-1,,0.0,False,-1,,0.0,False,61.0,False,0,False,,75919.603,75919.603,0,False,True
C,A,20220101,2022,52,2022,826,,,X,,0,,,688,,,H6,HS,True,8541,,,,C00,,0,3200,,-1,,0.0,False,-1,,0.0,False,60.0,False,0,False,,11804.453,11804.453,0,False,True
C,A,20220101,2022,52,2022,826,,,X,,0,,,703,,,H6,HS,True,8541,,,,C00,,0,3200,,-1,,0.0,False,-1,,0.0,False,1576.0,False,0,False,,207055.24,207055.24,0,False,True
C,A,20220101,2022,52,2022,826,,,X,,0,,,705,,,H6,HS,True,8541,,,,C00,,0,3200,,-1,,0.0,False,-1,,0.0,False,5.0,False,0,False,,1164.576,1164.576,0,False,True
C,A,20220101,2022,52,2022,826,,,X,,0,,,710,,,H6,HS,True,8541,,,,C00,,0,3200,,-1,,0.0,False,-1,,0.0,False,1.0,False,0,False,,9204.3,9204.3,0,False,True
C,A,20220101,2022,52,2022,826,,,X,,0,,,410,,,H6,HS,True,8541,,,,C00,,0,3200,,-1,,0.0,False,-1,,0.0,False,150.0,False,0,False,,37539.871,37539.871,0,False,True
C,A,20220101,2022,52,2022,826,,,X,,0,,,428,,,H6,HS,True,8541,,,,C00,,0,3200,,-1,,0.0,False,-1,,0.0,False,1132.0,False,0,False,,69969.768,69969.768,0,False,True
C,A,20220101,2022,52,2022,826,,,X,,0,,,440,,,H6,HS,True,8541,,,,C00,,0,3200,,-1,,0.0,False,-1,,0.0,False,15.0,False,0,False,,11430.91,11430.91,0,False,True
C,A,20220101,2022,52,2022,826,,,X,,0,,,442,,,H6,HS,True,8541,,,,C00,,0,3200,,-1,,0.0,False,-1,,0.0,False,16.0,False,0,False,,27686.143,27686.143,0,False,True
C,A,20220101,2022,52,2022,826,,,X,,0,,,534,,,H6,HS,True,8541,,,,C00,,0,3200,,-1,,0.0,False,-1,,0.0,False,30.0,False,0,False,,34267.095,34267.095,0,False,True
C,A,20220101,2022,52,2022,826,,,X,,0,,,608,,,H6,HS,True,8541,,,,C00,,0,3200,,-1,,0.0,False,-1,,0.0,False,9.0,False,0,False,,2866.273,2866.273,0,False,True
C,A,20220101,2022,52,2022,826,,,X,,0,,,0,,,H6,HS,True,8541,,,,C00,,0,3200,,-1,,0.0,False,-1,,0.0,False,191675.189,True,0,False,,24714868.103,24714868.103,4,False,True
C,A,20220101,2022,52,2022,826,,,X,,0,,,0,,,H6,HS,True,8541,,,,C00,,0,9900,,-1,,0.0,False,-1,,0.0,False,2056792.06,True,0,False,,37419157.768,37419157.768,4,False,True
C,A,20220101,2022,52,2022,826,,,X,,0,,,100,,,H6,HS,True,8541,,,,C00,,0,9900,,-1,,0.0,False,-1,,0.0,False,368.417,True,0,False,,27211.279,27211.279,4,False,True
C,A,20220101,2022,52,2022,826,,,X,,0,,,440,,,H6,HS,True,8541,,,,C00,,0,9900,,-1,,0.0,False,-1,,0.0,False,1925.338,True,0,False,,731258.421,731258.421,4,False,True
C,A,20220101,2022,52,2022,826,,,X,,0,,,372,,,H6,HS,True,8541,,,,C00,,0,9900,,-1,,0.0,True,-1,,0.0,False,1213178.229,True,0,False,,8949389.477,8949389.477,6,False,True
C,A,20220101,2022,52,2022,826,,,X,,0,,,380,,,H6,HS,True,8541,,,,C00,,0,9900,,-1,,0.0,True,-1,,0.0,False,34359.179,True,0,False,,3320701.385,3320701.385,6,False,True
C,A,20220101,2022,52,2022,826,,,X,,0,,,398,,,H6,HS,True,8541,,,,C00,,0,9900,,-1,,0.0,True,-1,,0.0,False,159.307,True,0,False,,91430.191,91430.191,6,False,True
C,A,20220101,2022,52,2022,826,,,X,,0,,,251,,,H6,HS,True,8541,,,,C00,,0,9900,,-1,,0.0,True,-1,,0.0,False,97973.624,True,0,False,,6974204.125,6974204.125,6,False,True
C,A,20220101,2022,52,2022,826,,,X,,0,,,276,,,H6,HS,True,8541,,,,C00,,0,9900,,-1,,0.0,True,-1,,0.0,False,194922.239,True,0,False,,4355575.963,4355575.963,6,False,True
C,A,20220101,2022,52,2022,826,,,X,,0,,,528,,,H6,HS,True,8541,,,,C00,,0,9900,,-1,,0.0,True,-1,,0.0,False,6960.558,True,0,False,,492563.096,492563.096,6,False,True
C,A,20220101,2022,52,2022,826,,,X,,0,,,188,,,H6,HS,True,8541,,,,C00,,0,9900,,-1,,0.0,False,-1,,0.0,False,85.0,False,0,False,,6384.415,6384.415,0,False,True
C,A,20220101,2022,52,2022,826,,,X,,0,,,12,,,H6,HS,True,8541,,,,C00,,0,9900,,-1,,0.0,False,-1,,0.0,False,7.0,False,0,False,,1315.946,1315.946,0,False,True
C,A,20220101,2022,52,2022,826,,,X,,0,,,31,,,H6,HS,True,8541,,,,C00,,0,9900,,-1,,0.0,False,-1,,0.0,False,3103.0,False,0,False,,200600.022,200600.022,0,False,True
C,A,20220101,2022,52,2022,826,,,X,,0,,,688,,,H6,HS,True,8541,,,,C00,,0,9900,,-1,,0.0,False,-1,,0.0,False,3.0,False,0,False,,1627.232,1627.232,0,False,True
C,A,20220101,2022,52,2022,826,,,X,,0,,,417,,,H6,HS,True,8541,,,,C00,,0,9900,,-1,,0.0,False,-1,,0.0,False,3.0,False,0,False,,1149.927,1149.927,0,False,True
C,A,20220101,2022,52,2022,826,,,X,,0,,,442,,,H6,HS,True,8541,,,,C00,,0,9900,,-1,,0.0,False,-1,,0.0,False,252.0,False,0,False,,17900.776,17900.776,0,False,True
C,A,20220101,2022,52,2022,826,,,X,,0,,,579,,,H6,HS,True,8541,,,,C00,,0,9900,,-1,,0.0,False,-1,,0.0,False,1.0,False,0,False,,6224.499,6224.499,0,False,True
C,A,20220101,2022,52,2022,826,,,X,,0,,,191,,,H6,HS,True,8541,,,,C00,,0,9900,,-1,,0.0,True,-1,,0.0,False,626.0,False,0,False,,69209.254,69209.254,2,False,True
C,A,20220101,2022,52,2022,826,,,X,,0,,,376,,,H6,HS,True,8541,,,,C00,,0,2100,,-1,,0.0,False,-1,,0.0,False,184.0,False,0,False,,7028.96,7028.96,0,False,True
C,A,20220101,2022,52,2022,826,,,X,,0,,,32,,,H6,HS,True,8541,,,,C00,,0,2100,,-1,,0.0,False,-1,,0.0,False,17.0,False,0,False,,2204.637,2204.637,0,False,True
C,A,20220101,2022,52,2022,826,,,X,,0,,,699,,,H6,HS,True,8541,,,,C00,,0,2100,,-1,,0.0,False,-1,,0.0,False,2683.0,False,0,False,,278929.346,278929.346,0,False,True
C,A,20220101,2022,52,2022,826,,,X,,0,,,704,,,H6,HS,True,8541,,,,C00,,0,2100,,-1,,0.0,False,-1,,0.0,False,80.0,False,0,False,,3745.198,3745.198,0,False,True
C,A,20220101,2022,52,2022,826,,,X,,0,,,430,,,H6,HS,True,8541,,,,C00,,0,2100,,-1,,0.0,False,-1,,0.0,False,1325.0,False,0,False,,161.136,161.136,0,False,True
C,A,20220101,2022,52,2022,826,,,X,,0,,,458,,,H6,HS,True,8541,,,,C00,,0,2100,,-1,,0.0,False,-1,,0.0,False,520.0,False,0,False,,21575.172,21575.172,0,False,True
C,A,20220101,2022,52,2022,826,,,X,,0,,,270,,,H6,HS,True,8541,,,,C00,,0,2100,,-1,,0.0,False,-1,,0.0,False,6603.0,False,0,False,,1647.985,1647.985,0,False,True
C,A,20220101,2022,52,2022,826,,,X,,0,,,124,,,H6,HS,True,8541,,,,C00,,0,2100,,-1,,0.0,True,-1,,0.0,False,3637.188,True,0,False,,96958.875,96958.875,6,False,True
C,A,20220101,2022,52,2022,826,,,X,,0,,,528,,,H6,HS,True,8541,,,,C00,,0,2100,,-1,,0.0,True,-1,,0.0,False,159513.824,True,0,False,,2492014.108,2492014.108,6,False,True
C,A,20220101,2022,52,2022,826,,,X,,0,,,0,,,H6,HS,True,8541,,,,C00,,0,2100,,-1,,0.0,False,-1,,0.0,False,1125914.088,True,0,False,,17493314.902,17493314.902,4,False,True
C,A,20220101,2022,52,2022,826,,,X,,0,,,156,,,H6,HS,True,8541,,,,C00,,0,2100,,-1,,0.0,True,-1,,0.0,False,26409.0,False,0,False,,204206.057,204206.057,2,False,True
C,A,20220101,2022,52,2022,826,,,X,,0,,,686,,,H6,HS,True,8541,,,,C00,,0,2100,,-1,,0.0,True,-1,,0.0,False,45.0,False,0,False,,3271.555,3271.555,2,False,True
C,A,20220101,2022,52,2022,826,,,X,,0,,,702,,,H6,HS,True,8541,,,,C00,,0,2100,,-1,,0.0,True,-1,,0.0,False,3691.0,False,0,False,,120147.851,120147.851,2,False,True
C,A,20220101,2022,52,2022,826,,,X,,0,,,710,,,H6,HS,True,8541,,,,C00,,0,2100,,-1,,0.0,True,-1,,0.0,False,1440.0,False,0,False,,1636756.434,1636756.434,2,False,True
C,A,20220101,2022,52,2022,826,,,X,,0,,,579,,,H6,HS,True,8541,,,,C00,,0,2100,,-1,,0.0,True,-1,,0.0,False,30932.0,False,0,False,,268172.278,268172.278,2,False,True
C,A,20220101,2022,52,2022,826,,,X,,0,,,100,,,H6,HS,True,8541,,,,C00,,0,1000,,-1,,0.0,True,-1,,0.0,False,134.119,True,0,False,,235760.692,235760.692,6,False,True
C,A,20220101,2022,52,2022,826,,,X,,0,,,124,,,H6,HS,True,8541,,,,C00,,0,1000,,-1,,0.0,True,-1,,0.0,False,5823.27,True,0,False,,7856645.001,7856645.001,6,False,True
C,A,20220101,2022,52,2022,826,,,X,,0,,,144,,,H6,HS,True,8541,,,,C00,,0,1000,,-1,,0.0,True,-1,,0.0,False,421.602,True,0,False,,425192.261,425192.261,6,False,True
C,A,20220101,2022,52,2022,826,,,X,,0,,,156,,,H6,HS,True,8541,,,,C00,,0,1000,,-1,,0.0,True,-1,,0.0,False,67684.709,True,0,False,,63725051.34,63725051.34,6,False,True
C,A,20220101,2022,52,2022,826,,,X,,0,,,188,,,H6,HS,True,8541,,,,C00,,0,1000,,-1,,0.0,True,-1,,0.0,False,105.911,True,0,False,,46039.81,46039.81,6,False,True
C,A,20220101,2022,52,2022,826,,,X,,0,,,191,,,H6,HS,True,8541,,,,C00,,0,1000,,-1,,0.0,True,-1,,0.0,False,230.531,True,0,False,,179666.955,179666.955,6,False,True
C,A,20220101,2022,52,2022,826,,,X,,0,,,372,,,H6,HS,True,8541,,,,C00,,0,1000,,-1,,0.0,True,-1,,0.0,False,4803.901,True,0,False,,9058854.725,9058854.725,6,False,True
C,A,20220101,2022,52,2022,826,,,X,,0,,,376,,,H6,HS,True,8541,,,,C00,,0,1000,,-1,,0.0,True,-1,,0.0,False,3703.674,True,0,False,,2419004.723,2419004.723,6,False,True
C,A,20220101,2022,52,2022,826,,,X,,0,,,380,,,H6,HS,True,8541,,,,C00,,0,1000,,-1,,0.0,True,-1,,0.0,False,9314.117,True,0,False,,15027037.432,15027037.432,6,False,True
C,A,20220101,2022,52,2022,826,,,X,,0,,,392,,,H6,HS,True,8541,,,,C00,,0,1000,,-1,,0.0,True,-1,,0.0,False,16309.501,True,0,False,,10283013.164,10283013.164,6,False,True
C,A,20220101,2022,52,2022,826,,,X,,0,,,32,,,H6,HS,True,8541,,,,C00,,0,1000,,-1,,0.0,True,-1,,0.0,False,69.702,True,0,False,,57573.261,57573.261,6,False,True
C,A,20220101,2022,52,2022,826,,,X,,0,,,682,,,H6,HS,True,8541,,,,C00,,0,1000,,-1,,0.0,True,-1,,0.0,False,4091.649,True,0,False,,985439.92,985439.92,6,False,True
C,A,20220101,2022,52,2022,826,,,X,,0,,,688,,,H6,HS,True,8541,,,,C00,,0,1000,,-1,,0.0,True,-1,,0.0,False,239.999,True,0,False,,1562942.589,1562942.589,6,False,True
C,A,20220101,2022,52,2022,826,,,X,,0,,,699,,,H6,HS,True,8541,,,,C00,,0,1000,,-1,,0.0,True,-1,,0.0,False,31469.993,True,0,False,,8321227.758,8321227.758,6,False,True
C,A,20220101,2022,52,2022,826,,,X,,0,,,702,,,H6,HS,True,8541,,,,C00,,0,1000,,-1,,0.0,True,-1,,0.0,False,30993.0,True,0,False,,18766604.038,18766604.038,6,False,True
C,A,20220101,2022,52,2022,826,,,X,,0,,,703,,,H6,HS,True,8541,,,,C00,,0,1000,,-1,,0.0,True,-1,,0.0,False,1383.076,True,0,False,,1275003.04,1275003.04,6,False,True
C,A,20220101,2022,52,2022,826,,,X,,0,,,704,,,H6,HS,True,8541,,,,C00,,0,1000,,-1,,0.0,True,-1,,0.0,False,306.518,True,0,False,,550799.213,550799.213,6,False,True
C,A,20220101,2022,52,2022,826,,,X,,0,,,705,,,H6,HS,True,8541,,,,C00,,0,1000,,-1,,0.0,True,-1,,0.0,False,108.543,True,0,False,,77057.323,77057.323,6,False,True
C,A,20220101,2022,52,2022,826,,,X,,0,,,710,,,H6,HS,True,8541,,,,C00,,0,1000,,-1,,0.0,True,-1,,0.0,False,1755.225,True,0,False,,1986480.762,1986480.762,6,False,True
C,A,20220101,2022,52,2022,826,,,X,,0,,,410,,,H6,HS,True,8541,,,,C00,,0,1000,,-1,,0.0,True,-1,,0.0,False,23598.407,True,0,False,,9926135.362,9926135.362,6,False,True
C,A,20220101,2022,52,2022,826,,,X,,0,,,428,,,H6,HS,True,8541,,,,C00,,0,1000,,-1,,0.0,True,-1,,0.0,False,470.819,True,0,False,,155318.286,155318.286,6,False,True
C,A,20220101,2022,52,2022,826,,,X,,0,,,440,,,H6,HS,True,8541,,,,C00,,0,1000,,-1,,0.0,True,-1,,0.0,False,690.568,True,0,False,,582643.161,582643.161,6,False,True
C,A,20220101,2022,52,2022,826,,,X,,0,,,446,,,H6,HS,True,8541,,,,C00,,0,1000,,-1,,0.0,True,-1,,0.0,False,5.494,True,0,False,,3387.524,3387.524,6,False,True
C,A,20220101,2022,52,2022,826,,,X,,0,,,458,,,H6,HS,True,8541,,,,C00,,0,1000,,-1,,0.0,True,-1,,0.0,False,5689.931,True,0,False,,9801077.738,9801077.738,6,False,True
C,A,20220101,2022,52,2022,826,,,X,,0,,,251,,,H6,HS,True,8541,,,,C00,,0,1000,,-1,,0.0,True,-1,,0.0,False,12525.001,True,0,False,,14745754.52,14745754.52,6,False,True
C,A,20220101,2022,52,2022,826,,,X,,0,,,276,,,H6,HS,True,8541,,,,C00,,0,1000,,-1,,0.0,True,-1,,0.0,False,197922.702,True,0,False,,96741370.165,96741370.165,6,False,True
C,A,20220101,2022,52,2022,826,,,X,,0,,,528,,,H6,HS,True,8541,,,,C00,,0,1000,,-1,,0.0,True,-1,,0.0,False,12214.201,True,0,False,,10295855.237,10295855.237,6,False,True
C,A,20220101,2022,52,2022,826,,,X,,0,,,554,,,H6,HS,True,8541,,,,C00,,0,1000,,-1,,0.0,True,-1,,0.0,False,13780.575,True,0,False,,2736033.034,2736033.034,6,False,True
C,A,20220101,2022,52,2022,826,,,X,,0,,,579,,,H6,HS,True,8541,,,,C00,,0,1000,,-1,,0.0,True,-1,,0.0,False,4010.904,True,0,False,,2662496.294,2662496.294,6,False,True
C,A,20220101,2022,52,2022,826,,,X,,0,,,608,,,H6,HS,True,8541,,,,C00,,0,1000,,-1,,0.0,True,-1,,0.0,False,22676.878,True,0,False,,235295532.741,235295532.741,6,False,True
C,A,20220101,2022,52,2022,826,,,X,,0,,,112,,,H6,HS,True,8541,,,,C00,,0,1000,,-1,,0.0,False,-1,,0.0,False,2.735,True,0,False,,14918.534,14918.534,4,False,True
C,A,20220101,2022,52,2022,826,,,X,,0,,,694,,,H6,HS,True,8541,,,,C00,,0,1000,,-1,,0.0,False,-1,,0.0,False,2.713,True,0,False,,4461.766,4461.766,4,False,True
C,A,20220101,2022,52,2022,826,,,X,,0,,,442,,,H6,HS,True,8541,,,,C00,,0,1000,,-1,,0.0,False,-1,,0.0,False,11.002,True,0,False,,19683.041,19683.041,4,False,True
C,A,20220101,2022,52,2022,826,,,X,,0,,,858,,,H6,HS,True,8541,,,,C00,,0,1000,,-1,,0.0,False,-1,,0.0,False,115.925,True,0,False,,318659.205,318659.205,4,False,True
C,A,20220101,2022,52,2022,826,,,X,,0,,,0,,,H6,HS,True,8541,,,,C00,,0,1000,,-1,,0.0,False,-1,,0.0,False,987364.933,True,0,False,,795850230.895,795850230.895,4,False,True
C,A,20220101,2022,52,2022,826,,,X,,0,,,116,,,H6,HS,True,8541,,,,C00,,0,1000,,-1,,0.0,False,-1,,0.0,False,4.0,False,0,False,,3527.908,3527.908,0,False,True
C,A,20220101,2022,52,2022,826,,,X,,0,,,384,,,H6,HS,True,8541,,,,C00,,0,1000,,-1,,0.0,False,-1,,0.0,False,31.0,False,0,False,,8038.503,8038.503,0,False,True
C,A,20220101,2022,52,2022,826,,,X,,0,,,398,,,H6,HS,True,8541,,,,C00,,0,1000,,-1,,0.0,False,-1,,0.0,False,393.0,False,0,False,,245161.529,245161.529,0,False,True
C,A,20220101,2022,52,2022,826,,,X,,0,,,24,,,H6,HS,True,8541,,,,C00,,0,1000,,-1,,0.0,False,-1,,0.0,False,9.0,False,0,False,,5345.574,5345.574,0,False,True
C,A,20220101,2022,52,2022,826,,,X,,0,,,686,,,H6,HS,True,8541,,,,C00,,0,1000,,-1,,0.0,False,-1,,0.0,False,4.0,False,0,False,,2100.875,2100.875,0,False,True
C,A,20220101,2022,52,2022,826,,,X,,0,,,690,,,H6,HS,True,8541,,,,C00,,0,1000,,-1,,0.0,False,-1,,0.0,False,100.0,False,0,False,,5964.484,5964.484,0,False,True
C,A,20220101,2022,52,2022,826,,,X,,0,,,414,,,H6,HS,True,8541,,,,C00,,0,1000,,-1,,0.0,False,-1,,0.0,False,189.0,False,0,False,,362242.907,362242.907,0,False,True
C,A,20220101,2022,52,2022,826,,,X,,0,,,417,,,H6,HS,True,8541,,,,C00,,0,1000,,-1,,0.0,False,-1,,0.0,False,83.0,False,0,False,,47944.148,47944.148,0,False,True
C,A,20220101,2022,52,2022,826,,,X,,0,,,422,,,H6,HS,True,8541,,,,C00,,0,1000,,-1,,0.0,False,-1,,0.0,False,35.0,False,0,False,,6308.73,6308.73,0,False,True
C,A,20220101,2022,52,2022,826,,,X,,0,,,268,,,H6,HS,True,8541,,,,C00,,0,1000,,-1,,0.0,False,-1,,0.0,False,622.0,False,0,False,,122777.302,122777.302,0,False,True
C,A,20220101,2022,52,2022,826,,,X,,0,,,292,,,H6,HS,True,8541,,,,C00,,0,1000,,-1,,0.0,False,-1,,0.0,False,39.0,False,0,False,,16943.724,16943.724,0,False,True
C,A,20220101,2022,52,2022,826,,,X,,0,,,535,,,H6,HS,True,8541,,,,C00,,0,1000,,-1,,0.0,False,-1,,0.0,False,196.0,False,0,False,,65421.331,65421.331,0,False,True
C,A,20220101,2022,52,2022,826,,,X,,0,,,604,,,H6,HS,True,8541,,,,C00,,0,1000,,-1,,0.0,False,-1,,0.0,False,4.0,False,0,False,,1170.68,1170.68,0,False,True
C,A,20220101,2022,52,2022,826,,,X,,0,,,862,,,H6,HS,True,8541,,,,C00,,0,1000,,-1,,0.0,False,-1,,0.0,False,200.0,False,0,False,,1717.566,1717.566,0,False,True
C,A,20220101,2022,52,2022,826,,,X,,0,,,400,,,H6,HS,True,8541,,,,C00,,0,1000,,-1,,0.0,True,-1,,0.0,False,54.0,False,0,False,,8311.947,8311.947,2,False,True
C,A,20220101,2022,52,2022,826,,,X,,0,,,586,,,H6,HS,True,8541,,,,C00,,0,1000,,-1,,0.0,True,-1,,0.0,False,148.0,False,0,False,,51413.461,51413.461,2,False,True
C,A,20220101,2022,52,2022,826,,,X,,0,,,100,,,H6,HS,True,8541,,,,C00,,0,0,,-1,,0.0,False,-1,,0.0,False,606.537,True,0,False,,273742.467,273742.467,4,False,True
C,A,20220101,2022,52,2022,826,,,X,,0,,,112,,,H6,HS,True,8541,,,,C00,,0,0,,-1,,0.0,False,-1,,0.0,False,2.735,True,0,False,,14918.534,14918.534,4,False,True
C,A,20220101,2022,52,2022,826,,,X,,0,,,124,,,H6,HS,True,8541,,,,C00,,0,0,,-1,,0.0,False,-1,,0.0,False,9508.457,True,0,False,,7965248.414,7965248.414,4,False,True
C,A,20220101,2022,52,2022,826,,,X,,0,,,156,,,H6,HS,True,8541,,,,C00,,0,0,,-1,,0.0,False,-1,,0.0,False,94308.709,True,0,False,,64148038.964,64148038.964,4,False,True
C,A,20220101,2022,52,2022,826,,,X,,0,,,188,,,H6,HS,True,8541,,,,C00,,0,0,,-1,,0.0,False,-1,,0.0,False,190.911,True,0,False,,52424.225,52424.225,4,False,True
C,A,20220101,2022,52,2022,826,,,X,,0,,,376,,,H6,HS,True,8541,,,,C00,,0,0,,-1,,0.0,False,-1,,0.0,False,3948.674,True,0,False,,2501953.287,2501953.287,4,False,True
C,A,20220101,2022,52,2022,826,,,X,,0,,,380,,,H6,HS,True,8541,,,,C00,,0,0,,-1,,0.0,False,-1,,0.0,False,47182.413,True,0,False,,19158637.625,19158637.625,4,False,True
C,A,20220101,2022,52,2022,826,,,X,,0,,,392,,,H6,HS,True,8541,,,,C00,,0,0,,-1,,0.0,False,-1,,0.0,False,18518.267,True,0,False,,10461422.767,10461422.767,4,False,True
C,A,20220101,2022,52,2022,826,,,X,,0,,,398,,,H6,HS,True,8541,,,,C00,,0,0,,-1,,0.0,False,-1,,0.0,False,552.307,True,0,False,,336591.72,336591.72,4,False,True
C,A,20220101,2022,52,2022,826,,,X,,0,,,32,,,H6,HS,True,8541,,,,C00,,0,0,,-1,,0.0,False,-1,,0.0,False,86.702,True,0,False,,59777.898,59777.898,4,False,True
C,A,20220101,2022,52,2022,826,,,X,,0,,,688,,,H6,HS,True,8541,,,,C00,,0,0,,-1,,0.0,False,-1,,0.0,False,302.999,True,0,False,,1576374.275,1576374.275,4,False,True
C,A,20220101,2022,52,2022,826,,,X,,0,,,694,,,H6,HS,True,8541,,,,C00,,0,0,,-1,,0.0,False,-1,,0.0,False,2.713,True,0,False,,4461.766,4461.766,4,False,True
C,A,20220101,2022,52,2022,826,,,X,,0,,,699,,,H6,HS,True,8541,,,,C00,,0,0,,-1,,0.0,False,-1,,0.0,False,34443.589,True,0,False,,8652425.075,8652425.075,4,False,True
C,A,20220101,2022,52,2022,826,,,X,,0,,,703,,,H6,HS,True,8541,,,,C00,,0,0,,-1,,0.0,False,-1,,0.0,False,2959.076,True,0,False,,1482058.279,1482058.279,4,False,True
C,A,20220101,2022,52,2022,826,,,X,,0,,,704,,,H6,HS,True,8541,,,,C00,,0,0,,-1,,0.0,False,-1,,0.0,False,386.518,True,0,False,,554544.411,554544.411,4,False,True
C,A,20220101,2022,52,2022,826,,,X,,0,,,705,,,H6,HS,True,8541,,,,C00,,0,0,,-1,,0.0,False,-1,,0.0,False,113.543,True,0,False,,78221.899,78221.899,4,False,True
C,A,20220101,2022,52,2022,826,,,X,,0,,,710,,,H6,HS,True,8541,,,,C00,,0,0,,-1,,0.0,False,-1,,0.0,False,3196.225,True,0,False,,3632441.496,3632441.496,4,False,True
C,A,20220101,2022,52,2022,826,,,X,,0,,,410,,,H6,HS,True,8541,,,,C00,,0,0,,-1,,0.0,False,-1,,0.0,False,23753.407,True,0,False,,10200662.758,10200662.758,4,False,True
C,A,20220101,2022,52,2022,826,,,X,,0,,,428,,,H6,HS,True,8541,,,,C00,,0,0,,-1,,0.0,False,-1,,0.0,False,1605.819,True,0,False,,225334.442,225334.442,4,False,True
C,A,20220101,2022,52,2022,826,,,X,,0,,,440,,,H6,HS,True,8541,,,,C00,,0,0,,-1,,0.0,False,-1,,0.0,False,2630.905,True,0,False,,1325332.492,1325332.492,4,False,True
C,A,20220101,2022,52,2022,826,,,X,,0,,,442,,,H6,HS,True,8541,,,,C00,,0,0,,-1,,0.0,False,-1,,0.0,False,279.002,True,0,False,,65269.96,65269.96,4,False,True
C,A,20220101,2022,52,2022,826,,,X,,0,,,458,,,H6,HS,True,8541,,,,C00,,0,0,,-1,,0.0,False,-1,,0.0,False,6209.931,True,0,False,,9822652.91,9822652.91,4,False,True
C,A,20220101,2022,52,2022,826,,,X,,0,,,251,,,H6,HS,True,8541,,,,C00,,0,0,,-1,,0.0,False,-1,,0.0,False,168478.384,True,0,False,,24790533.795,24790533.795,4,False,True
C,A,20220101,2022,52,2022,826,,,X,,0,,,554,,,H6,HS,True,8541,,,,C00,,0,0,,-1,,0.0,False,-1,,0.0,False,13782.688,True,0,False,,2752373.718,2752373.718,4,False,True
C,A,20220101,2022,52,2022,826,,,X,,0,,,579,,,H6,HS,True,8541,,,,C00,,0,0,,-1,,0.0,False,-1,,0.0,False,35647.754,True,0,False,,3152934.101,3152934.101,4,False,True
C,A,20220101,2022,52,2022,826,,,X,,0,,,608,,,H6,HS,True,8541,,,,C00,,0,0,,-1,,0.0,False,-1,,0.0,False,22685.878,True,0,False,,235298399.014,235298399.014,4,False,True
C,A,20220101,2022,52,2022,826,,,X,,0,,,858,,,H6,HS,True,8541,,,,C00,,0,0,,-1,,0.0,False,-1,,0.0,False,115.925,True,0,False,,318659.205,318659.205,4,False,True
C,A,20220101,2022,52,2022,826,,,X,,0,,,276,,,H6,HS,True,8541,,,,C00,,0,0,,-1,,0.0,False,-1,,0.0,False,574213.152,True,0,False,,109061597.605,109061597.605,4,False,True
C,A,20220101,2022,52,2022,826,,,X,,0,,,372,,,H6,HS,True,8541,,,,C00,,0,0,,-1,,0.0,False,-1,,0.0,False,1455913.815,True,0,False,,20902603.4,20902603.4,4,False,True
C,A,20220101,2022,52,2022,826,,,X,,0,,,0,,,H6,HS,True,8541,,,,C00,,0,0,,-1,,0.0,False,-1,,0.0,False,4599182.41,True,0,False,,878075481.611,878075481.611,4,False,True
C,A,20220101,2022,52,2022,826,,,X,,0,,,400,,,H6,HS,True,8541,,,,C00,,0,0,,-1,,0.0,True,-1,,0.0,False,287.0,False,0,False,,16025.736,16025.736,2,False,True
C,A,20220101,2022,52,2022,826,,,X,,0,,,586,,,H6,HS,True,8541,,,,C00,,0,0,,-1,,0.0,True,-1,,0.0,False,230029.0,False,0,False,,461980.162,461980.162,2,False,True
C,A,20220101,2022,52,2022,826,,,X,,0,,,144,,,H6,HS,True,8541,,,,C00,,0,0,,-1,,0.0,True,-1,,0.0,False,580.602,True,0,False,,441132.545,441132.545,6,False,True
C,A,20220101,2022,52,2022,826,,,X,,0,,,191,,,H6,HS,True,8541,,,,C00,,0,0,,-1,,0.0,True,-1,,0.0,False,856.531,True,0,False,,248876.208,248876.208,6,False,True
C,A,20220101,2022,52,2022,826,,,X,,0,,,682,,,H6,HS,True,8541,,,,C00,,0,0,,-1,,0.0,True,-1,,0.0,False,4091.649,True,0,False,,985439.92,985439.92,6,False,True
C,A,20220101,2022,52,2022,826,,,X,,0,,,702,,,H6,HS,True,8541,,,,C00,,0,0,,-1,,0.0,True,-1,,0.0,False,34736.0,True,0,False,,18927957.61,18927957.61,6,False,True
C,A,20220101,2022,52,2022,826,,,X,,0,,,446,,,H6,HS,True,8541,,,,C00,,0,0,,-1,,0.0,True,-1,,0.0,False,5.494,True,0,False,,3387.524,3387.524,6,False,True
C,A,20220101,2022,52,2022,826,,,X,,0,,,528,,,H6,HS,True,8541,,,,C00,,0,0,,-1,,0.0,True,-1,,0.0,False,188979.755,True,0,False,,18320144.229,18320144.229,6,False,True
C,A,20220101,2022,52,2022,826,,,X,,0,,,116,,,H6,HS,True,8541,,,,C00,,0,0,,-1,,0.0,False,-1,,0.0,False,4.0,False,0,False,,3527.908,3527.908,0,False,True
C,A,20220101,2022,52,2022,826,,,X,,0,,,384,,,H6,HS,True,8541,,,,C00,,0,0,,-1,,0.0,False,-1,,0.0,False,31.0,False,0,False,,8038.503,8038.503,0,False,True
C,A,20220101,2022,52,2022,826,,,X,,0,,,12,,,H6,HS,True,8541,,,,C00,,0,0,,-1,,0.0,False,-1,,0.0,False,7.0,False,0,False,,1315.946,1315.946,0,False,True
C,A,20220101,2022,52,2022,826,,,X,,0,,,24,,,H6,HS,True,8541,,,,C00,,0,0,,-1,,0.0,False,-1,,0.0,False,9.0,False,0,False,,5345.574,5345.574,0,False,True
C,A,20220101,2022,52,2022,826,,,X,,0,,,31,,,H6,HS,True,8541,,,,C00,,0,0,,-1,,0.0,False,-1,,0.0,False,3103.0,False,0,False,,200600.022,200600.022,0,False,True
C,A,20220101,2022,52,2022,826,,,X,,0,,,686,,,H6,HS,True,8541,,,,C00,,0,0,,-1,,0.0,False,-1,,0.0,False,49.0,False,0,False,,5372.43,5372.43,0,False,True
C,A,20220101,2022,52,2022,826,,,X,,0,,,690,,,H6,HS,True,8541,,,,C00,,0,0,,-1,,0.0,False,-1,,0.0,False,100.0,False,0,False,,5964.484,5964.484,0,False,True
C,A,20220101,2022,52,2022,826,,,X,,0,,,414,,,H6,HS,True,8541,,,,C00,,0,0,,-1,,0.0,False,-1,,0.0,False,189.0,False,0,False,,362242.907,362242.907,0,False,True
C,A,20220101,2022,52,2022,826,,,X,,0,,,417,,,H6,HS,True,8541,,,,C00,,0,0,,-1,,0.0,False,-1,,0.0,False,86.0,False,0,False,,49094.075,49094.075,0,False,True
C,A,20220101,2022,52,2022,826,,,X,,0,,,422,,,H6,HS,True,8541,,,,C00,,0,0,,-1,,0.0,False,-1,,0.0,False,35.0,False,0,False,,6308.73,6308.73,0,False,True
C,A,20220101,2022,52,2022,826,,,X,,0,,,430,,,H6,HS,True,8541,,,,C00,,0,0,,-1,,0.0,False,-1,,0.0,False,1325.0,False,0,False,,161.136,161.136,0,False,True
C,A,20220101,2022,52,2022,826,,,X,,0,,,268,,,H6,HS,True,8541,,,,C00,,0,0,,-1,,0.0,False,-1,,0.0,False,622.0,False,0,False,,122777.302,122777.302,0,False,True
C,A,20220101,2022,52,2022,826,,,X,,0,,,270,,,H6,HS,True,8541,,,,C00,,0,0,,-1,,0.0,False,-1,,0.0,False,6603.0,False,0,False,,1647.985,1647.985,0,False,True
C,A,20220101,2022,52,2022,826,,,X,,0,,,292,,,H6,HS,True,8541,,,,C00,,0,0,,-1,,0.0,False,-1,,0.0,False,5620.0,False,0,False,,58302.037,58302.037,0,False,True
C,A,20220101,2022,52,2022,826,,,X,,0,,,534,,,H6,HS,True,8541,,,,C00,,0,0,,-1,,0.0,False,-1,,0.0,False,30.0,False,0,False,,34267.095,34267.095,0,False,True
C,A,20220101,2022,52,2022,826,,,X,,0,,,535,,,H6,HS,True,8541,,,,C00,,0,0,,-1,,0.0,False,-1,,0.0,False,196.0,False,0,False,,65421.331,65421.331,0,False,True
C,A,20220101,2022,52,2022,826,,,X,,0,,,604,,,H6,HS,True,8541,,,,C00,,0,0,,-1,,0.0,False,-1,,0.0,False,4.0,False,0,False,,1170.68,1170.68,0,False,True
C,A,20220101,2022,52,2022,826,,,X,,0,,,862,,,H6,HS,True,8541,,,,C00,,0,0,,-1,,0.0,False,-1,,0.0,False,200.0,False,0,False,,1717.566,1717.566,0,False,True
C,A,20220101,2022,52,2022,826,,,X,,0,,,251,,,H6,HS,True,8541,,,,C00,,0,2100,,5,,705270.336,True,-1,,0.0,False,45162.0,False,0,False,,411604.322,411604.322,2,False,True
C,A,20220101,2022,52,2022,826,,,X,,0,,,276,,,H6,HS,True,8541,,,,C00,,0,2100,,5,,724427.795,True,-1,,0.0,False,145079.0,False,0,False,,1068450.74,1068450.74,2,False,True
C,A,20220101,2022,52,2022,826,,,X,,0,,,586,,,H6,HS,True,8541,,,,C00,,0,2100,,5,,3485.369,True,-1,,0.0,False,229881.0,False,0,False,,410566.702,410566.702,2,False,True
C,A,20220101,2022,52,2022,826,,,X,,0,,,292,,,H6,HS,True,8541,,,,C00,,0,9900,,5,,34061.313,True,-1,,0.0,False,5581.0,False,0,False,,41358.312,41358.312,2,False,True
C,A,20220101,2022,52,2022,826,,,X,,0,,,716,,,H6,HS,True,8541,,,,C00,,0,1000,,5,,11842.329,True,-1,,0.0,False,98.57,True,0,False,,2551.324,2551.324,6,False,True
C,A,20220101,2022,52,2022,826,,,X,,0,,,716,,,H6,HS,True,8541,,,,C00,,0,0,,5,,11842.329,True,-1,,0.0,False,98.57,True,0,False,,2551.324,2551.324,6,False,True
C,A,20220101,2022,52,2022,826,,,X,,0,,,887,,,H6,HS,True,8541,,,,C00,,0,1000,,8,,65.411,True,-1,,0.0,False,65.411,True,0,False,,8944.284,8944.284,6,False,True
C,A,20220101,2022,52,2022,826,,,X,,0,,,887,,,H6,HS,True,8541,,,,C00,,0,0,,8,,65.411,True,-1,,0.0,False,65.411,True,0,False,,8944.284,8944.284,6,False,True
C,A,20220101,2022,52,2022,826,,,X,,0,,,410,,,H6,HS,True,8541,,,,C00,,0,2100,,8,,5.0,False,8,,5.0,False,5.0,False,0,False,,236987.525,236987.525,0,False,True
C,A,20220101,2022,52,2022,826,,,X,,0,,,400,,,H6,HS,True,8541,,,,C00,,0,2100,,8,,233.0,False,8,,233.0,False,233.0,False,0,False,,7713.789,7713.789,0,False,True
C,A,20220101,2022,52,2022,826,,,X,,0,,,144,,,H6,HS,True,8541,,,,C00,,0,2100,,8,,159.0,False,8,,159.0,False,159.0,False,0,False,,15940.285,15940.285,0,False,True
C,A,20220101,2022,52,2022,826,,,X,,0,,,392,,,H6,HS,True,8541,,,,C00,,0,2100,,8,,2050.0,False,8,,2050.0,False,2050.0,False,0,False,,97748.687,97748.687,0,False,True
C,A,20220101,2022,52,2022,826,,,X,,0,,,591,,,H6,HS,True,8541,,,,C00,,0,1000,,8,,9.0,False,8,,9.0,False,9.0,False,0,False,,1380.645,1380.645,0,False,True
C,A,20220101,2022,52,2022,826,,,X,,0,,,591,,,H6,HS,True,8541,,,,C00,,0,0,,8,,9.0,False,8,,9.0,False,9.0,False,0,False,,1380.645,1380.645,0,False,True
C,A,20220101,2022,52,2022,826,,,X,,0,,,56,,,H6,HS,True,8541,,,,C00,,0,9000,,-1,,0.0,False,-1,,0.0,False,2.0,False,0,False,,13.428,13.428,0,False,True
C,A,20220101,2022,52,2022,826,,,X,,0,,,616,,,H6,HS,True,8541,,,,C00,,0,9000,,-1,,0.0,False,-1,,0.0,False,169.0,False,0,False,,5703.248,5703.248,0,False,True
C,A,20220101,2022,52,2022,826,,,X,,0,,,620,,,H6,HS,True,8541,,,,C00,,0,9000,,-1,,0.0,False,-1,,0.0,False,3.0,False,0,False,,63.478,63.478,0,False,True
C,A,20220101,2022,52,2022,826,,,X,,0,,,300,,,H6,HS,True,8541,,,,C00,,0,9000,,-1,,0.0,False,-1,,0.0,False,5.0,False,0,False,,90.334,90.334,0,False,True
C,A,20220101,2022,52,2022,826,,,X,,0,,,40,,,H6,HS,True,8541,,,,C00,,0,3200,,-1,,0.0,False,-1,,0.0,False,202.729,True,0,False,,164902.232,164902.232,4,False,True
C,A,20220101,2022,52,2022,826,,,X,,0,,,620,,,H6,HS,True,8541,,,,C00,,0,3200,,-1,,0.0,False,-1,,0.0,False,1051.764,True,0,False,,101825.923,101825.923,4,False,True
C,A,20220101,2022,52,2022,826,,,X,,0,,,470,,,H6,HS,True,8541,,,,C00,,0,3200,,-1,,0.0,False,-1,,0.0,False,47.251,True,0,False,,35550.082,35550.082,4,False,True
C,A,20220101,2022,52,2022,826,,,X,,0,,,56,,,H6,HS,True,8541,,,,C00,,0,3200,,-1,,0.0,True,-1,,0.0,False,6855.065,True,0,False,,1333966.712,1333966.712,6,False,True
C,A,20220101,2022,52,2022,826,,,X,,0,,,616,,,H6,HS,True,8541,,,,C00,,0,3200,,-1,,0.0,True,-1,,0.0,False,7471.829,True,0,False,,755461.823,755461.823,6,False,True
C,A,20220101,2022,52,2022,826,,,X,,0,,,642,,,H6,HS,True,8541,,,,C00,,0,3200,,-1,,0.0,True,-1,,0.0,False,2203.52,True,0,False,,952782.967,952782.967,6,False,True
C,A,20220101,2022,52,2022,826,,,X,,0,,,344,,,H6,HS,True,8541,,,,C00,,0,3200,,-1,,0.0,True,-1,,0.0,False,364.309,True,0,False,,179019.968,179019.968,6,False,True
C,A,20220101,2022,52,2022,826,,,X,,0,,,490,,,H6,HS,True,8541,,,,C00,,0,3200,,-1,,0.0,True,-1,,0.0,False,25.0,False,0,False,,5256.461,5256.461,2,False,True
C,A,20220101,2022,52,2022,826,,,X,,0,,,784,,,H6,HS,True,8541,,,,C00,,0,3200,,-1,,0.0,False,-1,,0.0,False,77.0,False,0,False,,14701.244,14701.244,0,False,True
C,A,20220101,2022,52,2022,826,,,X,,0,,,788,,,H6,HS,True,8541,,,,C00,,0,3200,,-1,,0.0,False,-1,,0.0,False,84.0,False,0,False,,20189.644,20189.644,0,False,True
C,A,20220101,2022,52,2022,826,,,X,,0,,,804,,,H6,HS,True,8541,,,,C00,,0,3200,,-1,,0.0,False,-1,,0.0,False,50.0,False,0,False,,7544.108,7544.108,0,False,True
C,A,20220101,2022,52,2022,826,,,X,,0,,,842,,,H6,HS,True,8541,,,,C00,,0,3200,,-1,,0.0,False,-1,,0.0,False,5.0,False,0,False,,1843.301,1843.301,0,False,True
C,A,20220101,2022,52,2022,826,,,X,,0,,,40,,,H6,HS,True,8541,,,,C00,,0,9900,,-1,,0.0,False,-1,,0.0,False,320.0,False,0,False,,24205.843,24205.843,0,False,True
C,A,20220101,2022,52,2022,826,,,X,,0,,,620,,,H6,HS,True,8541,,,,C00,,0,9900,,-1,,0.0,False,-1,,0.0,False,437.0,False,0,False,,144564.88,144564.88,0,False,True
C,A,20220101,2022,52,2022,826,,,X,,0,,,795,,,H6,HS,True,8541,,,,C00,,0,9900,,-1,,0.0,False,-1,,0.0,False,4.0,False,0,False,,1201.198,1201.198,0,False,True
C,A,20220101,2022,52,2022,826,,,X,,0,,,804,,,H6,HS,True,8541,,,,C00,,0,9900,,-1,,0.0,False,-1,,0.0,False,207.0,False,0,False,,42945.261,42945.261,0,False,True
C,A,20220101,2022,52,2022,826,,,X,,0,,,807,,,H6,HS,True,8541,,,,C00,,0,9900,,-1,,0.0,False,-1,,0.0,False,50.0,False,0,False,,1308.622,1308.622,0,False,True
C,A,20220101,2022,52,2022,826,,,X,,0,,,470,,,H6,HS,True,8541,,,,C00,,0,9900,,-1,,0.0,False,-1,,0.0,False,598.0,False,0,False,,59497.131,59497.131,0,False,True
C,A,20220101,2022,52,2022,826,,,X,,0,,,56,,,H6,HS,True,8541,,,,C00,,0,9900,,-1,,0.0,True,-1,,0.0,False,5331.0,False,0,False,,437069.958,437069.958,2,False,True
C,A,20220101,2022,52,2022,826,,,X,,0,,,616,,,H6,HS,True,8541,,,,C00,,0,9900,,-1,,0.0,True,-1,,0.0,False,3653.0,False,0,False,,555431.882,555431.882,2,False,True
C,A,20220101,2022,52,2022,826,,,X,,0,,,642,,,H6,HS,True,8541,,,,C00,,0,9900,,-1,,0.0,True,-1,,0.0,False,164305.0,False,0,False,,925203.027,925203.027,2,False,True
C,A,20220101,2022,52,2022,826,,,X,,0,,,788,,,H6,HS,True,8541,,,,C00,,0,9900,,-1,,0.0,True,-1,,0.0,False,2776.0,False,0,False,,493644.662,493644.662,2,False,True
C,A,20220101,2022,52,2022,826,,,X,,0,,,792,,,H6,HS,True,8541,,,,C00,,0,9900,,-1,,0.0,True,-1,,0.0,False,3855.0,False,0,False,,1078659.701,1078659.701,2,False,True
C,A,20220101,2022,52,2022,826,,,X,,0,,,842,,,H6,HS,True,8541,,,,C00,,0,9900,,-1,,0.0,True,-1,,0.0,False,2492.0,False,0,False,,204243.9,204243.9,2,False,True
C,A,20220101,2022,52,2022,826,,,X,,0,,,44,,,H6,HS,True,8541,,,,C00,,0,2100,,-1,,0.0,False,-1,,0.0,False,2131.0,False,0,False,,26227.371,26227.371,0,False,True
C,A,20220101,2022,52,2022,826,,,X,,0,,,48,,,H6,HS,True,8541,,,,C00,,0,2100,,-1,,0.0,False,-1,,0.0,False,151.0,False,0,False,,24348.669,24348.669,0,False,True
C,A,20220101,2022,52,2022,826,,,X,,0,,,76,,,H6,HS,True,8541,,,,C00,,0,2100,,-1,,0.0,False,-1,,0.0,False,28.0,False,0,False,,2548.883,2548.883,0,False,True
C,A,20220101,2022,52,2022,826,,,X,,0,,,368,,,H6,HS,True,8541,,,,C00,,0,2100,,-1,,0.0,False,-1,,0.0,False,125169.0,False,0,False,,3125411.535,3125411.535,0,False,True
C,A,20220101,2022,52,2022,826,,,X,,0,,,484,,,H6,HS,True,8541,,,,C00,,0,2100,,-1,,0.0,False,-1,,0.0,False,151.0,False,0,False,,13956.599,13956.599,0,False,True
C,A,20220101,2022,52,2022,826,,,X,,0,,,490,,,H6,HS,True,8541,,,,C00,,0,2100,,-1,,0.0,False,-1,,0.0,False,1.0,False,0,False,,1418.488,1418.488,0,False,True
C,A,20220101,2022,52,2022,826,,,X,,0,,,642,,,H6,HS,True,8541,,,,C00,,0,2100,,-1,,0.0,False,-1,,0.0,False,35.999,True,0,False,,92116.241,92116.241,4,False,True
C,A,20220101,2022,52,2022,826,,,X,,0,,,842,,,H6,HS,True,8541,,,,C00,,0,2100,,-1,,0.0,True,-1,,0.0,False,27569.356,True,0,False,,939043.657,939043.657,6,False,True
C,A,20220101,2022,52,2022,826,,,X,,0,,,52,,,H6,HS,True,8541,,,,C00,,0,2100,,-1,,0.0,True,-1,,0.0,False,65648.0,False,0,False,,519098.091,519098.091,2,False,True
C,A,20220101,2022,52,2022,826,,,X,,0,,,616,,,H6,HS,True,8541,,,,C00,,0,2100,,-1,,0.0,True,-1,,0.0,False,369.0,False,0,False,,30960.139,30960.139,2,False,True
C,A,20220101,2022,52,2022,826,,,X,,0,,,662,,,H6,HS,True,8541,,,,C00,,0,2100,,-1,,0.0,True,-1,,0.0,False,30649.0,False,0,False,,188525.788,188525.788,2,False,True
C,A,20220101,2022,52,2022,826,,,X,,0,,,670,,,H6,HS,True,8541,,,,C00,,0,2100,,-1,,0.0,True,-1,,0.0,False,1291.0,False,0,False,,47197.061,47197.061,2,False,True
C,A,20220101,2022,52,2022,826,,,X,,0,,,308,,,H6,HS,True,8541,,,,C00,,0,2100,,-1,,0.0,True,-1,,0.0,False,29036.0,False,0,False,,237568.592,237568.592,2,False,True
C,A,20220101,2022,52,2022,826,,,X,,0,,,344,,,H6,HS,True,8541,,,,C00,,0,2100,,-1,,0.0,True,-1,,0.0,False,1886.0,False,0,False,,256305.568,256305.568,2,False,True
C,A,20220101,2022,52,2022,826,,,X,,0,,,504,,,H6,HS,True,8541,,,,C00,,0,2100,,-1,,0.0,True,-1,,0.0,False,289.0,False,0,False,,5173.451,5173.451,2,False,True
C,A,20220101,2022,52,2022,826,,,X,,0,,,40,,,H6,HS,True,8541,,,,C00,,0,1000,,-1,,0.0,True,-1,,0.0,False,642.402,True,0,False,,5293037.555,5293037.555,6,False,True
C,A,20220101,2022,52,2022,826,,,X,,0,,,56,,,H6,HS,True,8541,,,,C00,,0,1000,,-1,,0.0,True,-1,,0.0,False,1621.516,True,0,False,,1277855.884,1277855.884,6,False,True
C,A,20220101,2022,52,2022,826,,,X,,0,,,76,,,H6,HS,True,8541,,,,C00,,0,1000,,-1,,0.0,True,-1,,0.0,False,2801.716,True,0,False,,756471.367,756471.367,6,False,True
C,A,20220101,2022,52,2022,826,,,X,,0,,,616,,,H6,HS,True,8541,,,,C00,,0,1000,,-1,,0.0,True,-1,,0.0,False,9490.224,True,0,False,,4150917.015,4150917.015,6,False,True
C,A,20220101,2022,52,2022,826,,,X,,0,,,620,,,H6,HS,True,8541,,,,C00,,0,1000,,-1,,0.0,True,-1,,0.0,False,1190.356,True,0,False,,812118.317,812118.317,6,False,True
C,A,20220101,2022,52,2022,826,,,X,,0,,,642,,,H6,HS,True,8541,,,,C00,,0,1000,,-1,,0.0,True,-1,,0.0,False,2304.62,True,0,False,,2495772.734,2495772.734,6,False,True
C,A,20220101,2022,52,2022,826,,,X,,0,,,300,,,H6,HS,True,8541,,,,C00,,0,1000,,-1,,0.0,True,-1,,0.0,False,489.474,True,0,False,,403420.552,403420.552,6,False,True
C,A,20220101,2022,52,2022,826,,,X,,0,,,344,,,H6,HS,True,8541,,,,C00,,0,1000,,-1,,0.0,True,-1,,0.0,False,58117.046,True,0,False,,73746840.618,73746840.618,6,False,True
C,A,20220101,2022,52,2022,826,,,X,,0,,,784,,,H6,HS,True,8541,,,,C00,,0,1000,,-1,,0.0,True,-1,,0.0,False,12228.471,True,0,False,,1051937.934,1051937.934,6,False,True
C,A,20220101,2022,52,2022,826,,,X,,0,,,788,,,H6,HS,True,8541,,,,C00,,0,1000,,-1,,0.0,True,-1,,0.0,False,267.552,True,0,False,,385455.077,385455.077,6,False,True
C,A,20220101,2022,52,2022,826,,,X,,0,,,792,,,H6,HS,True,8541,,,,C00,,0,1000,,-1,,0.0,True,-1,,0.0,False,3952.821,True,0,False,,4674442.692,4674442.692,6,False,True
C,A,20220101,2022,52,2022,826,,,X,,0,,,800,,,H6,HS,True,8541,,,,C00,,0,1000,,-1,,0.0,True,-1,,0.0,False,32.509,True,0,False,,7142.488,7142.488,6,False,True
C,A,20220101,2022,52,2022,826,,,X,,0,,,818,,,H6,HS,True,8541,,,,C00,,0,1000,,-1,,0.0,True,-1,,0.0,False,164.557,True,0,False,,41039.702,41039.702,6,False,True
C,A,20220101,2022,52,2022,826,,,X,,0,,,842,,,H6,HS,True,8541,,,,C00,,0,1000,,-1,,0.0,True,-1,,0.0,False,131723.142,True,0,False,,122303718.674,122303718.674,6,False,True
C,A,20220101,2022,52,2022,826,,,X,,0,,,470,,,H6,HS,True,8541,,,,C00,,0,1000,,-1,,0.0,True,-1,,0.0,False,87.516,True,0,False,,29312.155,29312.155,6,False,True
C,A,20220101,2022,52,2022,826,,,X,,0,,,484,,,H6,HS,True,8541,,,,C00,,0,1000,,-1,,0.0,True,-1,,0.0,False,5063.898,True,0,False,,3031405.605,3031405.605,6,False,True
C,A,20220101,2022,52,2022,826,,,X,,0,,,490,,,H6,HS,True,8541,,,,C00,,0,1000,,-1,,0.0,True,-1,,0.0,False,212604.473,True,0,False,,5385399.163,5385399.163,6,False,True
C,A,20220101,2022,52,2022,826,,,X,,0,,,512,,,H6,HS,True,8541,,,,C00,,0,1000,,-1,,0.0,True,-1,,0.0,False,138.688,True,0,False,,55468.724,55468.724,6,False,True
C,A,20220101,2022,52,2022,826,,,X,,0,,,68,,,H6,HS,True,8541,,,,C00,,0,1000,,-1,,0.0,False,-1,,0.0,False,32.924,True,0,False,,13801.567,13801.567,4,False,True
C,A,20220101,2022,52,2022,826,,,X,,0,,,352,,,H6,HS,True,8541,,,,C00,,0,1000,,-1,,0.0,False,-1,,0.0,False,83.703,True,0,False,,13518.357,13518.357,4,False,True
C,A,20220101,2022,52,2022,826,,,X,,0,,,360,,,H6,HS,True,8541,,,,C00,,0,1000,,-1,,0.0,False,-1,,0.0,False,952.708,True,0,False,,472532.147,472532.147,4,False,True
C,A,20220101,2022,52,2022,826,,,X,,0,,,807,,,H6,HS,True,8541,,,,C00,,0,1000,,-1,,0.0,False,-1,,0.0,False,52.861,True,0,False,,22158.68,22158.68,4,False,True
C,A,20220101,2022,52,2022,826,,,X,,0,,,51,,,H6,HS,True,8541,,,,C00,,0,1000,,-1,,0.0,False,-1,,0.0,False,111.0,False,0,False,,38907.088,38907.088,0,False,True
C,A,20220101,2022,52,2022,826,,,X,,0,,,52,,,H6,HS,True,8541,,,,C00,,0,1000,,-1,,0.0,False,-1,,0.0,False,29.0,False,0,False,,2148.484,2148.484,0,False,True
C,A,20220101,2022,52,2022,826,,,X,,0,,,72,,,H6,HS,True,8541,,,,C00,,0,1000,,-1,,0.0,False,-1,,0.0,False,39.0,False,0,False,,1845.743,1845.743,0,False,True
C,A,20220101,2022,52,2022,826,,,X,,0,,,659,,,H6,HS,True,8541,,,,C00,,0,1000,,-1,,0.0,False,-1,,0.0,False,2.0,False,0,False,,2544.0,2544.0,0,False,True
C,A,20220101,2022,52,2022,826,,,X,,0,,,308,,,H6,HS,True,8541,,,,C00,,0,1000,,-1,,0.0,False,-1,,0.0,False,57.0,False,0,False,,5788.699,5788.699,0,False,True
C,A,20220101,2022,52,2022,826,,,X,,0,,,324,,,H6,HS,True,8541,,,,C00,,0,1000,,-1,,0.0,False,-1,,0.0,False,443.0,False,0,False,,28875.133,28875.133,0,False,True
C,A,20220101,2022,52,2022,826,,,X,,0,,,804,,,H6,HS,True,8541,,,,C00,,0,1000,,-1,,0.0,False,-1,,0.0,False,78.0,False,0,False,,314330.499,314330.499,0,False,True
C,A,20220101,2022,52,2022,826,,,X,,0,,,834,,,H6,HS,True,8541,,,,C00,,0,1000,,-1,,0.0,False,-1,,0.0,False,32.0,False,0,False,,4406.833,4406.833,0,False,True
C,A,20220101,2022,52,2022,826,,,X,,0,,,854,,,H6,HS,True,8541,,,,C00,,0,1000,,-1,,0.0,False,-1,,0.0,False,14.0,False,0,False,,3455.885,3455.885,0,False,True
C,A,20220101,2022,52,2022,826,,,X,,0,,,466,,,H6,HS,True,8541,,,,C00,,0,1000,,-1,,0.0,False,-1,,0.0,False,3.0,False,0,False,,3939.294,3939.294,0,False,True
C,A,20220101,2022,52,2022,826,,,X,,0,,,499,,,H6,HS,True,8541,,,,C00,,0,1000,,-1,,0.0,False,-1,,0.0,False,3.0,False,0,False,,1533.236,1533.236,0,False,True
C,A,20220101,2022,52,2022,826,,,X,,0,,,48,,,H6,HS,True,8541,,,,C00,,0,1000,,-1,,0.0,True,-1,,0.0,False,173.0,False,0,False,,41200.838,41200.838,2,False,True
C,A,20220101,2022,52,2022,826,,,X,,0,,,634,,,H6,HS,True,8541,,,,C00,,0,1000,,-1,,0.0,True,-1,,0.0,False,1609.0,False,0,False,,188097.312,188097.312,2,False,True
C,A,20220101,2022,52,2022,826,,,X,,0,,,643,,,H6,HS,True,8541,,,,C00,,0,1000,,-1,,0.0,True,-1,,0.0,False,867.0,False,0,False,,479699.05,479699.05,2,False,True
C,A,20220101,2022,52,2022,826,,,X,,0,,,646,,,H6,HS,True,8541,,,,C00,,0,1000,,-1,,0.0,True,-1,,0.0,False,703.0,False,0,False,,23914.089,23914.089,2,False,True
C,A,20220101,2022,52,2022,826,,,X,,0,,,662,,,H6,HS,True,8541,,,,C00,,0,1000,,-1,,0.0,True,-1,,0.0,False,22.0,False,0,False,,4930.526,4930.526,2,False,True
C,A,20220101,2022,52,2022,826,,,X,,0,,,40,,,H6,HS,True,8541,,,,C00,,0,0,,-1,,0.0,False,-1,,0.0,False,1165.13,True,0,False,,5482145.631,5482145.631,4,False,True
C,A,20220101,2022,52,2022,826,,,X,,0,,,56,,,H6,HS,True,8541,,,,C00,,0,0,,-1,,0.0,False,-1,,0.0,False,13809.58,True,0,False,,3048905.982,3048905.982,4,False,True
C,A,20220101,2022,52,2022,826,,,X,,0,,,68,,,H6,HS,True,8541,,,,C00,,0,0,,-1,,0.0,False,-1,,0.0,False,32.924,True,0,False,,13801.567,13801.567,4,False,True
C,A,20220101,2022,52,2022,826,,,X,,0,,,76,,,H6,HS,True,8541,,,,C00,,0,0,,-1,,0.0,False,-1,,0.0,False,2829.716,True,0,False,,759020.25,759020.25,4,False,True
C,A,20220101,2022,52,2022,826,,,X,,0,,,616,,,H6,HS,True,8541,,,,C00,,0,0,,-1,,0.0,False,-1,,0.0,False,21153.052,True,0,False,,5498474.107,5498474.107,4,False,True
C,A,20220101,2022,52,2022,826,,,X,,0,,,620,,,H6,HS,True,8541,,,,C00,,0,0,,-1,,0.0,False,-1,,0.0,False,2682.121,True,0,False,,1058572.598,1058572.598,4,False,True
C,A,20220101,2022,52,2022,826,,,X,,0,,,642,,,H6,HS,True,8541,,,,C00,,0,0,,-1,,0.0,False,-1,,0.0,False,168849.139,True,0,False,,4465874.969,4465874.969,4,False,True
C,A,20220101,2022,52,2022,826,,,X,,0,,,300,,,H6,HS,True,8541,,,,C00,,0,0,,-1,,0.0,False,-1,,0.0,False,255962.474,True,0,False,,561046.016,561046.016,4,False,True
C,A,20220101,2022,52,2022,826,,,X,,0,,,352,,,H6,HS,True,8541,,,,C00,,0,0,,-1,,0.0,False,-1,,0.0,False,83.703,True,0,False,,13518.357,13518.357,4,False,True
C,A,20220101,2022,52,2022,826,,,X,,0,,,360,,,H6,HS,True,8541,,,,C00,,0,0,,-1,,0.0,False,-1,,0.0,False,952.708,True,0,False,,472532.147,472532.147,4,False,True
C,A,20220101,2022,52,2022,826,,,X,,0,,,784,,,H6,HS,True,8541,,,,C00,,0,0,,-1,,0.0,False,-1,,0.0,False,67102.471,True,0,False,,1567349.422,1567349.422,4,False,True
C,A,20220101,2022,52,2022,826,,,X,,0,,,788,,,H6,HS,True,8541,,,,C00,,0,0,,-1,,0.0,False,-1,,0.0,False,3127.552,True,0,False,,899289.383,899289.383,4,False,True
C,A,20220101,2022,52,2022,826,,,X,,0,,,807,,,H6,HS,True,8541,,,,C00,,0,0,,-1,,0.0,False,-1,,0.0,False,102.861,True,0,False,,23467.302,23467.302,4,False,True
C,A,20220101,2022,52,2022,826,,,X,,0,,,842,,,H6,HS,True,8541,,,,C00,,0,0,,-1,,0.0,False,-1,,0.0,False,161789.498,True,0,False,,123448849.533,123448849.533,4,False,True
C,A,20220101,2022,52,2022,826,,,X,,0,,,470,,,H6,HS,True,8541,,,,C00,,0,0,,-1,,0.0,False,-1,,0.0,False,732.767,True,0,False,,124359.367,124359.367,4,False,True
C,A,20220101,2022,52,2022,826,,,X,,0,,,484,,,H6,HS,True,8541,,,,C00,,0,0,,-1,,0.0,False,-1,,0.0,False,5214.898,True,0,False,,3045362.204,3045362.204,4,False,True
C,A,20220101,2022,52,2022,826,,,X,,0,,,490,,,H6,HS,True,8541,,,,C00,,0,0,,-1,,0.0,False,-1,,0.0,False,212630.473,True,0,False,,5392074.111,5392074.111,4,False,True
C,A,20220101,2022,52,2022,826,,,X,,0,,,634,,,H6,HS,True,8541,,,,C00,,0,0,,-1,,0.0,True,-1,,0.0,False,18664.0,False,0,False,,909975.648,909975.648,2,False,True
C,A,20220101,2022,52,2022,826,,,X,,0,,,643,,,H6,HS,True,8541,,,,C00,,0,0,,-1,,0.0,True,-1,,0.0,False,867.0,False,0,False,,479699.05,479699.05,2,False,True
C,A,20220101,2022,52,2022,826,,,X,,0,,,646,,,H6,HS,True,8541,,,,C00,,0,0,,-1,,0.0,True,-1,,0.0,False,703.0,False,0,False,,23914.089,23914.089,2,False,True
C,A,20220101,2022,52,2022,826,,,X,,0,,,662,,,H6,HS,True,8541,,,,C00,,0,0,,-1,,0.0,True,-1,,0.0,False,30671.0,False,0,False,,193456.314,193456.314,2,False,True
C,A,20220101,2022,52,2022,826,,,X,,0,,,670,,,H6,HS,True,8541,,,,C00,,0,0,,-1,,0.0,True,-1,,0.0,False,1291.0,False,0,False,,47197.061,47197.061,2,False,True
C,A,20220101,2022,52,2022,826,,,X,,0,,,344,,,H6,HS,True,8541,,,,C00,,0,0,,-1,,0.0,True,-1,,0.0,False,60367.355,True,0,False,,74182166.154,74182166.154,6,False,True
C,A,20220101,2022,52,2022,826,,,X,,0,,,792,,,H6,HS,True,8541,,,,C00,,0,0,,-1,,0.0,True,-1,,0.0,False,99149.821,True,0,False,,5962406.216,5962406.216,6,False,True
C,A,20220101,2022,52,2022,826,,,X,,0,,,800,,,H6,HS,True,8541,,,,C00,,0,0,,-1,,0.0,True,-1,,0.0,False,32.509,True,0,False,,7142.488,7142.488,6,False,True
C,A,20220101,2022,52,2022,826,,,X,,0,,,818,,,H6,HS,True,8541,,,,C00,,0,0,,-1,,0.0,True,-1,,0.0,False,8093.557,True,0,False,,402182.732,402182.732,6,False,True
C,A,20220101,2022,52,2022,826,,,X,,0,,,504,,,H6,HS,True,8541,,,,C00,,0,0,,-1,,0.0,True,-1,,0.0,False,1119.85,True,0,False,,455950.98,455950.98,6,False,True
C,A,20220101,2022,52,2022,826,,,X,,0,,,512,,,H6,HS,True,8541,,,,C00,,0,0,,-1,,0.0,True,-1,,0.0,False,138.688,True,0,False,,55468.724,55468.724,6,False,True
C,A,20220101,2022,52,2022,826,,,X,,0,,,44,,,H6,HS,True,8541,,,,C00,,0,0,,-1,,0.0,False,-1,,0.0,False,2131.0,False,0,False,,26227.371,26227.371,0,False,True
C,A,20220101,2022,52,2022,826,,,X,,0,,,48,,,H6,HS,True,8541,,,,C00,,0,0,,-1,,0.0,False,-1,,0.0,False,324.0,False,0,False,,65549.507,65549.507,0,False,True
C,A,20220101,2022,52,2022,826,,,X,,0,,,51,,,H6,HS,True,8541,,,,C00,,0,0,,-1,,0.0,False,-1,,0.0,False,111.0,False,0,False,,38907.088,38907.088,0,False,True
C,A,20220101,2022,52,2022,826,,,X,,0,,,52,,,H6,HS,True,8541,,,,C00,,0,0,,-1,,0.0,False,-1,,0.0,False,65677.0,False,0,False,,521246.575,521246.575,0,False,True
C,A,20220101,2022,52,2022,826,,,X,,0,,,72,,,H6,HS,True,8541,,,,C00,,0,0,,-1,,0.0,False,-1,,0.0,False,39.0,False,0,False,,1845.743,1845.743,0,False,True
C,A,20220101,2022,52,2022,826,,,X,,0,,,659,,,H6,HS,True,8541,,,,C00,,0,0,,-1,,0.0,False,-1,,0.0,False,2.0,False,0,False,,2544.0,2544.0,0,False,True
C,A,20220101,2022,52,2022,826,,,X,,0,,,308,,,H6,HS,True,8541,,,,C00,,0,0,,-1,,0.0,False,-1,,0.0,False,29093.0,False,0,False,,243357.291,243357.291,0,False,True
C,A,20220101,2022,52,2022,826,,,X,,0,,,324,,,H6,HS,True,8541,,,,C00,,0,0,,-1,,0.0,False,-1,,0.0,False,443.0,False,0,False,,28875.133,28875.133,0,False,True
C,A,20220101,2022,52,2022,826,,,X,,0,,,368,,,H6,HS,True,8541,,,,C00,,0,0,,-1,,0.0,False,-1,,0.0,False,125295.0,False,0,False,,3140370.353,3140370.353,0,False,True
C,A,20220101,2022,52,2022,826,,,X,,0,,,795,,,H6,HS,True,8541,,,,C00,,0,0,,-1,,0.0,False,-1,,0.0,False,4.0,False,0,False,,1201.198,1201.198,0,False,True
C,A,20220101,2022,52,2022,826,,,X,,0,,,804,,,H6,HS,True,8541,,,,C00,,0,0,,-1,,0.0,False,-1,,0.0,False,335.0,False,0,False,,364819.867,364819.867,0,False,True
C,A,20220101,2022,52,2022,826,,,X,,0,,,834,,,H6,HS,True,8541,,,,C00,,0,0,,-1,,0.0,False,-1,,0.0,False,32.0,False,0,False,,4406.833,4406.833,0,False,True
C,A,20220101,2022,52,2022,826,,,X,,0,,,854,,,H6,HS,True,8541,,,,C00,,0,0,,-1,,0.0,False,-1,,0.0,False,14.0,False,0,False,,3455.885,3455.885,0,False,True
C,A,20220101,2022,52,2022,826,,,X,,0,,,466,,,H6,HS,True,8541,,,,C00,,0,0,,-1,,0.0,False,-1,,0.0,False,3.0,False,0,False,,3939.294,3939.294,0,False,True
C,A,20220101,2022,52,2022,826,,,X,,0,,,499,,,H6,HS,True,8541,,,,C00,,0,0,,-1,,0.0,False,-1,,0.0,False,3.0,False,0,False,,1533.236,1533.236,0,False,True
C,A,20220101,2022,52,2022,826,,,X,,0,,,504,,,H6,HS,True,8541,,,,C00,,0,1000,,5,,2282695.381,True,-1,,0.0,False,830.85,True,0,False,,450777.529,450777.529,6,False,True
C,A,20220101,2022,52,2022,826,,,X,,0,,,300,,,H6,HS,True,8541,,,,C00,,0,3200,,5,,118056.232,True,-1,,0.0,False,22.0,False,0,False,,23960.477,23960.477,2,False,True
C,A,20220101,2022,52,2022,826,,,X,,0,,,792,,,H6,HS,True,8541,,,,C00,,0,3200,,5,,3141910.179,True,-1,,0.0,False,91342.0,False,0,False,,209303.823,209303.823,2,False,True
C,A,20220101,2022,52,2022,826,,,X,,0,,,300,,,H6,HS,True,8541,,,,C00,,0,9900,,5,,21092.955,True,-1,,0.0,False,255446.0,False,0,False,,133574.654,133574.654,2,False,True
C,A,20220101,2022,52,2022,826,,,X,,0,,,634,,,H6,HS,True,8541,,,,C00,,0,2100,,5,,1346615.893,True,-1,,0.0,False,17055.0,False,0,False,,721878.337,721878.337,2,False,True
C,A,20220101,2022,52,2022,826,,,X,,0,,,784,,,H6,HS,True,8541,,,,C00,,0,2100,,5,,1561118.424,True,-1,,0.0,False,54797.0,False,0,False,,500710.244,500710.244,2,False,True
C,A,20220101,2022,52,2022,826,,,X,,0,,,818,,,H6,HS,True,8541,,,,C00,,0,2100,,5,,121490.082,True,-1,,0.0,False,7929.0,False,0,False,,361143.03,361143.03,2,False,True
C,A,20220101,2022,52,2022,826,,,X,,0,,,368,,,H6,HS,True,8541,,,,C00,,0,1000,,5,,93253.213,True,-1,,0.0,False,126.0,False,0,False,,14958.818,14958.818,2,False,True
C,A,20220101,2022,52,2022,826,,,X,,0,,,196,,,H6,HS,True,8541,,,,C00,,0,2100,,8,,1337.0,False,8,,1337.0,False,1337.0,False,0,False,,9792.691,9792.691,0,False,True
C,A,20220101,2022,52,2022,826,,,X,,0,,,208,,,H6,HS,True,8541,,,,C00,,0,0,,-1,,0.0,False,-1,,0.0,False,7288.777,True,0,False,,5642628.822,5642628.822,4,False,True
C,A,20220101,2022,52,2022,826,,,X,,0,,,208,,,H6,HS,True,8541,,,,C00,,0,1000,,-1,,0.0,True,-1,,0.0,False,4359.777,True,0,False,,4859587.06,4859587.06,6,False,True
C,A,20220101,2022,52,2022,826,,,X,,0,,,208,,,H6,HS,True,8541,,,,C00,,0,9000,,-1,,0.0,False,-1,,0.0,False,24.0,False,0,False,,499.278,499.278,0,False,True
C,A,20220101,2022,52,2022,826,,,X,,0,,,208,,,H6,HS,True,8541,,,,C00,,0,2100,,-1,,0.0,True,-1,,0.0,False,571.0,False,0,False,,400980.314,400980.314,2,False,True
C,A,20220101,2022,52,2022,826,,,X,,0,,,208,,,H6,HS,True,8541,,,,C00,,0,3200,,-1,,0.0,True,-1,,0.0,False,958.0,False,0,False,,340924.089,340924.089,2,False,True
C,A,20220101,2022,52,2022,826,,,X,,0,,,208,,,H6,HS,True,8541,,,,C00,,0,9900,,-1,,0.0,True,-1,,0.0,False,1376.0,False,0,False,,40638.082,40638.082,2,False,True
C,A,20220101,2022,52,2022,826,,,X,,0,,,246,,,H6,HS,True,8541,,,,C00,,0,9000,,-1,,0.0,False,-1,,0.0,False,48.0,False,0,False,,1046.165,1046.165,0,False,True
C,A,20220101,2022,52,2022,826,,,X,,0,,,246,,,H6,HS,True,8541,,,,C00,,0,9900,,-1,,0.0,False,-1,,0.0,False,419.0,False,0,False,,146834.216,146834.216,0,False,True
C,A,20220101,2022,52,2022,826,,,X,,0,,,246,,,H6,HS,True,8541,,,,C00,,0,1000,,-1,,0.0,True,-1,,0.0,False,1957.99,True,0,False,,2288611.291,2288611.291,6,False,True
C,A,20220101,2022,52,2022,826,,,X,,0,,,246,,,H6,HS,True,8541,,,,C00,,0,3200,,-1,,0.0,True,-1,,0.0,False,3141.346,True,0,False,,501180.225,501180.225,6,False,True
C,A,20220101,2022,52,2022,826,,,X,,0,,,246,,,H6,HS,True,8541,,,,C00,,0,0,,-1,,0.0,False,-1,,0.0,False,25862.335,True,0,False,,3215183.976,3215183.976,4,False,True
C,A,20220101,2022,52,2022,826,,,X,,0,,,238,,,H6,HS,True,8541,,,,C00,,0,2100,,-1,,0.0,True,-1,,0.0,False,1835.0,False,0,False,,25093.314,25093.314,2,False,True
C,A,20220101,2022,52,2022,826,,,X,,0,,,196,,,H6,HS,True,8541,,,,C00,,0,3200,,-1,,0.0,False,-1,,0.0,False,12.0,False,0,False,,14673.168,14673.168,0,False,True
C,A,20220101,2022,52,2022,826,,,X,,0,,,196,,,H6,HS,True,8541,,,,C00,,0,1000,,-1,,0.0,False,-1,,0.0,False,11.238,True,0,False,,6146.373,6146.373,4,False,True
C,A,20220101,2022,52,2022,826,,,X,,0,,,218,,,H6,HS,True,8541,,,,C00,,0,1000,,-1,,0.0,False,-1,,0.0,False,46.5,True,0,False,,4965.927,4965.927,4,False,True
C,A,20220101,2022,52,2022,826,,,X,,0,,,222,,,H6,HS,True,8541,,,,C00,,0,1000,,-1,,0.0,True,-1,,0.0,False,725.0,False,0,False,,33085.429,33085.429,2,False,True
C,A,20220101,2022,52,2022,826,,,X,,0,,,231,,,H6,HS,True,8541,,,,C00,,0,1000,,-1,,0.0,False,-1,,0.0,False,24.0,False,0,False,,19408.377,19408.377,0,False,True
C,A,20220101,2022,52,2022,826,,,X,,0,,,242,,,H6,HS,True,8541,,,,C00,,0,1000,,-1,,0.0,True,-1,,0.0,False,26.32,True,0,False,,16341.905,16341.905,6,False,True
C,A,20220101,2022,52,2022,826,,,X,,0,,,218,,,H6,HS,True,8541,,,,C00,,0,0,,-1,,0.0,False,-1,,0.0,False,46.5,True,0,False,,4965.927,4965.927,4,False,True
C,A,20220101,2022,52,2022,826,,,X,,0,,,242,,,H6,HS,True,8541,,,,C00,,0,0,,-1,,0.0,True,-1,,0.0,False,26.32,True,0,False,,16341.905,16341.905,6,False,True
C,A,20220101,2022,52,2022,826,,,X,,0,,,222,,,H6,HS,True,8541,,,,C00,,0,0,,-1,,0.0,True,-1,,0.0,False,725.0,False,0,False,,33085.429,33085.429,2,False,True
C,A,20220101,2022,52,2022,826,,,X,,0,,,238,,,H6,HS,True,8541,,,,C00,,0,0,,-1,,0.0,True,-1,,0.0,False,1835.0,False,0,False,,25093.314,25093.314,2,False,True
C,A,20220101,2022,52,2022,826,,,X,,0,,,231,,,H6,HS,True,8541,,,,C00,,0,0,,-1,,0.0,False,-1,,0.0,False,24.0,False,0,False,,19408.377,19408.377,0,False,True
C,A,20220101,2022,52,2022,826,,,X,,0,,,196,,,H6,HS,True,8541,,,,C00,,0,0,,-1,,0.0,False,-1,,0.0,False,1360.238,True,0,False,,30612.231,30612.231,4,False,True
C,A,20220101,2022,52,2022,826,,,X,,0,,,246,,,H6,HS,True,8541,,,,C00,,0,2100,,5,,801874.046,True,-1,,0.0,False,20296.0,False,0,False,,277512.079,277512.079,2,False,True
C,A,20220101,2022,52,2022,826,,,X,,0,,,288,,,H6,HS,True,8541,,,,C00,,0,0,,-1,,0.0,False,-1,,0.0,False,401.0,False,0,False,,24730.757,24730.757,0,False,True
C,A,20220101,2022,52,2022,826,,,X,,0,,,96,,,H6,HS,True,8541,,,,C00,,0,0,,-1,,0.0,False,-1,,0.0,False,4.0,False,0,False,,5034.288,5034.288,0,False,True
C,A,20220101,2022,52,2022,826,,,X,,0,,,170,,,H6,HS,True,8541,,,,C00,,0,0,,-1,,0.0,False,-1,,0.0,False,1880.046,True,0,False,,79644.049,79644.049,4,False,True
C,A,20220101,2022,52,2022,826,,,X,,0,,,36,,,H6,HS,True,8541,,,,C00,,0,0,,-1,,0.0,False,-1,,0.0,False,13412.699,True,0,False,,2364478.403,2364478.403,4,False,True
C,A,20220101,2022,52,2022,826,,,X,,0,,,170,,,H6,HS,True,8541,,,,C00,,0,1000,,-1,,0.0,False,-1,,0.0,False,189.046,True,0,False,,63365.622,63365.622,4,False,True
C,A,20220101,2022,52,2022,826,,,X,,0,,,36,,,H6,HS,True,8541,,,,C00,,0,1000,,-1,,0.0,True,-1,,0.0,False,13408.475,True,0,False,,2362271.324,2362271.324,6,False,True
C,A,20220101,2022,52,2022,826,,,X,,0,,,288,,,H6,HS,True,8541,,,,C00,,0,1000,,-1,,0.0,False,-1,,0.0,False,8.0,False,0,False,,6319.716,6319.716,0,False,True
C,A,20220101,2022,52,2022,826,,,X,,0,,,96,,,H6,HS,True,8541,,,,C00,,0,1000,,-1,,0.0,False,-1,,0.0,False,4.0,False,0,False,,5034.288,5034.288,0,False,True
C,A,20220101,2022,52,2022,826,,,X,,0,,,36,,,H6,HS,True,8541,,,,C00,,0,3200,,-1,,0.0,False,-1,,0.0,False,4.224,True,0,False,,2207.079,2207.079,4,False,True
C,A,20220101,2022,52,2022,826,,,X,,0,,,170,,,H6,HS,True,8541,,,,C00,,0,2100,,5,,138.19,True,-1,,0.0,False,1691.0,False,0,False,,16278.427,16278.427,2,False,True
C,A,20220101,2022,52,2022,826,,,X,,0,,,288,,,H6,HS,True,8541,,,,C00,,0,2100,,8,,393.0,False,8,,393.0,False,393.0,False,0,False,,18411.041,18411.041,0,False,True
C,A,20220101,2022,52,2022,826,,,X,,0,,,28,,,H6,HS,True,8541,,,,C00,,0,2100,,8,,2590.0,False,8,,2590.0,False,2590.0,False,0,False,,17478.404,17478.404,0,False,True
C,A,20220101,2022,52,2022,826,,,X,,0,,,28,,,H6,HS,True,8541,,,,C00,,0,0,,8,,2590.0,False,8,,2590.0,False,2590.0,False,0,False,,17478.404,17478.404,0,False,True
C,A,20220101,2022,52,2022,826,,,X,,0,,,566,,,H6,HS,True,8541,,,,C00,,0,1000,,5,,171861.067,True,-1,,0.0,False,303.933,True,0,False,,52329.008,52329.008,6,False,True
C,A,20220101,2022,52,2022,826,,,X,,0,,,566,,,H6,HS,True,8541,,,,C00,,0,0,,5,,1943414.76,True,-1,,0.0,False,4294.933,True,0,False,,208413.911,208413.911,6,False,True
C,A,20220101,2022,52,2022,826,,,X,,0,,,152,,,H6,HS,True,8541,,,,C00,,0,1000,,5,,297814.686,True,-1,,0.0,False,136.0,False,0,False,,73935.918,73935.918,2,False,True
C,A,20220101,2022,52,2022,826,,,X,,0,,,152,,,H6,HS,True,8541,,,,C00,,0,2100,,5,,72992.751,True,-1,,0.0,False,2015.0,False,0,False,,47411.91,47411.91,2,False,True
C,A,20220101,2022,52,2022,826,,,X,,0,,,566,,,H6,HS,True,8541,,,,C00,,0,2100,,5,,1771520.479,True,-1,,0.0,False,3641.0,False,0,False,,152172.466,152172.466,2,False,True
C,A,20220101,2022,52,2022,826,,,X,,0,,,566,,,H6,HS,True,8541,,,,C00,,0,9900,,5,,33.213,True,-1,,0.0,False,350.0,False,0,False,,3912.438,3912.438,2,False,True
C,A,20220101,2022,52,2022,826,,,X,,0,,,152,,,H6,HS,True,8541,,,,C00,,0,0,,5,,370807.437,True,-1,,0.0,False,2151.0,False,0,False,,121347.828,121347.828,2,False,True
C,A,20220101,2022,52,2022,826,,,X,,0,,,480,,,H6,HS,True,8541,,,,C00,,0,1000,,-1,,0.0,False,-1,,0.0,False,107.0,False,0,False,,62490.359,62490.359,0,False,True
C,A,20220101,2022,52,2022,826,,,X,,0,,,498,,,H6,HS,True,8541,,,,C00,,0,1000,,-1,,0.0,False,-1,,0.0,False,7.0,False,0,False,,6065.804,6065.804,0,False,True
C,A,20220101,2022,52,2022,826,,,X,,0,,,50,,,H6,HS,True,8541,,,,C00,,0,1000,,-1,,0.0,False,-1,,0.0,False,1.0,False,0,False,,1414.825,1414.825,0,False,True
C,A,20220101,2022,52,2022,826,,,X,,0,,,258,,,H6,HS,True,8541,,,,C00,,0,1000,,-1,,0.0,False,-1,,0.0,False,13.0,False,0,False,,2380.422,2380.422,0,False,True
C,A,20220101,2022,52,2022,826,,,X,,0,,,348,,,H6,HS,True,8541,,,,C00,,0,1000,,-1,,0.0,True,-1,,0.0,False,3605.065,True,0,False,,1875222.262,1875222.262,6,False,True
C,A,20220101,2022,52,2022,826,,,X,,0,,,203,,,H6,HS,True,8541,,,,C00,,0,1000,,-1,,0.0,True,-1,,0.0,False,4500.046,True,0,False,,3615854.225,3615854.225,6,False,True
C,A,20220101,2022,52,2022,826,,,X,,0,,,233,,,H6,HS,True,8541,,,,C00,,0,1000,,-1,,0.0,True,-1,,0.0,False,740.535,True,0,False,,601841.572,601841.572,6,False,True
C,A,20220101,2022,52,2022,826,,,X,,0,,,404,,,H6,HS,True,8541,,,,C00,,0,1000,,-1,,0.0,True,-1,,0.0,False,264.226,True,0,False,,18256.008,18256.008,6,False,True
C,A,20220101,2022,52,2022,826,,,X,,0,,,516,,,H6,HS,True,8541,,,,C00,,0,1000,,-1,,0.0,True,-1,,0.0,False,124.0,False,0,False,,143762.861,143762.861,2,False,True
C,A,20220101,2022,52,2022,826,,,X,,0,,,348,,,H6,HS,True,8541,,,,C00,,0,2100,,-1,,0.0,False,-1,,0.0,False,418.625,True,0,False,,301844.878,301844.878,4,False,True
C,A,20220101,2022,52,2022,826,,,X,,0,,,348,,,H6,HS,True,8541,,,,C00,,0,9900,,-1,,0.0,True,-1,,0.0,False,2616.722,True,0,False,,644969.942,644969.942,6,False,True
C,A,20220101,2022,52,2022,826,,,X,,0,,,203,,,H6,HS,True,8541,,,,C00,,0,9900,,-1,,0.0,True,-1,,0.0,False,24533.518,True,0,False,,3168730.339,3168730.339,6,False,True
C,A,20220101,2022,52,2022,826,,,X,,0,,,233,,,H6,HS,True,8541,,,,C00,,0,9900,,-1,,0.0,False,-1,,0.0,False,9.495,True,0,False,,8507.263,8507.263,4,False,True
C,A,20220101,2022,52,2022,826,,,X,,0,,,364,,,H6,HS,True,8541,,,,C00,,0,9900,,-1,,0.0,False,-1,,0.0,False,10.0,False,0,False,,2034.956,2034.956,0,False,True
C,A,20220101,2022,52,2022,826,,,X,,0,,,348,,,H6,HS,True,8541,,,,C00,,0,3200,,-1,,0.0,True,-1,,0.0,False,487.558,True,0,False,,267703.518,267703.518,6,False,True
C,A,20220101,2022,52,2022,826,,,X,,0,,,203,,,H6,HS,True,8541,,,,C00,,0,3200,,-1,,0.0,True,-1,,0.0,False,2126.584,True,0,False,,1053605.45,1053605.45,6,False,True
C,A,20220101,2022,52,2022,826,,,X,,0,,,233,,,H6,HS,True,8541,,,,C00,,0,3200,,-1,,0.0,False,-1,,0.0,False,127.891,True,0,False,,33081.767,33081.767,4,False,True
C,A,20220101,2022,52,2022,826,,,X,,0,,,203,,,H6,HS,True,8541,,,,C00,,0,9000,,-1,,0.0,False,-1,,0.0,False,51.0,False,0,False,,1158.472,1158.472,0,False,True
C,A,20220101,2022,52,2022,826,,,X,,0,,,404,,,H6,HS,True,8541,,,,C00,,0,0,,-1,,0.0,True,-1,,0.0,False,264.226,True,0,False,,18256.008,18256.008,6,False,True
C,A,20220101,2022,52,2022,826,,,X,,0,,,516,,,H6,HS,True,8541,,,,C00,,0,0,,-1,,0.0,True,-1,,0.0,False,124.0,False,0,False,,143762.861,143762.861,2,False,True
C,A,20220101,2022,52,2022,826,,,X,,0,,,348,,,H6,HS,True,8541,,,,C00,,0,0,,-1,,0.0,False,-1,,0.0,False,7127.97,True,0,False,,3089740.601,3089740.601,4,False,True
C,A,20220101,2022,52,2022,826,,,X,,0,,,203,,,H6,HS,True,8541,,,,C00,,0,0,,-1,,0.0,False,-1,,0.0,False,31211.149,True,0,False,,7839348.486,7839348.486,4,False,True
C,A,20220101,2022,52,2022,826,,,X,,0,,,233,,,H6,HS,True,8541,,,,C00,,0,0,,-1,,0.0,False,-1,,0.0,False,877.921,True,0,False,,643430.603,643430.603,4,False,True
C,A,20220101,2022,52,2022,826,,,X,,0,,,364,,,H6,HS,True,8541,,,,C00,,0,0,,-1,,0.0,False,-1,,0.0,False,10.0,False,0,False,,2034.956,2034.956,0,False,True
C,A,20220101,2022,52,2022,826,,,X,,0,,,480,,,H6,HS,True,8541,,,,C00,,0,0,,-1,,0.0,False,-1,,0.0,False,107.0,False,0,False,,62490.359,62490.359,0,False,True
C,A,20220101,2022,52,2022,826,,,X,,0,,,498,,,H6,HS,True,8541,,,,C00,,0,0,,-1,,0.0,False,-1,,0.0,False,7.0,False,0,False,,6065.804,6065.804,0,False,True
C,A,20220101,2022,52,2022,826,,,X,,0,,,50,,,H6,HS,True,8541,,,,C00,,0,0,,-1,,0.0,False,-1,,0.0,False,1.0,False,0,False,,1414.825,1414.825,0,False,True
C,A,20220101,2022,52,2022,826,,,X,,0,,,258,,,H6,HS,True,8541,,,,C00,,0,0,,-1,,0.0,False,-1,,0.0,False,13.0,False,0,False,,2380.422,2380.422,0,False,True
C,A,20230101,2023,52,2023,826,,,X,,0,,,233,,,H6,HS,True,8541,,,,C00,,0,3200,,-1,,0.0,False,-1,,0.0,False,3.224,True,0,False,,1201.931,1201.931,4,False,True
C,A,20230101,2023,52,2023,826,,,X,,0,,,132,,,H6,HS,True,8541,,,,C00,,0,9900,,-1,,0.0,False,-1,,0.0,False,255.0,False,0,False,,1139.783,1139.783,0,False,True
C,A,20230101,2023,52,2023,826,,,X,,0,,,364,,,H6,HS,True,8541,,,,C00,,0,1000,,-1,,0.0,False,-1,,0.0,False,173.0,False,0,False,,183364.655,183364.655,0,False,True
C,A,20230101,2023,52,2023,826,,,X,,0,,,788,,,H6,HS,True,8541,,,,C00,,0,1000,,-1,,0.0,True,-1,,0.0,False,151.942,True,0,False,,180141.691,180141.691,6,False,True
C,A,20230101,2023,52,2023,826,,,X,,0,,,233,,,H6,HS,True,8541,,,,C00,,0,1000,,-1,,0.0,False,-1,,0.0,False,230.721,True,0,False,,222634.353,222634.353,4,False,True
C,A,20230101,2023,52,2023,826,,,X,,0,,,336,,,H6,HS,True,8541,,,,C00,,0,0,,-1,,0.0,False,-1,,0.0,False,7.0,False,0,False,,1367.243,1367.243,0,False,True
C,A,20230101,2023,52,2023,826,,,X,,0,,,854,,,H6,HS,True,8541,,,,C00,,0,0,,8,,26.0,False,8,,26.0,False,26.0,False,0,False,,7050.001,7050.001,0,False,True
C,A,20230101,2023,52,2023,826,,,X,,0,,,276,,,H6,HS,True,8541,,,,C00,,0,3200,,-1,,0.0,True,-1,,0.0,False,9973.096,True,0,False,,2605484.915,2605484.915,6,False,True
C,A,20230101,2023,52,2023,826,,,X,,0,,,0,,,H6,HS,True,8541,,,,C00,,0,3200,,-1,,0.0,False,-1,,0.0,False,53765.047,True,0,False,,14937783.386,14937783.386,4,False,True
C,A,20230101,2023,52,2023,826,,,X,,0,,,40,,,H6,HS,True,8541,,,,C00,,0,3200,,-1,,0.0,False,-1,,0.0,False,127.111,True,0,False,,44379.457,44379.457,4,False,True
C,A,20230101,2023,52,2023,826,,,X,,0,,,757,,,H6,HS,True,8541,,,,C00,,0,3200,,-1,,0.0,True,-1,,0.0,False,691.925,True,0,False,,509291.712,509291.712,6,False,True
C,A,20230101,2023,52,2023,826,,,X,,0,,,792,,,H6,HS,True,8541,,,,C00,,0,3200,,-1,,0.0,True,-1,,0.0,False,88.0,False,0,False,,37041.092,37041.092,2,False,True
C,A,20230101,2023,52,2023,826,,,X,,0,,,344,,,H6,HS,True,8541,,,,C00,,0,3200,,-1,,0.0,False,-1,,0.0,False,3.0,False,0,False,,207582.253,207582.253,0,False,True
C,A,20230101,2023,52,2023,826,,,X,,0,,,428,,,H6,HS,True,8541,,,,C00,,0,3200,,-1,,0.0,False,-1,,0.0,False,3928.0,False,0,False,,536197.806,536197.806,0,False,True
C,A,20230101,2023,52,2023,826,,,X,,0,,,364,,,H6,HS,True,8541,,,,C00,,0,9900,,-1,,0.0,False,-1,,0.0,False,150.0,False,0,False,,5083.657,5083.657,0,False,True
C,A,20230101,2023,52,2023,826,,,X,,0,,,208,,,H6,HS,True,8541,,,,C00,,0,2100,,-1,,0.0,True,-1,,0.0,False,4444.498,True,0,False,,240432.125,240432.125,6,False,True
C,A,20230101,2023,52,2023,826,,,X,,0,,,238,,,H6,HS,True,8541,,,,C00,,0,2100,,-1,,0.0,True,-1,,0.0,False,6722.0,False,0,False,,105148.426,105148.426,2,False,True
C,A,20230101,2023,52,2023,826,,,X,,0,,,752,,,H6,HS,True,8541,,,,C00,,0,2100,,-1,,0.0,True,-1,,0.0,False,86400.0,False,0,False,,1501758.313,1501758.313,2,False,True
C,A,20230101,2023,52,2023,826,,,X,,0,,,52,,,H6,HS,True,8541,,,,C00,,0,2100,,-1,,0.0,True,-1,,0.0,False,24712.0,False,0,False,,474956.517,474956.517,2,False,True
C,A,20230101,2023,52,2023,826,,,X,,0,,,56,,,H6,HS,True,8541,,,,C00,,0,2100,,-1,,0.0,False,-1,,0.0,False,7.0,False,0,False,,3951.332,3951.332,0,False,True
C,A,20230101,2023,52,2023,826,,,X,,0,,,31,,,H6,HS,True,8541,,,,C00,,0,2100,,-1,,0.0,False,-1,,0.0,False,31.0,False,0,False,,2999.233,2999.233,0,False,True
C,A,20230101,2023,52,2023,826,,,X,,0,,,36,,,H6,HS,True,8541,,,,C00,,0,2100,,-1,,0.0,False,-1,,0.0,False,1468.0,False,0,False,,15617.641,15617.641,0,False,True
C,A,20230101,2023,52,2023,826,,,X,,0,,,616,,,H6,HS,True,8541,,,,C00,,0,2100,,-1,,0.0,False,-1,,0.0,False,87.0,False,0,False,,3083.754,3083.754,0,False,True
C,A,20230101,2023,52,2023,826,,,X,,0,,,757,,,H6,HS,True,8541,,,,C00,,0,1000,,-1,,0.0,True,-1,,0.0,False,7731.203,True,0,False,,7527330.134,7527330.134,6,False,True
C,A,20230101,2023,52,2023,826,,,X,,0,,,818,,,H6,HS,True,8541,,,,C00,,0,1000,,-1,,0.0,True,-1,,0.0,False,158.711,True,0,False,,53479.079,53479.079,6,False,True
C,A,20230101,2023,52,2023,826,,,X,,0,,,208,,,H6,HS,True,8541,,,,C00,,0,1000,,-1,,0.0,True,-1,,0.0,False,5474.806,True,0,False,,6162486.268,6162486.268,6,False,True
C,A,20230101,2023,52,2023,826,,,X,,0,,,729,,,H6,HS,True,8541,,,,C00,,0,1000,,-1,,0.0,False,-1,,0.0,False,3.0,False,0,False,,2474.709,2474.709,0,False,True
C,A,20230101,2023,52,2023,826,,,X,,0,,,48,,,H6,HS,True,8541,,,,C00,,0,1000,,-1,,0.0,False,-1,,0.0,False,360.0,False,0,False,,63610.348,63610.348,0,False,True
C,A,20230101,2023,52,2023,826,,,X,,0,,,84,,,H6,HS,True,8541,,,,C00,,0,1000,,-1,,0.0,False,-1,,0.0,False,240.0,False,0,False,,8102.778,8102.778,0,False,True
C,A,20230101,2023,52,2023,826,,,X,,0,,,694,,,H6,HS,True,8541,,,,C00,,0,1000,,-1,,0.0,False,-1,,0.0,False,2.0,False,0,False,,1628.262,1628.262,0,False,True
C,A,20230101,2023,52,2023,826,,,X,,0,,,887,,,H6,HS,True,8541,,,,C00,,0,1000,,-1,,0.0,False,-1,,0.0,False,13.0,False,0,False,,2815.277,2815.277,0,False,True
C,A,20230101,2023,52,2023,826,,,X,,0,,,292,,,H6,HS,True,8541,,,,C00,,0,1000,,-1,,0.0,False,-1,,0.0,False,49.0,False,0,False,,12954.004,12954.004,0,False,True
C,A,20230101,2023,52,2023,826,,,X,,0,,,480,,,H6,HS,True,8541,,,,C00,,0,1000,,-1,,0.0,False,-1,,0.0,False,58.0,False,0,False,,45153.813,45153.813,0,False,True
C,A,20230101,2023,52,2023,826,,,X,,0,,,156,,,H6,HS,True,8541,,,,C00,,0,0,,-1,,0.0,True,-1,,0.0,False,65320.398,True,0,False,,80669619.572,80669619.572,6,False,True
C,A,20230101,2023,52,2023,826,,,X,,0,,,233,,,H6,HS,True,8541,,,,C00,,0,0,,-1,,0.0,False,-1,,0.0,False,283.945,True,0,False,,232597.824,232597.824,4,False,True
C,A,20230101,2023,52,2023,826,,,X,,0,,,36,,,H6,HS,True,8541,,,,C00,,0,0,,-1,,0.0,False,-1,,0.0,False,7390.358,True,0,False,,2190581.428,2190581.428,4,False,True
C,A,20230101,2023,52,2023,826,,,X,,0,,,440,,,H6,HS,True,8541,,,,C00,,0,0,,-1,,0.0,False,-1,,0.0,False,1413.883,True,0,False,,1236152.764,1236152.764,4,False,True
C,A,20230101,2023,52,2023,826,,,X,,0,,,428,,,H6,HS,True,8541,,,,C00,,0,0,,-1,,0.0,False,-1,,0.0,False,4496.52,True,0,False,,724549.168,724549.168,4,False,True
C,A,20230101,2023,52,2023,826,,,X,,0,,,398,,,H6,HS,True,8541,,,,C00,,0,9900,,5,,178703.835,True,-1,,0.0,False,1192.632,True,0,False,,125101.469,125101.469,6,False,True
C,A,20230101,2023,52,2023,826,,,X,,0,,,554,,,H6,HS,True,8541,,,,C00,,0,1000,,5,,1253087.697,True,-1,,0.0,False,4358.095,True,0,False,,1527491.065,1527491.065,6,False,True
C,A,20230101,2023,52,2023,826,,,X,,0,,,56,,,H6,HS,True,8541,,,,C00,,0,9900,,5,,1939122.502,True,-1,,0.0,False,2337.0,False,0,False,,602125.009,602125.009,2,False,True
C,A,20230101,2023,52,2023,826,,,X,,0,,,276,,,H6,HS,True,8541,,,,C00,,0,2100,,5,,196687.156,True,-1,,0.0,False,127140.0,False,0,False,,1410905.032,1410905.032,2,False,True
C,A,20230101,2023,52,2023,826,,,X,,0,,,324,,,H6,HS,True,8541,,,,C00,,0,2100,,5,,415.763,True,-1,,0.0,False,234.0,False,0,False,,7852.945,7852.945,2,False,True
C,A,20230101,2023,52,2023,826,,,X,,0,,,706,,,H6,HS,True,8541,,,,C00,,0,0,,5,,87.899,True,-1,,0.0,False,166.0,False,0,False,,8821.202,8821.202,2,False,True
C,A,20230101,2023,52,2023,826,,,X,,0,,,660,,,H6,HS,True,8541,,,,C00,,0,0,,-1,,0.0,False,-1,,0.0,False,8.0,False,0,False,,1986.231,1986.231,0,False,True
C,A,20230101,2023,52,2023,826,,,X,,0,,,368,,,H6,HS,True,8541,,,,C00,,0,0,,-1,,0.0,False,-1,,0.0,False,180798.0,False,0,False,,5954945.032,5954945.032,0,False,True
C,A,20230101,2023,52,2023,826,,,X,,0,,,417,,,H6,HS,True,8541,,,,C00,,0,0,,-1,,0.0,False,-1,,0.0,False,37.0,False,0,False,,32951.793,32951.793,0,False,True
C,A,20230101,2023,52,2023,826,,,X,,0,,,466,,,H6,HS,True,8541,,,,C00,,0,0,,-1,,0.0,False,-1,,0.0,False,12.0,False,0,False,,8598.714,8598.714,0,False,True
C,A,20230101,2023,52,2023,826,,,X,,0,,,31,,,H6,HS,True,8541,,,,C00,,0,0,,-1,,0.0,False,-1,,0.0,False,934.0,False,0,False,,172993.497,172993.497,0,False,True
C,A,20230101,2023,52,2023,826,,,X,,0,,,360,,,H6,HS,True,8541,,,,C00,,0,0,,-1,,0.0,False,-1,,0.0,False,667.378,True,0,False,,428574.671,428574.671,4,False,True
C,A,20230101,2023,52,2023,826,,,X,,0,,,702,,,H6,HS,True,8541,,,,C00,,0,0,,-1,,0.0,False,-1,,0.0,False,19256.476,True,0,False,,9555618.604,9555618.604,4,False,True
C,A,20230101,2023,52,2023,826,,,X,,0,,,376,,,H6,HS,True,8541,,,,C00,,0,0,,-1,,0.0,False,-1,,0.0,False,42393.305,True,0,False,,2795970.419,2795970.419,4,False,True
C,A,20230101,2023,52,2023,826,,,X,,0,,,246,,,H6,HS,True,8541,,,,C00,,0,0,,-1,,0.0,False,-1,,0.0,False,14633.132,True,0,False,,3122609.685,3122609.685,4,False,True
C,A,20230101,2023,52,2023,826,,,X,,0,,,710,,,H6,HS,True,8541,,,,C00,,0,0,,-1,,0.0,False,-1,,0.0,False,340273.449,True,0,False,,3562111.112,3562111.112,4,False,True
C,A,20230101,2023,52,2023,826,,,X,,0,,,32,,,H6,HS,True,8541,,,,C00,,0,0,,-1,,0.0,True,-1,,0.0,False,53.0,False,0,False,,17977.999,17977.999,2,False,True
C,A,20230101,2023,52,2023,826,,,X,,0,,,410,,,H6,HS,True,8541,,,,C00,,0,0,,-1,,0.0,True,-1,,0.0,False,21190.649,True,0,False,,7709552.52,7709552.52,6,False,True
C,A,20230101,2023,52,2023,826,,,X,,0,,,368,,,H6,HS,True,8541,,,,C00,,0,1000,,-1,,0.0,True,-1,,0.0,False,102.0,False,0,False,,28688.482,28688.482,2,False,True
C,A,20230101,2023,52,2023,826,,,X,,0,,,156,,,H6,HS,True,8541,,,,C00,,0,1000,,-1,,0.0,True,-1,,0.0,False,53184.068,True,0,False,,80104502.095,80104502.095,6,False,True
C,A,20230101,2023,52,2023,826,,,X,,0,,,372,,,H6,HS,True,8541,,,,C00,,0,1000,,-1,,0.0,True,-1,,0.0,False,4469.991,True,0,False,,6343386.157,6343386.157,6,False,True
C,A,20230101,2023,52,2023,826,,,X,,0,,,300,,,H6,HS,True,8541,,,,C00,,0,1000,,-1,,0.0,True,-1,,0.0,False,806.149,True,0,False,,898938.496,898938.496,6,False,True
C,A,20230101,2023,52,2023,826,,,X,,0,,,360,,,H6,HS,True,8541,,,,C00,,0,1000,,-1,,0.0,False,-1,,0.0,False,667.378,True,0,False,,428574.671,428574.671,4,False,True
C,A,20230101,2023,52,2023,826,,,X,,0,,,238,,,H6,HS,True,8541,,,,C00,,0,1000,,-1,,0.0,False,-1,,0.0,False,4.0,False,0,False,,6714.405,6714.405,0,False,True
C,A,20230101,2023,52,2023,826,,,X,,0,,,446,,,H6,HS,True,8541,,,,C00,,0,1000,,-1,,0.0,False,-1,,0.0,False,1.0,False,0,False,,1723.969,1723.969,0,False,True
C,A,20230101,2023,52,2023,826,,,X,,0,,,170,,,H6,HS,True,8541,,,,C00,,0,1000,,-1,,0.0,False,-1,,0.0,False,3.0,False,0,False,,1515.154,1515.154,0,False,True
C,A,20230101,2023,52,2023,826,,,X,,0,,,218,,,H6,HS,True,8541,,,,C00,,0,1000,,-1,,0.0,False,-1,,0.0,False,53.0,False,0,False,,13016.151,13016.151,0,False,True
C,A,20230101,2023,52,2023,826,,,X,,0,,,392,,,H6,HS,True,8541,,,,C00,,0,2100,,-1,,0.0,True,-1,,0.0,False,2164.013,True,0,False,,18394.387,18394.387,6,False,True
C,A,20230101,2023,52,2023,826,,,X,,0,,,784,,,H6,HS,True,8541,,,,C00,,0,2100,,-1,,0.0,True,-1,,0.0,False,182935.0,False,0,False,,892639.236,892639.236,2,False,True
C,A,20230101,2023,52,2023,826,,,X,,0,,,226,,,H6,HS,True,8541,,,,C00,,0,2100,,-1,,0.0,False,-1,,0.0,False,310.0,False,0,False,,5841.855,5841.855,0,False,True
C,A,20230101,2023,52,2023,826,,,X,,0,,,484,,,H6,HS,True,8541,,,,C00,,0,2100,,-1,,0.0,False,-1,,0.0,False,14175.0,False,0,False,,655432.561,655432.561,0,False,True
C,A,20230101,2023,52,2023,826,,,X,,0,,,458,,,H6,HS,True,8541,,,,C00,,0,2100,,-1,,0.0,False,-1,,0.0,False,64.0,False,0,False,,91467.297,91467.297,0,False,True
C,A,20230101,2023,52,2023,826,,,X,,0,,,376,,,H6,HS,True,8541,,,,C00,,0,2100,,-1,,0.0,False,-1,,0.0,False,577.0,False,0,False,,16096.176,16096.176,0,False,True
C,A,20230101,2023,52,2023,826,,,X,,0,,,757,,,H6,HS,True,8541,,,,C00,,0,9900,,-1,,0.0,True,-1,,0.0,False,8812.888,True,0,False,,1322546.347,1322546.347,6,False,True
C,A,20230101,2023,52,2023,826,,,X,,0,,,442,,,H6,HS,True,8541,,,,C00,,0,9900,,-1,,0.0,False,-1,,0.0,False,95.0,False,0,False,,9683.808,9683.808,0,False,True
C,A,20230101,2023,52,2023,826,,,X,,0,,,752,,,H6,HS,True,8541,,,,C00,,0,3200,,-1,,0.0,True,-1,,0.0,False,248.892,True,0,False,,239949.861,239949.861,6,False,True
C,A,20230101,2023,52,2023,826,,,X,,0,,,706,,,H6,HS,True,8541,,,,C00,,0,1000,,5,,87.899,True,-1,,0.0,False,166.0,False,0,False,,8821.202,8821.202,2,False,True
C,A,20230101,2023,52,2023,826,,,X,,0,,,266,,,H6,HS,True,8541,,,,C00,,0,1000,,5,,14631.778,True,-1,,0.0,False,149.0,False,0,False,,18672.807,18672.807,2,False,True
C,A,20230101,2023,52,2023,826,,,X,,0,,,690,,,H6,HS,True,8541,,,,C00,,0,2100,,5,,1501.758,True,-1,,0.0,False,10793.0,False,0,False,,150709.926,150709.926,2,False,True
C,A,20230101,2023,52,2023,826,,,X,,0,,,300,,,H6,HS,True,8541,,,,C00,,0,3200,,-1,,0.0,True,-1,,0.0,False,96.813,True,0,False,,39369.134,39369.134,6,False,True
C,A,20230101,2023,52,2023,826,,,X,,0,,,348,,,H6,HS,True,8541,,,,C00,,0,3200,,-1,,0.0,True,-1,,0.0,False,132.56,True,0,False,,181083.845,181083.845,6,False,True
C,A,20210101,2021,52,2021,826,,,X,,0,,,899,,,H5,HS,True,8471,,,,C00,,0,3200,,5,,1684362.07,True,-1,,0.0,False,1306273.584,True,0,False,0.0,220428652.253,220428652.253,6,False,True
C,A,20210101,2021,52,2021,826,,,X,,0,,,899,,,H5,HS,True,8471,,,,C00,,0,0,,5,,23109579.07,True,-1,,0.0,False,33727127.944,True,0,False,0.0,4639398119.333,4639398119.333,6,False,True
C,A,20210101,2021,52,2021,826,,,X,,0,,,0,,,H5,HS,True,8471,,,,C00,,0,0,,5,,23109579.07,True,-1,,0.0,False,33727127.944,True,0,False,0.0,4639398119.333,4639398119.333,6,False,True
C,A,20210101,2021,52,2021,826,,,X,,0,,,0,,,H5,HS,True,8471,,,,C00,,0,3200,,5,,1684362.07,True,-1,,0.0,False,1306273.584,True,0,False,0.0,220428652.253,220428652.253,6,False,True
C,A,20210101,2021,52,2021,826,,,X,,0,,,0,,,H5,HS,True,8471,,,,C00,,0,1000,,5,,13494894.0,False,5,,13494894.0,False,6761652.506,True,0,False,0.0,2433316897.427,2433316897.427,4,False,True
C,A,20210101,2021,52,2021,826,,,X,,0,,,0,,,H5,HS,True,8471,,,,C00,,0,2100,,5,,1717712.0,False,5,,1717712.0,False,12102933.635,True,0,False,0.0,371955642.665,371955642.665,4,False,True
C,A,20210101,2021,52,2021,826,,,X,,0,,,0,,,H5,HS,True,8471,,,,C00,,0,9900,,5,,6212611.0,False,5,,6212611.0,False,13556268.219,True,0,False,0.0,1613696926.987,1613696926.987,4,False,True
C,A,20210101,2021,52,2021,826,,,X,,0,,,899,,,H5,HS,True,8471,,,,C00,,0,2100,,5,,1717712.0,False,5,,1717712.0,False,12102933.635,True,0,False,0.0,371955642.665,371955642.665,4,False,True
C,A,20210101,2021,52,2021,826,,,X,,0,,,899,,,H5,HS,True,8471,,,,C00,,0,1000,,5,,13494894.0,False,5,,13494894.0,False,6761652.506,True,0,False,0.0,2433316897.427,2433316897.427,4,False,True
C,A,20210101,2021,52,2021,826,,,X,,0,,,899,,,H5,HS,True,8471,,,,C00,,0,9900,,5,,6212611.0,False,5,,6212611.0,False,13556268.219,True,0,False,0.0,1613696926.987,1613696926.987,4,False,True
C,A,20220101,2022,52,2022,826,,,X,,0,,,414,,,H6,HS,True,8471,,,,C00,,0,3200,,5,,2.0,False,5,,2.0,False,14.0,False,0,False,,4024.745,4024.745,0,False,True
C,A,20220101,2022,52,2022,826,,,X,,0,,,646,,,H6,HS,True,8471,,,,C00,,0,2100,,5,,2.0,False,5,,2.0,False,32.0,False,0,False,,2453.666,2453.666,0,False,True
C,A,20220101,2022,52,2022,826,,,X,,0,,,368,,,H6,HS,True,8471,,,,C00,,0,2100,,5,,2.0,False,5,,2.0,False,10.0,False,0,False,,4576.515,4576.515,0,False,True
C,A,20220101,2022,52,2022,826,,,X,,0,,,300,,,H6,HS,True,8471,,,,C00,,0,2100,,5,,2.0,False,5,,2.0,False,601.0,False,0,False,,52896.647,52896.647,0,False,True
C,A,20220101,2022,52,2022,826,,,X,,0,,,120,,,H6,HS,True,8471,,,,C00,,0,2100,,5,,2.0,False,5,,2.0,False,51.0,False,0,False,,1102.319,1102.319,0,False,True
C,A,20220101,2022,52,2022,826,,,X,,0,,,100,,,H6,HS,True,8471,,,,C00,,0,2100,,5,,2.0,False,5,,2.0,False,75.0,False,0,False,,6532.123,6532.123,0,False,True
C,A,20220101,2022,52,2022,826,,,X,,0,,,570,,,H6,HS,True,8471,,,,C00,,0,1000,,5,,2.0,False,5,,2.0,False,27.0,False,0,False,,5380.975,5380.975,0,False,True
C,A,20220101,2022,52,2022,826,,,X,,0,,,316,,,H6,HS,True,8471,,,,C00,,0,1000,,5,,2.0,False,5,,2.0,False,10.0,False,0,False,,3024.967,3024.967,0,False,True
C,A,20220101,2022,52,2022,826,,,X,,0,,,234,,,H6,HS,True,8471,,,,C00,,0,1000,,5,,2.0,False,5,,2.0,False,57.0,False,0,False,,19799.01,19799.01,0,False,True
C,A,20220101,2022,52,2022,826,,,X,,0,,,212,,,H6,HS,True,8471,,,,C00,,0,1000,,5,,2.0,False,5,,2.0,False,7.0,False,0,False,,2813.781,2813.781,0,False,True
C,A,20220101,2022,52,2022,826,,,X,,0,,,584,,,H6,HS,True,8471,,,,C00,,0,0,,5,,2.0,False,5,,2.0,False,2008.0,False,0,False,,4853.62,4853.62,0,False,True
C,A,20220101,2022,52,2022,826,,,X,,0,,,570,,,H6,HS,True,8471,,,,C00,,0,0,,5,,2.0,False,5,,2.0,False,27.0,False,0,False,,5380.975,5380.975,0,False,True
C,A,20220101,2022,52,2022,826,,,X,,0,,,795,,,H6,HS,True,8471,,,,C00,,0,0,,5,,2.0,False,5,,2.0,False,17.0,False,0,False,,8820.991,8820.991,0,False,True
C,A,20220101,2022,52,2022,826,,,X,,0,,,212,,,H6,HS,True,8471,,,,C00,,0,0,,5,,2.0,False,5,,2.0,False,7.0,False,0,False,,2813.781,2813.781,0,False,True
C,A,20220101,2022,52,2022,826,,,X,,0,,,764,,,H6,HS,True,8471,,,,C00,,0,3200,,5,,84.0,False,5,,84.0,False,300.0,False,0,False,,63803.864,63803.864,0,False,True
C,A,20220101,2022,52,2022,826,,,X,,0,,,757,,,H6,HS,True,8471,,,,C00,,0,3200,,5,,24849.0,False,5,,24849.0,False,45059.0,False,0,False,,14996467.927,14996467.927,0,False,True
C,A,20220101,2022,52,2022,826,,,X,,0,,,724,,,H6,HS,True,8471,,,,C00,,0,3200,,5,,38579.0,False,5,,38579.0,False,22230.0,False,0,False,,3782702.3,3782702.3,0,False,True
C,A,20220101,2022,52,2022,826,,,X,,0,,,728,,,H6,HS,True,8471,,,,C00,,0,3200,,5,,9.0,False,5,,9.0,False,10.0,False,0,False,,2309.62,2309.62,0,False,True
C,A,20220101,2022,52,2022,826,,,X,,0,,,710,,,H6,HS,True,8471,,,,C00,,0,3200,,5,,7.0,False,5,,7.0,False,108.0,False,0,False,,38262.543,38262.543,0,False,True
C,A,20220101,2022,52,2022,826,,,X,,0,,,705,,,H6,HS,True,8471,,,,C00,,0,3200,,5,,8715.0,False,5,,8715.0,False,6226.0,False,0,False,,485608.601,485608.601,0,False,True
C,A,20220101,2022,52,2022,826,,,X,,0,,,703,,,H6,HS,True,8471,,,,C00,,0,3200,,5,,387.0,False,5,,387.0,False,3307.0,False,0,False,,459239.625,459239.625,0,False,True
C,A,20220101,2022,52,2022,826,,,X,,0,,,699,,,H6,HS,True,8471,,,,C00,,0,3200,,5,,49.0,False,5,,49.0,False,235.0,False,0,False,,70666.805,70666.805,0,False,True
C,A,20220101,2022,52,2022,826,,,X,,0,,,688,,,H6,HS,True,8471,,,,C00,,0,3200,,5,,187.0,False,5,,187.0,False,529.0,False,0,False,,68042.237,68042.237,0,False,True
C,A,20220101,2022,52,2022,826,,,X,,0,,,682,,,H6,HS,True,8471,,,,C00,,0,3200,,5,,21.0,False,5,,21.0,False,545.0,False,0,False,,50685.906,50685.906,0,False,True
C,A,20220101,2022,52,2022,826,,,X,,0,,,643,,,H6,HS,True,8471,,,,C00,,0,3200,,5,,23.0,False,5,,23.0,False,43.0,False,0,False,,98612.963,98612.963,0,False,True
C,A,20220101,2022,52,2022,826,,,X,,0,,,646,,,H6,HS,True,8471,,,,C00,,0,3200,,5,,9.0,False,5,,9.0,False,27.0,False,0,False,,7791.916,7791.916,0,False,True
C,A,20220101,2022,52,2022,826,,,X,,0,,,616,,,H6,HS,True,8471,,,,C00,,0,3200,,5,,14248.0,False,5,,14248.0,False,14641.0,False,0,False,,2599195.371,2599195.371,0,False,True
C,A,20220101,2022,52,2022,826,,,X,,0,,,586,,,H6,HS,True,8471,,,,C00,,0,3200,,5,,118.0,False,5,,118.0,False,393.0,False,0,False,,100809.055,100809.055,0,False,True
C,A,20220101,2022,52,2022,826,,,X,,0,,,579,,,H6,HS,True,8471,,,,C00,,0,3200,,5,,16000.0,False,5,,16000.0,False,20748.0,False,0,False,,6792266.614,6792266.614,0,False,True
C,A,20220101,2022,52,2022,826,,,X,,0,,,566,,,H6,HS,True,8471,,,,C00,,0,3200,,5,,54.0,False,5,,54.0,False,406.0,False,0,False,,71825.277,71825.277,0,False,True
C,A,20220101,2022,52,2022,826,,,X,,0,,,554,,,H6,HS,True,8471,,,,C00,,0,3200,,5,,303.0,False,5,,303.0,False,49.0,False,0,False,,6714.012,6714.012,0,False,True
C,A,20220101,2022,52,2022,826,,,X,,0,,,528,,,H6,HS,True,8471,,,,C00,,0,3200,,5,,125307.0,False,5,,125307.0,False,153553.0,False,0,False,,28546893.975,28546893.975,0,False,True
C,A,20220101,2022,52,2022,826,,,X,,0,,,512,,,H6,HS,True,8471,,,,C00,,0,3200,,5,,6.0,False,5,,6.0,False,36.0,False,0,False,,9508.261,9508.261,0,False,True
C,A,20220101,2022,52,2022,826,,,X,,0,,,504,,,H6,HS,True,8471,,,,C00,,0,3200,,5,,11.0,False,5,,11.0,False,645.0,False,0,False,,25066.458,25066.458,0,False,True
C,A,20220101,2022,52,2022,826,,,X,,0,,,498,,,H6,HS,True,8471,,,,C00,,0,3200,,5,,109.0,False,5,,109.0,False,1472.0,False,0,False,,50295.272,50295.272,0,False,True
C,A,20220101,2022,52,2022,826,,,X,,0,,,470,,,H6,HS,True,8471,,,,C00,,0,3200,,5,,585.0,False,5,,585.0,False,1302.0,False,0,False,,387753.711,387753.711,0,False,True
C,A,20220101,2022,52,2022,826,,,X,,0,,,440,,,H6,HS,True,8471,,,,C00,,0,3200,,5,,833.0,False,5,,833.0,False,2819.0,False,0,False,,457561.122,457561.122,0,False,True
C,A,20220101,2022,52,2022,826,,,X,,0,,,410,,,H6,HS,True,8471,,,,C00,,0,3200,,5,,189.0,False,5,,189.0,False,241.0,False,0,False,,117439.052,117439.052,0,False,True
C,A,20220101,2022,52,2022,826,,,X,,0,,,404,,,H6,HS,True,8471,,,,C00,,0,3200,,5,,18.0,False,5,,18.0,False,73.0,False,0,False,,13934.626,13934.626,0,False,True
C,A,20220101,2022,52,2022,826,,,X,,0,,,400,,,H6,HS,True,8471,,,,C00,,0,3200,,5,,5.0,False,5,,5.0,False,109.0,False,0,False,,34108.4,34108.4,0,False,True
C,A,20220101,2022,52,2022,826,,,X,,0,,,398,,,H6,HS,True,8471,,,,C00,,0,3200,,5,,15.0,False,5,,15.0,False,56.0,False,0,False,,16589.713,16589.713,0,False,True
C,A,20220101,2022,52,2022,826,,,X,,0,,,392,,,H6,HS,True,8471,,,,C00,,0,3200,,5,,841.0,False,5,,841.0,False,1270.0,False,0,False,,236928.93,236928.93,0,False,True
C,A,20220101,2022,52,2022,826,,,X,,0,,,894,,,H6,HS,True,8471,,,,C00,,0,3200,,5,,14.0,False,5,,14.0,False,3.0,False,0,False,,1463.655,1463.655,0,False,True
C,A,20220101,2022,52,2022,826,,,X,,0,,,842,,,H6,HS,True,8471,,,,C00,,0,3200,,5,,110.0,False,5,,110.0,False,709.0,False,0,False,,102945.332,102945.332,0,False,True
C,A,20220101,2022,52,2022,826,,,X,,0,,,818,,,H6,HS,True,8471,,,,C00,,0,3200,,5,,254.0,False,5,,254.0,False,664.0,False,0,False,,205690.464,205690.464,0,False,True
C,A,20220101,2022,52,2022,826,,,X,,0,,,807,,,H6,HS,True,8471,,,,C00,,0,3200,,5,,6.0,False,5,,6.0,False,109.0,False,0,False,,14712.231,14712.231,0,False,True
C,A,20220101,2022,52,2022,826,,,X,,0,,,792,,,H6,HS,True,8471,,,,C00,,0,3200,,5,,325.0,False,5,,325.0,False,4837.0,False,0,False,,2601622.181,2601622.181,0,False,True
C,A,20220101,2022,52,2022,826,,,X,,0,,,784,,,H6,HS,True,8471,,,,C00,,0,3200,,5,,5671.0,False,5,,5671.0,False,3161.0,False,0,False,,417418.656,417418.656,0,False,True
C,A,20220101,2022,52,2022,826,,,X,,0,,,368,,,H6,HS,True,8471,,,,C00,,0,3200,,5,,5.0,False,5,,5.0,False,217.0,False,0,False,,89339.082,89339.082,0,False,True
C,A,20220101,2022,52,2022,826,,,X,,0,,,352,,,H6,HS,True,8471,,,,C00,,0,3200,,5,,3.0,False,5,,3.0,False,23.0,False,0,False,,10350.565,10350.565,0,False,True
C,A,20220101,2022,52,2022,826,,,X,,0,,,344,,,H6,HS,True,8471,,,,C00,,0,3200,,5,,2197.0,False,5,,2197.0,False,621.0,False,0,False,,279072.171,279072.171,0,False,True
C,A,20220101,2022,52,2022,826,,,X,,0,,,300,,,H6,HS,True,8471,,,,C00,,0,3200,,5,,26544.0,False,5,,26544.0,False,12517.0,False,0,False,,1667092.781,1667092.781,0,False,True
C,A,20220101,2022,52,2022,826,,,X,,0,,,292,,,H6,HS,True,8471,,,,C00,,0,3200,,5,,50.0,False,5,,50.0,False,228.0,False,0,False,,71654.375,71654.375,0,False,True
C,A,20220101,2022,52,2022,826,,,X,,0,,,288,,,H6,HS,True,8471,,,,C00,,0,3200,,5,,4.0,False,5,,4.0,False,44.0,False,0,False,,28167.11,28167.11,0,False,True
C,A,20220101,2022,52,2022,826,,,X,,0,,,268,,,H6,HS,True,8471,,,,C00,,0,3200,,5,,23.0,False,5,,23.0,False,340.0,False,0,False,,38203.948,38203.948,0,False,True
C,A,20220101,2022,52,2022,826,,,X,,0,,,251,,,H6,HS,True,8471,,,,C00,,0,3200,,5,,112403.0,False,5,,112403.0,False,175730.0,False,0,False,,21498899.198,21498899.198,0,False,True
C,A,20220101,2022,52,2022,826,,,X,,0,,,233,,,H6,HS,True,8471,,,,C00,,0,3200,,5,,1434.0,False,5,,1434.0,False,5592.0,False,0,False,,1218007.183,1218007.183,0,False,True
C,A,20220101,2022,52,2022,826,,,X,,0,,,208,,,H6,HS,True,8471,,,,C00,,0,3200,,5,,28149.0,False,5,,28149.0,False,65178.0,False,0,False,,6453338.418,6453338.418,0,False,True
C,A,20220101,2022,52,2022,826,,,X,,0,,,203,,,H6,HS,True,8471,,,,C00,,0,3200,,5,,7387.0,False,5,,7387.0,False,10800.0,False,0,False,,2368986.556,2368986.556,0,False,True
C,A,20220101,2022,52,2022,826,,,X,,0,,,72,,,H6,HS,True,8471,,,,C00,,0,3200,,5,,5.0,False,5,,5.0,False,50.0,False,0,False,,3685.382,3685.382,0,False,True
C,A,20220101,2022,52,2022,826,,,X,,0,,,70,,,H6,HS,True,8471,,,,C00,,0,3200,,5,,6.0,False,5,,6.0,False,8.0,False,0,False,,11338.135,11338.135,0,False,True
C,A,20220101,2022,52,2022,826,,,X,,0,,,56,,,H6,HS,True,8471,,,,C00,,0,3200,,5,,11650.0,False,5,,11650.0,False,11798.0,False,0,False,,2698460.203,2698460.203,0,False,True
C,A,20220101,2022,52,2022,826,,,X,,0,,,50,,,H6,HS,True,8471,,,,C00,,0,3200,,5,,14.0,False,5,,14.0,False,67.0,False,0,False,,13928.523,13928.523,0,False,True
C,A,20220101,2022,52,2022,826,,,X,,0,,,48,,,H6,HS,True,8471,,,,C00,,0,3200,,5,,3.0,False,5,,3.0,False,267.0,False,0,False,,35782.02,35782.02,0,False,True
C,A,20220101,2022,52,2022,826,,,X,,0,,,40,,,H6,HS,True,8471,,,,C00,,0,3200,,5,,6540.0,False,5,,6540.0,False,7548.0,False,0,False,,898086.965,898086.965,0,False,True
C,A,20220101,2022,52,2022,826,,,X,,0,,,36,,,H6,HS,True,8471,,,,C00,,0,3200,,5,,498.0,False,5,,498.0,False,199.0,False,0,False,,44117.161,44117.161,0,False,True
C,A,20220101,2022,52,2022,826,,,X,,0,,,8,,,H6,HS,True,8471,,,,C00,,0,3200,,5,,4.0,False,5,,4.0,False,296.0,False,0,False,,27517.682,27517.682,0,False,True
C,A,20220101,2022,52,2022,826,,,X,,0,,,12,,,H6,HS,True,8471,,,,C00,,0,3200,,5,,13.0,False,5,,13.0,False,6.0,False,0,False,,2376.76,2376.76,0,False,True
C,A,20220101,2022,52,2022,826,,,X,,0,,,616,,,H6,HS,True,8471,,,,C00,,0,9000,,5,,1322.0,False,5,,1322.0,False,2667.0,False,0,False,,165018.202,165018.202,0,False,True
C,A,20220101,2022,52,2022,826,,,X,,0,,,440,,,H6,HS,True,8471,,,,C00,,0,9000,,5,,1030.0,False,5,,1030.0,False,10461.0,False,0,False,,69327.665,69327.665,0,False,True
C,A,20220101,2022,52,2022,826,,,X,,0,,,348,,,H6,HS,True,8471,,,,C00,,0,9000,,5,,189.0,False,5,,189.0,False,270.0,False,0,False,,20192.085,20192.085,0,False,True
C,A,20220101,2022,52,2022,826,,,X,,0,,,233,,,H6,HS,True,8471,,,,C00,,0,9000,,5,,13337.0,False,5,,13337.0,False,2947.0,False,0,False,,1063471.385,1063471.385,0,False,True
C,A,20220101,2022,52,2022,826,,,X,,0,,,208,,,H6,HS,True,8471,,,,C00,,0,9000,,5,,88.0,False,5,,88.0,False,581.0,False,0,False,,358661.287,358661.287,0,False,True
C,A,20220101,2022,52,2022,826,,,X,,0,,,203,,,H6,HS,True,8471,,,,C00,,0,9000,,5,,5539.0,False,5,,5539.0,False,1341.0,False,0,False,,395091.515,395091.515,0,False,True
C,A,20220101,2022,52,2022,826,,,X,,0,,,100,,,H6,HS,True,8471,,,,C00,,0,9000,,5,,30.0,False,5,,30.0,False,36.0,False,0,False,,6478.411,6478.411,0,False,True
C,A,20220101,2022,52,2022,826,,,X,,0,,,56,,,H6,HS,True,8471,,,,C00,,0,9000,,5,,2860.0,False,5,,2860.0,False,7580.0,False,0,False,,406317.343,406317.343,0,False,True
C,A,20220101,2022,52,2022,826,,,X,,0,,,40,,,H6,HS,True,8471,,,,C00,,0,9000,,5,,95.0,False,5,,95.0,False,99.0,False,0,False,,21726.542,21726.542,0,False,True
C,A,20220101,2022,52,2022,826,,,X,,0,,,762,,,H6,HS,True,8471,,,,C00,,0,9900,,5,,4.0,False,5,,4.0,False,1190.0,False,0,False,,310873.393,310873.393,0,False,True
C,A,20220101,2022,52,2022,826,,,X,,0,,,757,,,H6,HS,True,8471,,,,C00,,0,9900,,5,,24302.0,False,5,,24302.0,False,76778.0,False,0,False,,20092076.914,20092076.914,0,False,True
C,A,20220101,2022,52,2022,826,,,X,,0,,,724,,,H6,HS,True,8471,,,,C00,,0,9900,,5,,80896.0,False,5,,80896.0,False,162637.0,False,0,False,,18172609.314,18172609.314,0,False,True
C,A,20220101,2022,52,2022,826,,,X,,0,,,705,,,H6,HS,True,8471,,,,C00,,0,9900,,5,,9516.0,False,5,,9516.0,False,25627.0,False,0,False,,1861031.283,1861031.283,0,False,True
C,A,20220101,2022,52,2022,826,,,X,,0,,,703,,,H6,HS,True,8471,,,,C00,,0,9900,,5,,2888.0,False,5,,2888.0,False,14277.0,False,0,False,,1889233.795,1889233.795,0,False,True
C,A,20220101,2022,52,2022,826,,,X,,0,,,699,,,H6,HS,True,8471,,,,C00,,0,9900,,5,,34.0,False,5,,34.0,False,26732.0,False,0,False,,3976546.805,3976546.805,0,False,True
C,A,20220101,2022,52,2022,826,,,X,,0,,,694,,,H6,HS,True,8471,,,,C00,,0,9900,,5,,8.0,False,5,,8.0,False,13.0,False,0,False,,1379.424,1379.424,0,False,True
C,A,20220101,2022,52,2022,826,,,X,,0,,,688,,,H6,HS,True,8471,,,,C00,,0,9900,,5,,3324.0,False,5,,3324.0,False,4252.0,False,0,False,,429040.0,429040.0,0,False,True
C,A,20220101,2022,52,2022,826,,,X,,0,,,686,,,H6,HS,True,8471,,,,C00,,0,9900,,5,,28.0,False,5,,28.0,False,70.0,False,0,False,,39878.788,39878.788,0,False,True
C,A,20220101,2022,52,2022,826,,,X,,0,,,643,,,H6,HS,True,8471,,,,C00,,0,9900,,5,,6116.0,False,5,,6116.0,False,4724.0,False,0,False,,607475.238,607475.238,0,False,True
C,A,20220101,2022,52,2022,826,,,X,,0,,,616,,,H6,HS,True,8471,,,,C00,,0,9900,,5,,244669.0,False,5,,244669.0,False,383045.0,False,0,False,,36407273.187,36407273.187,0,False,True
C,A,20220101,2022,52,2022,826,,,X,,0,,,586,,,H6,HS,True,8471,,,,C00,,0,9900,,5,,85.0,False,5,,85.0,False,1005.0,False,0,False,,2924.868,2924.868,0,False,True
C,A,20220101,2022,52,2022,826,,,X,,0,,,579,,,H6,HS,True,8471,,,,C00,,0,9900,,5,,1045.0,False,5,,1045.0,False,5945.0,False,0,False,,3021324.821,3021324.821,0,False,True
C,A,20220101,2022,52,2022,826,,,X,,0,,,566,,,H6,HS,True,8471,,,,C00,,0,9900,,5,,140.0,False,5,,140.0,False,96.0,False,0,False,,17364.876,17364.876,0,False,True
C,A,20220101,2022,52,2022,826,,,X,,0,,,528,,,H6,HS,True,8471,,,,C00,,0,9900,,5,,915624.0,False,5,,915624.0,False,1335797.0,False,0,False,,284129955.836,284129955.836,0,False,True
C,A,20220101,2022,52,2022,826,,,X,,0,,,512,,,H6,HS,True,8471,,,,C00,,0,9900,,5,,4.0,False,5,,4.0,False,100.0,False,0,False,,54276.071,54276.071,0,False,True
C,A,20220101,2022,52,2022,826,,,X,,0,,,504,,,H6,HS,True,8471,,,,C00,,0,9900,,5,,120404.0,False,5,,120404.0,False,180901.0,False,0,False,,1373260.771,1373260.771,0,False,True
C,A,20220101,2022,52,2022,826,,,X,,0,,,499,,,H6,HS,True,8471,,,,C00,,0,9900,,5,,26.0,False,5,,26.0,False,252.0,False,0,False,,18290.189,18290.189,0,False,True
C,A,20220101,2022,52,2022,826,,,X,,0,,,498,,,H6,HS,True,8471,,,,C00,,0,9900,,5,,444.0,False,5,,444.0,False,178.0,False,0,False,,45728.524,45728.524,0,False,True
C,A,20220101,2022,52,2022,826,,,X,,0,,,470,,,H6,HS,True,8471,,,,C00,,0,9900,,5,,17641.0,False,5,,17641.0,False,41440.0,False,0,False,,4682316.397,4682316.397,0,False,True
C,A,20220101,2022,52,2022,826,,,X,,0,,,478,,,H6,HS,True,8471,,,,C00,,0,9900,,5,,288.0,False,5,,288.0,False,730.0,False,0,False,,62695.442,62695.442,0,False,True
C,A,20220101,2022,52,2022,826,,,X,,0,,,440,,,H6,HS,True,8471,,,,C00,,0,9900,,5,,9451.0,False,5,,9451.0,False,39242.0,False,0,False,,1851732.987,1851732.987,0,False,True
C,A,20220101,2022,52,2022,826,,,X,,0,,,417,,,H6,HS,True,8471,,,,C00,,0,9900,,5,,323.0,False,5,,323.0,False,2088.0,False,0,False,,5324849.763,5324849.763,0,False,True
C,A,20220101,2022,52,2022,826,,,X,,0,,,404,,,H6,HS,True,8471,,,,C00,,0,9900,,5,,13.0,False,5,,13.0,False,65.0,False,0,False,,2301.075,2301.075,0,False,True
C,A,20220101,2022,52,2022,826,,,X,,0,,,398,,,H6,HS,True,8471,,,,C00,,0,9900,,5,,229.0,False,5,,229.0,False,2320.0,False,0,False,,496717.238,496717.238,0,False,True
C,A,20220101,2022,52,2022,826,,,X,,0,,,842,,,H6,HS,True,8471,,,,C00,,0,9900,,5,,5750.0,False,5,,5750.0,False,48375.0,False,0,False,,6473479.232,6473479.232,0,False,True
C,A,20220101,2022,52,2022,826,,,X,,0,,,834,,,H6,HS,True,8471,,,,C00,,0,9900,,5,,36.0,False,5,,36.0,False,410.0,False,0,False,,19993.106,19993.106,0,False,True
C,A,20220101,2022,52,2022,826,,,X,,0,,,818,,,H6,HS,True,8471,,,,C00,,0,9900,,5,,29.0,False,5,,29.0,False,727.0,False,0,False,,88020.694,88020.694,0,False,True
C,A,20220101,2022,52,2022,826,,,X,,0,,,807,,,H6,HS,True,8471,,,,C00,,0,9900,,5,,485.0,False,5,,485.0,False,4286.0,False,0,False,,45785.898,45785.898,0,False,True
C,A,20220101,2022,52,2022,826,,,X,,0,,,804,,,H6,HS,True,8471,,,,C00,,0,9900,,5,,20666.0,False,5,,20666.0,False,44338.0,False,0,False,,3825995.468,3825995.468,0,False,True
C,A,20220101,2022,52,2022,826,,,X,,0,,,792,,,H6,HS,True,8471,,,,C00,,0,9900,,5,,23909.0,False,5,,23909.0,False,43386.0,False,0,False,,7167448.032,7167448.032,0,False,True
C,A,20220101,2022,52,2022,826,,,X,,0,,,788,,,H6,HS,True,8471,,,,C00,,0,9900,,5,,2128.0,False,5,,2128.0,False,1391.0,False,0,False,,69155.542,69155.542,0,False,True
C,A,20220101,2022,52,2022,826,,,X,,0,,,368,,,H6,HS,True,8471,,,,C00,,0,9900,,5,,21515.0,False,5,,21515.0,False,133357.0,False,0,False,,461925.229,461925.229,0,False,True
C,A,20220101,2022,52,2022,826,,,X,,0,,,364,,,H6,HS,True,8471,,,,C00,,0,9900,,5,,14.0,False,5,,14.0,False,464.0,False,0,False,,20846.396,20846.396,0,False,True
C,A,20220101,2022,52,2022,826,,,X,,0,,,348,,,H6,HS,True,8471,,,,C00,,0,9900,,5,,221532.0,False,5,,221532.0,False,142937.0,False,0,False,,7357583.962,7357583.962,0,False,True
C,A,20220101,2022,52,2022,826,,,X,,0,,,344,,,H6,HS,True,8471,,,,C00,,0,9900,,5,,1606.0,False,5,,1606.0,False,2524.0,False,0,False,,296094.022,296094.022,0,False,True
C,A,20220101,2022,52,2022,826,,,X,,0,,,300,,,H6,HS,True,8471,,,,C00,,0,9900,,5,,12235.0,False,5,,12235.0,False,57568.0,False,0,False,,1823106.882,1823106.882,0,False,True
C,A,20220101,2022,52,2022,826,,,X,,0,,,292,,,H6,HS,True,8471,,,,C00,,0,9900,,5,,3489.0,False,5,,3489.0,False,14120.0,False,0,False,,1731720.637,1731720.637,0,False,True
C,A,20220101,2022,52,2022,826,,,X,,0,,,268,,,H6,HS,True,8471,,,,C00,,0,9900,,5,,10477.0,False,5,,10477.0,False,22043.0,False,0,False,,1928281.266,1928281.266,0,False,True
C,A,20220101,2022,52,2022,826,,,X,,0,,,251,,,H6,HS,True,8471,,,,C00,,0,9900,,5,,524459.0,False,5,,524459.0,False,501047.0,False,0,False,,95081554.152,95081554.152,0,False,True
C,A,20220101,2022,52,2022,826,,,X,,0,,,246,,,H6,HS,True,8471,,,,C00,,0,9900,,5,,2263.0,False,5,,2263.0,False,2292.0,False,0,False,,426206.687,426206.687,0,False,True
C,A,20220101,2022,52,2022,826,,,X,,0,,,233,,,H6,HS,True,8471,,,,C00,,0,9900,,5,,901.0,False,5,,901.0,False,2371.0,False,0,False,,408792.982,408792.982,0,False,True
C,A,20220101,2022,52,2022,826,,,X,,0,,,208,,,H6,HS,True,8471,,,,C00,,0,9900,,5,,28934.0,False,5,,28934.0,False,59130.0,False,0,False,,5262564.487,5262564.487,0,False,True
C,A,20220101,2022,52,2022,826,,,X,,0,,,203,,,H6,HS,True,8471,,,,C00,,0,9900,,5,,142210.0,False,5,,142210.0,False,199940.0,False,0,False,,54741399.65,54741399.65,0,False,True
C,A,20220101,2022,52,2022,826,,,X,,0,,,124,,,H6,HS,True,8471,,,,C00,,0,9900,,5,,239.0,False,5,,239.0,False,557.0,False,0,False,,145220.412,145220.412,0,False,True
C,A,20220101,2022,52,2022,826,,,X,,0,,,120,,,H6,HS,True,8471,,,,C00,,0,9900,,5,,73.0,False,5,,73.0,False,175.0,False,0,False,,10510.48,10510.48,0,False,True
C,A,20220101,2022,52,2022,826,,,X,,0,,,112,,,H6,HS,True,8471,,,,C00,,0,9900,,5,,242.0,False,5,,242.0,False,173.0,False,0,False,,3542.557,3542.557,0,False,True
C,A,20220101,2022,52,2022,826,,,X,,0,,,100,,,H6,HS,True,8471,,,,C00,,0,9900,,5,,30240.0,False,5,,30240.0,False,83417.0,False,0,False,,3091389.807,3091389.807,0,False,True
C,A,20220101,2022,52,2022,826,,,X,,0,,,70,,,H6,HS,True,8471,,,,C00,,0,9900,,5,,3307.0,False,5,,3307.0,False,1430.0,False,0,False,,35056.907,35056.907,0,False,True
C,A,20220101,2022,52,2022,826,,,X,,0,,,56,,,H6,HS,True,8471,,,,C00,,0,9900,,5,,131870.0,False,5,,131870.0,False,112796.0,False,0,False,,14059880.377,14059880.377,0,False,True
C,A,20220101,2022,52,2022,826,,,X,,0,,,40,,,H6,HS,True,8471,,,,C00,,0,9900,,5,,3703.0,False,5,,3703.0,False,10439.0,False,0,False,,2310691.844,2310691.844,0,False,True
C,A,20220101,2022,52,2022,826,,,X,,0,,,24,,,H6,HS,True,8471,,,,C00,,0,9900,,5,,12.0,False,5,,12.0,False,23.0,False,0,False,,30282.634,30282.634,0,False,True
C,A,20220101,2022,52,2022,826,,,X,,0,,,8,,,H6,HS,True,8471,,,,C00,,0,9900,,5,,2095.0,False,5,,2095.0,False,13404.0,False,0,False,,355322.592,355322.592,0,False,True
C,A,20220101,2022,52,2022,826,,,X,,0,,,12,,,H6,HS,True,8471,,,,C00,,0,9900,,5,,215.0,False,5,,215.0,False,645.0,False,0,False,,240157.759,240157.759,0,False,True
C,A,20220101,2022,52,2022,826,,,X,,0,,,764,,,H6,HS,True,8471,,,,C00,,0,2100,,5,,619.0,False,5,,619.0,False,712.0,False,0,False,,423812.837,423812.837,0,False,True
C,A,20220101,2022,52,2022,826,,,X,,0,,,757,,,H6,HS,True,8471,,,,C00,,0,2100,,5,,55.0,False,5,,55.0,False,455.0,False,0,False,,246787.54,246787.54,0,False,True
C,A,20220101,2022,52,2022,826,,,X,,0,,,724,,,H6,HS,True,8471,,,,C00,,0,2100,,5,,517.0,False,5,,517.0,False,6566.0,False,0,False,,386888.213,386888.213,0,False,True
C,A,20220101,2022,52,2022,826,,,X,,0,,,710,,,H6,HS,True,8471,,,,C00,,0,2100,,5,,15093.0,False,5,,15093.0,False,105323.0,False,0,False,,1103029.122,1103029.122,0,False,True
C,A,20220101,2022,52,2022,826,,,X,,0,,,704,,,H6,HS,True,8471,,,,C00,,0,2100,,5,,101.0,False,5,,101.0,False,244.0,False,0,False,,11812.999,11812.999,0,False,True
C,A,20220101,2022,52,2022,826,,,X,,0,,,699,,,H6,HS,True,8471,,,,C00,,0,2100,,5,,67647.0,False,5,,67647.0,False,59196.0,False,0,False,,466499.303,466499.303,0,False,True
C,A,20220101,2022,52,2022,826,,,X,,0,,,694,,,H6,HS,True,8471,,,,C00,,0,2100,,5,,814.0,False,5,,814.0,False,20705.0,False,0,False,,81321.331,81321.331,0,False,True
C,A,20220101,2022,52,2022,826,,,X,,0,,,686,,,H6,HS,True,8471,,,,C00,,0,2100,,5,,273.0,False,5,,273.0,False,5272.0,False,0,False,,102153.078,102153.078,0,False,True
C,A,20220101,2022,52,2022,826,,,X,,0,,,682,,,H6,HS,True,8471,,,,C00,,0,2100,,5,,3312.0,False,5,,3312.0,False,34042.0,False,0,False,,2125062.847,2125062.847,0,False,True
C,A,20220101,2022,52,2022,826,,,X,,0,,,654,,,H6,HS,True,8471,,,,C00,,0,2100,,5,,382.0,False,5,,382.0,False,4208.0,False,0,False,,187428.352,187428.352,0,False,True
C,A,20220101,2022,52,2022,826,,,X,,0,,,616,,,H6,HS,True,8471,,,,C00,,0,2100,,5,,3405.0,False,5,,3405.0,False,13180.0,False,0,False,,771242.192,771242.192,0,False,True
C,A,20220101,2022,52,2022,826,,,X,,0,,,608,,,H6,HS,True,8471,,,,C00,,0,2100,,5,,45.0,False,5,,45.0,False,844.0,False,0,False,,1409.942,1409.942,0,False,True
C,A,20220101,2022,52,2022,826,,,X,,0,,,604,,,H6,HS,True,8471,,,,C00,,0,2100,,5,,3696.0,False,5,,3696.0,False,19230.0,False,0,False,,590750.025,590750.025,0,False,True
C,A,20220101,2022,52,2022,826,,,X,,0,,,586,,,H6,HS,True,8471,,,,C00,,0,2100,,5,,339155.0,False,5,,339155.0,False,4352415.0,False,0,False,,18183747.249,18183747.249,0,False,True
C,A,20220101,2022,52,2022,826,,,X,,0,,,579,,,H6,HS,True,8471,,,,C00,,0,2100,,5,,10547.0,False,5,,10547.0,False,44051.0,False,0,False,,5370102.202,5370102.202,0,False,True
C,A,20220101,2022,52,2022,826,,,X,,0,,,566,,,H6,HS,True,8471,,,,C00,,0,2100,,5,,8236.0,False,5,,8236.0,False,167231.0,False,0,False,,1343296.746,1343296.746,0,False,True
C,A,20220101,2022,52,2022,826,,,X,,0,,,554,,,H6,HS,True,8471,,,,C00,,0,2100,,5,,36.0,False,5,,36.0,False,1758.0,False,0,False,,50419.787,50419.787,0,False,True
C,A,20220101,2022,52,2022,826,,,X,,0,,,528,,,H6,HS,True,8471,,,,C00,,0,2100,,5,,1245524.0,False,5,,1245524.0,False,1363416.0,False,0,False,,207013331.966,207013331.966,0,False,True
C,A,20220101,2022,52,2022,826,,,X,,0,,,516,,,H6,HS,True,8471,,,,C00,,0,2100,,5,,76.0,False,5,,76.0,False,431.0,False,0,False,,9414.265,9414.265,0,False,True
C,A,20220101,2022,52,2022,826,,,X,,0,,,504,,,H6,HS,True,8471,,,,C00,,0,2100,,5,,915.0,False,5,,915.0,False,4572.0,False,0,False,,77345.415,77345.415,0,False,True
C,A,20220101,2022,52,2022,826,,,X,,0,,,478,,,H6,HS,True,8471,,,,C00,,0,2100,,5,,244.0,False,5,,244.0,False,3079.0,False,0,False,,24058.135,24058.135,0,False,True
C,A,20220101,2022,52,2022,826,,,X,,0,,,458,,,H6,HS,True,8471,,,,C00,,0,2100,,5,,6096.0,False,5,,6096.0,False,544568.0,False,0,False,,1144489.975,1144489.975,0,False,True
C,A,20220101,2022,52,2022,826,,,X,,0,,,454,,,H6,HS,True,8471,,,,C00,,0,2100,,5,,7611.0,False,5,,7611.0,False,38794.0,False,0,False,,798425.395,798425.395,0,False,True
C,A,20220101,2022,52,2022,826,,,X,,0,,,434,,,H6,HS,True,8471,,,,C00,,0,2100,,5,,58.0,False,5,,58.0,False,2892.0,False,0,False,,28943.494,28943.494,0,False,True
C,A,20220101,2022,52,2022,826,,,X,,0,,,430,,,H6,HS,True,8471,,,,C00,,0,2100,,5,,127.0,False,5,,127.0,False,1100.0,False,0,False,,9613.244,9613.244,0,False,True
C,A,20220101,2022,52,2022,826,,,X,,0,,,422,,,H6,HS,True,8471,,,,C00,,0,2100,,5,,94.0,False,5,,94.0,False,670.0,False,0,False,,28258.665,28258.665,0,False,True
C,A,20220101,2022,52,2022,826,,,X,,0,,,414,,,H6,HS,True,8471,,,,C00,,0,2100,,5,,1438.0,False,5,,1438.0,False,15285.0,False,0,False,,305361.8,305361.8,0,False,True
C,A,20220101,2022,52,2022,826,,,X,,0,,,410,,,H6,HS,True,8471,,,,C00,,0,2100,,5,,24.0,False,5,,24.0,False,1769.0,False,0,False,,146090.792,146090.792,0,False,True
C,A,20220101,2022,52,2022,826,,,X,,0,,,404,,,H6,HS,True,8471,,,,C00,,0,2100,,5,,34216.0,False,5,,34216.0,False,128699.0,False,0,False,,717607.004,717607.004,0,False,True
C,A,20220101,2022,52,2022,826,,,X,,0,,,400,,,H6,HS,True,8471,,,,C00,,0,2100,,5,,7.0,False,5,,7.0,False,22.0,False,0,False,,11025.628,11025.628,0,False,True
C,A,20220101,2022,52,2022,826,,,X,,0,,,392,,,H6,HS,True,8471,,,,C00,,0,2100,,5,,8784.0,False,5,,8784.0,False,30184.0,False,0,False,,4994260.369,4994260.369,0,False,True
C,A,20220101,2022,52,2022,826,,,X,,0,,,894,,,H6,HS,True,8471,,,,C00,,0,2100,,5,,2350.0,False,5,,2350.0,False,16918.0,False,0,False,,45700.447,45700.447,0,False,True
C,A,20220101,2022,52,2022,826,,,X,,0,,,858,,,H6,HS,True,8471,,,,C00,,0,2100,,5,,1725.0,False,5,,1725.0,False,8940.0,False,0,False,,169296.858,169296.858,0,False,True
C,A,20220101,2022,52,2022,826,,,X,,0,,,842,,,H6,HS,True,8471,,,,C00,,0,2100,,5,,79839.0,False,5,,79839.0,False,292524.0,False,0,False,,19213632.706,19213632.706,0,False,True
C,A,20220101,2022,52,2022,826,,,X,,0,,,834,,,H6,HS,True,8471,,,,C00,,0,2100,,5,,4921.0,False,5,,4921.0,False,24175.0,False,0,False,,111165.724,111165.724,0,False,True
C,A,20220101,2022,52,2022,826,,,X,,0,,,818,,,H6,HS,True,8471,,,,C00,,0,2100,,5,,8233.0,False,5,,8233.0,False,217302.0,False,0,False,,2046024.28,2046024.28,0,False,True
C,A,20220101,2022,52,2022,826,,,X,,0,,,792,,,H6,HS,True,8471,,,,C00,,0,2100,,5,,17860.0,False,5,,17860.0,False,17197.0,False,0,False,,385346.432,385346.432,0,False,True
C,A,20220101,2022,52,2022,826,,,X,,0,,,788,,,H6,HS,True,8471,,,,C00,,0,2100,,5,,2525.0,False,5,,2525.0,False,1392.0,False,0,False,,24879.686,24879.686,0,False,True
C,A,20220101,2022,52,2022,826,,,X,,0,,,784,,,H6,HS,True,8471,,,,C00,,0,2100,,5,,470275.0,False,5,,470275.0,False,5345902.0,False,0,False,,23567839.011,23567839.011,0,False,True
C,A,20220101,2022,52,2022,826,,,X,,0,,,360,,,H6,HS,True,8471,,,,C00,,0,2100,,5,,14.0,False,5,,14.0,False,448.0,False,0,False,,535747.62,535747.62,0,False,True
C,A,20220101,2022,52,2022,826,,,X,,0,,,352,,,H6,HS,True,8471,,,,C00,,0,2100,,5,,838.0,False,5,,838.0,False,1999.0,False,0,False,,307338.161,307338.161,0,False,True
C,A,20220101,2022,52,2022,826,,,X,,0,,,348,,,H6,HS,True,8471,,,,C00,,0,2100,,5,,1944.0,False,5,,1944.0,False,12055.0,False,0,False,,313913.009,313913.009,0,False,True
C,A,20220101,2022,52,2022,826,,,X,,0,,,344,,,H6,HS,True,8471,,,,C00,,0,2100,,5,,30863.0,False,5,,30863.0,False,26215.0,False,0,False,,2067849.701,2067849.701,0,False,True
C,A,20220101,2022,52,2022,826,,,X,,0,,,340,,,H6,HS,True,8471,,,,C00,,0,2100,,5,,5.0,False,5,,5.0,False,82.0,False,0,False,,5421.259,5421.259,0,False,True
C,A,20220101,2022,52,2022,826,,,X,,0,,,328,,,H6,HS,True,8471,,,,C00,,0,2100,,5,,144.0,False,5,,144.0,False,13734.0,False,0,False,,506723.557,506723.557,0,False,True
C,A,20220101,2022,52,2022,826,,,X,,0,,,320,,,H6,HS,True,8471,,,,C00,,0,2100,,5,,25.0,False,5,,25.0,False,300.0,False,0,False,,3288.645,3288.645,0,False,True
C,A,20220101,2022,52,2022,826,,,X,,0,,,324,,,H6,HS,True,8471,,,,C00,,0,2100,,5,,13.0,False,5,,13.0,False,163.0,False,0,False,,69363.066,69363.066,0,False,True
C,A,20220101,2022,52,2022,826,,,X,,0,,,316,,,H6,HS,True,8471,,,,C00,,0,2100,,5,,79.0,False,5,,79.0,False,1748.0,False,0,False,,80665.799,80665.799,0,False,True
C,A,20220101,2022,52,2022,826,,,X,,0,,,292,,,H6,HS,True,8471,,,,C00,,0,2100,,5,,124.0,False,5,,124.0,False,36332.0,False,0,False,,445534.496,445534.496,0,False,True
C,A,20220101,2022,52,2022,826,,,X,,0,,,288,,,H6,HS,True,8471,,,,C00,,0,2100,,5,,1760.0,False,5,,1760.0,False,75704.0,False,0,False,,636908.245,636908.245,0,False,True
C,A,20220101,2022,52,2022,826,,,X,,0,,,270,,,H6,HS,True,8471,,,,C00,,0,2100,,5,,62.0,False,5,,62.0,False,1953.0,False,0,False,,39827.518,39827.518,0,False,True
C,A,20220101,2022,52,2022,826,,,X,,0,,,266,,,H6,HS,True,8471,,,,C00,,0,2100,,5,,129.0,False,5,,129.0,False,121.0,False,0,False,,14663.402,14663.402,0,False,True
C,A,20220101,2022,52,2022,826,,,X,,0,,,262,,,H6,HS,True,8471,,,,C00,,0,2100,,5,,4320.0,False,5,,4320.0,False,14270.0,False,0,False,,28340.454,28340.454,0,False,True
C,A,20220101,2022,52,2022,826,,,X,,0,,,246,,,H6,HS,True,8471,,,,C00,,0,2100,,5,,7570.0,False,5,,7570.0,False,9614.0,False,0,False,,734400.579,734400.579,0,False,True
C,A,20220101,2022,52,2022,826,,,X,,0,,,233,,,H6,HS,True,8471,,,,C00,,0,2100,,5,,1185.0,False,5,,1185.0,False,3300.0,False,0,False,,1169296.418,1169296.418,0,False,True
C,A,20220101,2022,52,2022,826,,,X,,0,,,231,,,H6,HS,True,8471,,,,C00,,0,2100,,5,,10977.0,False,5,,10977.0,False,62846.0,False,0,False,,273620.394,273620.394,0,False,True
C,A,20220101,2022,52,2022,826,,,X,,0,,,226,,,H6,HS,True,8471,,,,C00,,0,2100,,5,,22.0,False,5,,22.0,False,481.0,False,0,False,,143244.051,143244.051,0,False,True
C,A,20220101,2022,52,2022,826,,,X,,0,,,208,,,H6,HS,True,8471,,,,C00,,0,2100,,5,,41166.0,False,5,,41166.0,False,85908.0,False,0,False,,5032317.83,5032317.83,0,False,True
C,A,20220101,2022,52,2022,826,,,X,,0,,,144,,,H6,HS,True,8471,,,,C00,,0,2100,,5,,10.0,False,5,,10.0,False,25.0,False,0,False,,10925.528,10925.528,0,False,True
C,A,20220101,2022,52,2022,826,,,X,,0,,,124,,,H6,HS,True,8471,,,,C00,,0,2100,,5,,1089.0,False,5,,1089.0,False,7928.0,False,0,False,,537715.436,537715.436,0,False,True
C,A,20220101,2022,52,2022,826,,,X,,0,,,92,,,H6,HS,True,8471,,,,C00,,0,2100,,5,,3.0,False,5,,3.0,False,60.0,False,0,False,,1312.284,1312.284,0,False,True
C,A,20220101,2022,52,2022,826,,,X,,0,,,76,,,H6,HS,True,8471,,,,C00,,0,2100,,5,,49.0,False,5,,49.0,False,3956.0,False,0,False,,377063.783,377063.783,0,False,True
C,A,20220101,2022,52,2022,826,,,X,,0,,,56,,,H6,HS,True,8471,,,,C00,,0,2100,,5,,1952.0,False,5,,1952.0,False,9178.0,False,0,False,,852451.216,852451.216,0,False,True
C,A,20220101,2022,52,2022,826,,,X,,0,,,50,,,H6,HS,True,8471,,,,C00,,0,2100,,5,,785.0,False,5,,785.0,False,36424.0,False,0,False,,6672576.537,6672576.537,0,False,True
C,A,20220101,2022,52,2022,826,,,X,,0,,,48,,,H6,HS,True,8471,,,,C00,,0,2100,,5,,7.0,False,5,,7.0,False,66.0,False,0,False,,156101.994,156101.994,0,False,True
C,A,20220101,2022,52,2022,826,,,X,,0,,,40,,,H6,HS,True,8471,,,,C00,,0,2100,,5,,4.0,False,5,,4.0,False,16.0,False,0,False,,55572.486,55572.486,0,False,True
C,A,20220101,2022,52,2022,826,,,X,,0,,,36,,,H6,HS,True,8471,,,,C00,,0,2100,,5,,2099.0,False,5,,2099.0,False,11773.0,False,0,False,,486778.06,486778.06,0,False,True
C,A,20220101,2022,52,2022,826,,,X,,0,,,24,,,H6,HS,True,8471,,,,C00,,0,2100,,5,,124.0,False,5,,124.0,False,2714.0,False,0,False,,330119.413,330119.413,0,False,True
C,A,20220101,2022,52,2022,826,,,X,,0,,,12,,,H6,HS,True,8471,,,,C00,,0,2100,,5,,890.0,False,5,,890.0,False,2305.0,False,0,False,,92486.122,92486.122,0,False,True
C,A,20220101,2022,52,2022,826,,,X,,0,,,768,,,H6,HS,True,8471,,,,C00,,0,1000,,5,,243.0,False,5,,243.0,False,1312.0,False,0,False,,1113824.032,1113824.032,0,False,True
C,A,20220101,2022,52,2022,826,,,X,,0,,,764,,,H6,HS,True,8471,,,,C00,,0,1000,,5,,16037.0,False,5,,16037.0,False,20894.0,False,0,False,,8984130.216,8984130.216,0,False,True
C,A,20220101,2022,52,2022,826,,,X,,0,,,762,,,H6,HS,True,8471,,,,C00,,0,1000,,5,,7.0,False,5,,7.0,False,84.0,False,0,False,,38788.677,38788.677,0,False,True
C,A,20220101,2022,52,2022,826,,,X,,0,,,757,,,H6,HS,True,8471,,,,C00,,0,1000,,5,,71340.0,False,5,,71340.0,False,79531.0,False,0,False,,28166387.735,28166387.735,0,False,True
C,A,20220101,2022,52,2022,826,,,X,,0,,,740,,,H6,HS,True,8471,,,,C00,,0,1000,,5,,220.0,False,5,,220.0,False,124.0,False,0,False,,30894.22,30894.22,0,False,True
C,A,20220101,2022,52,2022,826,,,X,,0,,,724,,,H6,HS,True,8471,,,,C00,,0,1000,,5,,343809.0,False,5,,343809.0,False,84602.0,False,0,False,,42108486.034,42108486.034,0,False,True
C,A,20220101,2022,52,2022,826,,,X,,0,,,728,,,H6,HS,True,8471,,,,C00,,0,1000,,5,,146.0,False,5,,146.0,False,601.0,False,0,False,,36560.846,36560.846,0,False,True
C,A,20220101,2022,52,2022,826,,,X,,0,,,729,,,H6,HS,True,8471,,,,C00,,0,1000,,5,,168.0,False,5,,168.0,False,410.0,False,0,False,,78403.788,78403.788,0,False,True
C,A,20220101,2022,52,2022,826,,,X,,0,,,710,,,H6,HS,True,8471,,,,C00,,0,1000,,5,,144796.0,False,5,,144796.0,False,140617.0,False,0,False,,42396619.68,42396619.68,0,False,True
C,A,20220101,2022,52,2022,826,,,X,,0,,,706,,,H6,HS,True,8471,,,,C00,,0,1000,,5,,109.0,False,5,,109.0,False,1086.0,False,0,False,,84193.707,84193.707,0,False,True
C,A,20220101,2022,52,2022,826,,,X,,0,,,705,,,H6,HS,True,8471,,,,C00,,0,1000,,5,,5213.0,False,5,,5213.0,False,4601.0,False,0,False,,1452384.789,1452384.789,0,False,True
C,A,20220101,2022,52,2022,826,,,X,,0,,,704,,,H6,HS,True,8471,,,,C00,,0,1000,,5,,1700.0,False,5,,1700.0,False,14320.0,False,0,False,,3352548.994,3352548.994,0,False,True
C,A,20220101,2022,52,2022,826,,,X,,0,,,703,,,H6,HS,True,8471,,,,C00,,0,1000,,5,,14757.0,False,5,,14757.0,False,11365.0,False,0,False,,3509731.334,3509731.334,0,False,True
C,A,20220101,2022,52,2022,826,,,X,,0,,,699,,,H6,HS,True,8471,,,,C00,,0,1000,,5,,487323.0,False,5,,487323.0,False,309626.0,False,0,False,,65692122.504,65692122.504,0,False,True
C,A,20220101,2022,52,2022,826,,,X,,0,,,694,,,H6,HS,True,8471,,,,C00,,0,1000,,5,,321.0,False,5,,321.0,False,1185.0,False,0,False,,293438.936,293438.936,0,False,True
C,A,20220101,2022,52,2022,826,,,X,,0,,,690,,,H6,HS,True,8471,,,,C00,,0,1000,,5,,605.0,False,5,,605.0,False,2274.0,False,0,False,,513507.151,513507.151,0,False,True
C,A,20220101,2022,52,2022,826,,,X,,0,,,688,,,H6,HS,True,8471,,,,C00,,0,1000,,5,,38459.0,False,5,,38459.0,False,8777.0,False,0,False,,3190732.766,3190732.766,0,False,True
C,A,20220101,2022,52,2022,826,,,X,,0,,,686,,,H6,HS,True,8471,,,,C00,,0,1000,,5,,655.0,False,5,,655.0,False,4982.0,False,0,False,,890464.73,890464.73,0,False,True
C,A,20220101,2022,52,2022,826,,,X,,0,,,662,,,H6,HS,True,8471,,,,C00,,0,1000,,5,,188.0,False,5,,188.0,False,268.0,False,0,False,,64622.974,64622.974,0,False,True
C,A,20220101,2022,52,2022,826,,,X,,0,,,654,,,H6,HS,True,8471,,,,C00,,0,1000,,5,,31.0,False,5,,31.0,False,194.0,False,0,False,,45905.529,45905.529,0,False,True
C,A,20220101,2022,52,2022,826,,,X,,0,,,659,,,H6,HS,True,8471,,,,C00,,0,1000,,5,,25.0,False,5,,25.0,False,185.0,False,0,False,,28175.656,28175.656,0,False,True
C,A,20220101,2022,52,2022,826,,,X,,0,,,670,,,H6,HS,True,8471,,,,C00,,0,1000,,5,,7.0,False,5,,7.0,False,50.0,False,0,False,,12000.991,12000.991,0,False,True
C,A,20220101,2022,52,2022,826,,,X,,0,,,674,,,H6,HS,True,8471,,,,C00,,0,1000,,5,,641.0,False,5,,641.0,False,74.0,False,0,False,,9880.584,9880.584,0,False,True
C,A,20220101,2022,52,2022,826,,,X,,0,,,643,,,H6,HS,True,8471,,,,C00,,0,1000,,5,,4035.0,False,5,,4035.0,False,1700.0,False,0,False,,889696.892,889696.892,0,False,True
C,A,20220101,2022,52,2022,826,,,X,,0,,,646,,,H6,HS,True,8471,,,,C00,,0,1000,,5,,1367.0,False,5,,1367.0,False,2127.0,False,0,False,,439444.277,439444.277,0,False,True
C,A,20220101,2022,52,2022,826,,,X,,0,,,616,,,H6,HS,True,8471,,,,C00,,0,1000,,5,,121737.0,False,5,,121737.0,False,71796.0,False,0,False,,24332899.429,24332899.429,0,False,True
C,A,20220101,2022,52,2022,826,,,X,,0,,,608,,,H6,HS,True,8471,,,,C00,,0,1000,,5,,5123.0,False,5,,5123.0,False,10221.0,False,0,False,,2940640.711,2940640.711,0,False,True
C,A,20220101,2022,52,2022,826,,,X,,0,,,591,,,H6,HS,True,8471,,,,C00,,0,1000,,5,,1808.0,False,5,,1808.0,False,1114.0,False,0,False,,456313.536,456313.536,0,False,True
C,A,20220101,2022,52,2022,826,,,X,,0,,,598,,,H6,HS,True,8471,,,,C00,,0,1000,,5,,62.0,False,5,,62.0,False,464.0,False,0,False,,239372.83,239372.83,0,False,True
C,A,20220101,2022,52,2022,826,,,X,,0,,,600,,,H6,HS,True,8471,,,,C00,,0,1000,,5,,96.0,False,5,,96.0,False,168.0,False,0,False,,60013.499,60013.499,0,False,True
C,A,20220101,2022,52,2022,826,,,X,,0,,,579,,,H6,HS,True,8471,,,,C00,,0,1000,,5,,97555.0,False,5,,97555.0,False,29917.0,False,0,False,,16507501.439,16507501.439,0,False,True
C,A,20220101,2022,52,2022,826,,,X,,0,,,566,,,H6,HS,True,8471,,,,C00,,0,1000,,5,,82304.0,False,5,,82304.0,False,96440.0,False,0,False,,11513542.59,11513542.59,0,False,True
C,A,20220101,2022,52,2022,826,,,X,,0,,,554,,,H6,HS,True,8471,,,,C00,,0,1000,,5,,8434.0,False,5,,8434.0,False,16188.0,False,0,False,,4584366.29,4584366.29,0,False,True
C,A,20220101,2022,52,2022,826,,,X,,0,,,531,,,H6,HS,True,8471,,,,C00,,0,1000,,5,,386.0,False,5,,386.0,False,820.0,False,0,False,,167914.993,167914.993,0,False,True
C,A,20220101,2022,52,2022,826,,,X,,0,,,533,,,H6,HS,True,8471,,,,C00,,0,1000,,5,,295.0,False,5,,295.0,False,1500.0,False,0,False,,261938.013,261938.013,0,False,True
C,A,20220101,2022,52,2022,826,,,X,,0,,,516,,,H6,HS,True,8471,,,,C00,,0,1000,,5,,1081.0,False,5,,1081.0,False,2831.0,False,0,False,,468772.301,468772.301,0,False,True
C,A,20220101,2022,52,2022,826,,,X,,0,,,512,,,H6,HS,True,8471,,,,C00,,0,1000,,5,,1488.0,False,5,,1488.0,False,10230.0,False,0,False,,5284817.163,5284817.163,0,False,True
C,A,20220101,2022,52,2022,826,,,X,,0,,,508,,,H6,HS,True,8471,,,,C00,,0,1000,,5,,561.0,False,5,,561.0,False,2390.0,False,0,False,,808465.894,808465.894,0,False,True
C,A,20220101,2022,52,2022,826,,,X,,0,,,499,,,H6,HS,True,8471,,,,C00,,0,1000,,5,,2085.0,False,5,,2085.0,False,426.0,False,0,False,,166215.737,166215.737,0,False,True
C,A,20220101,2022,52,2022,826,,,X,,0,,,498,,,H6,HS,True,8471,,,,C00,,0,1000,,5,,171.0,False,5,,171.0,False,604.0,False,0,False,,134768.527,134768.527,0,False,True
C,A,20220101,2022,52,2022,826,,,X,,0,,,480,,,H6,HS,True,8471,,,,C00,,0,1000,,5,,1192.0,False,5,,1192.0,False,2387.0,False,0,False,,936071.181,936071.181,0,False,True
C,A,20220101,2022,52,2022,826,,,X,,0,,,470,,,H6,HS,True,8471,,,,C00,,0,1000,,5,,8416.0,False,5,,8416.0,False,13447.0,False,0,False,,4273793.196,4273793.196,0,False,True
C,A,20220101,2022,52,2022,826,,,X,,0,,,478,,,H6,HS,True,8471,,,,C00,,0,1000,,5,,102.0,False,5,,102.0,False,748.0,False,0,False,,122769.977,122769.977,0,False,True
C,A,20220101,2022,52,2022,826,,,X,,0,,,466,,,H6,HS,True,8471,,,,C00,,0,1000,,5,,217.0,False,5,,217.0,False,294.0,False,0,False,,63297.261,63297.261,0,False,True
C,A,20220101,2022,52,2022,826,,,X,,0,,,462,,,H6,HS,True,8471,,,,C00,,0,1000,,5,,152.0,False,5,,152.0,False,745.0,False,0,False,,115289.348,115289.348,0,False,True
C,A,20220101,2022,52,2022,826,,,X,,0,,,458,,,H6,HS,True,8471,,,,C00,,0,1000,,5,,54245.0,False,5,,54245.0,False,41705.0,False,0,False,,11231749.413,11231749.413,0,False,True
C,A,20220101,2022,52,2022,826,,,X,,0,,,446,,,H6,HS,True,8471,,,,C00,,0,1000,,5,,91.0,False,5,,91.0,False,1468.0,False,0,False,,407033.911,407033.911,0,False,True
C,A,20220101,2022,52,2022,826,,,X,,0,,,450,,,H6,HS,True,8471,,,,C00,,0,1000,,5,,157.0,False,5,,157.0,False,352.0,False,0,False,,120593.417,120593.417,0,False,True
C,A,20220101,2022,52,2022,826,,,X,,0,,,454,,,H6,HS,True,8471,,,,C00,,0,1000,,5,,645.0,False,5,,645.0,False,2679.0,False,0,False,,560095.068,560095.068,0,False,True
C,A,20220101,2022,52,2022,826,,,X,,0,,,440,,,H6,HS,True,8471,,,,C00,,0,1000,,5,,5207.0,False,5,,5207.0,False,6821.0,False,0,False,,1494842.978,1494842.978,0,False,True
C,A,20220101,2022,52,2022,826,,,X,,0,,,434,,,H6,HS,True,8471,,,,C00,,0,1000,,5,,402.0,False,5,,402.0,False,1309.0,False,0,False,,270943.334,270943.334,0,False,True
C,A,20220101,2022,52,2022,826,,,X,,0,,,430,,,H6,HS,True,8471,,,,C00,,0,1000,,5,,121.0,False,5,,121.0,False,805.0,False,0,False,,368941.05,368941.05,0,False,True
C,A,20220101,2022,52,2022,826,,,X,,0,,,422,,,H6,HS,True,8471,,,,C00,,0,1000,,5,,62591.0,False,5,,62591.0,False,4987.0,False,0,False,,2128756.774,2128756.774,0,False,True
C,A,20220101,2022,52,2022,826,,,X,,0,,,417,,,H6,HS,True,8471,,,,C00,,0,1000,,5,,6.0,False,5,,6.0,False,28.0,False,0,False,,9786.588,9786.588,0,False,True
C,A,20220101,2022,52,2022,826,,,X,,0,,,418,,,H6,HS,True,8471,,,,C00,,0,1000,,5,,23.0,False,5,,23.0,False,82.0,False,0,False,,19767.271,19767.271,0,False,True
C,A,20220101,2022,52,2022,826,,,X,,0,,,414,,,H6,HS,True,8471,,,,C00,,0,1000,,5,,2744.0,False,5,,2744.0,False,4450.0,False,0,False,,2133057.404,2133057.404,0,False,True
C,A,20220101,2022,52,2022,826,,,X,,0,,,404,,,H6,HS,True,8471,,,,C00,,0,1000,,5,,17681.0,False,5,,17681.0,False,189567.0,False,0,False,,4114813.943,4114813.943,0,False,True
C,A,20220101,2022,52,2022,826,,,X,,0,,,400,,,H6,HS,True,8471,,,,C00,,0,1000,,5,,44521.0,False,5,,44521.0,False,8676.0,False,0,False,,3717464.078,3717464.078,0,False,True
C,A,20220101,2022,52,2022,826,,,X,,0,,,398,,,H6,HS,True,8471,,,,C00,,0,1000,,5,,861.0,False,5,,861.0,False,3589.0,False,0,False,,1149967.388,1149967.388,0,False,True
C,A,20220101,2022,52,2022,826,,,X,,0,,,392,,,H6,HS,True,8471,,,,C00,,0,1000,,5,,179827.0,False,5,,179827.0,False,103525.0,False,0,False,,59250547.035,59250547.035,0,False,True
C,A,20220101,2022,52,2022,826,,,X,,0,,,388,,,H6,HS,True,8471,,,,C00,,0,1000,,5,,214.0,False,5,,214.0,False,1158.0,False,0,False,,316957.508,316957.508,0,False,True
C,A,20220101,2022,52,2022,826,,,X,,0,,,894,,,H6,HS,True,8471,,,,C00,,0,1000,,5,,12177.0,False,5,,12177.0,False,35261.0,False,0,False,,2239614.874,2239614.874,0,False,True
C,A,20220101,2022,52,2022,826,,,X,,0,,,862,,,H6,HS,True,8471,,,,C00,,0,1000,,5,,24.0,False,5,,24.0,False,204.0,False,0,False,,30088.538,30088.538,0,False,True
C,A,20220101,2022,52,2022,826,,,X,,0,,,860,,,H6,HS,True,8471,,,,C00,,0,1000,,5,,113.0,False,5,,113.0,False,273.0,False,0,False,,202135.7,202135.7,0,False,True
C,A,20220101,2022,52,2022,826,,,X,,0,,,858,,,H6,HS,True,8471,,,,C00,,0,1000,,5,,686.0,False,5,,686.0,False,1053.0,False,0,False,,274108.685,274108.685,0,False,True
C,A,20220101,2022,52,2022,826,,,X,,0,,,854,,,H6,HS,True,8471,,,,C00,,0,1000,,5,,337.0,False,5,,337.0,False,1012.0,False,0,False,,189094.648,189094.648,0,False,True
C,A,20220101,2022,52,2022,826,,,X,,0,,,837,,,H6,HS,True,8471,,,,C00,,0,1000,,5,,15.0,False,5,,15.0,False,175.0,False,0,False,,59771.795,59771.795,0,False,True
C,A,20220101,2022,52,2022,826,,,X,,0,,,834,,,H6,HS,True,8471,,,,C00,,0,1000,,5,,1863.0,False,5,,1863.0,False,24489.0,False,0,False,,2421044.562,2421044.562,0,False,True
C,A,20220101,2022,52,2022,826,,,X,,0,,,818,,,H6,HS,True,8471,,,,C00,,0,1000,,5,,6562.0,False,5,,6562.0,False,26902.0,False,0,False,,5714772.71,5714772.71,0,False,True
C,A,20220101,2022,52,2022,826,,,X,,0,,,807,,,H6,HS,True,8471,,,,C00,,0,1000,,5,,7088.0,False,5,,7088.0,False,2254.0,False,0,False,,635516.614,635516.614,0,False,True
C,A,20220101,2022,52,2022,826,,,X,,0,,,804,,,H6,HS,True,8471,,,,C00,,0,1000,,5,,2271.0,False,5,,2271.0,False,1646.0,False,0,False,,361625.218,361625.218,0,False,True
C,A,20220101,2022,52,2022,826,,,X,,0,,,796,,,H6,HS,True,8471,,,,C00,,0,1000,,5,,6.0,False,5,,6.0,False,119.0,False,0,False,,15043.049,15043.049,0,False,True
C,A,20220101,2022,52,2022,826,,,X,,0,,,800,,,H6,HS,True,8471,,,,C00,,0,1000,,5,,1418.0,False,5,,1418.0,False,6568.0,False,0,False,,1591895.849,1591895.849,0,False,True
C,A,20220101,2022,52,2022,826,,,X,,0,,,792,,,H6,HS,True,8471,,,,C00,,0,1000,,5,,75460.0,False,5,,75460.0,False,49976.0,False,0,False,,15555216.53,15555216.53,0,False,True
C,A,20220101,2022,52,2022,826,,,X,,0,,,788,,,H6,HS,True,8471,,,,C00,,0,1000,,5,,37824.0,False,5,,37824.0,False,3418.0,False,0,False,,726969.999,726969.999,0,False,True
C,A,20220101,2022,52,2022,826,,,X,,0,,,784,,,H6,HS,True,8471,,,,C00,,0,1000,,5,,684592.0,False,5,,684592.0,False,1160710.0,False,0,False,,170602118.265,170602118.265,0,False,True
C,A,20220101,2022,52,2022,826,,,X,,0,,,780,,,H6,HS,True,8471,,,,C00,,0,1000,,5,,315.0,False,5,,315.0,False,1737.0,False,0,False,,557551.068,557551.068,0,False,True
C,A,20220101,2022,52,2022,826,,,X,,0,,,368,,,H6,HS,True,8471,,,,C00,,0,1000,,5,,1095.0,False,5,,1095.0,False,6868.0,False,0,False,,3903804.761,3903804.761,0,False,True
C,A,20220101,2022,52,2022,826,,,X,,0,,,364,,,H6,HS,True,8471,,,,C00,,0,1000,,5,,12.0,False,5,,12.0,False,124.0,False,0,False,,16481.068,16481.068,0,False,True
C,A,20220101,2022,52,2022,826,,,X,,0,,,360,,,H6,HS,True,8471,,,,C00,,0,1000,,5,,7268.0,False,5,,7268.0,False,19060.0,False,0,False,,4984559.233,4984559.233,0,False,True
C,A,20220101,2022,52,2022,826,,,X,,0,,,352,,,H6,HS,True,8471,,,,C00,,0,1000,,5,,5855.0,False,5,,5855.0,False,14063.0,False,0,False,,13391266.127,13391266.127,0,False,True
C,A,20220101,2022,52,2022,826,,,X,,0,,,348,,,H6,HS,True,8471,,,,C00,,0,1000,,5,,58692.0,False,5,,58692.0,False,32754.0,False,0,False,,16444691.249,16444691.249,0,False,True
C,A,20220101,2022,52,2022,826,,,X,,0,,,340,,,H6,HS,True,8471,,,,C00,,0,1000,,5,,554.0,False,5,,554.0,False,1283.0,False,0,False,,1037264.766,1037264.766,0,False,True
C,A,20220101,2022,52,2022,826,,,X,,0,,,328,,,H6,HS,True,8471,,,,C00,,0,1000,,5,,505.0,False,5,,505.0,False,2006.0,False,0,False,,547810.868,547810.868,0,False,True
C,A,20220101,2022,52,2022,826,,,X,,0,,,320,,,H6,HS,True,8471,,,,C00,,0,1000,,5,,1160.0,False,5,,1160.0,False,340.0,False,0,False,,102385.017,102385.017,0,False,True
C,A,20220101,2022,52,2022,826,,,X,,0,,,304,,,H6,HS,True,8471,,,,C00,,0,1000,,5,,21.0,False,5,,21.0,False,564.0,False,0,False,,334571.413,334571.413,0,False,True
C,A,20220101,2022,52,2022,826,,,X,,0,,,300,,,H6,HS,True,8471,,,,C00,,0,1000,,5,,5828.0,False,5,,5828.0,False,11916.0,False,0,False,,3058702.335,3058702.335,0,False,True
C,A,20220101,2022,52,2022,826,,,X,,0,,,308,,,H6,HS,True,8471,,,,C00,,0,1000,,5,,8.0,False,5,,8.0,False,35.0,False,0,False,,14399.724,14399.724,0,False,True
C,A,20220101,2022,52,2022,826,,,X,,0,,,292,,,H6,HS,True,8471,,,,C00,,0,1000,,5,,4864.0,False,5,,4864.0,False,16217.0,False,0,False,,5044182.099,5044182.099,0,False,True
C,A,20220101,2022,52,2022,826,,,X,,0,,,288,,,H6,HS,True,8471,,,,C00,,0,1000,,5,,4427.0,False,5,,4427.0,False,9224.0,False,0,False,,1931563.808,1931563.808,0,False,True
C,A,20220101,2022,52,2022,826,,,X,,0,,,270,,,H6,HS,True,8471,,,,C00,,0,1000,,5,,1124.0,False,5,,1124.0,False,4662.0,False,0,False,,735050.007,735050.007,0,False,True
C,A,20220101,2022,52,2022,826,,,X,,0,,,266,,,H6,HS,True,8471,,,,C00,,0,1000,,5,,68.0,False,5,,68.0,False,1029.0,False,0,False,,307303.98,307303.98,0,False,True
C,A,20220101,2022,52,2022,826,,,X,,0,,,258,,,H6,HS,True,8471,,,,C00,,0,1000,,5,,55.0,False,5,,55.0,False,45.0,False,0,False,,7204.745,7204.745,0,False,True
C,A,20220101,2022,52,2022,826,,,X,,0,,,262,,,H6,HS,True,8471,,,,C00,,0,1000,,5,,208.0,False,5,,208.0,False,366.0,False,0,False,,69795.204,69795.204,0,False,True
C,A,20220101,2022,52,2022,826,,,X,,0,,,251,,,H6,HS,True,8471,,,,C00,,0,1000,,5,,240695.0,False,5,,240695.0,False,229123.0,False,0,False,,71517468.884,71517468.884,0,False,True
C,A,20220101,2022,52,2022,826,,,X,,0,,,246,,,H6,HS,True,8471,,,,C00,,0,1000,,5,,9849.0,False,5,,9849.0,False,16389.0,False,0,False,,4909368.405,4909368.405,0,False,True
C,A,20220101,2022,52,2022,826,,,X,,0,,,242,,,H6,HS,True,8471,,,,C00,,0,1000,,5,,8.0,False,5,,8.0,False,13.0,False,0,False,,9942.841,9942.841,0,False,True
C,A,20220101,2022,52,2022,826,,,X,,0,,,233,,,H6,HS,True,8471,,,,C00,,0,1000,,5,,9100.0,False,5,,9100.0,False,3466.0,False,0,False,,1595536.064,1595536.064,0,False,True
C,A,20220101,2022,52,2022,826,,,X,,0,,,232,,,H6,HS,True,8471,,,,C00,,0,1000,,5,,7.0,False,5,,7.0,False,6.0,False,0,False,,2768.614,2768.614,0,False,True
C,A,20220101,2022,52,2022,826,,,X,,0,,,218,,,H6,HS,True,8471,,,,C00,,0,1000,,5,,2108.0,False,5,,2108.0,False,1361.0,False,0,False,,346239.145,346239.145,0,False,True
C,A,20220101,2022,52,2022,826,,,X,,0,,,226,,,H6,HS,True,8471,,,,C00,,0,1000,,5,,224.0,False,5,,224.0,False,666.0,False,0,False,,180348.122,180348.122,0,False,True
C,A,20220101,2022,52,2022,826,,,X,,0,,,214,,,H6,HS,True,8471,,,,C00,,0,1000,,5,,269.0,False,5,,269.0,False,1422.0,False,0,False,,297887.274,297887.274,0,False,True
C,A,20220101,2022,52,2022,826,,,X,,0,,,208,,,H6,HS,True,8471,,,,C00,,0,1000,,5,,137466.0,False,5,,137466.0,False,102799.0,False,0,False,,25378549.386,25378549.386,0,False,True
C,A,20220101,2022,52,2022,826,,,X,,0,,,204,,,H6,HS,True,8471,,,,C00,,0,1000,,5,,484.0,False,5,,484.0,False,1745.0,False,0,False,,393398.363,393398.363,0,False,True
C,A,20220101,2022,52,2022,826,,,X,,0,,,203,,,H6,HS,True,8471,,,,C00,,0,1000,,5,,49006.0,False,5,,49006.0,False,125516.0,False,0,False,,12438268.312,12438268.312,0,False,True
C,A,20220101,2022,52,2022,826,,,X,,0,,,144,,,H6,HS,True,8471,,,,C00,,0,1000,,5,,1056.0,False,5,,1056.0,False,2361.0,False,0,False,,738667.028,738667.028,0,False,True
C,A,20220101,2022,52,2022,826,,,X,,0,,,148,,,H6,HS,True,8471,,,,C00,,0,1000,,5,,16.0,False,5,,16.0,False,58.0,False,0,False,,20702.35,20702.35,0,False,True
C,A,20220101,2022,52,2022,826,,,X,,0,,,140,,,H6,HS,True,8471,,,,C00,,0,1000,,5,,94.0,False,5,,94.0,False,38.0,False,0,False,,31489.936,31489.936,0,False,True
C,A,20220101,2022,52,2022,826,,,X,,0,,,132,,,H6,HS,True,8471,,,,C00,,0,1000,,5,,34.0,False,5,,34.0,False,167.0,False,0,False,,44533.43,44533.43,0,False,True
C,A,20220101,2022,52,2022,826,,,X,,0,,,124,,,H6,HS,True,8471,,,,C00,,0,1000,,5,,197870.0,False,5,,197870.0,False,110577.0,False,0,False,,37847431.15,37847431.15,0,False,True
C,A,20220101,2022,52,2022,826,,,X,,0,,,120,,,H6,HS,True,8471,,,,C00,,0,1000,,5,,958.0,False,5,,958.0,False,1934.0,False,0,False,,490021.538,490021.538,0,False,True
C,A,20220101,2022,52,2022,826,,,X,,0,,,104,,,H6,HS,True,8471,,,,C00,,0,1000,,5,,54.0,False,5,,54.0,False,242.0,False,0,False,,51955.464,51955.464,0,False,True
C,A,20220101,2022,52,2022,826,,,X,,0,,,108,,,H6,HS,True,8471,,,,C00,,0,1000,,5,,987.0,False,5,,987.0,False,3066.0,False,0,False,,151936.865,151936.865,0,False,True
C,A,20220101,2022,52,2022,826,,,X,,0,,,112,,,H6,HS,True,8471,,,,C00,,0,1000,,5,,113.0,False,5,,113.0,False,140.0,False,0,False,,28751.84,28751.84,0,False,True
C,A,20220101,2022,52,2022,826,,,X,,0,,,116,,,H6,HS,True,8471,,,,C00,,0,1000,,5,,41.0,False,5,,41.0,False,111.0,False,0,False,,54924.278,54924.278,0,False,True
C,A,20220101,2022,52,2022,826,,,X,,0,,,100,,,H6,HS,True,8471,,,,C00,,0,1000,,5,,5032.0,False,5,,5032.0,False,9855.0,False,0,False,,3453641.259,3453641.259,0,False,True
C,A,20220101,2022,52,2022,826,,,X,,0,,,96,,,H6,HS,True,8471,,,,C00,,0,1000,,5,,277.0,False,5,,277.0,False,1115.0,False,0,False,,349969.694,349969.694,0,False,True
C,A,20220101,2022,52,2022,826,,,X,,0,,,92,,,H6,HS,True,8471,,,,C00,,0,1000,,5,,11.0,False,5,,11.0,False,60.0,False,0,False,,21378.634,21378.634,0,False,True
C,A,20220101,2022,52,2022,826,,,X,,0,,,76,,,H6,HS,True,8471,,,,C00,,0,1000,,5,,229332.0,False,5,,229332.0,False,9595.0,False,0,False,,4633969.409,4633969.409,0,False,True
C,A,20220101,2022,52,2022,826,,,X,,0,,,72,,,H6,HS,True,8471,,,,C00,,0,1000,,5,,168.0,False,5,,168.0,False,1113.0,False,0,False,,223597.344,223597.344,0,False,True
C,A,20220101,2022,52,2022,826,,,X,,0,,,68,,,H6,HS,True,8471,,,,C00,,0,1000,,5,,112.0,False,5,,112.0,False,218.0,False,0,False,,202168.66,202168.66,0,False,True
C,A,20220101,2022,52,2022,826,,,X,,0,,,70,,,H6,HS,True,8471,,,,C00,,0,1000,,5,,23902.0,False,5,,23902.0,False,2348.0,False,0,False,,897718.304,897718.304,0,False,True
C,A,20220101,2022,52,2022,826,,,X,,0,,,56,,,H6,HS,True,8471,,,,C00,,0,1000,,5,,104280.0,False,5,,104280.0,False,76487.0,False,0,False,,19672771.01,19672771.01,0,False,True
C,A,20220101,2022,52,2022,826,,,X,,0,,,48,,,H6,HS,True,8471,,,,C00,,0,1000,,5,,667.0,False,5,,667.0,False,4567.0,False,0,False,,2497994.461,2497994.461,0,False,True
C,A,20220101,2022,52,2022,826,,,X,,0,,,44,,,H6,HS,True,8471,,,,C00,,0,1000,,5,,41.0,False,5,,41.0,False,303.0,False,0,False,,70534.966,70534.966,0,False,True
C,A,20220101,2022,52,2022,826,,,X,,0,,,36,,,H6,HS,True,8471,,,,C00,,0,1000,,5,,83681.0,False,5,,83681.0,False,129674.0,False,0,False,,41127617.746,41127617.746,0,False,True
C,A,20220101,2022,52,2022,826,,,X,,0,,,24,,,H6,HS,True,8471,,,,C00,,0,1000,,5,,1500.0,False,5,,1500.0,False,6084.0,False,0,False,,2033710.782,2033710.782,0,False,True
C,A,20220101,2022,52,2022,826,,,X,,0,,,20,,,H6,HS,True,8471,,,,C00,,0,1000,,5,,17.0,False,5,,17.0,False,200.0,False,0,False,,119246.952,119246.952,0,False,True
C,A,20220101,2022,52,2022,826,,,X,,0,,,8,,,H6,HS,True,8471,,,,C00,,0,1000,,5,,990.0,False,5,,990.0,False,1220.0,False,0,False,,321499.843,321499.843,0,False,True
C,A,20220101,2022,52,2022,826,,,X,,0,,,678,,,H6,HS,True,8471,,,,C00,,0,1000,,5,,3.0,False,5,,3.0,False,31.0,False,0,False,,6159.801,6159.801,0,False,True
C,A,20220101,2022,52,2022,826,,,X,,0,,,768,,,H6,HS,True,8471,,,,C00,,0,0,,5,,243.0,False,5,,243.0,False,1312.0,False,0,False,,1113824.032,1113824.032,0,False,True
C,A,20220101,2022,52,2022,826,,,X,,0,,,764,,,H6,HS,True,8471,,,,C00,,0,0,,5,,16740.0,False,5,,16740.0,False,21906.0,False,0,False,,9471746.916,9471746.916,0,False,True
C,A,20220101,2022,52,2022,826,,,X,,0,,,762,,,H6,HS,True,8471,,,,C00,,0,0,,5,,11.0,False,5,,11.0,False,1274.0,False,0,False,,349662.07,349662.07,0,False,True
C,A,20220101,2022,52,2022,826,,,X,,0,,,757,,,H6,HS,True,8471,,,,C00,,0,0,,5,,120546.0,False,5,,120546.0,False,201823.0,False,0,False,,63501720.115,63501720.115,0,False,True
C,A,20220101,2022,52,2022,826,,,X,,0,,,740,,,H6,HS,True,8471,,,,C00,,0,0,,5,,221.0,False,5,,221.0,False,390.0,False,0,False,,37699.786,37699.786,0,False,True
C,A,20220101,2022,52,2022,826,,,X,,0,,,728,,,H6,HS,True,8471,,,,C00,,0,0,,5,,155.0,False,5,,155.0,False,611.0,False,0,False,,38870.466,38870.466,0,False,True
C,A,20220101,2022,52,2022,826,,,X,,0,,,729,,,H6,HS,True,8471,,,,C00,,0,0,,5,,168.0,False,5,,168.0,False,410.0,False,0,False,,78403.788,78403.788,0,False,True
C,A,20220101,2022,52,2022,826,,,X,,0,,,710,,,H6,HS,True,8471,,,,C00,,0,0,,5,,159896.0,False,5,,159896.0,False,246048.0,False,0,False,,43537911.344,43537911.344,0,False,True
C,A,20220101,2022,52,2022,826,,,X,,0,,,706,,,H6,HS,True,8471,,,,C00,,0,0,,5,,109.0,False,5,,109.0,False,1086.0,False,0,False,,84193.707,84193.707,0,False,True
C,A,20220101,2022,52,2022,826,,,X,,0,,,705,,,H6,HS,True,8471,,,,C00,,0,0,,5,,23444.0,False,5,,23444.0,False,36454.0,False,0,False,,3799024.672,3799024.672,0,False,True
C,A,20220101,2022,52,2022,826,,,X,,0,,,704,,,H6,HS,True,8471,,,,C00,,0,0,,5,,1801.0,False,5,,1801.0,False,14564.0,False,0,False,,3364361.993,3364361.993,0,False,True
C,A,20220101,2022,52,2022,826,,,X,,0,,,703,,,H6,HS,True,8471,,,,C00,,0,0,,5,,18032.0,False,5,,18032.0,False,28949.0,False,0,False,,5858204.753,5858204.753,0,False,True
C,A,20220101,2022,52,2022,826,,,X,,0,,,699,,,H6,HS,True,8471,,,,C00,,0,0,,5,,555053.0,False,5,,555053.0,False,395789.0,False,0,False,,70205835.417,70205835.417,0,False,True
C,A,20220101,2022,52,2022,826,,,X,,0,,,694,,,H6,HS,True,8471,,,,C00,,0,0,,5,,1143.0,False,5,,1143.0,False,21903.0,False,0,False,,376139.691,376139.691,0,False,True
C,A,20220101,2022,52,2022,826,,,X,,0,,,690,,,H6,HS,True,8471,,,,C00,,0,0,,5,,605.0,False,5,,605.0,False,2274.0,False,0,False,,513507.151,513507.151,0,False,True
C,A,20220101,2022,52,2022,826,,,X,,0,,,688,,,H6,HS,True,8471,,,,C00,,0,0,,5,,41970.0,False,5,,41970.0,False,13558.0,False,0,False,,3687815.003,3687815.003,0,False,True
C,A,20220101,2022,52,2022,826,,,X,,0,,,686,,,H6,HS,True,8471,,,,C00,,0,0,,5,,956.0,False,5,,956.0,False,10324.0,False,0,False,,1032496.597,1032496.597,0,False,True
C,A,20220101,2022,52,2022,826,,,X,,0,,,662,,,H6,HS,True,8471,,,,C00,,0,0,,5,,188.0,False,5,,188.0,False,268.0,False,0,False,,64622.974,64622.974,0,False,True
C,A,20220101,2022,52,2022,826,,,X,,0,,,654,,,H6,HS,True,8471,,,,C00,,0,0,,5,,413.0,False,5,,413.0,False,4402.0,False,0,False,,233333.882,233333.882,0,False,True
C,A,20220101,2022,52,2022,826,,,X,,0,,,659,,,H6,HS,True,8471,,,,C00,,0,0,,5,,25.0,False,5,,25.0,False,185.0,False,0,False,,28175.656,28175.656,0,False,True
C,A,20220101,2022,52,2022,826,,,X,,0,,,670,,,H6,HS,True,8471,,,,C00,,0,0,,5,,7.0,False,5,,7.0,False,50.0,False,0,False,,12000.991,12000.991,0,False,True
C,A,20220101,2022,52,2022,826,,,X,,0,,,674,,,H6,HS,True,8471,,,,C00,,0,0,,5,,641.0,False,5,,641.0,False,74.0,False,0,False,,9880.584,9880.584,0,False,True
C,A,20220101,2022,52,2022,826,,,X,,0,,,643,,,H6,HS,True,8471,,,,C00,,0,0,,5,,10174.0,False,5,,10174.0,False,6467.0,False,0,False,,1595785.093,1595785.093,0,False,True
C,A,20220101,2022,52,2022,826,,,X,,0,,,646,,,H6,HS,True,8471,,,,C00,,0,0,,5,,1378.0,False,5,,1378.0,False,2186.0,False,0,False,,449689.859,449689.859,0,False,True
C,A,20220101,2022,52,2022,826,,,X,,0,,,616,,,H6,HS,True,8471,,,,C00,,0,0,,5,,385381.0,False,5,,385381.0,False,485329.0,False,0,False,,64275628.381,64275628.381,0,False,True
C,A,20220101,2022,52,2022,826,,,X,,0,,,608,,,H6,HS,True,8471,,,,C00,,0,0,,5,,5168.0,False,5,,5168.0,False,11065.0,False,0,False,,2942050.654,2942050.654,0,False,True
C,A,20220101,2022,52,2022,826,,,X,,0,,,591,,,H6,HS,True,8471,,,,C00,,0,0,,5,,1808.0,False,5,,1808.0,False,1114.0,False,0,False,,456313.536,456313.536,0,False,True
C,A,20220101,2022,52,2022,826,,,X,,0,,,598,,,H6,HS,True,8471,,,,C00,,0,0,,5,,62.0,False,5,,62.0,False,464.0,False,0,False,,239372.83,239372.83,0,False,True
C,A,20220101,2022,52,2022,826,,,X,,0,,,600,,,H6,HS,True,8471,,,,C00,,0,0,,5,,96.0,False,5,,96.0,False,168.0,False,0,False,,60013.499,60013.499,0,False,True
C,A,20220101,2022,52,2022,826,,,X,,0,,,579,,,H6,HS,True,8471,,,,C00,,0,0,,5,,125147.0,False,5,,125147.0,False,100661.0,False,0,False,,31691195.077,31691195.077,0,False,True
C,A,20220101,2022,52,2022,826,,,X,,0,,,566,,,H6,HS,True,8471,,,,C00,,0,0,,5,,90734.0,False,5,,90734.0,False,264173.0,False,0,False,,12946029.489,12946029.489,0,False,True
C,A,20220101,2022,52,2022,826,,,X,,0,,,554,,,H6,HS,True,8471,,,,C00,,0,0,,5,,8773.0,False,5,,8773.0,False,17995.0,False,0,False,,4641500.088,4641500.088,0,False,True
C,A,20220101,2022,52,2022,826,,,X,,0,,,531,,,H6,HS,True,8471,,,,C00,,0,0,,5,,386.0,False,5,,386.0,False,820.0,False,0,False,,167914.993,167914.993,0,False,True
C,A,20220101,2022,52,2022,826,,,X,,0,,,533,,,H6,HS,True,8471,,,,C00,,0,0,,5,,295.0,False,5,,295.0,False,1500.0,False,0,False,,261938.013,261938.013,0,False,True
C,A,20220101,2022,52,2022,826,,,X,,0,,,516,,,H6,HS,True,8471,,,,C00,,0,0,,5,,1158.0,False,5,,1158.0,False,3648.0,False,0,False,,495751.641,495751.641,0,False,True
C,A,20220101,2022,52,2022,826,,,X,,0,,,512,,,H6,HS,True,8471,,,,C00,,0,0,,5,,1498.0,False,5,,1498.0,False,10366.0,False,0,False,,5348601.495,5348601.495,0,False,True
C,A,20220101,2022,52,2022,826,,,X,,0,,,508,,,H6,HS,True,8471,,,,C00,,0,0,,5,,561.0,False,5,,561.0,False,2390.0,False,0,False,,808465.894,808465.894,0,False,True
C,A,20220101,2022,52,2022,826,,,X,,0,,,499,,,H6,HS,True,8471,,,,C00,,0,0,,5,,2111.0,False,5,,2111.0,False,678.0,False,0,False,,184505.926,184505.926,0,False,True
C,A,20220101,2022,52,2022,826,,,X,,0,,,498,,,H6,HS,True,8471,,,,C00,,0,0,,5,,724.0,False,5,,724.0,False,2254.0,False,0,False,,230792.323,230792.323,0,False,True
C,A,20220101,2022,52,2022,826,,,X,,0,,,480,,,H6,HS,True,8471,,,,C00,,0,0,,5,,1192.0,False,5,,1192.0,False,2387.0,False,0,False,,936071.181,936071.181,0,False,True
C,A,20220101,2022,52,2022,826,,,X,,0,,,470,,,H6,HS,True,8471,,,,C00,,0,0,,5,,26642.0,False,5,,26642.0,False,56189.0,False,0,False,,9343863.303,9343863.303,0,False,True
C,A,20220101,2022,52,2022,826,,,X,,0,,,478,,,H6,HS,True,8471,,,,C00,,0,0,,5,,634.0,False,5,,634.0,False,4557.0,False,0,False,,209523.554,209523.554,0,False,True
C,A,20220101,2022,52,2022,826,,,X,,0,,,466,,,H6,HS,True,8471,,,,C00,,0,0,,5,,217.0,False,5,,217.0,False,294.0,False,0,False,,63297.261,63297.261,0,False,True
C,A,20220101,2022,52,2022,826,,,X,,0,,,462,,,H6,HS,True,8471,,,,C00,,0,0,,5,,152.0,False,5,,152.0,False,745.0,False,0,False,,115289.348,115289.348,0,False,True
C,A,20220101,2022,52,2022,826,,,X,,0,,,458,,,H6,HS,True,8471,,,,C00,,0,0,,5,,60342.0,False,5,,60342.0,False,586275.0,False,0,False,,12377529.699,12377529.699,0,False,True
C,A,20220101,2022,52,2022,826,,,X,,0,,,446,,,H6,HS,True,8471,,,,C00,,0,0,,5,,91.0,False,5,,91.0,False,1468.0,False,0,False,,407033.911,407033.911,0,False,True
C,A,20220101,2022,52,2022,826,,,X,,0,,,450,,,H6,HS,True,8471,,,,C00,,0,0,,5,,157.0,False,5,,157.0,False,352.0,False,0,False,,120593.417,120593.417,0,False,True
C,A,20220101,2022,52,2022,826,,,X,,0,,,454,,,H6,HS,True,8471,,,,C00,,0,0,,5,,8256.0,False,5,,8256.0,False,41473.0,False,0,False,,1358520.463,1358520.463,0,False,True
C,A,20220101,2022,52,2022,826,,,X,,0,,,440,,,H6,HS,True,8471,,,,C00,,0,0,,5,,16521.0,False,5,,16521.0,False,59343.0,False,0,False,,3873464.752,3873464.752,0,False,True
C,A,20220101,2022,52,2022,826,,,X,,0,,,434,,,H6,HS,True,8471,,,,C00,,0,0,,5,,460.0,False,5,,460.0,False,4201.0,False,0,False,,299886.828,299886.828,0,False,True
C,A,20220101,2022,52,2022,826,,,X,,0,,,430,,,H6,HS,True,8471,,,,C00,,0,0,,5,,248.0,False,5,,248.0,False,1905.0,False,0,False,,378554.294,378554.294,0,False,True
C,A,20220101,2022,52,2022,826,,,X,,0,,,422,,,H6,HS,True,8471,,,,C00,,0,0,,5,,62685.0,False,5,,62685.0,False,5657.0,False,0,False,,2157015.439,2157015.439,0,False,True
C,A,20220101,2022,52,2022,826,,,X,,0,,,417,,,H6,HS,True,8471,,,,C00,,0,0,,5,,329.0,False,5,,329.0,False,2116.0,False,0,False,,5334636.351,5334636.351,0,False,True
C,A,20220101,2022,52,2022,826,,,X,,0,,,418,,,H6,HS,True,8471,,,,C00,,0,0,,5,,23.0,False,5,,23.0,False,82.0,False,0,False,,19767.271,19767.271,0,False,True
C,A,20220101,2022,52,2022,826,,,X,,0,,,414,,,H6,HS,True,8471,,,,C00,,0,0,,5,,4184.0,False,5,,4184.0,False,19749.0,False,0,False,,2442443.949,2442443.949,0,False,True
C,A,20220101,2022,52,2022,826,,,X,,0,,,404,,,H6,HS,True,8471,,,,C00,,0,0,,5,,51928.0,False,5,,51928.0,False,318404.0,False,0,False,,4848656.648,4848656.648,0,False,True
C,A,20220101,2022,52,2022,826,,,X,,0,,,400,,,H6,HS,True,8471,,,,C00,,0,0,,5,,44533.0,False,5,,44533.0,False,8807.0,False,0,False,,3762598.107,3762598.107,0,False,True
C,A,20220101,2022,52,2022,826,,,X,,0,,,392,,,H6,HS,True,8471,,,,C00,,0,0,,5,,189452.0,False,5,,189452.0,False,134979.0,False,0,False,,64481736.335,64481736.335,0,False,True
C,A,20220101,2022,52,2022,826,,,X,,0,,,388,,,H6,HS,True,8471,,,,C00,,0,0,,5,,214.0,False,5,,214.0,False,1158.0,False,0,False,,316957.508,316957.508,0,False,True
C,A,20220101,2022,52,2022,826,,,X,,0,,,894,,,H6,HS,True,8471,,,,C00,,0,0,,5,,14541.0,False,5,,14541.0,False,52182.0,False,0,False,,2286778.976,2286778.976,0,False,True
C,A,20220101,2022,52,2022,826,,,X,,0,,,862,,,H6,HS,True,8471,,,,C00,,0,0,,5,,24.0,False,5,,24.0,False,204.0,False,0,False,,30088.538,30088.538,0,False,True
C,A,20220101,2022,52,2022,826,,,X,,0,,,860,,,H6,HS,True,8471,,,,C00,,0,0,,5,,114.0,False,5,,114.0,False,318.0,False,0,False,,207430.004,207430.004,0,False,True
C,A,20220101,2022,52,2022,826,,,X,,0,,,858,,,H6,HS,True,8471,,,,C00,,0,0,,5,,2411.0,False,5,,2411.0,False,9993.0,False,0,False,,443405.544,443405.544,0,False,True
C,A,20220101,2022,52,2022,826,,,X,,0,,,854,,,H6,HS,True,8471,,,,C00,,0,0,,5,,337.0,False,5,,337.0,False,1012.0,False,0,False,,189094.648,189094.648,0,False,True
C,A,20220101,2022,52,2022,826,,,X,,0,,,837,,,H6,HS,True,8471,,,,C00,,0,0,,5,,15.0,False,5,,15.0,False,175.0,False,0,False,,59771.795,59771.795,0,False,True
C,A,20220101,2022,52,2022,826,,,X,,0,,,834,,,H6,HS,True,8471,,,,C00,,0,0,,5,,6820.0,False,5,,6820.0,False,49074.0,False,0,False,,2552203.392,2552203.392,0,False,True
C,A,20220101,2022,52,2022,826,,,X,,0,,,818,,,H6,HS,True,8471,,,,C00,,0,0,,5,,15078.0,False,5,,15078.0,False,245595.0,False,0,False,,8054508.148,8054508.148,0,False,True
C,A,20220101,2022,52,2022,826,,,X,,0,,,807,,,H6,HS,True,8471,,,,C00,,0,0,,5,,7579.0,False,5,,7579.0,False,6649.0,False,0,False,,696014.743,696014.743,0,False,True
C,A,20220101,2022,52,2022,826,,,X,,0,,,804,,,H6,HS,True,8471,,,,C00,,0,0,,5,,22938.0,False,5,,22938.0,False,46070.0,False,0,False,,4189908.333,4189908.333,0,False,True
C,A,20220101,2022,52,2022,826,,,X,,0,,,796,,,H6,HS,True,8471,,,,C00,,0,0,,5,,6.0,False,5,,6.0,False,119.0,False,0,False,,15043.049,15043.049,0,False,True
C,A,20220101,2022,52,2022,826,,,X,,0,,,800,,,H6,HS,True,8471,,,,C00,,0,0,,5,,1418.0,False,5,,1418.0,False,6568.0,False,0,False,,1591895.849,1591895.849,0,False,True
C,A,20220101,2022,52,2022,826,,,X,,0,,,792,,,H6,HS,True,8471,,,,C00,,0,0,,5,,117554.0,False,5,,117554.0,False,115396.0,False,0,False,,25709633.175,25709633.175,0,False,True
C,A,20220101,2022,52,2022,826,,,X,,0,,,788,,,H6,HS,True,8471,,,,C00,,0,0,,5,,42478.0,False,5,,42478.0,False,6206.0,False,0,False,,822836.321,822836.321,0,False,True
C,A,20220101,2022,52,2022,826,,,X,,0,,,784,,,H6,HS,True,8471,,,,C00,,0,0,,5,,1160539.0,False,5,,1160539.0,False,6509827.0,False,0,False,,194599586.887,194599586.887,0,False,True
C,A,20220101,2022,52,2022,826,,,X,,0,,,780,,,H6,HS,True,8471,,,,C00,,0,0,,5,,315.0,False,5,,315.0,False,1737.0,False,0,False,,557551.068,557551.068,0,False,True
C,A,20220101,2022,52,2022,826,,,X,,0,,,368,,,H6,HS,True,8471,,,,C00,,0,0,,5,,22617.0,False,5,,22617.0,False,140452.0,False,0,False,,4459645.587,4459645.587,0,False,True
C,A,20220101,2022,52,2022,826,,,X,,0,,,364,,,H6,HS,True,8471,,,,C00,,0,0,,5,,26.0,False,5,,26.0,False,588.0,False,0,False,,37327.464,37327.464,0,False,True
C,A,20220101,2022,52,2022,826,,,X,,0,,,360,,,H6,HS,True,8471,,,,C00,,0,0,,5,,7282.0,False,5,,7282.0,False,19508.0,False,0,False,,5520306.853,5520306.853,0,False,True
C,A,20220101,2022,52,2022,826,,,X,,0,,,352,,,H6,HS,True,8471,,,,C00,,0,0,,5,,6696.0,False,5,,6696.0,False,16085.0,False,0,False,,13708954.852,13708954.852,0,False,True
C,A,20220101,2022,52,2022,826,,,X,,0,,,340,,,H6,HS,True,8471,,,,C00,,0,0,,5,,559.0,False,5,,559.0,False,1365.0,False,0,False,,1042686.026,1042686.026,0,False,True
C,A,20220101,2022,52,2022,826,,,X,,0,,,328,,,H6,HS,True,8471,,,,C00,,0,0,,5,,650.0,False,5,,650.0,False,15750.0,False,0,False,,1056117.711,1056117.711,0,False,True
C,A,20220101,2022,52,2022,826,,,X,,0,,,320,,,H6,HS,True,8471,,,,C00,,0,0,,5,,1185.0,False,5,,1185.0,False,640.0,False,0,False,,105673.662,105673.662,0,False,True
C,A,20220101,2022,52,2022,826,,,X,,0,,,304,,,H6,HS,True,8471,,,,C00,,0,0,,5,,21.0,False,5,,21.0,False,564.0,False,0,False,,334571.413,334571.413,0,False,True
C,A,20220101,2022,52,2022,826,,,X,,0,,,308,,,H6,HS,True,8471,,,,C00,,0,0,,5,,8.0,False,5,,8.0,False,35.0,False,0,False,,14399.724,14399.724,0,False,True
C,A,20220101,2022,52,2022,826,,,X,,0,,,316,,,H6,HS,True,8471,,,,C00,,0,0,,5,,81.0,False,5,,81.0,False,1758.0,False,0,False,,83690.767,83690.767,0,False,True
C,A,20220101,2022,52,2022,826,,,X,,0,,,292,,,H6,HS,True,8471,,,,C00,,0,0,,5,,8527.0,False,5,,8527.0,False,66897.0,False,0,False,,7293091.607,7293091.607,0,False,True
C,A,20220101,2022,52,2022,826,,,X,,0,,,288,,,H6,HS,True,8471,,,,C00,,0,0,,5,,6191.0,False,5,,6191.0,False,84972.0,False,0,False,,2596639.163,2596639.163,0,False,True
C,A,20220101,2022,52,2022,826,,,X,,0,,,270,,,H6,HS,True,8471,,,,C00,,0,0,,5,,1186.0,False,5,,1186.0,False,6615.0,False,0,False,,774877.525,774877.525,0,False,True
C,A,20220101,2022,52,2022,826,,,X,,0,,,266,,,H6,HS,True,8471,,,,C00,,0,0,,5,,197.0,False,5,,197.0,False,1150.0,False,0,False,,321967.382,321967.382,0,False,True
C,A,20220101,2022,52,2022,826,,,X,,0,,,258,,,H6,HS,True,8471,,,,C00,,0,0,,5,,55.0,False,5,,55.0,False,45.0,False,0,False,,7204.745,7204.745,0,False,True
C,A,20220101,2022,52,2022,826,,,X,,0,,,262,,,H6,HS,True,8471,,,,C00,,0,0,,5,,4528.0,False,5,,4528.0,False,14636.0,False,0,False,,98135.658,98135.658,0,False,True
C,A,20220101,2022,52,2022,826,,,X,,0,,,242,,,H6,HS,True,8471,,,,C00,,0,0,,5,,8.0,False,5,,8.0,False,13.0,False,0,False,,9942.841,9942.841,0,False,True
C,A,20220101,2022,52,2022,826,,,X,,0,,,233,,,H6,HS,True,8471,,,,C00,,0,0,,5,,25957.0,False,5,,25957.0,False,17676.0,False,0,False,,5455104.033,5455104.033,0,False,True
C,A,20220101,2022,52,2022,826,,,X,,0,,,232,,,H6,HS,True,8471,,,,C00,,0,0,,5,,7.0,False,5,,7.0,False,6.0,False,0,False,,2768.614,2768.614,0,False,True
C,A,20220101,2022,52,2022,826,,,X,,0,,,218,,,H6,HS,True,8471,,,,C00,,0,0,,5,,2108.0,False,5,,2108.0,False,1361.0,False,0,False,,346239.145,346239.145,0,False,True
C,A,20220101,2022,52,2022,826,,,X,,0,,,226,,,H6,HS,True,8471,,,,C00,,0,0,,5,,246.0,False,5,,246.0,False,1147.0,False,0,False,,323592.173,323592.173,0,False,True
C,A,20220101,2022,52,2022,826,,,X,,0,,,214,,,H6,HS,True,8471,,,,C00,,0,0,,5,,269.0,False,5,,269.0,False,1422.0,False,0,False,,297887.274,297887.274,0,False,True
C,A,20220101,2022,52,2022,826,,,X,,0,,,208,,,H6,HS,True,8471,,,,C00,,0,0,,5,,235803.0,False,5,,235803.0,False,313596.0,False,0,False,,42485431.407,42485431.407,0,False,True
C,A,20220101,2022,52,2022,826,,,X,,0,,,204,,,H6,HS,True,8471,,,,C00,,0,0,,5,,484.0,False,5,,484.0,False,1745.0,False,0,False,,393398.363,393398.363,0,False,True
C,A,20220101,2022,52,2022,826,,,X,,0,,,203,,,H6,HS,True,8471,,,,C00,,0,0,,5,,204142.0,False,5,,204142.0,False,337597.0,False,0,False,,69943746.034,69943746.034,0,False,True
C,A,20220101,2022,52,2022,826,,,X,,0,,,144,,,H6,HS,True,8471,,,,C00,,0,0,,5,,1066.0,False,5,,1066.0,False,2386.0,False,0,False,,749592.556,749592.556,0,False,True
C,A,20220101,2022,52,2022,826,,,X,,0,,,148,,,H6,HS,True,8471,,,,C00,,0,0,,5,,16.0,False,5,,16.0,False,58.0,False,0,False,,20702.35,20702.35,0,False,True
C,A,20220101,2022,52,2022,826,,,X,,0,,,140,,,H6,HS,True,8471,,,,C00,,0,0,,5,,94.0,False,5,,94.0,False,38.0,False,0,False,,31489.936,31489.936,0,False,True
C,A,20220101,2022,52,2022,826,,,X,,0,,,132,,,H6,HS,True,8471,,,,C00,,0,0,,5,,34.0,False,5,,34.0,False,167.0,False,0,False,,44533.43,44533.43,0,False,True
C,A,20220101,2022,52,2022,826,,,X,,0,,,124,,,H6,HS,True,8471,,,,C00,,0,0,,5,,199199.0,False,5,,199199.0,False,119096.0,False,0,False,,38538246.806,38538246.806,0,False,True
C,A,20220101,2022,52,2022,826,,,X,,0,,,120,,,H6,HS,True,8471,,,,C00,,0,0,,5,,1033.0,False,5,,1033.0,False,2160.0,False,0,False,,501634.336,501634.336,0,False,True
C,A,20220101,2022,52,2022,826,,,X,,0,,,104,,,H6,HS,True,8471,,,,C00,,0,0,,5,,54.0,False,5,,54.0,False,242.0,False,0,False,,51955.464,51955.464,0,False,True
C,A,20220101,2022,52,2022,826,,,X,,0,,,108,,,H6,HS,True,8471,,,,C00,,0,0,,5,,987.0,False,5,,987.0,False,3066.0,False,0,False,,151936.865,151936.865,0,False,True
C,A,20220101,2022,52,2022,826,,,X,,0,,,112,,,H6,HS,True,8471,,,,C00,,0,0,,5,,355.0,False,5,,355.0,False,313.0,False,0,False,,32294.397,32294.397,0,False,True
C,A,20220101,2022,52,2022,826,,,X,,0,,,116,,,H6,HS,True,8471,,,,C00,,0,0,,5,,41.0,False,5,,41.0,False,111.0,False,0,False,,54924.278,54924.278,0,False,True
C,A,20220101,2022,52,2022,826,,,X,,0,,,96,,,H6,HS,True,8471,,,,C00,,0,0,,5,,277.0,False,5,,277.0,False,1115.0,False,0,False,,349969.694,349969.694,0,False,True
C,A,20220101,2022,52,2022,826,,,X,,0,,,92,,,H6,HS,True,8471,,,,C00,,0,0,,5,,14.0,False,5,,14.0,False,120.0,False,0,False,,22690.918,22690.918,0,False,True
C,A,20220101,2022,52,2022,826,,,X,,0,,,76,,,H6,HS,True,8471,,,,C00,,0,0,,5,,229381.0,False,5,,229381.0,False,13551.0,False,0,False,,5011033.192,5011033.192,0,False,True
C,A,20220101,2022,52,2022,826,,,X,,0,,,72,,,H6,HS,True,8471,,,,C00,,0,0,,5,,173.0,False,5,,173.0,False,1163.0,False,0,False,,227282.726,227282.726,0,False,True
C,A,20220101,2022,52,2022,826,,,X,,0,,,68,,,H6,HS,True,8471,,,,C00,,0,0,,5,,112.0,False,5,,112.0,False,218.0,False,0,False,,202168.66,202168.66,0,False,True
C,A,20220101,2022,52,2022,826,,,X,,0,,,70,,,H6,HS,True,8471,,,,C00,,0,0,,5,,27215.0,False,5,,27215.0,False,3786.0,False,0,False,,944113.346,944113.346,0,False,True
C,A,20220101,2022,52,2022,826,,,X,,0,,,56,,,H6,HS,True,8471,,,,C00,,0,0,,5,,252612.0,False,5,,252612.0,False,217839.0,False,0,False,,37689880.15,37689880.15,0,False,True
C,A,20220101,2022,52,2022,826,,,X,,0,,,48,,,H6,HS,True,8471,,,,C00,,0,0,,5,,677.0,False,5,,677.0,False,4900.0,False,0,False,,2689878.476,2689878.476,0,False,True
C,A,20220101,2022,52,2022,826,,,X,,0,,,44,,,H6,HS,True,8471,,,,C00,,0,0,,5,,41.0,False,5,,41.0,False,303.0,False,0,False,,70534.966,70534.966,0,False,True
C,A,20220101,2022,52,2022,826,,,X,,0,,,36,,,H6,HS,True,8471,,,,C00,,0,0,,5,,86278.0,False,5,,86278.0,False,141646.0,False,0,False,,41658512.967,41658512.967,0,False,True
C,A,20220101,2022,52,2022,826,,,X,,0,,,24,,,H6,HS,True,8471,,,,C00,,0,0,,5,,1636.0,False,5,,1636.0,False,8821.0,False,0,False,,2394112.83,2394112.83,0,False,True
C,A,20220101,2022,52,2022,826,,,X,,0,,,20,,,H6,HS,True,8471,,,,C00,,0,0,,5,,18.0,False,5,,18.0,False,204.0,False,0,False,,120345.609,120345.609,0,False,True
C,A,20220101,2022,52,2022,826,,,X,,0,,,8,,,H6,HS,True,8471,,,,C00,,0,0,,5,,3089.0,False,5,,3089.0,False,14920.0,False,0,False,,704340.117,704340.117,0,False,True
C,A,20220101,2022,52,2022,826,,,X,,0,,,678,,,H6,HS,True,8471,,,,C00,,0,0,,5,,3.0,False,5,,3.0,False,31.0,False,0,False,,6159.801,6159.801,0,False,True
C,A,20220101,2022,52,2022,826,,,X,,0,,,234,,,H6,HS,True,8471,,,,C00,,0,0,,5,,3.0,False,5,,3.0,False,72.0,False,0,False,,21464.085,21464.085,0,False,True
C,A,20220101,2022,52,2022,826,,,X,,0,,,748,,,H6,HS,True,8471,,,,C00,,0,0,,5,,12.0,False,5,,12.0,False,218.082,True,0,False,,54630.083,54630.083,4,False,True
C,A,20220101,2022,52,2022,826,,,X,,0,,,748,,,H6,HS,True,8471,,,,C00,,0,1000,,5,,12.0,False,5,,12.0,False,218.082,True,0,False,,54630.083,54630.083,4,False,True
C,A,20220101,2022,52,2022,826,,,X,,0,,,716,,,H6,HS,True,8471,,,,C00,,0,0,,5,,14968.0,False,5,,14968.0,False,19012.255,True,0,False,,1762862.665,1762862.665,4,False,True
C,A,20220101,2022,52,2022,826,,,X,,0,,,716,,,H6,HS,True,8471,,,,C00,,0,1000,,5,,13974.0,False,5,,13974.0,False,7171.737,True,0,False,,1707107.07,1707107.07,4,False,True
C,A,20220101,2022,52,2022,826,,,X,,0,,,716,,,H6,HS,True,8471,,,,C00,,0,2100,,5,,993.0,False,5,,993.0,False,11780.518,True,0,False,,46917.514,46917.514,4,False,True
C,A,20220101,2022,52,2022,826,,,X,,0,,,682,,,H6,HS,True,8471,,,,C00,,0,0,,5,,238154.0,False,5,,238154.0,False,97181.887,True,0,False,,62165784.367,62165784.367,4,False,True
C,A,20220101,2022,52,2022,826,,,X,,0,,,682,,,H6,HS,True,8471,,,,C00,,0,1000,,5,,234821.0,False,5,,234821.0,False,62594.887,True,0,False,,59990035.614,59990035.614,4,False,True
C,A,20220101,2022,52,2022,826,,,X,,0,,,604,,,H6,HS,True,8471,,,,C00,,0,0,,5,,5685.0,False,5,,5685.0,False,21454.159,True,0,False,,1545189.521,1545189.521,4,False,True
C,A,20220101,2022,52,2022,826,,,X,,0,,,604,,,H6,HS,True,8471,,,,C00,,0,1000,,5,,1989.0,False,5,,1989.0,False,2224.159,True,0,False,,954439.497,954439.497,4,False,True
C,A,20220101,2022,52,2022,826,,,X,,0,,,586,,,H6,HS,True,8471,,,,C00,,0,0,,5,,375643.0,False,5,,375643.0,False,4412790.624,True,0,False,,21203883.08,21203883.08,4,False,True
C,A,20220101,2022,52,2022,826,,,X,,0,,,586,,,H6,HS,True,8471,,,,C00,,0,1000,,5,,36285.0,False,5,,36285.0,False,58977.624,True,0,False,,2916401.908,2916401.908,4,False,True
C,A,20220101,2022,52,2022,826,,,X,,0,,,528,,,H6,HS,True,8471,,,,C00,,0,0,,5,,2550072.0,False,5,,2550072.0,False,3144145.859,True,0,False,,622139296.912,622139296.912,4,False,True
C,A,20220101,2022,52,2022,826,,,X,,0,,,528,,,H6,HS,True,8471,,,,C00,,0,1000,,5,,263365.0,False,5,,263365.0,False,290633.814,True,0,False,,102323254.271,102323254.271,4,False,True
C,A,20220101,2022,52,2022,826,,,X,,0,,,528,,,H6,HS,True,8471,,,,C00,,0,9000,,5,,252.0,False,5,,252.0,False,746.045,True,0,False,,125860.864,125860.864,4,False,True
C,A,20220101,2022,52,2022,826,,,X,,0,,,524,,,H6,HS,True,8471,,,,C00,,0,0,,5,,328.0,False,5,,328.0,False,1164.095,True,0,False,,118003.029,118003.029,4,False,True
C,A,20220101,2022,52,2022,826,,,X,,0,,,524,,,H6,HS,True,8471,,,,C00,,0,1000,,5,,328.0,False,5,,328.0,False,1164.095,True,0,False,,118003.029,118003.029,4,False,True
C,A,20220101,2022,52,2022,826,,,X,,0,,,504,,,H6,HS,True,8471,,,,C00,,0,0,,5,,123152.0,False,5,,123152.0,False,193436.08,True,0,False,,4643481.332,4643481.332,4,False,True
C,A,20220101,2022,52,2022,826,,,X,,0,,,504,,,H6,HS,True,8471,,,,C00,,0,1000,,5,,1822.0,False,5,,1822.0,False,7318.08,True,0,False,,3167808.688,3167808.688,4,False,True
C,A,20220101,2022,52,2022,826,,,X,,0,,,410,,,H6,HS,True,8471,,,,C00,,0,0,,5,,540596.0,False,5,,540596.0,False,65958.722,True,0,False,,36901105.842,36901105.842,4,False,True
C,A,20220101,2022,52,2022,826,,,X,,0,,,410,,,H6,HS,True,8471,,,,C00,,0,1000,,5,,540383.0,False,5,,540383.0,False,63948.722,True,0,False,,36637575.997,36637575.997,4,False,True
C,A,20220101,2022,52,2022,826,,,X,,0,,,398,,,H6,HS,True,8471,,,,C00,,0,0,,5,,1106.0,False,5,,1106.0,False,5970.583,True,0,False,,1664503.614,1664503.614,4,False,True
C,A,20220101,2022,52,2022,826,,,X,,0,,,887,,,H6,HS,True,8471,,,,C00,,0,0,,5,,25.0,False,5,,25.0,False,97.41,True,0,False,,26438.558,26438.558,4,False,True
C,A,20220101,2022,52,2022,826,,,X,,0,,,887,,,H6,HS,True,8471,,,,C00,,0,1000,,5,,25.0,False,5,,25.0,False,97.41,True,0,False,,26438.558,26438.558,4,False,True
C,A,20220101,2022,52,2022,826,,,X,,0,,,842,,,H6,HS,True,8471,,,,C00,,0,0,,5,,2309345.0,False,5,,2309345.0,False,1584517.087,True,0,False,,459904667.167,459904667.167,4,False,True
C,A,20220101,2022,52,2022,826,,,X,,0,,,842,,,H6,HS,True,8471,,,,C00,,0,1000,,5,,2223646.0,False,5,,2223646.0,False,1242909.087,True,0,False,,434114609.897,434114609.897,4,False,True
C,A,20220101,2022,52,2022,826,,,X,,0,,,348,,,H6,HS,True,8471,,,,C00,,0,0,,5,,317547.0,False,5,,317547.0,False,204328.127,True,0,False,,26255649.571,26255649.571,4,False,True
C,A,20220101,2022,52,2022,826,,,X,,0,,,348,,,H6,HS,True,8471,,,,C00,,0,3200,,5,,35190.0,False,5,,35190.0,False,16312.127,True,0,False,,2119269.265,2119269.265,4,False,True
C,A,20220101,2022,52,2022,826,,,X,,0,,,344,,,H6,HS,True,8471,,,,C00,,0,0,,5,,1476638.0,False,5,,1476638.0,False,319346.254,True,0,False,,75243764.94,75243764.94,4,False,True
C,A,20220101,2022,52,2022,826,,,X,,0,,,344,,,H6,HS,True,8471,,,,C00,,0,1000,,5,,1441972.0,False,5,,1441972.0,False,289986.254,True,0,False,,72600749.045,72600749.045,4,False,True
C,A,20220101,2022,52,2022,826,,,X,,0,,,332,,,H6,HS,True,8471,,,,C00,,0,0,,5,,36.0,False,5,,36.0,False,68.309,True,0,False,,30712.331,30712.331,4,False,True
C,A,20220101,2022,52,2022,826,,,X,,0,,,332,,,H6,HS,True,8471,,,,C00,,0,1000,,5,,36.0,False,5,,36.0,False,68.309,True,0,False,,30712.331,30712.331,4,False,True
C,A,20220101,2022,52,2022,826,,,X,,0,,,324,,,H6,HS,True,8471,,,,C00,,0,0,,5,,496.0,False,5,,496.0,False,2280.987,True,0,False,,557418.008,557418.008,4,False,True
C,A,20220101,2022,52,2022,826,,,X,,0,,,324,,,H6,HS,True,8471,,,,C00,,0,1000,,5,,483.0,False,5,,483.0,False,2117.987,True,0,False,,488054.942,488054.942,4,False,True
C,A,20220101,2022,52,2022,826,,,X,,0,,,300,,,H6,HS,True,8471,,,,C00,,0,0,,5,,44904.0,False,5,,44904.0,False,84654.122,True,0,False,,6638086.048,6638086.048,4,False,True
C,A,20220101,2022,52,2022,826,,,X,,0,,,300,,,H6,HS,True,8471,,,,C00,,0,9000,,5,,295.0,False,5,,295.0,False,2052.122,True,0,False,,36287.402,36287.402,4,False,True
C,A,20220101,2022,52,2022,826,,,X,,0,,,616,,,H6,HS,True,3004,,,,C00,,0,9900,,8,,4649553.63,True,-1,,0.0,False,4649553.63,True,0,False,,34035367.866,34035367.866,6,False,True
C,A,20220101,2022,52,2022,826,,,X,,0,,,579,,,H6,HS,True,3004,,,,C00,,0,9900,,8,,15772.469,True,-1,,0.0,False,15772.469,True,0,False,,2013546.774,2013546.774,6,False,True
C,A,20220101,2022,52,2022,826,,,X,,0,,,292,,,H6,HS,True,3004,,,,C00,,0,9900,,8,,180515.55,True,-1,,0.0,False,180515.55,True,0,False,,8336934.884,8336934.884,6,False,True
C,A,20220101,2022,52,2022,826,,,X,,0,,,276,,,H6,HS,True,3004,,,,C00,,0,9900,,8,,3285566.224,True,-1,,0.0,False,3285566.224,True,0,False,,229296767.1,229296767.1,6,False,True
C,A,20220101,2022,52,2022,826,,,X,,0,,,40,,,H6,HS,True,3004,,,,C00,,0,9900,,8,,582734.934,True,-1,,0.0,False,582734.934,True,0,False,,86141952.483,86141952.483,6,False,True
C,A,20220101,2022,52,2022,826,,,X,,0,,,724,,,H6,HS,True,3004,,,,C00,,0,9000,,8,,134297.383,True,-1,,0.0,False,134297.383,True,0,False,,23573256.608,23573256.608,6,False,True
C,A,20220101,2022,52,2022,826,,,X,,0,,,528,,,H6,HS,True,3004,,,,C00,,0,9000,,8,,672196.908,True,-1,,0.0,False,672196.908,True,0,False,,22432974.487,22432974.487,6,False,True
C,A,20220101,2022,52,2022,826,,,X,,0,,,372,,,H6,HS,True,3004,,,,C00,,0,9000,,8,,2110274.307,True,-1,,0.0,False,2110274.307,True,0,False,,1162846443.681,1162846443.681,6,False,True
C,A,20220101,2022,52,2022,826,,,X,,0,,,276,,,H6,HS,True,3004,,,,C00,,0,9000,,8,,337163.221,True,-1,,0.0,False,337163.221,True,0,False,,3002597117.146,3002597117.146,6,False,True
C,A,20220101,2022,52,2022,826,,,X,,0,,,251,,,H6,HS,True,3004,,,,C00,,0,9000,,8,,166050.417,True,-1,,0.0,False,166050.417,True,0,False,,34023471.858,34023471.858,6,False,True
C,A,20220101,2022,52,2022,826,,,X,,0,,,208,,,H6,HS,True,3004,,,,C00,,0,9000,,8,,280875.478,True,-1,,0.0,False,280875.478,True,0,False,,6365510.599,6365510.599,6,False,True
C,A,20220101,2022,52,2022,826,,,X,,0,,,203,,,H6,HS,True,3004,,,,C00,,0,9000,,8,,104549.003,True,-1,,0.0,False,104549.003,True,0,False,,4109627.064,4109627.064,6,False,True
C,A,20220101,2022,52,2022,826,,,X,,0,,,56,,,H6,HS,True,3004,,,,C00,,0,9000,,8,,249952.383,True,-1,,0.0,False,249952.383,True,0,False,,91036374.277,91036374.277,6,False,True
C,A,20220101,2022,52,2022,826,,,X,,0,,,40,,,H6,HS,True,3004,,,,C00,,0,9000,,8,,47972.991,True,-1,,0.0,False,47972.991,True,0,False,,14332360.609,14332360.609,6,False,True
C,A,20220101,2022,52,2022,826,,,X,,0,,,392,,,H6,HS,True,3004,,,,C00,,0,3200,,8,,42.868,True,-1,,0.0,False,42.868,True,0,False,,4806.012,4806.012,6,False,True
C,A,20220101,2022,52,2022,826,,,X,,0,,,764,,,H6,HS,True,3004,,,,C00,,0,1000,,8,,245502.386,True,-1,,0.0,False,245502.386,True,0,False,,15951870.579,15951870.579,6,False,True
C,A,20220101,2022,52,2022,826,,,X,,0,,,716,,,H6,HS,True,3004,,,,C00,,0,1000,,8,,8298.167,True,-1,,0.0,False,8298.167,True,0,False,,1218392.934,1218392.934,6,False,True
C,A,20220101,2022,52,2022,826,,,X,,0,,,703,,,H6,HS,True,3004,,,,C00,,0,1000,,8,,198.697,True,-1,,0.0,False,198.697,True,0,False,,129818.469,129818.469,6,False,True
C,A,20220101,2022,52,2022,826,,,X,,0,,,699,,,H6,HS,True,3004,,,,C00,,0,1000,,8,,126212.17,True,-1,,0.0,False,126212.17,True,0,False,,48038700.395,48038700.395,6,False,True
C,A,20220101,2022,52,2022,826,,,X,,0,,,646,,,H6,HS,True,3004,,,,C00,,0,1000,,8,,5077.22,True,-1,,0.0,False,5077.22,True,0,False,,407647.938,407647.938,6,False,True
C,A,20220101,2022,52,2022,826,,,X,,0,,,591,,,H6,HS,True,3004,,,,C00,,0,1000,,8,,16737.668,True,-1,,0.0,False,16737.668,True,0,False,,19543059.965,19543059.965,6,False,True
C,A,20220101,2022,52,2022,826,,,X,,0,,,579,,,H6,HS,True,3004,,,,C00,,0,1000,,8,,5141.222,True,-1,,0.0,False,5141.222,True,0,False,,1337406.727,1337406.727,6,False,True
C,A,20220101,2022,52,2022,826,,,X,,0,,,524,,,H6,HS,True,3004,,,,C00,,0,1000,,8,,9936.891,True,-1,,0.0,False,9936.891,True,0,False,,1147870.175,1147870.175,6,False,True
C,A,20220101,2022,52,2022,826,,,X,,0,,,512,,,H6,HS,True,3004,,,,C00,,0,1000,,8,,73852.084,True,-1,,0.0,False,73852.084,True,0,False,,12138193.491,12138193.491,6,False,True
C,A,20220101,2022,52,2022,826,,,X,,0,,,498,,,H6,HS,True,3004,,,,C00,,0,1000,,8,,994.653,True,-1,,0.0,False,994.653,True,0,False,,226258.534,226258.534,6,False,True
C,A,20220101,2022,52,2022,826,,,X,,0,,,470,,,H6,HS,True,3004,,,,C00,,0,1000,,8,,54439.859,True,-1,,0.0,False,54439.859,True,0,False,,8613673.02,8613673.02,6,False,True
C,A,20220101,2022,52,2022,826,,,X,,0,,,466,,,H6,HS,True,3004,,,,C00,,0,1000,,8,,14776.387,True,-1,,0.0,False,14776.387,True,0,False,,1373159.45,1373159.45,6,False,True
C,A,20220101,2022,52,2022,826,,,X,,0,,,446,,,H6,HS,True,3004,,,,C00,,0,1000,,8,,105.151,True,-1,,0.0,False,105.151,True,0,False,,56553.952,56553.952,6,False,True
C,A,20220101,2022,52,2022,826,,,X,,0,,,434,,,H6,HS,True,3004,,,,C00,,0,1000,,8,,7911.107,True,-1,,0.0,False,7911.107,True,0,False,,2557251.108,2557251.108,6,False,True
C,A,20220101,2022,52,2022,826,,,X,,0,,,414,,,H6,HS,True,3004,,,,C00,,0,1000,,8,,128259.021,True,-1,,0.0,False,128259.021,True,0,False,,17949351.333,17949351.333,6,False,True
C,A,20220101,2022,52,2022,826,,,X,,0,,,410,,,H6,HS,True,3004,,,,C00,,0,1000,,8,,170804.42,True,-1,,0.0,False,170804.42,True,0,False,,134530426.034,134530426.034,6,False,True
C,A,20220101,2022,52,2022,826,,,X,,0,,,842,,,H6,HS,True,3004,,,,C00,,0,1000,,8,,3581815.979,True,-1,,0.0,False,3581815.979,True,0,False,,3088767994.812,3088767994.812,6,False,True
C,A,20220101,2022,52,2022,826,,,X,,0,,,807,,,H6,HS,True,3004,,,,C00,,0,1000,,8,,650.942,True,-1,,0.0,False,650.942,True,0,False,,1956624.162,1956624.162,6,False,True
C,A,20220101,2022,52,2022,826,,,X,,0,,,792,,,H6,HS,True,3004,,,,C00,,0,1000,,8,,66189.81,True,-1,,0.0,False,66189.81,True,0,False,,76974474.813,76974474.813,6,False,True
C,A,20220101,2022,52,2022,826,,,X,,0,,,788,,,H6,HS,True,3004,,,,C00,,0,1000,,8,,6917.147,True,-1,,0.0,False,6917.147,True,0,False,,1783906.82,1783906.82,6,False,True
C,A,20220101,2022,52,2022,826,,,X,,0,,,780,,,H6,HS,True,3004,,,,C00,,0,1000,,8,,18500.017,True,-1,,0.0,False,18500.017,True,0,False,,2602924.699,2602924.699,6,False,True
C,A,20220101,2022,52,2022,826,,,X,,0,,,372,,,H6,HS,True,3004,,,,C00,,0,1000,,8,,59560.649,True,-1,,0.0,False,59560.649,True,0,False,,26384904.063,26384904.063,6,False,True
C,A,20220101,2022,52,2022,826,,,X,,0,,,348,,,H6,HS,True,3004,,,,C00,,0,1000,,8,,8153.891,True,-1,,0.0,False,8153.891,True,0,False,,308543.021,308543.021,6,False,True
C,A,20220101,2022,52,2022,826,,,X,,0,,,276,,,H6,HS,True,3004,,,,C00,,0,1000,,8,,23734.562,True,-1,,0.0,False,23734.562,True,0,False,,19803840.727,19803840.727,6,False,True
C,A,20220101,2022,52,2022,826,,,X,,0,,,268,,,H6,HS,True,3004,,,,C00,,0,1000,,8,,12137.133,True,-1,,0.0,False,12137.133,True,0,False,,4201228.157,4201228.157,6,False,True
C,A,20220101,2022,52,2022,826,,,X,,0,,,251,,,H6,HS,True,3004,,,,C00,,0,1000,,8,,7333.401,True,-1,,0.0,False,7333.401,True,0,False,,9824563.351,9824563.351,6,False,True
C,A,20220101,2022,52,2022,826,,,X,,0,,,246,,,H6,HS,True,3004,,,,C00,,0,1000,,8,,2446.973,True,-1,,0.0,False,2446.973,True,0,False,,385254.877,385254.877,6,False,True
C,A,20220101,2022,52,2022,826,,,X,,0,,,208,,,H6,HS,True,3004,,,,C00,,0,1000,,8,,2581.429,True,-1,,0.0,False,2581.429,True,0,False,,3219368.637,3219368.637,6,False,True
C,A,20220101,2022,52,2022,826,,,X,,0,,,203,,,H6,HS,True,3004,,,,C00,,0,1000,,8,,302.657,True,-1,,0.0,False,302.657,True,0,False,,122135.198,122135.198,6,False,True
C,A,20220101,2022,52,2022,826,,,X,,0,,,148,,,H6,HS,True,3004,,,,C00,,0,1000,,8,,34.344,True,-1,,0.0,False,34.344,True,0,False,,2271.777,2271.777,6,False,True
C,A,20220101,2022,52,2022,826,,,X,,0,,,144,,,H6,HS,True,3004,,,,C00,,0,1000,,8,,18574.754,True,-1,,0.0,False,18574.754,True,0,False,,4848277.002,4848277.002,6,False,True
C,A,20220101,2022,52,2022,826,,,X,,0,,,112,,,H6,HS,True,3004,,,,C00,,0,1000,,8,,151.328,True,-1,,0.0,False,151.328,True,0,False,,68266.851,68266.851,6,False,True
C,A,20220101,2022,52,2022,826,,,X,,0,,,76,,,H6,HS,True,3004,,,,C00,,0,1000,,8,,148963.796,True,-1,,0.0,False,148963.796,True,0,False,,156303264.236,156303264.236,6,False,True
C,A,20220101,2022,52,2022,826,,,X,,0,,,56,,,H6,HS,True,3004,,,,C00,,0,1000,,8,,9221.03,True,-1,,0.0,False,9221.03,True,0,False,,50116094.979,50116094.979,6,False,True
C,A,20220101,2022,52,2022,826,,,X,,0,,,48,,,H6,HS,True,3004,,,,C00,,0,1000,,8,,21054.168,True,-1,,0.0,False,21054.168,True,0,False,,3118454.598,3118454.598,6,False,True
C,A,20220101,2022,52,2022,826,,,X,,0,,,31,,,H6,HS,True,3004,,,,C00,,0,1000,,8,,325.392,True,-1,,0.0,False,325.392,True,0,False,,36480.278,36480.278,6,False,True
C,A,20220101,2022,52,2022,826,,,X,,0,,,8,,,H6,HS,True,3004,,,,C00,,0,1000,,8,,337.214,True,-1,,0.0,False,337.214,True,0,False,,69193.384,69193.384,6,False,True
C,A,20220101,2022,52,2022,826,,,X,,0,,,20,,,H6,HS,True,3004,,,,C00,,0,1000,,8,,397.319,True,-1,,0.0,False,397.319,True,0,False,,200075.109,200075.109,6,False,True
C,A,20220101,2022,52,2022,826,,,X,,0,,,764,,,H6,HS,True,3004,,,,C00,,0,0,,8,,2834479.386,True,-1,,0.0,False,2834479.386,True,0,False,,44227171.791,44227171.791,6,False,True
C,A,20220101,2022,52,2022,826,,,X,,0,,,724,,,H6,HS,True,3004,,,,C00,,0,0,,8,,9828991.383,True,-1,,0.0,False,9828991.383,True,0,False,,188641967.152,188641967.152,6,False,True
C,A,20220101,2022,52,2022,826,,,X,,0,,,716,,,H6,HS,True,3004,,,,C00,,0,0,,8,,8461.167,True,-1,,0.0,False,8461.167,True,0,False,,1222899.867,1222899.867,6,False,True
C,A,20220101,2022,52,2022,826,,,X,,0,,,703,,,H6,HS,True,3004,,,,C00,,0,0,,8,,14830.697,True,-1,,0.0,False,14830.697,True,0,False,,425762.341,425762.341,6,False,True
C,A,20220101,2022,52,2022,826,,,X,,0,,,699,,,H6,HS,True,3004,,,,C00,,0,0,,8,,299094.17,True,-1,,0.0,False,299094.17,True,0,False,,54859616.307,54859616.307,6,False,True
C,A,20220101,2022,52,2022,826,,,X,,0,,,646,,,H6,HS,True,3004,,,,C00,,0,0,,8,,5077.22,True,-1,,0.0,False,5077.22,True,0,False,,407647.938,407647.938,6,False,True
C,A,20220101,2022,52,2022,826,,,X,,0,,,616,,,H6,HS,True,3004,,,,C00,,0,0,,8,,4705782.63,True,-1,,0.0,False,4705782.63,True,0,False,,39553238.143,39553238.143,6,False,True
C,A,20220101,2022,52,2022,826,,,X,,0,,,591,,,H6,HS,True,3004,,,,C00,,0,0,,8,,89515.668,True,-1,,0.0,False,89515.668,True,0,False,,31335091.218,31335091.218,6,False,True
C,A,20220101,2022,52,2022,826,,,X,,0,,,579,,,H6,HS,True,3004,,,,C00,,0,0,,8,,66158.691,True,-1,,0.0,False,66158.691,True,0,False,,4826436.932,4826436.932,6,False,True
C,A,20220101,2022,52,2022,826,,,X,,0,,,528,,,H6,HS,True,3004,,,,C00,,0,0,,8,,8033184.908,True,-1,,0.0,False,8033184.908,True,0,False,,1065981496.637,1065981496.637,6,False,True
C,A,20220101,2022,52,2022,826,,,X,,0,,,524,,,H6,HS,True,3004,,,,C00,,0,0,,8,,9936.891,True,-1,,0.0,False,9936.891,True,0,False,,1147870.175,1147870.175,6,False,True
C,A,20220101,2022,52,2022,826,,,X,,0,,,512,,,H6,HS,True,3004,,,,C00,,0,0,,8,,169780.084,True,-1,,0.0,False,169780.084,True,0,False,,22281619.909,22281619.909,6,False,True
C,A,20220101,2022,52,2022,826,,,X,,0,,,498,,,H6,HS,True,3004,,,,C00,,0,0,,8,,1231.653,True,-1,,0.0,False,1231.653,True,0,False,,339853.509,339853.509,6,False,True
C,A,20220101,2022,52,2022,826,,,X,,0,,,470,,,H6,HS,True,3004,,,,C00,,0,0,,8,,347273.859,True,-1,,0.0,False,347273.859,True,0,False,,16417394.518,16417394.518,6,False,True
C,A,20220101,2022,52,2022,826,,,X,,0,,,466,,,H6,HS,True,3004,,,,C00,,0,0,,8,,15043.387,True,-1,,0.0,False,15043.387,True,0,False,,1385079.873,1385079.873,6,False,True
C,A,20220101,2022,52,2022,826,,,X,,0,,,446,,,H6,HS,True,3004,,,,C00,,0,0,,8,,1390.151,True,-1,,0.0,False,1390.151,True,0,False,,150918.777,150918.777,6,False,True
C,A,20220101,2022,52,2022,826,,,X,,0,,,434,,,H6,HS,True,3004,,,,C00,,0,0,,8,,1000195.107,True,-1,,0.0,False,1000195.107,True,0,False,,17790380.625,17790380.625,6,False,True
C,A,20220101,2022,52,2022,826,,,X,,0,,,414,,,H6,HS,True,3004,,,,C00,,0,0,,8,,203608.021,True,-1,,0.0,False,203608.021,True,0,False,,23394480.786,23394480.786,6,False,True
C,A,20220101,2022,52,2022,826,,,X,,0,,,410,,,H6,HS,True,3004,,,,C00,,0,0,,8,,594209.42,True,-1,,0.0,False,594209.42,True,0,False,,161543585.812,161543585.812,6,False,True
C,A,20220101,2022,52,2022,826,,,X,,0,,,392,,,H6,HS,True,3004,,,,C00,,0,0,,8,,3765163.868,True,-1,,0.0,False,3765163.868,True,0,False,,437519186.379,437519186.379,6,False,True
C,A,20220101,2022,52,2022,826,,,X,,0,,,842,,,H6,HS,True,3004,,,,C00,,0,0,,8,,9837192.979,True,-1,,0.0,False,9837192.979,True,0,False,,3599095764.302,3599095764.302,6,False,True
C,A,20220101,2022,52,2022,826,,,X,,0,,,807,,,H6,HS,True,3004,,,,C00,,0,0,,8,,30550.942,True,-1,,0.0,False,30550.942,True,0,False,,2571565.381,2571565.381,6,False,True
C,A,20220101,2022,52,2022,826,,,X,,0,,,792,,,H6,HS,True,3004,,,,C00,,0,0,,8,,1612759.81,True,-1,,0.0,False,1612759.81,True,0,False,,168047274.435,168047274.435,6,False,True
C,A,20220101,2022,52,2022,826,,,X,,0,,,788,,,H6,HS,True,3004,,,,C00,,0,0,,8,,157570.147,True,-1,,0.0,False,157570.147,True,0,False,,4818411.857,4818411.857,6,False,True
C,A,20220101,2022,52,2022,826,,,X,,0,,,780,,,H6,HS,True,3004,,,,C00,,0,0,,8,,160666.017,True,-1,,0.0,False,160666.017,True,0,False,,4785946.558,4785946.558,6,False,True
C,A,20220101,2022,52,2022,826,,,X,,0,,,372,,,H6,HS,True,3004,,,,C00,,0,0,,8,,18480204.955,True,-1,,0.0,False,18480204.955,True,0,False,,1639992649.089,1639992649.089,6,False,True
C,A,20220101,2022,52,2022,826,,,X,,0,,,348,,,H6,HS,True,3004,,,,C00,,0,0,,8,,932686.891,True,-1,,0.0,False,932686.891,True,0,False,,14413420.704,14413420.704,6,False,True
C,A,20220101,2022,52,2022,826,,,X,,0,,,292,,,H6,HS,True,3004,,,,C00,,0,0,,8,,226086.55,True,-1,,0.0,False,226086.55,True,0,False,,16905024.647,16905024.647,6,False,True
C,A,20220101,2022,52,2022,826,,,X,,0,,,276,,,H6,HS,True,3004,,,,C00,,0,0,,8,,3723808.007,True,-1,,0.0,False,3723808.007,True,0,False,,3267315732.162,3267315732.162,6,False,True
C,A,20220101,2022,52,2022,826,,,X,,0,,,268,,,H6,HS,True,3004,,,,C00,,0,0,,8,,31716.133,True,-1,,0.0,False,31716.133,True,0,False,,5618737.927,5618737.927,6,False,True
C,A,20220101,2022,52,2022,826,,,X,,0,,,251,,,H6,HS,True,3004,,,,C00,,0,0,,8,,15593542.818,True,-1,,0.0,False,15593542.818,True,0,False,,882843683.646,882843683.646,6,False,True
C,A,20220101,2022,52,2022,826,,,X,,0,,,246,,,H6,HS,True,3004,,,,C00,,0,0,,8,,66940.973,True,-1,,0.0,False,66940.973,True,0,False,,7291855.008,7291855.008,6,False,True
C,A,20220101,2022,52,2022,826,,,X,,0,,,208,,,H6,HS,True,3004,,,,C00,,0,0,,8,,898466.906,True,-1,,0.0,False,898466.906,True,0,False,,85091523.371,85091523.371,6,False,True
C,A,20220101,2022,52,2022,826,,,X,,0,,,203,,,H6,HS,True,3004,,,,C00,,0,0,,8,,616830.66,True,-1,,0.0,False,616830.66,True,0,False,,9514288.116,9514288.116,6,False,True
C,A,20220101,2022,52,2022,826,,,X,,0,,,148,,,H6,HS,True,3004,,,,C00,,0,0,,8,,34.344,True,-1,,0.0,False,34.344,True,0,False,,2271.777,2271.777,6,False,True
C,A,20220101,2022,52,2022,826,,,X,,0,,,144,,,H6,HS,True,3004,,,,C00,,0,0,,8,,424695.754,True,-1,,0.0,False,424695.754,True,0,False,,8996801.387,8996801.387,6,False,True
C,A,20220101,2022,52,2022,826,,,X,,0,,,112,,,H6,HS,True,3004,,,,C00,,0,0,,8,,151.328,True,-1,,0.0,False,151.328,True,0,False,,68266.851,68266.851,6,False,True
C,A,20220101,2022,52,2022,826,,,X,,0,,,76,,,H6,HS,True,3004,,,,C00,,0,0,,8,,2189082.796,True,-1,,0.0,False,2189082.796,True,0,False,,184627472.752,184627472.752,6,False,True
C,A,20220101,2022,52,2022,826,,,X,,0,,,56,,,H6,HS,True,3004,,,,C00,,0,0,,8,,31599032.413,True,-1,,0.0,False,31599032.413,True,0,False,,3319749353.849,3319749353.849,6,False,True
C,A,20220101,2022,52,2022,826,,,X,,0,,,48,,,H6,HS,True,3004,,,,C00,,0,0,,8,,42062.168,True,-1,,0.0,False,42062.168,True,0,False,,3530067.465,3530067.465,6,False,True
C,A,20220101,2022,52,2022,826,,,X,,0,,,40,,,H6,HS,True,3004,,,,C00,,0,0,,8,,633810.925,True,-1,,0.0,False,633810.925,True,0,False,,106064326.035,106064326.035,6,False,True
C,A,20220101,2022,52,2022,826,,,X,,0,,,31,,,H6,HS,True,3004,,,,C00,,0,0,,8,,325.392,True,-1,,0.0,False,325.392,True,0,False,,36480.278,36480.278,6,False,True
C,A,20220101,2022,52,2022,826,,,X,,0,,,8,,,H6,HS,True,3004,,,,C00,,0,0,,8,,21628.214,True,-1,,0.0,False,21628.214,True,0,False,,674528.684,674528.684,6,False,True
C,A,20220101,2022,52,2022,826,,,X,,0,,,20,,,H6,HS,True,3004,,,,C00,,0,0,,8,,397.319,True,-1,,0.0,False,397.319,True,0,False,,200075.109,200075.109,6,False,True
C,A,20220101,2022,52,2022,826,,,X,,0,,,132,,,H6,HS,True,3004,,,,C00,,0,0,,8,,2.0,False,8,,2.0,False,2.0,False,0,False,,2689.267,2689.267,0,False,True
C,A,20220101,2022,52,2022,826,,,X,,0,,,768,,,H6,HS,True,3004,,,,C00,,0,0,,8,,99.0,False,8,,99.0,False,99.0,False,0,False,,16264.999,16264.999,0,False,True
C,A,20220101,2022,52,2022,826,,,X,,0,,,762,,,H6,HS,True,3004,,,,C00,,0,0,,8,,1234.0,False,8,,1234.0,False,1234.0,False,0,False,,13409.713,13409.713,0,False,True
C,A,20220101,2022,52,2022,826,,,X,,0,,,760,,,H6,HS,True,3004,,,,C00,,0,0,,8,,3617.0,False,8,,3617.0,False,3617.0,False,0,False,,200175.209,200175.209,0,False,True
C,A,20220101,2022,52,2022,826,,,X,,0,,,728,,,H6,HS,True,3004,,,,C00,,0,0,,8,,1968.0,False,8,,1968.0,False,1968.0,False,0,False,,134990.7,134990.7,0,False,True
C,A,20220101,2022,52,2022,826,,,X,,0,,,729,,,H6,HS,True,3004,,,,C00,,0,0,,8,,534466.0,False,8,,534466.0,False,534466.0,False,0,False,,2183668.845,2183668.845,0,False,True
C,A,20220101,2022,52,2022,826,,,X,,0,,,706,,,H6,HS,True,3004,,,,C00,,0,0,,8,,44374.0,False,8,,44374.0,False,44374.0,False,0,False,,724972.886,724972.886,0,False,True
C,A,20220101,2022,52,2022,826,,,X,,0,,,694,,,H6,HS,True,3004,,,,C00,,0,0,,8,,52419.0,False,8,,52419.0,False,52419.0,False,0,False,,876702.227,876702.227,0,False,True
C,A,20220101,2022,52,2022,826,,,X,,0,,,690,,,H6,HS,True,3004,,,,C00,,0,0,,8,,35087.0,False,8,,35087.0,False,35087.0,False,0,False,,1228168.535,1228168.535,0,False,True
C,A,20220101,2022,52,2022,826,,,X,,0,,,686,,,H6,HS,True,3004,,,,C00,,0,0,,8,,3118.0,False,8,,3118.0,False,3118.0,False,0,False,,57713.645,57713.645,0,False,True
C,A,20220101,2022,52,2022,826,,,X,,0,,,670,,,H6,HS,True,3004,,,,C00,,0,0,,8,,42145.0,False,8,,42145.0,False,42145.0,False,0,False,,1069871.67,1069871.67,0,False,True
C,A,20220101,2022,52,2022,826,,,X,,0,,,654,,,H6,HS,True,3004,,,,C00,,0,0,,8,,27923.0,False,8,,27923.0,False,27923.0,False,0,False,,1071612.43,1071612.43,0,False,True
C,A,20220101,2022,52,2022,826,,,X,,0,,,659,,,H6,HS,True,3004,,,,C00,,0,0,,8,,27850.0,False,8,,27850.0,False,27850.0,False,0,False,,750274.944,750274.944,0,False,True
C,A,20220101,2022,52,2022,826,,,X,,0,,,674,,,H6,HS,True,3004,,,,C00,,0,0,,8,,6.0,False,8,,6.0,False,6.0,False,0,False,,19032.392,19032.392,0,False,True
C,A,20220101,2022,52,2022,826,,,X,,0,,,660,,,H6,HS,True,3004,,,,C00,,0,0,,8,,1167.0,False,8,,1167.0,False,1167.0,False,0,False,,45187.741,45187.741,0,False,True
C,A,20220101,2022,52,2022,826,,,X,,0,,,662,,,H6,HS,True,3004,,,,C00,,0,0,,8,,41549.0,False,8,,41549.0,False,41549.0,False,0,False,,937814.383,937814.383,0,False,True
C,A,20220101,2022,52,2022,826,,,X,,0,,,598,,,H6,HS,True,3004,,,,C00,,0,0,,8,,1794.0,False,8,,1794.0,False,1794.0,False,0,False,,36696.347,36696.347,0,False,True
C,A,20220101,2022,52,2022,826,,,X,,0,,,600,,,H6,HS,True,3004,,,,C00,,0,0,,8,,27103.0,False,8,,27103.0,False,27103.0,False,0,False,,357030.393,357030.393,0,False,True
C,A,20220101,2022,52,2022,826,,,X,,0,,,604,,,H6,HS,True,3004,,,,C00,,0,0,,8,,49766.0,False,8,,49766.0,False,49766.0,False,0,False,,11591028.389,11591028.389,0,False,True
C,A,20220101,2022,52,2022,826,,,X,,0,,,584,,,H6,HS,True,3004,,,,C00,,0,0,,8,,1707.0,False,8,,1707.0,False,1707.0,False,0,False,,50244.002,50244.002,0,False,True
C,A,20220101,2022,52,2022,826,,,X,,0,,,548,,,H6,HS,True,3004,,,,C00,,0,0,,8,,1517.0,False,8,,1517.0,False,1517.0,False,0,False,,41586.589,41586.589,0,False,True
C,A,20220101,2022,52,2022,826,,,X,,0,,,533,,,H6,HS,True,3004,,,,C00,,0,0,,8,,1917.0,False,8,,1917.0,False,1917.0,False,0,False,,37934.166,37934.166,0,False,True
C,A,20220101,2022,52,2022,826,,,X,,0,,,531,,,H6,HS,True,3004,,,,C00,,0,0,,8,,34550.0,False,8,,34550.0,False,34550.0,False,0,False,,711846.382,711846.382,0,False,True
C,A,20220101,2022,52,2022,826,,,X,,0,,,516,,,H6,HS,True,3004,,,,C00,,0,0,,8,,1833.0,False,8,,1833.0,False,1833.0,False,0,False,,212701.113,212701.113,0,False,True
C,A,20220101,2022,52,2022,826,,,X,,0,,,508,,,H6,HS,True,3004,,,,C00,,0,0,,8,,31183.0,False,8,,31183.0,False,31183.0,False,0,False,,359642.754,359642.754,0,False,True
C,A,20220101,2022,52,2022,826,,,X,,0,,,500,,,H6,HS,True,3004,,,,C00,,0,0,,8,,387.0,False,8,,387.0,False,387.0,False,0,False,,36789.122,36789.122,0,False,True
C,A,20220101,2022,52,2022,826,,,X,,0,,,499,,,H6,HS,True,3004,,,,C00,,0,0,,8,,344.0,False,8,,344.0,False,344.0,False,0,False,,41075.103,41075.103,0,False,True
C,A,20220101,2022,52,2022,826,,,X,,0,,,478,,,H6,HS,True,3004,,,,C00,,0,0,,8,,253.0,False,8,,253.0,False,253.0,False,0,False,,23596.699,23596.699,0,False,True
C,A,20220101,2022,52,2022,826,,,X,,0,,,480,,,H6,HS,True,3004,,,,C00,,0,0,,8,,77948.0,False,8,,77948.0,False,77948.0,False,0,False,,3343651.098,3343651.098,0,False,True
C,A,20220101,2022,52,2022,826,,,X,,0,,,462,,,H6,HS,True,3004,,,,C00,,0,0,,8,,529.0,False,8,,529.0,False,529.0,False,0,False,,10989.006,10989.006,0,False,True
C,A,20220101,2022,52,2022,826,,,X,,0,,,450,,,H6,HS,True,3004,,,,C00,,0,0,,8,,8.0,False,8,,8.0,False,8.0,False,0,False,,1438.019,1438.019,0,False,True
C,A,20220101,2022,52,2022,826,,,X,,0,,,454,,,H6,HS,True,3004,,,,C00,,0,0,,8,,7407.0,False,8,,7407.0,False,7407.0,False,0,False,,836418.156,836418.156,0,False,True
C,A,20220101,2022,52,2022,826,,,X,,0,,,430,,,H6,HS,True,3004,,,,C00,,0,0,,8,,16691.0,False,8,,16691.0,False,16691.0,False,0,False,,145788.051,145788.051,0,False,True
C,A,20220101,2022,52,2022,826,,,X,,0,,,428,,,H6,HS,True,3004,,,,C00,,0,0,,8,,43977.0,False,8,,43977.0,False,43977.0,False,0,False,,1044274.195,1044274.195,0,False,True
C,A,20220101,2022,52,2022,826,,,X,,0,,,417,,,H6,HS,True,3004,,,,C00,,0,0,,8,,1121.0,False,8,,1121.0,False,1121.0,False,0,False,,144671.084,144671.084,0,False,True
C,A,20220101,2022,52,2022,826,,,X,,0,,,422,,,H6,HS,True,3004,,,,C00,,0,0,,8,,145125.0,False,8,,145125.0,False,145125.0,False,0,False,,8221119.402,8221119.402,0,False,True
C,A,20220101,2022,52,2022,826,,,X,,0,,,384,,,H6,HS,True,3004,,,,C00,,0,0,,8,,8291.0,False,8,,8291.0,False,8291.0,False,0,False,,69577.914,69577.914,0,False,True
C,A,20220101,2022,52,2022,826,,,X,,0,,,882,,,H6,HS,True,3004,,,,C00,,0,0,,8,,40.0,False,8,,40.0,False,40.0,False,0,False,,1567.417,1567.417,0,False,True
C,A,20220101,2022,52,2022,826,,,X,,0,,,887,,,H6,HS,True,3004,,,,C00,,0,0,,8,,29142.0,False,8,,29142.0,False,29142.0,False,0,False,,571931.26,571931.26,0,False,True
C,A,20220101,2022,52,2022,826,,,X,,0,,,894,,,H6,HS,True,3004,,,,C00,,0,0,,8,,10651.0,False,8,,10651.0,False,10651.0,False,0,False,,501929.753,501929.753,0,False,True
C,A,20220101,2022,52,2022,826,,,X,,0,,,862,,,H6,HS,True,3004,,,,C00,,0,0,,8,,10681.0,False,8,,10681.0,False,10681.0,False,0,False,,1223135.468,1223135.468,0,False,True
C,A,20220101,2022,52,2022,826,,,X,,0,,,860,,,H6,HS,True,3004,,,,C00,,0,0,,8,,946.0,False,8,,946.0,False,946.0,False,0,False,,208716.652,208716.652,0,False,True
C,A,20220101,2022,52,2022,826,,,X,,0,,,854,,,H6,HS,True,3004,,,,C00,,0,0,,8,,4657.0,False,8,,4657.0,False,4657.0,False,0,False,,352400.166,352400.166,0,False,True
C,A,20220101,2022,52,2022,826,,,X,,0,,,858,,,H6,HS,True,3004,,,,C00,,0,0,,8,,55975.0,False,8,,55975.0,False,55975.0,False,0,False,,28914011.254,28914011.254,0,False,True
C,A,20220101,2022,52,2022,826,,,X,,0,,,837,,,H6,HS,True,3004,,,,C00,,0,0,,8,,40.0,False,8,,40.0,False,40.0,False,0,False,,2611.14,2611.14,0,False,True
C,A,20220101,2022,52,2022,826,,,X,,0,,,834,,,H6,HS,True,3004,,,,C00,,0,0,,8,,64525.0,False,8,,64525.0,False,64525.0,False,0,False,,1022219.276,1022219.276,0,False,True
C,A,20220101,2022,52,2022,826,,,X,,0,,,804,,,H6,HS,True,3004,,,,C00,,0,0,,8,,800038.0,False,8,,800038.0,False,800038.0,False,0,False,,38386970.355,38386970.355,0,False,True
C,A,20220101,2022,52,2022,826,,,X,,0,,,796,,,H6,HS,True,3004,,,,C00,,0,0,,8,,27019.0,False,8,,27019.0,False,27019.0,False,0,False,,1759030.796,1759030.796,0,False,True
C,A,20220101,2022,52,2022,826,,,X,,0,,,800,,,H6,HS,True,3004,,,,C00,,0,0,,8,,105129.0,False,8,,105129.0,False,105129.0,False,0,False,,5264000.064,5264000.064,0,False,True
C,A,20220101,2022,52,2022,826,,,X,,0,,,795,,,H6,HS,True,3004,,,,C00,,0,0,,8,,15708.0,False,8,,15708.0,False,15708.0,False,0,False,,1455647.798,1455647.798,0,False,True
C,A,20220101,2022,52,2022,826,,,X,,0,,,776,,,H6,HS,True,3004,,,,C00,,0,0,,8,,15.0,False,8,,15.0,False,15.0,False,0,False,,2366.994,2366.994,0,False,True
C,A,20220101,2022,52,2022,826,,,X,,0,,,368,,,H6,HS,True,3004,,,,C00,,0,0,,8,,342614.0,False,8,,342614.0,False,342614.0,False,0,False,,81516219.336,81516219.336,0,False,True
C,A,20220101,2022,52,2022,826,,,X,,0,,,364,,,H6,HS,True,3004,,,,C00,,0,0,,8,,8245.0,False,8,,8245.0,False,8245.0,False,0,False,,1181918.76,1181918.76,0,False,True
C,A,20220101,2022,52,2022,826,,,X,,0,,,340,,,H6,HS,True,3004,,,,C00,,0,0,,8,,3250.0,False,8,,3250.0,False,3250.0,False,0,False,,214827.624,214827.624,0,False,True
C,A,20220101,2022,52,2022,826,,,X,,0,,,332,,,H6,HS,True,3004,,,,C00,,0,0,,8,,4879.0,False,8,,4879.0,False,4879.0,False,0,False,,122914.024,122914.024,0,False,True
C,A,20220101,2022,52,2022,826,,,X,,0,,,328,,,H6,HS,True,3004,,,,C00,,0,0,,8,,96505.0,False,8,,96505.0,False,96505.0,False,0,False,,2049267.758,2049267.758,0,False,True
C,A,20220101,2022,52,2022,826,,,X,,0,,,324,,,H6,HS,True,3004,,,,C00,,0,0,,8,,168.0,False,8,,168.0,False,168.0,False,0,False,,24734.419,24734.419,0,False,True
C,A,20220101,2022,52,2022,826,,,X,,0,,,308,,,H6,HS,True,3004,,,,C00,,0,0,,8,,29881.0,False,8,,29881.0,False,29881.0,False,0,False,,895112.047,895112.047,0,False,True
C,A,20220101,2022,52,2022,826,,,X,,0,,,320,,,H6,HS,True,3004,,,,C00,,0,0,,8,,992.0,False,8,,992.0,False,992.0,False,0,False,,226061.997,226061.997,0,False,True
C,A,20220101,2022,52,2022,826,,,X,,0,,,275,,,H6,HS,True,3004,,,,C00,,0,0,,8,,2277.0,False,8,,2277.0,False,2277.0,False,0,False,,79755.135,79755.135,0,False,True
C,A,20220101,2022,52,2022,826,,,X,,0,,,270,,,H6,HS,True,3004,,,,C00,,0,0,,8,,40649.0,False,8,,40649.0,False,40649.0,False,0,False,,439849.559,439849.559,0,False,True
C,A,20220101,2022,52,2022,826,,,X,,0,,,258,,,H6,HS,True,3004,,,,C00,,0,0,,8,,124.0,False,8,,124.0,False,124.0,False,0,False,,4239.593,4239.593,0,False,True
C,A,20220101,2022,52,2022,826,,,X,,0,,,262,,,H6,HS,True,3004,,,,C00,,0,0,,8,,1216.0,False,8,,1216.0,False,1216.0,False,0,False,,222988.2,222988.2,0,False,True
C,A,20220101,2022,52,2022,826,,,X,,0,,,266,,,H6,HS,True,3004,,,,C00,,0,0,,8,,31.0,False,8,,31.0,False,31.0,False,0,False,,208664.161,208664.161,0,False,True
C,A,20220101,2022,52,2022,826,,,X,,0,,,238,,,H6,HS,True,3004,,,,C00,,0,0,,8,,42889.0,False,8,,42889.0,False,42889.0,False,0,False,,1499879.708,1499879.708,0,False,True
C,A,20220101,2022,52,2022,826,,,X,,0,,,242,,,H6,HS,True,3004,,,,C00,,0,0,,8,,19041.0,False,8,,19041.0,False,19041.0,False,0,False,,409322.778,409322.778,0,False,True
C,A,20220101,2022,52,2022,826,,,X,,0,,,234,,,H6,HS,True,3004,,,,C00,,0,0,,8,,1565.0,False,8,,1565.0,False,1565.0,False,0,False,,618362.924,618362.924,0,False,True
C,A,20220101,2022,52,2022,826,,,X,,0,,,232,,,H6,HS,True,3004,,,,C00,,0,0,,8,,30.0,False,8,,30.0,False,30.0,False,0,False,,20963.586,20963.586,0,False,True
C,A,20220101,2022,52,2022,826,,,X,,0,,,231,,,H6,HS,True,3004,,,,C00,,0,0,,8,,9755.0,False,8,,9755.0,False,9755.0,False,0,False,,682028.846,682028.846,0,False,True
C,A,20220101,2022,52,2022,826,,,X,,0,,,222,,,H6,HS,True,3004,,,,C00,,0,0,,8,,1202.0,False,8,,1202.0,False,1202.0,False,0,False,,173646.317,173646.317,0,False,True
C,A,20220101,2022,52,2022,826,,,X,,0,,,226,,,H6,HS,True,3004,,,,C00,,0,0,,8,,5104.0,False,8,,5104.0,False,5104.0,False,0,False,,98404.218,98404.218,0,False,True
C,A,20220101,2022,52,2022,826,,,X,,0,,,218,,,H6,HS,True,3004,,,,C00,,0,0,,8,,19830.0,False,8,,19830.0,False,19830.0,False,0,False,,8899770.489,8899770.489,0,False,True
C,A,20220101,2022,52,2022,826,,,X,,0,,,212,,,H6,HS,True,3004,,,,C00,,0,0,,8,,22995.0,False,8,,22995.0,False,22995.0,False,0,False,,522947.051,522947.051,0,False,True
C,A,20220101,2022,52,2022,826,,,X,,0,,,214,,,H6,HS,True,3004,,,,C00,,0,0,,8,,241.0,False,8,,241.0,False,241.0,False,0,False,,288762.321,288762.321,0,False,True
C,A,20220101,2022,52,2022,826,,,X,,0,,,152,,,H6,HS,True,3004,,,,C00,,0,0,,8,,472033.0,False,8,,472033.0,False,472033.0,False,0,False,,36014449.787,36014449.787,0,False,True
C,A,20220101,2022,52,2022,826,,,X,,0,,,140,,,H6,HS,True,3004,,,,C00,,0,0,,8,,502.0,False,8,,502.0,False,502.0,False,0,False,,73767.458,73767.458,0,False,True
C,A,20220101,2022,52,2022,826,,,X,,0,,,136,,,H6,HS,True,3004,,,,C00,,0,0,,8,,99276.0,False,8,,99276.0,False,99276.0,False,0,False,,9810103.811,9810103.811,0,False,True
C,A,20220101,2022,52,2022,826,,,X,,0,,,104,,,H6,HS,True,3004,,,,C00,,0,0,,8,,16658.0,False,8,,16658.0,False,16658.0,False,0,False,,765061.639,765061.639,0,False,True
C,A,20220101,2022,52,2022,826,,,X,,0,,,108,,,H6,HS,True,3004,,,,C00,,0,0,,8,,116.0,False,8,,116.0,False,116.0,False,0,False,,61182.958,61182.958,0,False,True
C,A,20220101,2022,52,2022,826,,,X,,0,,,116,,,H6,HS,True,3004,,,,C00,,0,0,,8,,10193.0,False,8,,10193.0,False,10193.0,False,0,False,,2142676.752,2142676.752,0,False,True
C,A,20220101,2022,52,2022,826,,,X,,0,,,120,,,H6,HS,True,3004,,,,C00,,0,0,,8,,16485.0,False,8,,16485.0,False,16485.0,False,0,False,,322535.021,322535.021,0,False,True
C,A,20220101,2022,52,2022,826,,,X,,0,,,96,,,H6,HS,True,3004,,,,C00,,0,0,,8,,24361.0,False,8,,24361.0,False,24361.0,False,0,False,,1415446.737,1415446.737,0,False,True
C,A,20220101,2022,52,2022,826,,,X,,0,,,84,,,H6,HS,True,3004,,,,C00,,0,0,,8,,17081.0,False,8,,17081.0,False,17081.0,False,0,False,,525255.451,525255.451,0,False,True
C,A,20220101,2022,52,2022,826,,,X,,0,,,90,,,H6,HS,True,3004,,,,C00,,0,0,,8,,784.0,False,8,,784.0,False,784.0,False,0,False,,60964.447,60964.447,0,False,True
C,A,20220101,2022,52,2022,826,,,X,,0,,,92,,,H6,HS,True,3004,,,,C00,,0,0,,8,,13725.0,False,8,,13725.0,False,13725.0,False,0,False,,724830.06,724830.06,0,False,True
C,A,20220101,2022,52,2022,826,,,X,,0,,,68,,,H6,HS,True,3004,,,,C00,,0,0,,8,,1020.0,False,8,,1020.0,False,1020.0,False,0,False,,9592.492,9592.492,0,False,True
C,A,20220101,2022,52,2022,826,,,X,,0,,,70,,,H6,HS,True,3004,,,,C00,,0,0,,8,,26981.0,False,8,,26981.0,False,26981.0,False,0,False,,1074570.257,1074570.257,0,False,True
C,A,20220101,2022,52,2022,826,,,X,,0,,,72,,,H6,HS,True,3004,,,,C00,,0,0,,8,,188.0,False,8,,188.0,False,188.0,False,0,False,,398122.586,398122.586,0,False,True
C,A,20220101,2022,52,2022,826,,,X,,0,,,51,,,H6,HS,True,3004,,,,C00,,0,0,,8,,2021.0,False,8,,2021.0,False,2021.0,False,0,False,,462735.794,462735.794,0,False,True
C,A,20220101,2022,52,2022,826,,,X,,0,,,50,,,H6,HS,True,3004,,,,C00,,0,0,,8,,44728.0,False,8,,44728.0,False,44728.0,False,0,False,,1132309.537,1132309.537,0,False,True
C,A,20220101,2022,52,2022,826,,,X,,0,,,44,,,H6,HS,True,3004,,,,C00,,0,0,,8,,48162.0,False,8,,48162.0,False,48162.0,False,0,False,,3411207.484,3411207.484,0,False,True
C,A,20220101,2022,52,2022,826,,,X,,0,,,28,,,H6,HS,True,3004,,,,C00,,0,0,,8,,40235.0,False,8,,40235.0,False,40235.0,False,0,False,,1177679.167,1177679.167,0,False,True
C,A,20220101,2022,52,2022,826,,,X,,0,,,24,,,H6,HS,True,3004,,,,C00,,0,0,,8,,579.0,False,8,,579.0,False,579.0,False,0,False,,16979.125,16979.125,0,False,True
C,A,20220101,2022,52,2022,826,,,X,,0,,,12,,,H6,HS,True,3004,,,,C00,,0,0,,8,,97157.0,False,8,,97157.0,False,97157.0,False,0,False,,903189.614,903189.614,0,False,True
C,A,20220101,2022,52,2022,826,,,X,,0,,,4,,,H6,HS,True,3004,,,,C00,,0,0,,8,,1856.0,False,8,,1856.0,False,1856.0,False,0,False,,109776.534,109776.534,0,False,True
C,A,20220101,2022,52,2022,826,,,X,,0,,,10,,,H6,HS,True,3004,,,,C00,,0,0,,8,,175.0,False,8,,175.0,False,175.0,False,0,False,,4224.944,4224.944,0,False,True
C,A,20220101,2022,52,2022,826,,,X,,0,,,398,,,H6,HS,True,3004,,,,C00,,0,0,,8,,108822.0,False,8,,108822.0,False,108822.0,False,0,False,,8685802.259,8685802.259,0,False,True
C,A,20220101,2022,52,2022,826,,,X,,0,,,688,,,H6,HS,True,3004,,,,C00,,0,0,,8,,165891.0,False,8,,165891.0,False,165891.0,False,0,False,,6425962.34,6425962.34,0,False,True
C,A,20220101,2022,52,2022,826,,,X,,0,,,400,,,H6,HS,True,3004,,,,C00,,0,0,,8,,120914.0,False,8,,120914.0,False,120914.0,False,0,False,,13669979.403,13669979.403,0,False,True
C,A,20220101,2022,52,2022,826,,,X,,0,,,705,,,H6,HS,True,3004,,,,C00,,0,0,,8,,59016.0,False,8,,59016.0,False,59016.0,False,0,False,,12471258.524,12471258.524,0,False,True
C,A,20220101,2022,52,2022,826,,,X,,0,,,504,,,H6,HS,True,3004,,,,C00,,0,0,,8,,370383.0,False,8,,370383.0,False,370383.0,False,0,False,,6654330.294,6654330.294,0,False,True
C,A,20220101,2022,52,2022,826,,,X,,0,,,566,,,H6,HS,True,3004,,,,C00,,0,0,,8,,938384.0,False,8,,938384.0,False,938384.0,False,0,False,,30045882.55,30045882.55,0,False,True
C,A,20220101,2022,52,2022,826,,,X,,0,,,608,,,H6,HS,True,3004,,,,C00,,0,0,,8,,545181.0,False,8,,545181.0,False,545181.0,False,0,False,,34329140.061,34329140.061,0,False,True
C,A,20220101,2022,52,2022,826,,,X,,0,,,586,,,H6,HS,True,3004,,,,C00,,0,0,,8,,156088.0,False,8,,156088.0,False,156088.0,False,0,False,,7953625.849,7953625.849,0,False,True
C,A,20220101,2022,52,2022,826,,,X,,0,,,233,,,H6,HS,True,3004,,,,C00,,0,0,,8,,15364.0,False,8,,15364.0,False,15364.0,False,0,False,,690405.491,690405.491,0,False,True
C,A,20220101,2022,52,2022,826,,,X,,0,,,360,,,H6,HS,True,3004,,,,C00,,0,0,,8,,245046.0,False,8,,245046.0,False,245046.0,False,0,False,,78426580.055,78426580.055,0,False,True
C,A,20220101,2022,52,2022,826,,,X,,0,,,404,,,H6,HS,True,3004,,,,C00,,0,0,,8,,830886.0,False,8,,830886.0,False,830886.0,False,0,False,,21250246.383,21250246.383,0,False,True
C,A,20220101,2022,52,2022,826,,,X,,0,,,100,,,H6,HS,True,3004,,,,C00,,0,0,,8,,15024.0,False,8,,15024.0,False,15024.0,False,0,False,,714895.764,714895.764,0,False,True
C,A,20220101,2022,52,2022,826,,,X,,0,,,344,,,H6,HS,True,3004,,,,C00,,0,0,,8,,540009.0,False,8,,540009.0,False,540009.0,False,0,False,,44388696.265,44388696.265,0,False,True
C,A,20220101,2022,52,2022,826,,,X,,0,,,704,,,H6,HS,True,3004,,,,C00,,0,0,,8,,803916.0,False,8,,803916.0,False,803916.0,False,0,False,,84168336.988,84168336.988,0,False,True
C,A,20220101,2022,52,2022,826,,,X,,0,,,440,,,H6,HS,True,3004,,,,C00,,0,0,,8,,30034.0,False,8,,30034.0,False,30034.0,False,0,False,,1980689.621,1980689.621,0,False,True
C,A,20220101,2022,52,2022,826,,,X,,0,,,710,,,H6,HS,True,3004,,,,C00,,0,0,,8,,2847721.0,False,8,,2847721.0,False,2847721.0,False,0,False,,73307457.378,73307457.378,0,False,True
C,A,20220101,2022,52,2022,826,,,X,,0,,,554,,,H6,HS,True,3004,,,,C00,,0,0,,8,,903552.0,False,8,,903552.0,False,903552.0,False,0,False,,28464752.313,28464752.313,0,False,True
C,A,20220101,2022,52,2022,826,,,X,,0,,,458,,,H6,HS,True,3004,,,,C00,,0,0,,8,,1342279.0,False,8,,1342279.0,False,1342279.0,False,0,False,,32335459.437,32335459.437,0,False,True
C,A,20220101,2022,52,2022,826,,,X,,0,,,300,,,H6,HS,True,3004,,,,C00,,0,0,,8,,523681.0,False,8,,523681.0,False,523681.0,False,0,False,,13808849.581,13808849.581,0,False,True
C,A,20220101,2022,52,2022,826,,,X,,0,,,702,,,H6,HS,True,3004,,,,C00,,0,0,,8,,574740.0,False,8,,574740.0,False,574740.0,False,0,False,,120478370.533,120478370.533,0,False,True
C,A,20220101,2022,52,2022,826,,,X,,0,,,682,,,H6,HS,True,3004,,,,C00,,0,0,,8,,2524406.0,False,8,,2524406.0,False,2524406.0,False,0,False,,300598871.239,300598871.239,0,False,True
C,A,20220101,2022,52,2022,826,,,X,,0,,,757,,,H6,HS,True,3004,,,,C00,,0,0,,8,,761207.0,False,8,,761207.0,False,761207.0,False,0,False,,527864760.869,527864760.869,0,False,True
C,A,20220101,2022,52,2022,826,,,X,,0,,,124,,,H6,HS,True,3004,,,,C00,,0,0,,8,,1616387.0,False,8,,1616387.0,False,1616387.0,False,0,False,,288576192.931,288576192.931,0,False,True
C,A,20220101,2022,52,2022,826,,,X,,0,,,784,,,H6,HS,True,3004,,,,C00,,0,0,,8,,4494966.0,False,8,,4494966.0,False,4494966.0,False,0,False,,224700477.946,224700477.946,0,False,True
C,A,20220101,2022,52,2022,826,,,X,,0,,,784,,,H6,HS,True,3004,,,,C00,,0,1000,,8,,423507.0,False,8,,423507.0,False,423507.0,False,0,False,,121939153.94,121939153.94,0,False,True
C,A,20220101,2022,52,2022,826,,,X,,0,,,392,,,H6,HS,True,3004,,,,C00,,0,1000,,8,,396861.0,False,8,,396861.0,False,396861.0,False,0,False,,328774370.498,328774370.498,0,False,True
C,A,20220101,2022,52,2022,826,,,X,,0,,,124,,,H6,HS,True,3004,,,,C00,,0,1000,,8,,512085.0,False,8,,512085.0,False,512085.0,False,0,False,,235694725.907,235694725.907,0,False,True
C,A,20220101,2022,52,2022,826,,,X,,0,,,528,,,H6,HS,True,3004,,,,C00,,0,1000,,8,,22735.0,False,8,,22735.0,False,22735.0,False,0,False,,5638722.488,5638722.488,0,False,True
C,A,20220101,2022,52,2022,826,,,X,,0,,,724,,,H6,HS,True,3004,,,,C00,,0,1000,,8,,15643.0,False,8,,15643.0,False,15643.0,False,0,False,,7373553.544,7373553.544,0,False,True
C,A,20220101,2022,52,2022,826,,,X,,0,,,682,,,H6,HS,True,3004,,,,C00,,0,1000,,8,,576080.0,False,8,,576080.0,False,576080.0,False,0,False,,207626149.116,207626149.116,0,False,True
C,A,20220101,2022,52,2022,826,,,X,,0,,,702,,,H6,HS,True,3004,,,,C00,,0,1000,,8,,138614.0,False,8,,138614.0,False,138614.0,False,0,False,,117633911.092,117633911.092,0,False,True
C,A,20220101,2022,52,2022,826,,,X,,0,,,757,,,H6,HS,True,3004,,,,C00,,0,1000,,8,,35897.0,False,8,,35897.0,False,35897.0,False,0,False,,69810099.357,69810099.357,0,False,True
C,A,20220101,2022,52,2022,826,,,X,,0,,,710,,,H6,HS,True,3004,,,,C00,,0,1000,,8,,382002.0,False,8,,382002.0,False,382002.0,False,0,False,,47769971.464,47769971.464,0,False,True
C,A,20220101,2022,52,2022,826,,,X,,0,,,616,,,H6,HS,True,3004,,,,C00,,0,1000,,8,,13462.0,False,8,,13462.0,False,13462.0,False,0,False,,4001895.252,4001895.252,0,False,True
C,A,20220101,2022,52,2022,826,,,X,,0,,,554,,,H6,HS,True,3004,,,,C00,,0,1000,,8,,205292.0,False,8,,205292.0,False,205292.0,False,0,False,,18079473.764,18079473.764,0,False,True
C,A,20220101,2022,52,2022,826,,,X,,0,,,458,,,H6,HS,True,3004,,,,C00,,0,1000,,8,,170415.0,False,8,,170415.0,False,170415.0,False,0,False,,19218464.353,19218464.353,0,False,True
C,A,20220101,2022,52,2022,826,,,X,,0,,,40,,,H6,HS,True,3004,,,,C00,,0,1000,,8,,866.0,False,8,,866.0,False,866.0,False,0,False,,789246.731,789246.731,0,False,True
C,A,20220101,2022,52,2022,826,,,X,,0,,,344,,,H6,HS,True,3004,,,,C00,,0,1000,,8,,173943.0,False,8,,173943.0,False,173943.0,False,0,False,,33052321.797,33052321.797,0,False,True
C,A,20220101,2022,52,2022,826,,,X,,0,,,300,,,H6,HS,True,3004,,,,C00,,0,1000,,8,,6014.0,False,8,,6014.0,False,6014.0,False,0,False,,1283599.416,1283599.416,0,False,True
C,A,20220101,2022,52,2022,826,,,X,,0,,,704,,,H6,HS,True,3004,,,,C00,,0,1000,,8,,264319.0,False,8,,264319.0,False,264319.0,False,0,False,,43588596.029,43588596.029,0,False,True
C,A,20220101,2022,52,2022,826,,,X,,0,,,768,,,H6,HS,True,3004,,,,C00,,0,1000,,8,,17.0,False,8,,17.0,False,17.0,False,0,False,,13402.388,13402.388,0,False,True
C,A,20220101,2022,52,2022,826,,,X,,0,,,762,,,H6,HS,True,3004,,,,C00,,0,1000,,8,,1234.0,False,8,,1234.0,False,1234.0,False,0,False,,13409.713,13409.713,0,False,True
C,A,20220101,2022,52,2022,826,,,X,,0,,,760,,,H6,HS,True,3004,,,,C00,,0,1000,,8,,325.0,False,8,,325.0,False,325.0,False,0,False,,30213.053,30213.053,0,False,True
C,A,20220101,2022,52,2022,826,,,X,,0,,,728,,,H6,HS,True,3004,,,,C00,,0,1000,,8,,1968.0,False,8,,1968.0,False,1968.0,False,0,False,,134990.7,134990.7,0,False,True
C,A,20220101,2022,52,2022,826,,,X,,0,,,729,,,H6,HS,True,3004,,,,C00,,0,1000,,8,,384.0,False,8,,384.0,False,384.0,False,0,False,,481830.443,481830.443,0,False,True
C,A,20220101,2022,52,2022,826,,,X,,0,,,706,,,H6,HS,True,3004,,,,C00,,0,1000,,8,,4503.0,False,8,,4503.0,False,4503.0,False,0,False,,283559.572,283559.572,0,False,True
C,A,20220101,2022,52,2022,826,,,X,,0,,,705,,,H6,HS,True,3004,,,,C00,,0,1000,,8,,398.0,False,8,,398.0,False,398.0,False,0,False,,84017.922,84017.922,0,False,True
C,A,20220101,2022,52,2022,826,,,X,,0,,,694,,,H6,HS,True,3004,,,,C00,,0,1000,,8,,3245.0,False,8,,3245.0,False,3245.0,False,0,False,,211246.004,211246.004,0,False,True
C,A,20220101,2022,52,2022,826,,,X,,0,,,690,,,H6,HS,True,3004,,,,C00,,0,1000,,8,,33681.0,False,8,,33681.0,False,33681.0,False,0,False,,1161126.076,1161126.076,0,False,True
C,A,20220101,2022,52,2022,826,,,X,,0,,,688,,,H6,HS,True,3004,,,,C00,,0,1000,,8,,5303.0,False,8,,5303.0,False,5303.0,False,0,False,,4562543.31,4562543.31,0,False,True
C,A,20220101,2022,52,2022,826,,,X,,0,,,686,,,H6,HS,True,3004,,,,C00,,0,1000,,8,,427.0,False,8,,427.0,False,427.0,False,0,False,,34311.042,34311.042,0,False,True
C,A,20220101,2022,52,2022,826,,,X,,0,,,670,,,H6,HS,True,3004,,,,C00,,0,1000,,8,,4263.0,False,8,,4263.0,False,4263.0,False,0,False,,190012.636,190012.636,0,False,True
C,A,20220101,2022,52,2022,826,,,X,,0,,,654,,,H6,HS,True,3004,,,,C00,,0,1000,,8,,2727.0,False,8,,2727.0,False,2727.0,False,0,False,,205972.453,205972.453,0,False,True
C,A,20220101,2022,52,2022,826,,,X,,0,,,659,,,H6,HS,True,3004,,,,C00,,0,1000,,8,,9234.0,False,8,,9234.0,False,9234.0,False,0,False,,516703.02,516703.02,0,False,True
C,A,20220101,2022,52,2022,826,,,X,,0,,,674,,,H6,HS,True,3004,,,,C00,,0,1000,,8,,6.0,False,8,,6.0,False,6.0,False,0,False,,19032.392,19032.392,0,False,True
C,A,20220101,2022,52,2022,826,,,X,,0,,,660,,,H6,HS,True,3004,,,,C00,,0,1000,,8,,1167.0,False,8,,1167.0,False,1167.0,False,0,False,,45187.741,45187.741,0,False,True
C,A,20220101,2022,52,2022,826,,,X,,0,,,662,,,H6,HS,True,3004,,,,C00,,0,1000,,8,,9986.0,False,8,,9986.0,False,9986.0,False,0,False,,464751.218,464751.218,0,False,True
C,A,20220101,2022,52,2022,826,,,X,,0,,,608,,,H6,HS,True,3004,,,,C00,,0,1000,,8,,128834.0,False,8,,128834.0,False,128834.0,False,0,False,,20317959.463,20317959.463,0,False,True
C,A,20220101,2022,52,2022,826,,,X,,0,,,598,,,H6,HS,True,3004,,,,C00,,0,1000,,8,,94.0,False,8,,94.0,False,94.0,False,0,False,,5760.622,5760.622,0,False,True
C,A,20220101,2022,52,2022,826,,,X,,0,,,600,,,H6,HS,True,3004,,,,C00,,0,1000,,8,,883.0,False,8,,883.0,False,883.0,False,0,False,,85033.569,85033.569,0,False,True
C,A,20220101,2022,52,2022,826,,,X,,0,,,604,,,H6,HS,True,3004,,,,C00,,0,1000,,8,,11713.0,False,8,,11713.0,False,11713.0,False,0,False,,9530146.611,9530146.611,0,False,True
C,A,20220101,2022,52,2022,826,,,X,,0,,,586,,,H6,HS,True,3004,,,,C00,,0,1000,,8,,51008.0,False,8,,51008.0,False,51008.0,False,0,False,,4450764.78,4450764.78,0,False,True
C,A,20220101,2022,52,2022,826,,,X,,0,,,566,,,H6,HS,True,3004,,,,C00,,0,1000,,8,,418017.0,False,8,,418017.0,False,418017.0,False,0,False,,28388234.552,28388234.552,0,False,True
C,A,20220101,2022,52,2022,826,,,X,,0,,,548,,,H6,HS,True,3004,,,,C00,,0,1000,,8,,477.0,False,8,,477.0,False,477.0,False,0,False,,31292.178,31292.178,0,False,True
C,A,20220101,2022,52,2022,826,,,X,,0,,,533,,,H6,HS,True,3004,,,,C00,,0,1000,,8,,32.0,False,8,,32.0,False,32.0,False,0,False,,3426.587,3426.587,0,False,True
C,A,20220101,2022,52,2022,826,,,X,,0,,,531,,,H6,HS,True,3004,,,,C00,,0,1000,,8,,8225.0,False,8,,8225.0,False,8225.0,False,0,False,,670103.54,670103.54,0,False,True
C,A,20220101,2022,52,2022,826,,,X,,0,,,516,,,H6,HS,True,3004,,,,C00,,0,1000,,8,,1833.0,False,8,,1833.0,False,1833.0,False,0,False,,212701.113,212701.113,0,False,True
C,A,20220101,2022,52,2022,826,,,X,,0,,,508,,,H6,HS,True,3004,,,,C00,,0,1000,,8,,114.0,False,8,,114.0,False,114.0,False,0,False,,15359.217,15359.217,0,False,True
C,A,20220101,2022,52,2022,826,,,X,,0,,,500,,,H6,HS,True,3004,,,,C00,,0,1000,,8,,242.0,False,8,,242.0,False,242.0,False,0,False,,34899.433,34899.433,0,False,True
C,A,20220101,2022,52,2022,826,,,X,,0,,,504,,,H6,HS,True,3004,,,,C00,,0,1000,,8,,7812.0,False,8,,7812.0,False,7812.0,False,0,False,,3678524.031,3678524.031,0,False,True
C,A,20220101,2022,52,2022,826,,,X,,0,,,499,,,H6,HS,True,3004,,,,C00,,0,1000,,8,,7.0,False,8,,7.0,False,7.0,False,0,False,,1757.85,1757.85,0,False,True
C,A,20220101,2022,52,2022,826,,,X,,0,,,478,,,H6,HS,True,3004,,,,C00,,0,1000,,8,,253.0,False,8,,253.0,False,253.0,False,0,False,,23596.699,23596.699,0,False,True
C,A,20220101,2022,52,2022,826,,,X,,0,,,480,,,H6,HS,True,3004,,,,C00,,0,1000,,8,,28118.0,False,8,,28118.0,False,28118.0,False,0,False,,2135688.076,2135688.076,0,False,True
C,A,20220101,2022,52,2022,826,,,X,,0,,,462,,,H6,HS,True,3004,,,,C00,,0,1000,,8,,28.0,False,8,,28.0,False,28.0,False,0,False,,6915.432,6915.432,0,False,True
C,A,20220101,2022,52,2022,826,,,X,,0,,,450,,,H6,HS,True,3004,,,,C00,,0,1000,,8,,8.0,False,8,,8.0,False,8.0,False,0,False,,1438.019,1438.019,0,False,True
C,A,20220101,2022,52,2022,826,,,X,,0,,,454,,,H6,HS,True,3004,,,,C00,,0,1000,,8,,7407.0,False,8,,7407.0,False,7407.0,False,0,False,,836418.156,836418.156,0,False,True
C,A,20220101,2022,52,2022,826,,,X,,0,,,440,,,H6,HS,True,3004,,,,C00,,0,1000,,8,,1603.0,False,8,,1603.0,False,1603.0,False,0,False,,490558.659,490558.659,0,False,True
C,A,20220101,2022,52,2022,826,,,X,,0,,,430,,,H6,HS,True,3004,,,,C00,,0,1000,,8,,1601.0,False,8,,1601.0,False,1601.0,False,0,False,,100160.848,100160.848,0,False,True
C,A,20220101,2022,52,2022,826,,,X,,0,,,428,,,H6,HS,True,3004,,,,C00,,0,1000,,8,,1201.0,False,8,,1201.0,False,1201.0,False,0,False,,130616.826,130616.826,0,False,True
C,A,20220101,2022,52,2022,826,,,X,,0,,,417,,,H6,HS,True,3004,,,,C00,,0,1000,,8,,1121.0,False,8,,1121.0,False,1121.0,False,0,False,,144671.084,144671.084,0,False,True
C,A,20220101,2022,52,2022,826,,,X,,0,,,422,,,H6,HS,True,3004,,,,C00,,0,1000,,8,,32756.0,False,8,,32756.0,False,32756.0,False,0,False,,5808187.807,5808187.807,0,False,True
C,A,20220101,2022,52,2022,826,,,X,,0,,,404,,,H6,HS,True,3004,,,,C00,,0,1000,,8,,472225.0,False,8,,472225.0,False,472225.0,False,0,False,,12833507.535,12833507.535,0,False,True
C,A,20220101,2022,52,2022,826,,,X,,0,,,400,,,H6,HS,True,3004,,,,C00,,0,1000,,8,,34761.0,False,8,,34761.0,False,34761.0,False,0,False,,11443266.418,11443266.418,0,False,True
C,A,20220101,2022,52,2022,826,,,X,,0,,,398,,,H6,HS,True,3004,,,,C00,,0,1000,,8,,39.0,False,8,,39.0,False,39.0,False,0,False,,36732.969,36732.969,0,False,True
C,A,20220101,2022,52,2022,826,,,X,,0,,,384,,,H6,HS,True,3004,,,,C00,,0,1000,,8,,491.0,False,8,,491.0,False,491.0,False,0,False,,34372.078,34372.078,0,False,True
C,A,20220101,2022,52,2022,826,,,X,,0,,,882,,,H6,HS,True,3004,,,,C00,,0,1000,,8,,40.0,False,8,,40.0,False,40.0,False,0,False,,1567.417,1567.417,0,False,True
C,A,20220101,2022,52,2022,826,,,X,,0,,,887,,,H6,HS,True,3004,,,,C00,,0,1000,,8,,486.0,False,8,,486.0,False,486.0,False,0,False,,13288.86,13288.86,0,False,True
C,A,20220101,2022,52,2022,826,,,X,,0,,,894,,,H6,HS,True,3004,,,,C00,,0,1000,,8,,7314.0,False,8,,7314.0,False,7314.0,False,0,False,,375857.702,375857.702,0,False,True
C,A,20220101,2022,52,2022,826,,,X,,0,,,862,,,H6,HS,True,3004,,,,C00,,0,1000,,8,,1258.0,False,8,,1258.0,False,1258.0,False,0,False,,515041.608,515041.608,0,False,True
C,A,20220101,2022,52,2022,826,,,X,,0,,,860,,,H6,HS,True,3004,,,,C00,,0,1000,,8,,946.0,False,8,,946.0,False,946.0,False,0,False,,208716.652,208716.652,0,False,True
C,A,20220101,2022,52,2022,826,,,X,,0,,,854,,,H6,HS,True,3004,,,,C00,,0,1000,,8,,4657.0,False,8,,4657.0,False,4657.0,False,0,False,,352400.166,352400.166,0,False,True
C,A,20220101,2022,52,2022,826,,,X,,0,,,858,,,H6,HS,True,3004,,,,C00,,0,1000,,8,,8661.0,False,8,,8661.0,False,8661.0,False,0,False,,20655889.103,20655889.103,0,False,True
C,A,20220101,2022,52,2022,826,,,X,,0,,,837,,,H6,HS,True,3004,,,,C00,,0,1000,,8,,40.0,False,8,,40.0,False,40.0,False,0,False,,2611.14,2611.14,0,False,True
C,A,20220101,2022,52,2022,826,,,X,,0,,,834,,,H6,HS,True,3004,,,,C00,,0,1000,,8,,13152.0,False,8,,13152.0,False,13152.0,False,0,False,,725621.093,725621.093,0,False,True
C,A,20220101,2022,52,2022,826,,,X,,0,,,804,,,H6,HS,True,3004,,,,C00,,0,1000,,8,,61481.0,False,8,,61481.0,False,61481.0,False,0,False,,8816062.632,8816062.632,0,False,True
C,A,20220101,2022,52,2022,826,,,X,,0,,,796,,,H6,HS,True,3004,,,,C00,,0,1000,,8,,19090.0,False,8,,19090.0,False,19090.0,False,0,False,,1491279.669,1491279.669,0,False,True
C,A,20220101,2022,52,2022,826,,,X,,0,,,800,,,H6,HS,True,3004,,,,C00,,0,1000,,8,,91674.0,False,8,,91674.0,False,91674.0,False,0,False,,5089131.797,5089131.797,0,False,True
C,A,20220101,2022,52,2022,826,,,X,,0,,,776,,,H6,HS,True,3004,,,,C00,,0,1000,,8,,15.0,False,8,,15.0,False,15.0,False,0,False,,2366.994,2366.994,0,False,True
C,A,20220101,2022,52,2022,826,,,X,,0,,,368,,,H6,HS,True,3004,,,,C00,,0,1000,,8,,104653.0,False,8,,104653.0,False,104653.0,False,0,False,,76833679.545,76833679.545,0,False,True
C,A,20220101,2022,52,2022,826,,,X,,0,,,364,,,H6,HS,True,3004,,,,C00,,0,1000,,8,,3655.0,False,8,,3655.0,False,3655.0,False,0,False,,1056361.857,1056361.857,0,False,True
C,A,20220101,2022,52,2022,826,,,X,,0,,,360,,,H6,HS,True,3004,,,,C00,,0,1000,,8,,97449.0,False,8,,97449.0,False,97449.0,False,0,False,,73691183.902,73691183.902,0,False,True
C,A,20220101,2022,52,2022,826,,,X,,0,,,340,,,H6,HS,True,3004,,,,C00,,0,1000,,8,,2470.0,False,8,,2470.0,False,2470.0,False,0,False,,206066.449,206066.449,0,False,True
C,A,20220101,2022,52,2022,826,,,X,,0,,,332,,,H6,HS,True,3004,,,,C00,,0,1000,,8,,1994.0,False,8,,1994.0,False,1994.0,False,0,False,,116688.304,116688.304,0,False,True
C,A,20220101,2022,52,2022,826,,,X,,0,,,328,,,H6,HS,True,3004,,,,C00,,0,1000,,8,,3666.0,False,8,,3666.0,False,3666.0,False,0,False,,762465.148,762465.148,0,False,True
C,A,20220101,2022,52,2022,826,,,X,,0,,,324,,,H6,HS,True,3004,,,,C00,,0,1000,,8,,168.0,False,8,,168.0,False,168.0,False,0,False,,24734.419,24734.419,0,False,True
C,A,20220101,2022,52,2022,826,,,X,,0,,,308,,,H6,HS,True,3004,,,,C00,,0,1000,,8,,14598.0,False,8,,14598.0,False,14598.0,False,0,False,,614584.767,614584.767,0,False,True
C,A,20220101,2022,52,2022,826,,,X,,0,,,320,,,H6,HS,True,3004,,,,C00,,0,1000,,8,,992.0,False,8,,992.0,False,992.0,False,0,False,,226061.997,226061.997,0,False,True
C,A,20220101,2022,52,2022,826,,,X,,0,,,292,,,H6,HS,True,3004,,,,C00,,0,1000,,8,,36337.0,False,8,,36337.0,False,36337.0,False,0,False,,8247543.31,8247543.31,0,False,True
C,A,20220101,2022,52,2022,826,,,X,,0,,,270,,,H6,HS,True,3004,,,,C00,,0,1000,,8,,5378.0,False,8,,5378.0,False,5378.0,False,0,False,,241896.078,241896.078,0,False,True
C,A,20220101,2022,52,2022,826,,,X,,0,,,258,,,H6,HS,True,3004,,,,C00,,0,1000,,8,,124.0,False,8,,124.0,False,124.0,False,0,False,,4239.593,4239.593,0,False,True
C,A,20220101,2022,52,2022,826,,,X,,0,,,262,,,H6,HS,True,3004,,,,C00,,0,1000,,8,,1216.0,False,8,,1216.0,False,1216.0,False,0,False,,222988.2,222988.2,0,False,True
C,A,20220101,2022,52,2022,826,,,X,,0,,,266,,,H6,HS,True,3004,,,,C00,,0,1000,,8,,31.0,False,8,,31.0,False,31.0,False,0,False,,208664.161,208664.161,0,False,True
C,A,20220101,2022,52,2022,826,,,X,,0,,,238,,,H6,HS,True,3004,,,,C00,,0,1000,,8,,6538.0,False,8,,6538.0,False,6538.0,False,0,False,,595484.013,595484.013,0,False,True
C,A,20220101,2022,52,2022,826,,,X,,0,,,242,,,H6,HS,True,3004,,,,C00,,0,1000,,8,,1215.0,False,8,,1215.0,False,1215.0,False,0,False,,71767.903,71767.903,0,False,True
C,A,20220101,2022,52,2022,826,,,X,,0,,,233,,,H6,HS,True,3004,,,,C00,,0,1000,,8,,416.0,False,8,,416.0,False,416.0,False,0,False,,228055.448,228055.448,0,False,True
C,A,20220101,2022,52,2022,826,,,X,,0,,,232,,,H6,HS,True,3004,,,,C00,,0,1000,,8,,30.0,False,8,,30.0,False,30.0,False,0,False,,20963.586,20963.586,0,False,True
C,A,20220101,2022,52,2022,826,,,X,,0,,,231,,,H6,HS,True,3004,,,,C00,,0,1000,,8,,9755.0,False,8,,9755.0,False,9755.0,False,0,False,,682028.846,682028.846,0,False,True
C,A,20220101,2022,52,2022,826,,,X,,0,,,222,,,H6,HS,True,3004,,,,C00,,0,1000,,8,,1202.0,False,8,,1202.0,False,1202.0,False,0,False,,173646.317,173646.317,0,False,True
C,A,20220101,2022,52,2022,826,,,X,,0,,,226,,,H6,HS,True,3004,,,,C00,,0,1000,,8,,4926.0,False,8,,4926.0,False,4926.0,False,0,False,,93139.213,93139.213,0,False,True
C,A,20220101,2022,52,2022,826,,,X,,0,,,218,,,H6,HS,True,3004,,,,C00,,0,1000,,8,,12235.0,False,8,,12235.0,False,12235.0,False,0,False,,8625163.746,8625163.746,0,False,True
C,A,20220101,2022,52,2022,826,,,X,,0,,,212,,,H6,HS,True,3004,,,,C00,,0,1000,,8,,1770.0,False,8,,1770.0,False,1770.0,False,0,False,,92757.124,92757.124,0,False,True
C,A,20220101,2022,52,2022,826,,,X,,0,,,214,,,H6,HS,True,3004,,,,C00,,0,1000,,8,,241.0,False,8,,241.0,False,241.0,False,0,False,,288762.321,288762.321,0,False,True
C,A,20220101,2022,52,2022,826,,,X,,0,,,152,,,H6,HS,True,3004,,,,C00,,0,1000,,8,,29051.0,False,8,,29051.0,False,29051.0,False,0,False,,27717364.394,27717364.394,0,False,True
C,A,20220101,2022,52,2022,826,,,X,,0,,,140,,,H6,HS,True,3004,,,,C00,,0,1000,,8,,186.0,False,8,,186.0,False,186.0,False,0,False,,28845.836,28845.836,0,False,True
C,A,20220101,2022,52,2022,826,,,X,,0,,,136,,,H6,HS,True,3004,,,,C00,,0,1000,,8,,79695.0,False,8,,79695.0,False,79695.0,False,0,False,,9093683.356,9093683.356,0,False,True
C,A,20220101,2022,52,2022,826,,,X,,0,,,104,,,H6,HS,True,3004,,,,C00,,0,1000,,8,,16658.0,False,8,,16658.0,False,16658.0,False,0,False,,765061.639,765061.639,0,False,True
C,A,20220101,2022,52,2022,826,,,X,,0,,,108,,,H6,HS,True,3004,,,,C00,,0,1000,,8,,116.0,False,8,,116.0,False,116.0,False,0,False,,61182.958,61182.958,0,False,True
C,A,20220101,2022,52,2022,826,,,X,,0,,,116,,,H6,HS,True,3004,,,,C00,,0,1000,,8,,2240.0,False,8,,2240.0,False,2240.0,False,0,False,,833329.711,833329.711,0,False,True
C,A,20220101,2022,52,2022,826,,,X,,0,,,120,,,H6,HS,True,3004,,,,C00,,0,1000,,8,,813.0,False,8,,813.0,False,813.0,False,0,False,,73618.529,73618.529,0,False,True
C,A,20220101,2022,52,2022,826,,,X,,0,,,100,,,H6,HS,True,3004,,,,C00,,0,1000,,8,,2432.0,False,8,,2432.0,False,2432.0,False,0,False,,221801.651,221801.651,0,False,True
C,A,20220101,2022,52,2022,826,,,X,,0,,,96,,,H6,HS,True,3004,,,,C00,,0,1000,,8,,18386.0,False,8,,18386.0,False,18386.0,False,0,False,,1320954.957,1320954.957,0,False,True
C,A,20220101,2022,52,2022,826,,,X,,0,,,84,,,H6,HS,True,3004,,,,C00,,0,1000,,8,,6443.0,False,8,,6443.0,False,6443.0,False,0,False,,337679.39,337679.39,0,False,True
C,A,20220101,2022,52,2022,826,,,X,,0,,,90,,,H6,HS,True,3004,,,,C00,,0,1000,,8,,144.0,False,8,,144.0,False,144.0,False,0,False,,2369.436,2369.436,0,False,True
C,A,20220101,2022,52,2022,826,,,X,,0,,,92,,,H6,HS,True,3004,,,,C00,,0,1000,,8,,11235.0,False,8,,11235.0,False,11235.0,False,0,False,,672646.319,672646.319,0,False,True
C,A,20220101,2022,52,2022,826,,,X,,0,,,70,,,H6,HS,True,3004,,,,C00,,0,1000,,8,,765.0,False,8,,765.0,False,765.0,False,0,False,,673044.277,673044.277,0,False,True
C,A,20220101,2022,52,2022,826,,,X,,0,,,72,,,H6,HS,True,3004,,,,C00,,0,1000,,8,,188.0,False,8,,188.0,False,188.0,False,0,False,,398122.586,398122.586,0,False,True
C,A,20220101,2022,52,2022,826,,,X,,0,,,51,,,H6,HS,True,3004,,,,C00,,0,1000,,8,,2021.0,False,8,,2021.0,False,2021.0,False,0,False,,462735.794,462735.794,0,False,True
C,A,20220101,2022,52,2022,826,,,X,,0,,,50,,,H6,HS,True,3004,,,,C00,,0,1000,,8,,5238.0,False,8,,5238.0,False,5238.0,False,0,False,,983857.855,983857.855,0,False,True
C,A,20220101,2022,52,2022,826,,,X,,0,,,44,,,H6,HS,True,3004,,,,C00,,0,1000,,8,,32785.0,False,8,,32785.0,False,32785.0,False,0,False,,3016025.635,3016025.635,0,False,True
C,A,20220101,2022,52,2022,826,,,X,,0,,,28,,,H6,HS,True,3004,,,,C00,,0,1000,,8,,14975.0,False,8,,14975.0,False,14975.0,False,0,False,,776471.797,776471.797,0,False,True
C,A,20220101,2022,52,2022,826,,,X,,0,,,24,,,H6,HS,True,3004,,,,C00,,0,1000,,8,,579.0,False,8,,579.0,False,579.0,False,0,False,,16979.125,16979.125,0,False,True
C,A,20220101,2022,52,2022,826,,,X,,0,,,12,,,H6,HS,True,3004,,,,C00,,0,1000,,8,,441.0,False,8,,441.0,False,441.0,False,0,False,,163278.662,163278.662,0,False,True
C,A,20220101,2022,52,2022,826,,,X,,0,,,4,,,H6,HS,True,3004,,,,C00,,0,1000,,8,,1856.0,False,8,,1856.0,False,1856.0,False,0,False,,109776.534,109776.534,0,False,True
C,A,20220101,2022,52,2022,826,,,X,,0,,,584,,,H6,HS,True,3004,,,,C00,,0,1000,,8,,2.0,False,8,,2.0,False,2.0,False,0,False,,23181.651,23181.651,0,False,True
C,A,20220101,2022,52,2022,826,,,X,,0,,,132,,,H6,HS,True,3004,,,,C00,,0,1000,,8,,2.0,False,8,,2.0,False,2.0,False,0,False,,2689.267,2689.267,0,False,True
C,A,20220101,2022,52,2022,826,,,X,,0,,,768,,,H6,HS,True,3004,,,,C00,,0,2100,,8,,82.0,False,8,,82.0,False,82.0,False,0,False,,2862.61,2862.61,0,False,True
C,A,20220101,2022,52,2022,826,,,X,,0,,,760,,,H6,HS,True,3004,,,,C00,,0,2100,,8,,3292.0,False,8,,3292.0,False,3292.0,False,0,False,,169962.156,169962.156,0,False,True
C,A,20220101,2022,52,2022,826,,,X,,0,,,757,,,H6,HS,True,3004,,,,C00,,0,2100,,8,,8982.0,False,8,,8982.0,False,8982.0,False,0,False,,2693424.695,2693424.695,0,False,True
C,A,20220101,2022,52,2022,826,,,X,,0,,,729,,,H6,HS,True,3004,,,,C00,,0,2100,,8,,534082.0,False,8,,534082.0,False,534082.0,False,0,False,,1701838.402,1701838.402,0,False,True
C,A,20220101,2022,52,2022,826,,,X,,0,,,716,,,H6,HS,True,3004,,,,C00,,0,2100,,8,,163.0,False,8,,163.0,False,163.0,False,0,False,,4506.933,4506.933,0,False,True
C,A,20220101,2022,52,2022,826,,,X,,0,,,706,,,H6,HS,True,3004,,,,C00,,0,2100,,8,,39871.0,False,8,,39871.0,False,39871.0,False,0,False,,441413.313,441413.313,0,False,True
C,A,20220101,2022,52,2022,826,,,X,,0,,,694,,,H6,HS,True,3004,,,,C00,,0,2100,,8,,49174.0,False,8,,49174.0,False,49174.0,False,0,False,,665456.223,665456.223,0,False,True
C,A,20220101,2022,52,2022,826,,,X,,0,,,690,,,H6,HS,True,3004,,,,C00,,0,2100,,8,,1358.0,False,8,,1358.0,False,1358.0,False,0,False,,51180.301,51180.301,0,False,True
C,A,20220101,2022,52,2022,826,,,X,,0,,,688,,,H6,HS,True,3004,,,,C00,,0,2100,,8,,7288.0,False,8,,7288.0,False,7288.0,False,0,False,,122179.144,122179.144,0,False,True
C,A,20220101,2022,52,2022,826,,,X,,0,,,686,,,H6,HS,True,3004,,,,C00,,0,2100,,8,,2691.0,False,8,,2691.0,False,2691.0,False,0,False,,23402.604,23402.604,0,False,True
C,A,20220101,2022,52,2022,826,,,X,,0,,,670,,,H6,HS,True,3004,,,,C00,,0,2100,,8,,37882.0,False,8,,37882.0,False,37882.0,False,0,False,,879859.033,879859.033,0,False,True
C,A,20220101,2022,52,2022,826,,,X,,0,,,654,,,H6,HS,True,3004,,,,C00,,0,2100,,8,,25196.0,False,8,,25196.0,False,25196.0,False,0,False,,865639.977,865639.977,0,False,True
C,A,20220101,2022,52,2022,826,,,X,,0,,,659,,,H6,HS,True,3004,,,,C00,,0,2100,,8,,18616.0,False,8,,18616.0,False,18616.0,False,0,False,,233571.924,233571.924,0,False,True
C,A,20220101,2022,52,2022,826,,,X,,0,,,662,,,H6,HS,True,3004,,,,C00,,0,2100,,8,,31563.0,False,8,,31563.0,False,31563.0,False,0,False,,473063.165,473063.165,0,False,True
C,A,20220101,2022,52,2022,826,,,X,,0,,,608,,,H6,HS,True,3004,,,,C00,,0,2100,,8,,416347.0,False,8,,416347.0,False,416347.0,False,0,False,,14011180.598,14011180.598,0,False,True
C,A,20220101,2022,52,2022,826,,,X,,0,,,598,,,H6,HS,True,3004,,,,C00,,0,2100,,8,,1700.0,False,8,,1700.0,False,1700.0,False,0,False,,30935.725,30935.725,0,False,True
C,A,20220101,2022,52,2022,826,,,X,,0,,,600,,,H6,HS,True,3004,,,,C00,,0,2100,,8,,26220.0,False,8,,26220.0,False,26220.0,False,0,False,,271996.823,271996.823,0,False,True
C,A,20220101,2022,52,2022,826,,,X,,0,,,604,,,H6,HS,True,3004,,,,C00,,0,2100,,8,,38053.0,False,8,,38053.0,False,38053.0,False,0,False,,2060881.778,2060881.778,0,False,True
C,A,20220101,2022,52,2022,826,,,X,,0,,,591,,,H6,HS,True,3004,,,,C00,,0,2100,,8,,71763.0,False,8,,71763.0,False,71763.0,False,0,False,,11298003.281,11298003.281,0,False,True
C,A,20220101,2022,52,2022,826,,,X,,0,,,584,,,H6,HS,True,3004,,,,C00,,0,2100,,8,,1705.0,False,8,,1705.0,False,1705.0,False,0,False,,27062.35,27062.35,0,False,True
C,A,20220101,2022,52,2022,826,,,X,,0,,,566,,,H6,HS,True,3004,,,,C00,,0,2100,,8,,520367.0,False,8,,520367.0,False,520367.0,False,0,False,,1657647.998,1657647.998,0,False,True
C,A,20220101,2022,52,2022,826,,,X,,0,,,548,,,H6,HS,True,3004,,,,C00,,0,2100,,8,,1040.0,False,8,,1040.0,False,1040.0,False,0,False,,10294.411,10294.411,0,False,True
C,A,20220101,2022,52,2022,826,,,X,,0,,,533,,,H6,HS,True,3004,,,,C00,,0,2100,,8,,1885.0,False,8,,1885.0,False,1885.0,False,0,False,,34507.579,34507.579,0,False,True
C,A,20220101,2022,52,2022,826,,,X,,0,,,531,,,H6,HS,True,3004,,,,C00,,0,2100,,8,,26325.0,False,8,,26325.0,False,26325.0,False,0,False,,41742.842,41742.842,0,False,True
C,A,20220101,2022,52,2022,826,,,X,,0,,,512,,,H6,HS,True,3004,,,,C00,,0,2100,,8,,78648.0,False,8,,78648.0,False,78648.0,False,0,False,,9808189.708,9808189.708,0,False,True
C,A,20220101,2022,52,2022,826,,,X,,0,,,508,,,H6,HS,True,3004,,,,C00,,0,2100,,8,,31069.0,False,8,,31069.0,False,31069.0,False,0,False,,344283.536,344283.536,0,False,True
C,A,20220101,2022,52,2022,826,,,X,,0,,,500,,,H6,HS,True,3004,,,,C00,,0,2100,,8,,145.0,False,8,,145.0,False,145.0,False,0,False,,1889.689,1889.689,0,False,True
C,A,20220101,2022,52,2022,826,,,X,,0,,,504,,,H6,HS,True,3004,,,,C00,,0,2100,,8,,353616.0,False,8,,353616.0,False,353616.0,False,0,False,,2732884.773,2732884.773,0,False,True
C,A,20220101,2022,52,2022,826,,,X,,0,,,480,,,H6,HS,True,3004,,,,C00,,0,2100,,8,,49830.0,False,8,,49830.0,False,49830.0,False,0,False,,1207963.022,1207963.022,0,False,True
C,A,20220101,2022,52,2022,826,,,X,,0,,,470,,,H6,HS,True,3004,,,,C00,,0,2100,,8,,355.0,False,8,,355.0,False,355.0,False,0,False,,1744.422,1744.422,0,False,True
C,A,20220101,2022,52,2022,826,,,X,,0,,,462,,,H6,HS,True,3004,,,,C00,,0,2100,,8,,501.0,False,8,,501.0,False,501.0,False,0,False,,4073.574,4073.574,0,False,True
C,A,20220101,2022,52,2022,826,,,X,,0,,,446,,,H6,HS,True,3004,,,,C00,,0,2100,,8,,1285.0,False,8,,1285.0,False,1285.0,False,0,False,,94364.825,94364.825,0,False,True
C,A,20220101,2022,52,2022,826,,,X,,0,,,430,,,H6,HS,True,3004,,,,C00,,0,2100,,8,,15090.0,False,8,,15090.0,False,15090.0,False,0,False,,45627.203,45627.203,0,False,True
C,A,20220101,2022,52,2022,826,,,X,,0,,,434,,,H6,HS,True,3004,,,,C00,,0,2100,,8,,986855.0,False,8,,986855.0,False,986855.0,False,0,False,,14930679.157,14930679.157,0,False,True
C,A,20220101,2022,52,2022,826,,,X,,0,,,428,,,H6,HS,True,3004,,,,C00,,0,2100,,8,,1066.0,False,8,,1066.0,False,1066.0,False,0,False,,2806.457,2806.457,0,False,True
C,A,20220101,2022,52,2022,826,,,X,,0,,,422,,,H6,HS,True,3004,,,,C00,,0,2100,,8,,112363.0,False,8,,112363.0,False,112363.0,False,0,False,,2311978.493,2311978.493,0,False,True
C,A,20220101,2022,52,2022,826,,,X,,0,,,414,,,H6,HS,True,3004,,,,C00,,0,2100,,8,,63766.0,False,8,,63766.0,False,63766.0,False,0,False,,5280593.439,5280593.439,0,False,True
C,A,20220101,2022,52,2022,826,,,X,,0,,,404,,,H6,HS,True,3004,,,,C00,,0,2100,,8,,358661.0,False,8,,358661.0,False,358661.0,False,0,False,,8416738.848,8416738.848,0,False,True
C,A,20220101,2022,52,2022,826,,,X,,0,,,400,,,H6,HS,True,3004,,,,C00,,0,2100,,8,,76546.0,False,8,,76546.0,False,76546.0,False,0,False,,1700905.765,1700905.765,0,False,True
C,A,20220101,2022,52,2022,826,,,X,,0,,,384,,,H6,HS,True,3004,,,,C00,,0,2100,,8,,7800.0,False,8,,7800.0,False,7800.0,False,0,False,,35205.836,35205.836,0,False,True
C,A,20220101,2022,52,2022,826,,,X,,0,,,887,,,H6,HS,True,3004,,,,C00,,0,2100,,8,,28656.0,False,8,,28656.0,False,28656.0,False,0,False,,558642.4,558642.4,0,False,True
C,A,20220101,2022,52,2022,826,,,X,,0,,,894,,,H6,HS,True,3004,,,,C00,,0,2100,,8,,3337.0,False,8,,3337.0,False,3337.0,False,0,False,,126072.051,126072.051,0,False,True
C,A,20220101,2022,52,2022,826,,,X,,0,,,862,,,H6,HS,True,3004,,,,C00,,0,2100,,8,,9423.0,False,8,,9423.0,False,9423.0,False,0,False,,708093.86,708093.86,0,False,True
C,A,20220101,2022,52,2022,826,,,X,,0,,,858,,,H6,HS,True,3004,,,,C00,,0,2100,,8,,47314.0,False,8,,47314.0,False,47314.0,False,0,False,,8258122.152,8258122.152,0,False,True
C,A,20220101,2022,52,2022,826,,,X,,0,,,834,,,H6,HS,True,3004,,,,C00,,0,2100,,8,,51373.0,False,8,,51373.0,False,51373.0,False,0,False,,296598.183,296598.183,0,False,True
C,A,20220101,2022,52,2022,826,,,X,,0,,,804,,,H6,HS,True,3004,,,,C00,,0,2100,,8,,5179.0,False,8,,5179.0,False,5179.0,False,0,False,,266432.739,266432.739,0,False,True
C,A,20220101,2022,52,2022,826,,,X,,0,,,796,,,H6,HS,True,3004,,,,C00,,0,2100,,8,,7929.0,False,8,,7929.0,False,7929.0,False,0,False,,267751.127,267751.127,0,False,True
C,A,20220101,2022,52,2022,826,,,X,,0,,,800,,,H6,HS,True,3004,,,,C00,,0,2100,,8,,13455.0,False,8,,13455.0,False,13455.0,False,0,False,,174868.267,174868.267,0,False,True
C,A,20220101,2022,52,2022,826,,,X,,0,,,795,,,H6,HS,True,3004,,,,C00,,0,2100,,8,,7278.0,False,8,,7278.0,False,7278.0,False,0,False,,1014868.044,1014868.044,0,False,True
C,A,20220101,2022,52,2022,826,,,X,,0,,,792,,,H6,HS,True,3004,,,,C00,,0,2100,,8,,260087.0,False,8,,260087.0,False,260087.0,False,0,False,,17622863.59,17622863.59,0,False,True
C,A,20220101,2022,52,2022,826,,,X,,0,,,788,,,H6,HS,True,3004,,,,C00,,0,2100,,8,,149100.0,False,8,,149100.0,False,149100.0,False,0,False,,890686.903,890686.903,0,False,True
C,A,20220101,2022,52,2022,826,,,X,,0,,,780,,,H6,HS,True,3004,,,,C00,,0,2100,,8,,142166.0,False,8,,142166.0,False,142166.0,False,0,False,,2183021.859,2183021.859,0,False,True
C,A,20220101,2022,52,2022,826,,,X,,0,,,368,,,H6,HS,True,3004,,,,C00,,0,2100,,8,,44591.0,False,8,,44591.0,False,44591.0,False,0,False,,597040.443,597040.443,0,False,True
C,A,20220101,2022,52,2022,826,,,X,,0,,,348,,,H6,HS,True,3004,,,,C00,,0,2100,,8,,16217.0,False,8,,16217.0,False,16217.0,False,0,False,,75920.824,75920.824,0,False,True
C,A,20220101,2022,52,2022,826,,,X,,0,,,340,,,H6,HS,True,3004,,,,C00,,0,2100,,8,,780.0,False,8,,780.0,False,780.0,False,0,False,,8761.175,8761.175,0,False,True
C,A,20220101,2022,52,2022,826,,,X,,0,,,332,,,H6,HS,True,3004,,,,C00,,0,2100,,8,,2885.0,False,8,,2885.0,False,2885.0,False,0,False,,6225.72,6225.72,0,False,True
C,A,20220101,2022,52,2022,826,,,X,,0,,,328,,,H6,HS,True,3004,,,,C00,,0,2100,,8,,92839.0,False,8,,92839.0,False,92839.0,False,0,False,,1286802.61,1286802.61,0,False,True
C,A,20220101,2022,52,2022,826,,,X,,0,,,308,,,H6,HS,True,3004,,,,C00,,0,2100,,8,,15283.0,False,8,,15283.0,False,15283.0,False,0,False,,280527.281,280527.281,0,False,True
C,A,20220101,2022,52,2022,826,,,X,,0,,,300,,,H6,HS,True,3004,,,,C00,,0,2100,,8,,19833.0,False,8,,19833.0,False,19833.0,False,0,False,,408718.517,408718.517,0,False,True
C,A,20220101,2022,52,2022,826,,,X,,0,,,292,,,H6,HS,True,3004,,,,C00,,0,2100,,8,,9062.0,False,8,,9062.0,False,9062.0,False,0,False,,302617.6,302617.6,0,False,True
C,A,20220101,2022,52,2022,826,,,X,,0,,,275,,,H6,HS,True,3004,,,,C00,,0,2100,,8,,2277.0,False,8,,2277.0,False,2277.0,False,0,False,,79755.135,79755.135,0,False,True
C,A,20220101,2022,52,2022,826,,,X,,0,,,270,,,H6,HS,True,3004,,,,C00,,0,2100,,8,,35271.0,False,8,,35271.0,False,35271.0,False,0,False,,197953.481,197953.481,0,False,True
C,A,20220101,2022,52,2022,826,,,X,,0,,,238,,,H6,HS,True,3004,,,,C00,,0,2100,,8,,36351.0,False,8,,36351.0,False,36351.0,False,0,False,,904395.694,904395.694,0,False,True
C,A,20220101,2022,52,2022,826,,,X,,0,,,242,,,H6,HS,True,3004,,,,C00,,0,2100,,8,,17826.0,False,8,,17826.0,False,17826.0,False,0,False,,337554.876,337554.876,0,False,True
C,A,20220101,2022,52,2022,826,,,X,,0,,,234,,,H6,HS,True,3004,,,,C00,,0,2100,,8,,1184.0,False,8,,1184.0,False,1184.0,False,0,False,,60245.438,60245.438,0,False,True
C,A,20220101,2022,52,2022,826,,,X,,0,,,233,,,H6,HS,True,3004,,,,C00,,0,2100,,8,,197.0,False,8,,197.0,False,197.0,False,0,False,,5608.031,5608.031,0,False,True
C,A,20220101,2022,52,2022,826,,,X,,0,,,226,,,H6,HS,True,3004,,,,C00,,0,2100,,8,,178.0,False,8,,178.0,False,178.0,False,0,False,,5265.006,5265.006,0,False,True
C,A,20220101,2022,52,2022,826,,,X,,0,,,218,,,H6,HS,True,3004,,,,C00,,0,2100,,8,,7595.0,False,8,,7595.0,False,7595.0,False,0,False,,274606.743,274606.743,0,False,True
C,A,20220101,2022,52,2022,826,,,X,,0,,,212,,,H6,HS,True,3004,,,,C00,,0,2100,,8,,21225.0,False,8,,21225.0,False,21225.0,False,0,False,,430189.927,430189.927,0,False,True
C,A,20220101,2022,52,2022,826,,,X,,0,,,152,,,H6,HS,True,3004,,,,C00,,0,2100,,8,,442982.0,False,8,,442982.0,False,442982.0,False,0,False,,8297085.393,8297085.393,0,False,True
C,A,20220101,2022,52,2022,826,,,X,,0,,,144,,,H6,HS,True,3004,,,,C00,,0,2100,,8,,406121.0,False,8,,406121.0,False,406121.0,False,0,False,,4148524.385,4148524.385,0,False,True
C,A,20220101,2022,52,2022,826,,,X,,0,,,136,,,H6,HS,True,3004,,,,C00,,0,2100,,8,,19581.0,False,8,,19581.0,False,19581.0,False,0,False,,716420.455,716420.455,0,False,True
C,A,20220101,2022,52,2022,826,,,X,,0,,,116,,,H6,HS,True,3004,,,,C00,,0,2100,,8,,7953.0,False,8,,7953.0,False,7953.0,False,0,False,,1309347.041,1309347.041,0,False,True
C,A,20220101,2022,52,2022,826,,,X,,0,,,120,,,H6,HS,True,3004,,,,C00,,0,2100,,8,,15672.0,False,8,,15672.0,False,15672.0,False,0,False,,248916.493,248916.493,0,False,True
C,A,20220101,2022,52,2022,826,,,X,,0,,,96,,,H6,HS,True,3004,,,,C00,,0,2100,,8,,5895.0,False,8,,5895.0,False,5895.0,False,0,False,,49992.532,49992.532,0,False,True
C,A,20220101,2022,52,2022,826,,,X,,0,,,84,,,H6,HS,True,3004,,,,C00,,0,2100,,8,,10638.0,False,8,,10638.0,False,10638.0,False,0,False,,187576.06,187576.06,0,False,True
C,A,20220101,2022,52,2022,826,,,X,,0,,,90,,,H6,HS,True,3004,,,,C00,,0,2100,,8,,640.0,False,8,,640.0,False,640.0,False,0,False,,58595.012,58595.012,0,False,True
C,A,20220101,2022,52,2022,826,,,X,,0,,,92,,,H6,HS,True,3004,,,,C00,,0,2100,,8,,2490.0,False,8,,2490.0,False,2490.0,False,0,False,,52183.741,52183.741,0,False,True
C,A,20220101,2022,52,2022,826,,,X,,0,,,68,,,H6,HS,True,3004,,,,C00,,0,2100,,8,,1020.0,False,8,,1020.0,False,1020.0,False,0,False,,9592.492,9592.492,0,False,True
C,A,20220101,2022,52,2022,826,,,X,,0,,,50,,,H6,HS,True,3004,,,,C00,,0,2100,,8,,39490.0,False,8,,39490.0,False,39490.0,False,0,False,,148451.683,148451.683,0,False,True
C,A,20220101,2022,52,2022,826,,,X,,0,,,48,,,H6,HS,True,3004,,,,C00,,0,2100,,8,,18113.0,False,8,,18113.0,False,18113.0,False,0,False,,368424.681,368424.681,0,False,True
C,A,20220101,2022,52,2022,826,,,X,,0,,,44,,,H6,HS,True,3004,,,,C00,,0,2100,,8,,15377.0,False,8,,15377.0,False,15377.0,False,0,False,,395181.849,395181.849,0,False,True
C,A,20220101,2022,52,2022,826,,,X,,0,,,40,,,H6,HS,True,3004,,,,C00,,0,2100,,8,,2237.0,False,8,,2237.0,False,2237.0,False,0,False,,4800766.213,4800766.213,0,False,True
C,A,20220101,2022,52,2022,826,,,X,,0,,,28,,,H6,HS,True,3004,,,,C00,,0,2100,,8,,25260.0,False,8,,25260.0,False,25260.0,False,0,False,,401207.369,401207.369,0,False,True
C,A,20220101,2022,52,2022,826,,,X,,0,,,12,,,H6,HS,True,3004,,,,C00,,0,2100,,8,,26268.0,False,8,,26268.0,False,26268.0,False,0,False,,405522.648,405522.648,0,False,True
C,A,20220101,2022,52,2022,826,,,X,,0,,,8,,,H6,HS,True,3004,,,,C00,,0,2100,,8,,3440.0,False,8,,3440.0,False,3440.0,False,0,False,,21327.364,21327.364,0,False,True
C,A,20220101,2022,52,2022,826,,,X,,0,,,10,,,H6,HS,True,3004,,,,C00,,0,2100,,8,,175.0,False,8,,175.0,False,175.0,False,0,False,,4224.944,4224.944,0,False,True
C,A,20220101,2022,52,2022,826,,,X,,0,,,586,,,H6,HS,True,3004,,,,C00,,0,2100,,8,,105080.0,False,8,,105080.0,False,105080.0,False,0,False,,3502861.069,3502861.069,0,False,True
C,A,20220101,2022,52,2022,826,,,X,,0,,,360,,,H6,HS,True,3004,,,,C00,,0,2100,,8,,147597.0,False,8,,147597.0,False,147597.0,False,0,False,,4735396.153,4735396.153,0,False,True
C,A,20220101,2022,52,2022,826,,,X,,0,,,372,,,H6,HS,True,3004,,,,C00,,0,2100,,8,,294366.0,False,8,,294366.0,False,294366.0,False,0,False,,7167715.372,7167715.372,0,False,True
C,A,20220101,2022,52,2022,826,,,X,,0,,,704,,,H6,HS,True,3004,,,,C00,,0,2100,,8,,539597.0,False,8,,539597.0,False,539597.0,False,0,False,,40579740.959,40579740.959,0,False,True
C,A,20220101,2022,52,2022,826,,,X,,0,,,710,,,H6,HS,True,3004,,,,C00,,0,2100,,8,,2465613.0,False,8,,2465613.0,False,2465613.0,False,0,False,,25532826.389,25532826.389,0,False,True
C,A,20220101,2022,52,2022,826,,,X,,0,,,76,,,H6,HS,True,3004,,,,C00,,0,2100,,8,,2010246.0,False,8,,2010246.0,False,2010246.0,False,0,False,,28257271.039,28257271.039,0,False,True
C,A,20220101,2022,52,2022,826,,,X,,0,,,344,,,H6,HS,True,3004,,,,C00,,0,2100,,8,,366066.0,False,8,,366066.0,False,366066.0,False,0,False,,11336374.468,11336374.468,0,False,True
C,A,20220101,2022,52,2022,826,,,X,,0,,,616,,,H6,HS,True,3004,,,,C00,,0,2100,,8,,30366.0,False,8,,30366.0,False,30366.0,False,0,False,,506917.653,506917.653,0,False,True
C,A,20220101,2022,52,2022,826,,,X,,0,,,554,,,H6,HS,True,3004,,,,C00,,0,2100,,8,,680705.0,False,8,,680705.0,False,680705.0,False,0,False,,10247591.259,10247591.259,0,False,True
C,A,20220101,2022,52,2022,826,,,X,,0,,,410,,,H6,HS,True,3004,,,,C00,,0,2100,,8,,423405.0,False,8,,423405.0,False,423405.0,False,0,False,,27013159.778,27013159.778,0,False,True
C,A,20220101,2022,52,2022,826,,,X,,0,,,251,,,H6,HS,True,3004,,,,C00,,0,2100,,8,,4958786.0,False,8,,4958786.0,False,4958786.0,False,0,False,,97348950.386,97348950.386,0,False,True
C,A,20220101,2022,52,2022,826,,,X,,0,,,458,,,H6,HS,True,3004,,,,C00,,0,2100,,8,,1171864.0,False,8,,1171864.0,False,1171864.0,False,0,False,,13116995.084,13116995.084,0,False,True
C,A,20220101,2022,52,2022,826,,,X,,0,,,764,,,H6,HS,True,3004,,,,C00,,0,2100,,8,,2573433.0,False,8,,2573433.0,False,2573433.0,False,0,False,,27283669.753,27283669.753,0,False,True
C,A,20220101,2022,52,2022,826,,,X,,0,,,246,,,H6,HS,True,3004,,,,C00,,0,2100,,8,,1335.0,False,8,,1335.0,False,1335.0,False,0,False,,68504.893,68504.893,0,False,True
C,A,20220101,2022,52,2022,826,,,X,,0,,,392,,,H6,HS,True,3004,,,,C00,,0,2100,,8,,3362957.0,False,8,,3362957.0,False,3362957.0,False,0,False,,108685926.674,108685926.674,0,False,True
C,A,20220101,2022,52,2022,826,,,X,,0,,,702,,,H6,HS,True,3004,,,,C00,,0,2100,,8,,436116.0,False,8,,436116.0,False,436116.0,False,0,False,,2838297.199,2838297.199,0,False,True
C,A,20220101,2022,52,2022,826,,,X,,0,,,276,,,H6,HS,True,3004,,,,C00,,0,2100,,8,,76668.0,False,8,,76668.0,False,76668.0,False,0,False,,15352076.17,15352076.17,0,False,True
C,A,20220101,2022,52,2022,826,,,X,,0,,,682,,,H6,HS,True,3004,,,,C00,,0,2100,,8,,1948326.0,False,8,,1948326.0,False,1948326.0,False,0,False,,92972722.123,92972722.123,0,False,True
C,A,20220101,2022,52,2022,826,,,X,,0,,,724,,,H6,HS,True,3004,,,,C00,,0,2100,,8,,32645.0,False,8,,32645.0,False,32645.0,False,0,False,,15447742.292,15447742.292,0,False,True
C,A,20220101,2022,52,2022,826,,,X,,0,,,124,,,H6,HS,True,3004,,,,C00,,0,2100,,8,,1102844.0,False,8,,1102844.0,False,1102844.0,False,0,False,,49198067.4,49198067.4,0,False,True
C,A,20220101,2022,52,2022,826,,,X,,0,,,699,,,H6,HS,True,3004,,,,C00,,0,2100,,8,,172882.0,False,8,,172882.0,False,172882.0,False,0,False,,6820915.912,6820915.912,0,False,True
C,A,20220101,2022,52,2022,826,,,X,,0,,,56,,,H6,HS,True,3004,,,,C00,,0,2100,,8,,19803645.0,False,8,,19803645.0,False,19803645.0,False,0,False,,876790373.374,876790373.374,0,False,True
C,A,20220101,2022,52,2022,826,,,X,,0,,,208,,,H6,HS,True,3004,,,,C00,,0,2100,,8,,47247.0,False,8,,47247.0,False,47247.0,False,0,False,,5763232.005,5763232.005,0,False,True
C,A,20220101,2022,52,2022,826,,,X,,0,,,579,,,H6,HS,True,3004,,,,C00,,0,2100,,8,,44181.0,False,8,,44181.0,False,44181.0,False,0,False,,1373899.212,1373899.212,0,False,True
C,A,20220101,2022,52,2022,826,,,X,,0,,,784,,,H6,HS,True,3004,,,,C00,,0,2100,,8,,4070139.0,False,8,,4070139.0,False,4070139.0,False,0,False,,102671453.907,102671453.907,0,False,True
C,A,20220101,2022,52,2022,826,,,X,,0,,,842,,,H6,HS,True,3004,,,,C00,,0,2100,,8,,6248873.0,False,8,,6248873.0,False,6248873.0,False,0,False,,509331015.85,509331015.85,0,False,True
C,A,20220101,2022,52,2022,826,,,X,,0,,,528,,,H6,HS,True,3004,,,,C00,,0,2100,,8,,2016352.0,False,8,,2016352.0,False,2016352.0,False,0,False,,139455898.301,139455898.301,0,False,True
C,A,20220101,2022,52,2022,826,,,X,,0,,,724,,,H6,HS,True,3004,,,,C00,,0,9900,,8,,9646385.0,False,8,,9646385.0,False,9646385.0,False,0,False,,142244970.807,142244970.807,0,False,True
C,A,20220101,2022,52,2022,826,,,X,,0,,,528,,,H6,HS,True,3004,,,,C00,,0,9900,,8,,5319571.0,False,8,,5319571.0,False,5319571.0,False,0,False,,898143001.112,898143001.112,0,False,True
C,A,20220101,2022,52,2022,826,,,X,,0,,,251,,,H6,HS,True,3004,,,,C00,,0,9900,,8,,10460538.0,False,8,,10460538.0,False,10460538.0,False,0,False,,741521048.373,741521048.373,0,False,True
C,A,20220101,2022,52,2022,826,,,X,,0,,,372,,,H6,HS,True,3004,,,,C00,,0,9900,,8,,15986490.0,False,8,,15986490.0,False,15986490.0,False,0,False,,443020630.521,443020630.521,0,False,True
C,A,20220101,2022,52,2022,826,,,X,,0,,,56,,,H6,HS,True,3004,,,,C00,,0,9900,,8,,11534285.0,False,8,,11534285.0,False,11534285.0,False,0,False,,2301670128.888,2301670128.888,0,False,True
C,A,20220101,2022,52,2022,826,,,X,,0,,,203,,,H6,HS,True,3004,,,,C00,,0,9900,,8,,511946.0,False,8,,511946.0,False,511946.0,False,0,False,,5279310.453,5279310.453,0,False,True
C,A,20220101,2022,52,2022,826,,,X,,0,,,757,,,H6,HS,True,3004,,,,C00,,0,9900,,8,,715029.0,False,8,,715029.0,False,715029.0,False,0,False,,455179964.604,455179964.604,0,False,True
C,A,20220101,2022,52,2022,826,,,X,,0,,,300,,,H6,HS,True,3004,,,,C00,,0,9900,,8,,439721.0,False,8,,439721.0,False,439721.0,False,0,False,,3909844.93,3909844.93,0,False,True
C,A,20220101,2022,52,2022,826,,,X,,0,,,348,,,H6,HS,True,3004,,,,C00,,0,9900,,8,,885134.0,False,8,,885134.0,False,885134.0,False,0,False,,12658020.358,12658020.358,0,False,True
C,A,20220101,2022,52,2022,826,,,X,,0,,,792,,,H6,HS,True,3004,,,,C00,,0,9900,,8,,1225003.0,False,8,,1225003.0,False,1225003.0,False,0,False,,72711574.186,72711574.186,0,False,True
C,A,20220101,2022,52,2022,826,,,X,,0,,,208,,,H6,HS,True,3004,,,,C00,,0,9900,,8,,567521.0,False,8,,567521.0,False,567521.0,False,0,False,,69713763.054,69713763.054,0,False,True
C,A,20220101,2022,52,2022,826,,,X,,0,,,470,,,H6,HS,True,3004,,,,C00,,0,9900,,8,,273747.0,False,8,,273747.0,False,273747.0,False,0,False,,6439986.079,6439986.079,0,False,True
C,A,20220101,2022,52,2022,826,,,X,,0,,,440,,,H6,HS,True,3004,,,,C00,,0,9900,,8,,7952.0,False,8,,7952.0,False,7952.0,False,0,False,,418306.126,418306.126,0,False,True
C,A,20220101,2022,52,2022,826,,,X,,0,,,100,,,H6,HS,True,3004,,,,C00,,0,9900,,8,,62.0,False,8,,62.0,False,62.0,False,0,False,,8205.743,8205.743,0,False,True
C,A,20220101,2022,52,2022,826,,,X,,0,,,246,,,H6,HS,True,3004,,,,C00,,0,9900,,8,,5141.0,False,8,,5141.0,False,5141.0,False,0,False,,5410789.114,5410789.114,0,False,True
C,A,20220101,2022,52,2022,826,,,X,,0,,,233,,,H6,HS,True,3004,,,,C00,,0,9900,,8,,3971.0,False,8,,3971.0,False,3971.0,False,0,False,,237784.661,237784.661,0,False,True
C,A,20220101,2022,52,2022,826,,,X,,0,,,688,,,H6,HS,True,3004,,,,C00,,0,9900,,8,,153298.0,False,8,,153298.0,False,153298.0,False,0,False,,1700794.679,1700794.679,0,False,True
C,A,20220101,2022,52,2022,826,,,X,,0,,,705,,,H6,HS,True,3004,,,,C00,,0,9900,,8,,55531.0,False,8,,55531.0,False,55531.0,False,0,False,,12208303.643,12208303.643,0,False,True
C,A,20220101,2022,52,2022,826,,,X,,0,,,703,,,H6,HS,True,3004,,,,C00,,0,9900,,8,,14440.0,False,8,,14440.0,False,14440.0,False,0,False,,289315.312,289315.312,0,False,True
C,A,20220101,2022,52,2022,826,,,X,,0,,,764,,,H6,HS,True,3004,,,,C00,,0,9900,,8,,15544.0,False,8,,15544.0,False,15544.0,False,0,False,,991631.459,991631.459,0,False,True
C,A,20220101,2022,52,2022,826,,,X,,0,,,710,,,H6,HS,True,3004,,,,C00,,0,9900,,8,,94.0,False,8,,94.0,False,94.0,False,0,False,,2606.257,2606.257,0,False,True
C,A,20220101,2022,52,2022,826,,,X,,0,,,591,,,H6,HS,True,3004,,,,C00,,0,9900,,8,,1015.0,False,8,,1015.0,False,1015.0,False,0,False,,494027.971,494027.971,0,False,True
C,A,20220101,2022,52,2022,826,,,X,,0,,,554,,,H6,HS,True,3004,,,,C00,,0,9900,,8,,17555.0,False,8,,17555.0,False,17555.0,False,0,False,,137687.291,137687.291,0,False,True
C,A,20220101,2022,52,2022,826,,,X,,0,,,512,,,H6,HS,True,3004,,,,C00,,0,9900,,8,,17280.0,False,8,,17280.0,False,17280.0,False,0,False,,335236.711,335236.711,0,False,True
C,A,20220101,2022,52,2022,826,,,X,,0,,,504,,,H6,HS,True,3004,,,,C00,,0,9900,,8,,8955.0,False,8,,8955.0,False,8955.0,False,0,False,,242921.49,242921.49,0,False,True
C,A,20220101,2022,52,2022,826,,,X,,0,,,499,,,H6,HS,True,3004,,,,C00,,0,9900,,8,,337.0,False,8,,337.0,False,337.0,False,0,False,,39317.253,39317.253,0,False,True
C,A,20220101,2022,52,2022,826,,,X,,0,,,498,,,H6,HS,True,3004,,,,C00,,0,9900,,8,,237.0,False,8,,237.0,False,237.0,False,0,False,,113594.975,113594.975,0,False,True
C,A,20220101,2022,52,2022,826,,,X,,0,,,466,,,H6,HS,True,3004,,,,C00,,0,9900,,8,,267.0,False,8,,267.0,False,267.0,False,0,False,,11920.423,11920.423,0,False,True
C,A,20220101,2022,52,2022,826,,,X,,0,,,434,,,H6,HS,True,3004,,,,C00,,0,9900,,8,,5429.0,False,8,,5429.0,False,5429.0,False,0,False,,302450.36,302450.36,0,False,True
C,A,20220101,2022,52,2022,826,,,X,,0,,,428,,,H6,HS,True,3004,,,,C00,,0,9900,,8,,5755.0,False,8,,5755.0,False,5755.0,False,0,False,,236362.511,236362.511,0,False,True
C,A,20220101,2022,52,2022,826,,,X,,0,,,422,,,H6,HS,True,3004,,,,C00,,0,9900,,8,,6.0,False,8,,6.0,False,6.0,False,0,False,,100953.101,100953.101,0,False,True
C,A,20220101,2022,52,2022,826,,,X,,0,,,414,,,H6,HS,True,3004,,,,C00,,0,9900,,8,,11583.0,False,8,,11583.0,False,11583.0,False,0,False,,164536.014,164536.014,0,False,True
C,A,20220101,2022,52,2022,826,,,X,,0,,,400,,,H6,HS,True,3004,,,,C00,,0,9900,,8,,9607.0,False,8,,9607.0,False,9607.0,False,0,False,,525807.22,525807.22,0,False,True
C,A,20220101,2022,52,2022,826,,,X,,0,,,398,,,H6,HS,True,3004,,,,C00,,0,9900,,8,,108783.0,False,8,,108783.0,False,108783.0,False,0,False,,8649069.29,8649069.29,0,False,True
C,A,20220101,2022,52,2022,826,,,X,,0,,,392,,,H6,HS,True,3004,,,,C00,,0,9900,,8,,5303.0,False,8,,5303.0,False,5303.0,False,0,False,,54083.196,54083.196,0,False,True
C,A,20220101,2022,52,2022,826,,,X,,0,,,842,,,H6,HS,True,3004,,,,C00,,0,9900,,8,,6504.0,False,8,,6504.0,False,6504.0,False,0,False,,996753.64,996753.64,0,False,True
C,A,20220101,2022,52,2022,826,,,X,,0,,,807,,,H6,HS,True,3004,,,,C00,,0,9900,,8,,29900.0,False,8,,29900.0,False,29900.0,False,0,False,,614941.22,614941.22,0,False,True
C,A,20220101,2022,52,2022,826,,,X,,0,,,804,,,H6,HS,True,3004,,,,C00,,0,9900,,8,,733378.0,False,8,,733378.0,False,733378.0,False,0,False,,29304474.984,29304474.984,0,False,True
C,A,20220101,2022,52,2022,826,,,X,,0,,,795,,,H6,HS,True,3004,,,,C00,,0,9900,,8,,8430.0,False,8,,8430.0,False,8430.0,False,0,False,,440779.755,440779.755,0,False,True
C,A,20220101,2022,52,2022,826,,,X,,0,,,788,,,H6,HS,True,3004,,,,C00,,0,9900,,8,,1553.0,False,8,,1553.0,False,1553.0,False,0,False,,2143818.134,2143818.134,0,False,True
C,A,20220101,2022,52,2022,826,,,X,,0,,,784,,,H6,HS,True,3004,,,,C00,,0,9900,,8,,1320.0,False,8,,1320.0,False,1320.0,False,0,False,,89870.099,89870.099,0,False,True
C,A,20220101,2022,52,2022,826,,,X,,0,,,368,,,H6,HS,True,3004,,,,C00,,0,9900,,8,,176659.0,False,8,,176659.0,False,176659.0,False,0,False,,3624547.039,3624547.039,0,False,True
C,A,20220101,2022,52,2022,826,,,X,,0,,,364,,,H6,HS,True,3004,,,,C00,,0,9900,,8,,2498.0,False,8,,2498.0,False,2498.0,False,0,False,,108347.06,108347.06,0,False,True
C,A,20220101,2022,52,2022,826,,,X,,0,,,268,,,H6,HS,True,3004,,,,C00,,0,9900,,8,,18187.0,False,8,,18187.0,False,18187.0,False,0,False,,1140908.355,1140908.355,0,False,True
C,A,20220101,2022,52,2022,826,,,X,,0,,,234,,,H6,HS,True,3004,,,,C00,,0,9900,,8,,381.0,False,8,,381.0,False,381.0,False,0,False,,558117.486,558117.486,0,False,True
C,A,20220101,2022,52,2022,826,,,X,,0,,,140,,,H6,HS,True,3004,,,,C00,,0,9900,,8,,316.0,False,8,,316.0,False,316.0,False,0,False,,44921.622,44921.622,0,False,True
C,A,20220101,2022,52,2022,826,,,X,,0,,,124,,,H6,HS,True,3004,,,,C00,,0,9900,,8,,1458.0,False,8,,1458.0,False,1458.0,False,0,False,,3683399.624,3683399.624,0,False,True
C,A,20220101,2022,52,2022,826,,,X,,0,,,76,,,H6,HS,True,3004,,,,C00,,0,9900,,8,,29873.0,False,8,,29873.0,False,29873.0,False,0,False,,66937.476,66937.476,0,False,True
C,A,20210101,2021,52,2021,826,,,X,,0,,,899,,,H5,HS,True,8703,,,,C00,,0,2100,,5,,776551.786,True,-1,,0.0,False,1265203555.876,True,0,False,0.0,27637958590.975,27637958590.975,6,False,True
C,A,20210101,2021,52,2021,826,,,X,,0,,,899,,,H5,HS,True,8703,,,,C00,,0,9900,,5,,98480.495,True,-1,,0.0,False,71212334.082,True,0,False,0.0,1928322638.856,1928322638.856,6,False,True
C,A,20210101,2021,52,2021,826,,,X,,0,,,899,,,H5,HS,True,8703,,,,C00,,0,1000,,-1,,0.0,False,-1,,0.0,False,2902829.833,True,0,False,0.0,596627709.513,596627709.513,4,False,True
C,A,20210101,2021,52,2021,826,,,X,,0,,,899,,,H5,HS,True,8703,,,,C00,,0,3200,,-1,,0.0,False,-1,,0.0,False,1461958.367,True,0,False,0.0,23464576.458,23464576.458,4,False,True
C,A,20210101,2021,52,2021,826,,,X,,0,,,899,,,H5,HS,True,8703,,,,C00,,0,0,,-1,,0.0,False,-1,,0.0,False,1340780678.158,True,0,False,0.0,30186373515.803,30186373515.803,4,False,True
C,A,20210101,2021,52,2021,826,,,X,,0,,,0,,,H5,HS,True,8703,,,,C00,,0,1000,,-1,,0.0,False,-1,,0.0,False,2902829.833,True,0,False,0.0,596627709.513,596627709.513,4,False,True
C,A,20210101,2021,52,2021,826,,,X,,0,,,0,,,H5,HS,True,8703,,,,C00,,0,3200,,-1,,0.0,False,-1,,0.0,False,1461958.367,True,0,False,0.0,23464576.458,23464576.458,4,False,True
C,A,20210101,2021,52,2021,826,,,X,,0,,,0,,,H5,HS,True,8703,,,,C00,,0,0,,-1,,0.0,False,-1,,0.0,False,1340780678.158,True,0,False,0.0,30186373515.803,30186373515.803,4,False,True
C,A,20210101,2021,52,2021,826,,,X,,0,,,0,,,H5,HS,True,8703,,,,C00,,0,9900,,5,,98480.495,True,-1,,0.0,False,71212334.082,True,0,False,0.0,1928322638.856,1928322638.856,6,False,True
C,A,20210101,2021,52,2021,826,,,X,,0,,,0,,,H5,HS,True,8703,,,,C00,,0,2100,,5,,776551.786,True,-1,,0.0,False,1265203555.876,True,0,False,0.0,27637958590.975,27637958590.975,6,False,True
C,A,20220101,2022,52,2022,826,,,X,,0,,,752,,,H6,HS,True,8703,,,,C00,,0,0,,5,,17669.0,False,5,,17669.0,False,25834464.0,False,0,False,,417443710.165,417443710.165,0,False,True
C,A,20220101,2022,52,2022,826,,,X,,0,,,724,,,H6,HS,True,8703,,,,C00,,0,0,,5,,36126.0,False,5,,36126.0,False,52759121.0,False,0,False,,852940283.413,852940283.413,0,False,True
C,A,20220101,2022,52,2022,826,,,X,,0,,,780,,,H6,HS,True,8703,,,,C00,,0,0,,5,,129.0,False,5,,129.0,False,234517.0,False,0,False,,7707144.712,7707144.712,0,False,True
C,A,20220101,2022,52,2022,826,,,X,,0,,,728,,,H6,HS,True,8703,,,,C00,,0,0,,5,,16.0,False,5,,16.0,False,44403.0,False,0,False,,101784.418,101784.418,0,False,True
C,A,20220101,2022,52,2022,826,,,X,,0,,,729,,,H6,HS,True,8703,,,,C00,,0,0,,5,,5.0,False,5,,5.0,False,15313.0,False,0,False,,356490.83,356490.83,0,False,True
C,A,20220101,2022,52,2022,826,,,X,,0,,,740,,,H6,HS,True,8703,,,,C00,,0,0,,5,,62.0,False,5,,62.0,False,130140.0,False,0,False,,685755.733,685755.733,0,False,True
C,A,20220101,2022,52,2022,826,,,X,,0,,,748,,,H6,HS,True,8703,,,,C00,,0,0,,5,,4.0,False,5,,4.0,False,33000.0,False,0,False,,65564.156,65564.156,0,False,True
C,A,20220101,2022,52,2022,826,,,X,,0,,,724,,,H6,HS,True,8703,,,,C00,,0,1000,,5,,9.0,False,5,,9.0,False,223.0,False,0,False,,15941.505,15941.505,0,False,True
C,A,20220101,2022,52,2022,826,,,X,,0,,,752,,,H6,HS,True,8703,,,,C00,,0,1000,,5,,45.0,False,5,,45.0,False,302.0,False,0,False,,29435.448,29435.448,0,False,True
C,A,20220101,2022,52,2022,826,,,X,,0,,,752,,,H6,HS,True,8703,,,,C00,,0,2100,,5,,17418.0,False,5,,17418.0,False,25598613.0,False,0,False,,386578913.497,386578913.497,0,False,True
C,A,20220101,2022,52,2022,826,,,X,,0,,,724,,,H6,HS,True,8703,,,,C00,,0,2100,,5,,35143.0,False,5,,35143.0,False,52162951.0,False,0,False,,811751796.436,811751796.436,0,False,True
C,A,20220101,2022,52,2022,826,,,X,,0,,,780,,,H6,HS,True,8703,,,,C00,,0,2100,,5,,129.0,False,5,,129.0,False,234517.0,False,0,False,,7707144.712,7707144.712,0,False,True
C,A,20220101,2022,52,2022,826,,,X,,0,,,728,,,H6,HS,True,8703,,,,C00,,0,2100,,5,,16.0,False,5,,16.0,False,44403.0,False,0,False,,101784.418,101784.418,0,False,True
C,A,20220101,2022,52,2022,826,,,X,,0,,,729,,,H6,HS,True,8703,,,,C00,,0,2100,,5,,5.0,False,5,,5.0,False,15313.0,False,0,False,,356490.83,356490.83,0,False,True
C,A,20220101,2022,52,2022,826,,,X,,0,,,740,,,H6,HS,True,8703,,,,C00,,0,2100,,5,,62.0,False,5,,62.0,False,130140.0,False,0,False,,685755.733,685755.733,0,False,True
C,A,20220101,2022,52,2022,826,,,X,,0,,,748,,,H6,HS,True,8703,,,,C00,,0,2100,,5,,4.0,False,5,,4.0,False,33000.0,False,0,False,,65564.156,65564.156,0,False,True
C,A,20220101,2022,52,2022,826,,,X,,0,,,757,,,H6,HS,True,8703,,,,C00,,0,2100,,5,,5192.0,False,5,,5192.0,False,8533935.0,False,0,False,,178211543.587,178211543.587,0,False,True
C,A,20220101,2022,52,2022,826,,,X,,0,,,724,,,H6,HS,True,8703,,,,C00,,0,9900,,5,,968.0,False,5,,968.0,False,594191.0,False,0,False,,41105022.045,41105022.045,0,False,True
C,A,20220101,2022,52,2022,826,,,X,,0,,,752,,,H6,HS,True,8703,,,,C00,,0,9900,,5,,124.0,False,5,,124.0,False,235151.0,False,0,False,,30808110.876,30808110.876,0,False,True
C,A,20220101,2022,52,2022,826,,,X,,0,,,757,,,H6,HS,True,8703,,,,C00,,0,9900,,5,,543.0,False,5,,543.0,False,955863.0,False,0,False,,160686582.496,160686582.496,0,False,True
C,A,20220101,2022,52,2022,826,,,X,,0,,,752,,,H6,HS,True,8703,,,,C00,,0,3200,,5,,82.0,False,5,,82.0,False,398.0,False,0,False,,27250.343,27250.343,0,False,True
C,A,20220101,2022,52,2022,826,,,X,,0,,,757,,,H6,HS,True,8703,,,,C00,,0,3200,,5,,106.0,False,5,,106.0,False,364.0,False,0,False,,4744.975,4744.975,0,False,True
C,A,20220101,2022,52,2022,826,,,X,,0,,,724,,,H6,HS,True,8703,,,,C00,,0,3200,,5,,5.0,False,5,,5.0,False,321.0,False,0,False,,9892.791,9892.791,0,False,True
C,A,20220101,2022,52,2022,826,,,X,,0,,,764,,,H6,HS,True,8703,,,,C00,,0,9900,,5,,2.0,False,5,,2.0,False,1665.0,False,0,False,,280767.764,280767.764,0,False,True
C,A,20220101,2022,52,2022,826,,,X,,0,,,776,,,H6,HS,True,8703,,,,C00,,0,2100,,5,,2.0,False,5,,2.0,False,3600.0,False,0,False,,20947.717,20947.717,0,False,True
C,A,20220101,2022,52,2022,826,,,X,,0,,,776,,,H6,HS,True,8703,,,,C00,,0,0,,5,,2.0,False,5,,2.0,False,3600.0,False,0,False,,20947.717,20947.717,0,False,True
C,A,20220101,2022,52,2022,826,,,X,,0,,,724,,,H6,HS,True,8703,,,,C00,,0,9000,,5,,1.0,False,5,,1.0,False,1435.0,False,0,False,,57630.635,57630.635,0,False,True
C,A,20220101,2022,52,2022,826,,,X,,0,,,760,,,H6,HS,True,8703,,,,C00,,0,2100,,5,,1.0,False,5,,1.0,False,1996.0,False,0,False,,84413.439,84413.439,0,False,True
C,A,20220101,2022,52,2022,826,,,X,,0,,,760,,,H6,HS,True,8703,,,,C00,,0,0,,5,,1.0,False,5,,1.0,False,1996.0,False,0,False,,84413.439,84413.439,0,False,True
C,A,20220101,2022,52,2022,826,,,X,,0,,,764,,,H6,HS,True,8703,,,,C00,,0,2100,,5,,2217.478,True,-1,,0.0,False,3683053.0,False,0,False,,216595619.593,216595619.593,2,False,True
C,A,20220101,2022,52,2022,826,,,X,,0,,,757,,,H6,HS,True,8703,,,,C00,,0,1000,,5,,51.227,True,-1,,0.0,False,253.0,False,0,False,,11504.154,11504.154,2,False,True
C,A,20220101,2022,52,2022,826,,,X,,0,,,764,,,H6,HS,True,8703,,,,C00,,0,1000,,5,,82.791,True,-1,,0.0,False,9692.0,False,0,False,,3429640.498,3429640.498,2,False,True
C,A,20220101,2022,52,2022,826,,,X,,0,,,757,,,H6,HS,True,8703,,,,C00,,0,0,,5,,5892.227,True,-1,,0.0,False,9490415.0,False,0,False,,338914375.212,338914375.212,2,False,True
C,A,20220101,2022,52,2022,826,,,X,,0,,,764,,,H6,HS,True,8703,,,,C00,,0,0,,5,,2302.269,True,-1,,0.0,False,3694410.0,False,0,False,,220306027.855,220306027.855,2,False,True
C,A,20220101,2022,52,2022,826,,,X,,0,,,0,,,H6,HS,True,8703,,,,C00,,0,1000,,-1,,0.0,False,-1,,0.0,False,31143186.506,True,0,False,,1057767673.535,1057767673.535,4,False,True
C,A,20220101,2022,52,2022,826,,,X,,0,,,703,,,H6,HS,True,8703,,,,C00,,0,1000,,-1,,0.0,False,-1,,0.0,False,1163.0,False,0,False,,300987.926,300987.926,0,False,True
C,A,20220101,2022,52,2022,826,,,X,,0,,,0,,,H6,HS,True,8703,,,,C00,,0,0,,-1,,0.0,False,-1,,0.0,False,1193468377.432,True,0,False,,29097545800.776,29097545800.776,4,False,True
C,A,20220101,2022,52,2022,826,,,X,,0,,,703,,,H6,HS,True,8703,,,,C00,,0,0,,-1,,0.0,False,-1,,0.0,False,982192.0,False,0,False,,21801052.921,21801052.921,0,False,True
C,A,20220101,2022,52,2022,826,,,X,,0,,,100,,,H6,HS,True,8703,,,,C00,,0,9000,,5,,1.0,False,5,,1.0,False,1435.0,False,0,False,,6950.833,6950.833,0,False,True
C,A,20220101,2022,52,2022,826,,,X,,0,,,703,,,H6,HS,True,8703,,,,C00,,0,9000,,5,,1.0,False,5,,1.0,False,1435.0,False,0,False,,247302.688,247302.688,0,False,True
C,A,20220101,2022,52,2022,826,,,X,,0,,,0,,,H6,HS,True,8703,,,,C00,,0,3100,,5,,1.0,False,5,,1.0,False,1245.0,False,0,False,,25923.41,25923.41,0,False,True
C,A,20220101,2022,52,2022,826,,,X,,0,,,0,,,H6,HS,True,8703,,,,C00,,0,9300,,5,,1.0,False,5,,1.0,False,2000.0,False,0,False,,17090.212,17090.212,0,False,True
C,A,20220101,2022,52,2022,826,,,X,,0,,,251,,,H6,HS,True,8703,,,,C00,,0,3100,,5,,1.0,False,5,,1.0,False,1245.0,False,0,False,,25923.41,25923.41,0,False,True
C,A,20220101,2022,52,2022,826,,,X,,0,,,36,,,H6,HS,True,8703,,,,C00,,0,9900,,5,,1.0,False,5,,1.0,False,1395.0,False,0,False,,1464875.292,1464875.292,0,False,True
C,A,20220101,2022,52,2022,826,,,X,,0,,,694,,,H6,HS,True,8703,,,,C00,,0,9900,,5,,1.0,False,5,,1.0,False,2000.0,False,0,False,,7324.376,7324.376,0,False,True
C,A,20220101,2022,52,2022,826,,,X,,0,,,703,,,H6,HS,True,8703,,,,C00,,0,3200,,5,,1.0,False,5,,1.0,False,76.0,False,0,False,,2038.618,2038.618,0,False,True
C,A,20220101,2022,52,2022,826,,,X,,0,,,104,,,H6,HS,True,8703,,,,C00,,0,2100,,5,,1.0,False,5,,1.0,False,12000.0,False,0,False,,8545.106,8545.106,0,False,True
C,A,20220101,2022,52,2022,826,,,X,,0,,,100,,,H6,HS,True,8703,,,,C00,,0,1000,,5,,1.0,False,5,,1.0,False,25.0,False,0,False,,2286.426,2286.426,0,False,True
C,A,20220101,2022,52,2022,826,,,X,,0,,,136,,,H6,HS,True,8703,,,,C00,,0,1000,,5,,1.0,False,5,,1.0,False,19.0,False,0,False,,1464.875,1464.875,0,False,True
C,A,20220101,2022,52,2022,826,,,X,,0,,,688,,,H6,HS,True,8703,,,,C00,,0,1000,,5,,1.0,False,5,,1.0,False,22.0,False,0,False,,3601.152,3601.152,0,False,True
C,A,20220101,2022,52,2022,826,,,X,,0,,,705,,,H6,HS,True,8703,,,,C00,,0,1000,,5,,1.0,False,5,,1.0,False,40.0,False,0,False,,3021.305,3021.305,0,False,True
C,A,20220101,2022,52,2022,826,,,X,,0,,,270,,,H6,HS,True,8703,,,,C00,,0,1000,,5,,1.0,False,5,,1.0,False,1600.0,False,0,False,,15533.782,15533.782,0,False,True
C,A,20220101,2022,52,2022,826,,,X,,0,,,586,,,H6,HS,True,8703,,,,C00,,0,1000,,5,,1.0,False,5,,1.0,False,560.0,False,0,False,,49183.188,49183.188,0,False,True
C,A,20220101,2022,52,2022,826,,,X,,0,,,598,,,H6,HS,True,8703,,,,C00,,0,1000,,5,,1.0,False,5,,1.0,False,46.0,False,0,False,,7299.962,7299.962,0,False,True
C,A,20220101,2022,52,2022,826,,,X,,0,,,716,,,H6,HS,True,8703,,,,C00,,0,1000,,5,,1.0,False,5,,1.0,False,2535.0,False,0,False,,178226.494,178226.494,0,False,True
C,A,20220101,2022,52,2022,826,,,X,,0,,,104,,,H6,HS,True,8703,,,,C00,,0,0,,5,,1.0,False,5,,1.0,False,12000.0,False,0,False,,8545.106,8545.106,0,False,True
C,A,20220101,2022,52,2022,826,,,X,,0,,,442,,,H6,HS,True,8703,,,,C00,,0,1000,,5,,1.0,False,5,,1.0,False,10.0,False,0,False,,2860.169,2860.169,0,False,True
C,A,20220101,2022,52,2022,826,,,X,,0,,,8,,,H6,HS,True,8703,,,,C00,,0,9900,,5,,162.0,False,5,,162.0,False,300223.926,True,0,False,,826756.083,826756.083,4,False,True
C,A,20220101,2022,52,2022,826,,,X,,0,,,124,,,H6,HS,True,8703,,,,C00,,0,1000,,5,,185.0,False,5,,185.0,False,20929.532,True,0,False,,4250500.458,4250500.458,4,False,True
C,A,20220101,2022,52,2022,826,,,X,,0,,,682,,,H6,HS,True,8703,,,,C00,,0,1000,,5,,52.0,False,5,,52.0,False,107457.518,True,0,False,,23187949.239,23187949.239,4,False,True
C,A,20220101,2022,52,2022,826,,,X,,0,,,251,,,H6,HS,True,8703,,,,C00,,0,1000,,5,,14724.0,False,5,,14724.0,False,21509632.541,True,0,False,,305944616.228,305944616.228,4,False,True
C,A,20220101,2022,52,2022,826,,,X,,0,,,124,,,H6,HS,True,8703,,,,C00,,0,0,,5,,8464.0,False,5,,8464.0,False,16830160.532,True,0,False,,536830956.129,536830956.129,4,False,True
C,A,20220101,2022,52,2022,826,,,X,,0,,,8,,,H6,HS,True,8703,,,,C00,,0,0,,5,,165.0,False,5,,165.0,False,303798.926,True,0,False,,853978.349,853978.349,4,False,True
C,A,20220101,2022,52,2022,826,,,X,,0,,,682,,,H6,HS,True,8703,,,,C00,,0,0,,5,,2304.0,False,5,,2304.0,False,5441908.518,True,0,False,,319725099.719,319725099.719,4,False,True
C,A,20220101,2022,52,2022,826,,,X,,0,,,380,,,H6,HS,True,8703,,,,C00,,0,9000,,5,,143.0,False,5,,143.0,False,4445.0,False,0,False,,347162.016,347162.016,0,False,True
C,A,20220101,2022,52,2022,826,,,X,,0,,,36,,,H6,HS,True,8703,,,,C00,,0,3200,,5,,20.0,False,5,,20.0,False,13.0,False,0,False,,2618.465,2618.465,0,False,True
C,A,20220101,2022,52,2022,826,,,X,,0,,,688,,,H6,HS,True,8703,,,,C00,,0,3200,,5,,9.0,False,5,,9.0,False,12450.0,False,0,False,,6121.958,6121.958,0,False,True
C,A,20220101,2022,52,2022,826,,,X,,0,,,579,,,H6,HS,True,8703,,,,C00,,0,3200,,5,,8.0,False,5,,8.0,False,145.0,False,0,False,,14746.411,14746.411,0,False,True
C,A,20220101,2022,52,2022,826,,,X,,0,,,528,,,H6,HS,True,8703,,,,C00,,0,3200,,5,,37.0,False,5,,37.0,False,2982.0,False,0,False,,14501.045,14501.045,0,False,True
C,A,20220101,2022,52,2022,826,,,X,,0,,,380,,,H6,HS,True,8703,,,,C00,,0,3200,,5,,312.0,False,5,,312.0,False,518.0,False,0,False,,9387.409,9387.409,0,False,True
C,A,20220101,2022,52,2022,826,,,X,,0,,,372,,,H6,HS,True,8703,,,,C00,,0,3200,,5,,9.0,False,5,,9.0,False,689.0,False,0,False,,24696.577,24696.577,0,False,True
C,A,20220101,2022,52,2022,826,,,X,,0,,,276,,,H6,HS,True,8703,,,,C00,,0,3200,,5,,205.0,False,5,,205.0,False,9848.0,False,0,False,,118118.998,118118.998,0,False,True
C,A,20220101,2022,52,2022,826,,,X,,0,,,688,,,H6,HS,True,8703,,,,C00,,0,9900,,5,,2048.0,False,5,,2048.0,False,1883419.0,False,0,False,,965744.672,965744.672,0,False,True
C,A,20220101,2022,52,2022,826,,,X,,0,,,705,,,H6,HS,True,8703,,,,C00,,0,9900,,5,,77.0,False,5,,77.0,False,115206.0,False,0,False,,90833.255,90833.255,0,False,True
C,A,20220101,2022,52,2022,826,,,X,,0,,,428,,,H6,HS,True,8703,,,,C00,,0,9900,,5,,50.0,False,5,,50.0,False,87386.0,False,0,False,,2680736.433,2680736.433,0,False,True
C,A,20220101,2022,52,2022,826,,,X,,0,,,292,,,H6,HS,True,8703,,,,C00,,0,9900,,5,,22.0,False,5,,22.0,False,1881.0,False,0,False,,28119.502,28119.502,0,False,True
C,A,20220101,2022,52,2022,826,,,X,,0,,,191,,,H6,HS,True,8703,,,,C00,,0,9900,,5,,43.0,False,5,,43.0,False,61873.0,False,0,False,,20549233.974,20549233.974,0,False,True
C,A,20220101,2022,52,2022,826,,,X,,0,,,440,,,H6,HS,True,8703,,,,C00,,0,9900,,5,,5092.0,False,5,,5092.0,False,4311176.0,False,0,False,,6511384.101,6511384.101,0,False,True
C,A,20220101,2022,52,2022,826,,,X,,0,,,100,,,H6,HS,True,8703,,,,C00,,0,9900,,5,,1421.0,False,5,,1421.0,False,2404830.0,False,0,False,,1041888.889,1041888.889,0,False,True
C,A,20220101,2022,52,2022,826,,,X,,0,,,703,,,H6,HS,True,8703,,,,C00,,0,9900,,5,,47.0,False,5,,47.0,False,77060.0,False,0,False,,1268961.65,1268961.65,0,False,True
C,A,20220101,2022,52,2022,826,,,X,,0,,,710,,,H6,HS,True,8703,,,,C00,,0,9900,,5,,7.0,False,5,,7.0,False,12560.0,False,0,False,,79064.202,79064.202,0,False,True
C,A,20220101,2022,52,2022,826,,,X,,0,,,414,,,H6,HS,True,8703,,,,C00,,0,9900,,5,,8.0,False,5,,8.0,False,19242.0,False,0,False,,1028729.426,1028729.426,0,False,True
C,A,20220101,2022,52,2022,826,,,X,,0,,,442,,,H6,HS,True,8703,,,,C00,,0,9900,,5,,64.0,False,5,,64.0,False,119299.0,False,0,False,,11238661.183,11238661.183,0,False,True
C,A,20220101,2022,52,2022,826,,,X,,0,,,268,,,H6,HS,True,8703,,,,C00,,0,9900,,5,,10.0,False,5,,10.0,False,15135.0,False,0,False,,21101.529,21101.529,0,False,True
C,A,20220101,2022,52,2022,826,,,X,,0,,,894,,,H6,HS,True,8703,,,,C00,,0,9900,,5,,14.0,False,5,,14.0,False,26535.0,False,0,False,,129547.467,129547.467,0,False,True
C,A,20220101,2022,52,2022,826,,,X,,0,,,380,,,H6,HS,True,8703,,,,C00,,0,9900,,5,,880.0,False,5,,880.0,False,624466.0,False,0,False,,61500859.161,61500859.161,0,False,True
C,A,20220101,2022,52,2022,826,,,X,,0,,,276,,,H6,HS,True,8703,,,,C00,,0,9900,,5,,4357.0,False,5,,4357.0,False,6961181.0,False,0,False,,635655419.243,635655419.243,0,False,True
C,A,20220101,2022,52,2022,826,,,X,,0,,,251,,,H6,HS,True,8703,,,,C00,,0,9900,,5,,11044.0,False,5,,11044.0,False,5421544.0,False,0,False,,214431050.28,214431050.28,0,False,True
C,A,20220101,2022,52,2022,826,,,X,,0,,,372,,,H6,HS,True,8703,,,,C00,,0,9900,,5,,31870.0,False,5,,31870.0,False,21090899.0,False,0,False,,288496959.047,288496959.047,0,False,True
C,A,20220101,2022,52,2022,826,,,X,,0,,,710,,,H6,HS,True,8703,,,,C00,,0,2100,,5,,3954.0,False,5,,3954.0,False,6857915.0,False,0,False,,127767542.377,127767542.377,0,False,True
C,A,20220101,2022,52,2022,826,,,X,,0,,,156,,,H6,HS,True,8703,,,,C00,,0,2100,,5,,51833.0,False,5,,51833.0,False,100206657.0,False,0,False,,4030509682.503,4030509682.503,0,False,True
C,A,20220101,2022,52,2022,826,,,X,,0,,,36,,,H6,HS,True,8703,,,,C00,,0,2100,,5,,10972.0,False,5,,10972.0,False,18663962.0,False,0,False,,447315799.91,447315799.91,0,False,True
C,A,20220101,2022,52,2022,826,,,X,,0,,,376,,,H6,HS,True,8703,,,,C00,,0,2100,,5,,3419.0,False,5,,3419.0,False,5216875.0,False,0,False,,87015347.754,87015347.754,0,False,True
C,A,20220101,2022,52,2022,826,,,X,,0,,,699,,,H6,HS,True,8703,,,,C00,,0,2100,,5,,905.0,False,5,,905.0,False,2033010.0,False,0,False,,52536498.658,52536498.658,0,False,True
C,A,20220101,2022,52,2022,826,,,X,,0,,,251,,,H6,HS,True,8703,,,,C00,,0,2100,,5,,49350.0,False,5,,49350.0,False,71967174.0,False,0,False,,1160300370.792,1160300370.792,0,False,True
C,A,20220101,2022,52,2022,826,,,X,,0,,,702,,,H6,HS,True,8703,,,,C00,,0,2100,,5,,18348.0,False,5,,18348.0,False,3944468.0,False,0,False,,190927800.062,190927800.062,0,False,True
C,A,20220101,2022,52,2022,826,,,X,,0,,,392,,,H6,HS,True,8703,,,,C00,,0,2100,,5,,28327.0,False,5,,28327.0,False,27696111.0,False,0,False,,696550425.515,696550425.515,0,False,True
C,A,20220101,2022,52,2022,826,,,X,,0,,,458,,,H6,HS,True,8703,,,,C00,,0,2100,,5,,4776.0,False,5,,4776.0,False,8940025.0,False,0,False,,375790855.279,375790855.279,0,False,True
C,A,20220101,2022,52,2022,826,,,X,,0,,,380,,,H6,HS,True,8703,,,,C00,,0,2100,,5,,43842.0,False,5,,43842.0,False,67607964.0,False,0,False,,1114381795.394,1114381795.394,0,False,True
C,A,20220101,2022,52,2022,826,,,X,,0,,,410,,,H6,HS,True,8703,,,,C00,,0,2100,,5,,12186.0,False,5,,12186.0,False,21439872.0,False,0,False,,646688402.168,646688402.168,0,False,True
C,A,20220101,2022,52,2022,826,,,X,,0,,,434,,,H6,HS,True,8703,,,,C00,,0,2100,,5,,24.0,False,5,,24.0,False,109112.0,False,0,False,,85017.7,85017.7,0,False,True
C,A,20220101,2022,52,2022,826,,,X,,0,,,100,,,H6,HS,True,8703,,,,C00,,0,2100,,5,,746.0,False,5,,746.0,False,1162440.0,False,0,False,,20477334.233,20477334.233,0,False,True
C,A,20220101,2022,52,2022,826,,,X,,0,,,108,,,H6,HS,True,8703,,,,C00,,0,2100,,5,,54.0,False,5,,54.0,False,306144.0,False,0,False,,538677.37,538677.37,0,False,True
C,A,20220101,2022,52,2022,826,,,X,,0,,,112,,,H6,HS,True,8703,,,,C00,,0,2100,,5,,9.0,False,5,,9.0,False,22050.0,False,0,False,,1300714.042,1300714.042,0,False,True
C,A,20220101,2022,52,2022,826,,,X,,0,,,116,,,H6,HS,True,8703,,,,C00,,0,2100,,5,,38.0,False,5,,38.0,False,86301.0,False,0,False,,2565635.078,2565635.078,0,False,True
C,A,20220101,2022,52,2022,826,,,X,,0,,,120,,,H6,HS,True,8703,,,,C00,,0,2100,,5,,954.0,False,5,,954.0,False,3952335.0,False,0,False,,3785407.436,3785407.436,0,False,True
C,A,20220101,2022,52,2022,826,,,X,,0,,,136,,,H6,HS,True,8703,,,,C00,,0,2100,,5,,89.0,False,5,,89.0,False,180894.0,False,0,False,,3992170.921,3992170.921,0,False,True
C,A,20220101,2022,52,2022,826,,,X,,0,,,178,,,H6,HS,True,8703,,,,C00,,0,2100,,5,,562.0,False,5,,562.0,False,1462001.0,False,0,False,,1763579.234,1763579.234,0,False,True
C,A,20220101,2022,52,2022,826,,,X,,0,,,188,,,H6,HS,True,8703,,,,C00,,0,2100,,5,,809.0,False,5,,809.0,False,1262394.0,False,0,False,,21941771.283,21941771.283,0,False,True
C,A,20220101,2022,52,2022,826,,,X,,0,,,191,,,H6,HS,True,8703,,,,C00,,0,2100,,5,,75.0,False,5,,75.0,False,99920.0,False,0,False,,1565531.756,1565531.756,0,False,True
C,A,20220101,2022,52,2022,826,,,X,,0,,,388,,,H6,HS,True,8703,,,,C00,,0,2100,,5,,237.0,False,5,,237.0,False,954468.0,False,0,False,,5127764.221,5127764.221,0,False,True
C,A,20220101,2022,52,2022,826,,,X,,0,,,24,,,H6,HS,True,8703,,,,C00,,0,2100,,5,,31.0,False,5,,31.0,False,167478.0,False,0,False,,1177684.05,1177684.05,0,False,True
C,A,20220101,2022,52,2022,826,,,X,,0,,,31,,,H6,HS,True,8703,,,,C00,,0,2100,,5,,1648.0,False,5,,1648.0,False,4318370.0,False,0,False,,221177146.466,221177146.466,0,False,True
C,A,20220101,2022,52,2022,826,,,X,,0,,,32,,,H6,HS,True,8703,,,,C00,,0,2100,,5,,124.0,False,5,,124.0,False,172244.0,False,0,False,,2742720.19,2742720.19,0,False,True
C,A,20220101,2022,52,2022,826,,,X,,0,,,682,,,H6,HS,True,8703,,,,C00,,0,2100,,5,,2252.0,False,5,,2252.0,False,5334451.0,False,0,False,,296537150.481,296537150.481,0,False,True
C,A,20220101,2022,52,2022,826,,,X,,0,,,686,,,H6,HS,True,8703,,,,C00,,0,2100,,5,,263.0,False,5,,263.0,False,825764.0,False,0,False,,2058054.568,2058054.568,0,False,True
C,A,20220101,2022,52,2022,826,,,X,,0,,,688,,,H6,HS,True,8703,,,,C00,,0,2100,,5,,65.0,False,5,,65.0,False,85442.0,False,0,False,,1123454.366,1123454.366,0,False,True
C,A,20220101,2022,52,2022,826,,,X,,0,,,690,,,H6,HS,True,8703,,,,C00,,0,2100,,5,,25.0,False,5,,25.0,False,49745.0,False,0,False,,1263392.682,1263392.682,0,False,True
C,A,20220101,2022,52,2022,826,,,X,,0,,,694,,,H6,HS,True,8703,,,,C00,,0,2100,,5,,396.0,False,5,,396.0,False,2702449.0,False,0,False,,3319512.394,3319512.394,0,False,True
C,A,20220101,2022,52,2022,826,,,X,,0,,,703,,,H6,HS,True,8703,,,,C00,,0,2100,,5,,449.0,False,5,,449.0,False,902458.0,False,0,False,,19981762.039,19981762.039,0,False,True
C,A,20220101,2022,52,2022,826,,,X,,0,,,704,,,H6,HS,True,8703,,,,C00,,0,2100,,5,,388.0,False,5,,388.0,False,690048.0,False,0,False,,25535247.096,25535247.096,0,False,True
C,A,20220101,2022,52,2022,826,,,X,,0,,,705,,,H6,HS,True,8703,,,,C00,,0,2100,,5,,1502.0,False,5,,1502.0,False,2113693.0,False,0,False,,30420958.986,30420958.986,0,False,True
C,A,20220101,2022,52,2022,826,,,X,,0,,,400,,,H6,HS,True,8703,,,,C00,,0,2100,,5,,180.0,False,5,,180.0,False,447346.0,False,0,False,,16291626.429,16291626.429,0,False,True
C,A,20220101,2022,52,2022,826,,,X,,0,,,414,,,H6,HS,True,8703,,,,C00,,0,2100,,5,,1536.0,False,5,,1536.0,False,3467944.0,False,0,False,,155630163.805,155630163.805,0,False,True
C,A,20220101,2022,52,2022,826,,,X,,0,,,418,,,H6,HS,True,8703,,,,C00,,0,2100,,5,,40.0,False,5,,40.0,False,85663.0,False,0,False,,2363144.145,2363144.145,0,False,True
C,A,20220101,2022,52,2022,826,,,X,,0,,,422,,,H6,HS,True,8703,,,,C00,,0,2100,,5,,932.0,False,5,,932.0,False,741432.0,False,0,False,,28508248.123,28508248.123,0,False,True
C,A,20220101,2022,52,2022,826,,,X,,0,,,428,,,H6,HS,True,8703,,,,C00,,0,2100,,5,,854.0,False,5,,854.0,False,1316976.0,False,0,False,,35104920.926,35104920.926,0,False,True
C,A,20220101,2022,52,2022,826,,,X,,0,,,440,,,H6,HS,True,8703,,,,C00,,0,2100,,5,,2149.0,False,5,,2149.0,False,3260594.0,False,0,False,,38777965.102,38777965.102,0,False,True
C,A,20220101,2022,52,2022,826,,,X,,0,,,442,,,H6,HS,True,8703,,,,C00,,0,2100,,5,,425.0,False,5,,425.0,False,595588.0,False,0,False,,10572748.407,10572748.407,0,False,True
C,A,20220101,2022,52,2022,826,,,X,,0,,,454,,,H6,HS,True,8703,,,,C00,,0,2100,,5,,109.0,False,5,,109.0,False,445194.0,False,0,False,,863188.752,863188.752,0,False,True
C,A,20220101,2022,52,2022,826,,,X,,0,,,268,,,H6,HS,True,8703,,,,C00,,0,2100,,5,,2016.0,False,5,,2016.0,False,3069597.0,False,0,False,,33182538.224,33182538.224,0,False,True
C,A,20220101,2022,52,2022,826,,,X,,0,,,270,,,H6,HS,True,8703,,,,C00,,0,2100,,5,,421.0,False,5,,421.0,False,1825394.0,False,0,False,,1844401.286,1844401.286,0,False,True
C,A,20220101,2022,52,2022,826,,,X,,0,,,275,,,H6,HS,True,8703,,,,C00,,0,2100,,5,,121.0,False,5,,121.0,False,231121.0,False,0,False,,5527632.45,5527632.45,0,False,True
C,A,20220101,2022,52,2022,826,,,X,,0,,,531,,,H6,HS,True,8703,,,,C00,,0,2100,,5,,15.0,False,5,,15.0,False,64290.0,False,0,False,,185952.49,185952.49,0,False,True
C,A,20220101,2022,52,2022,826,,,X,,0,,,540,,,H6,HS,True,8703,,,,C00,,0,2100,,5,,336.0,False,5,,336.0,False,520438.0,False,0,False,,8605723.63,8605723.63,0,False,True
C,A,20220101,2022,52,2022,826,,,X,,0,,,591,,,H6,HS,True,8703,,,,C00,,0,2100,,5,,263.0,False,5,,263.0,False,444138.0,False,0,False,,28611289.892,28611289.892,0,False,True
C,A,20220101,2022,52,2022,826,,,X,,0,,,600,,,H6,HS,True,8703,,,,C00,,0,2100,,5,,49.0,False,5,,49.0,False,92223.0,False,0,False,,2511772.834,2511772.834,0,False,True
C,A,20220101,2022,52,2022,826,,,X,,0,,,604,,,H6,HS,True,8703,,,,C00,,0,2100,,5,,110.0,False,5,,110.0,False,173786.0,False,0,False,,4653558.453,4653558.453,0,False,True
C,A,20220101,2022,52,2022,826,,,X,,0,,,608,,,H6,HS,True,8703,,,,C00,,0,2100,,5,,294.0,False,5,,294.0,False,501334.0,False,0,False,,17259772.276,17259772.276,0,False,True
C,A,20220101,2022,52,2022,826,,,X,,0,,,858,,,H6,HS,True,8703,,,,C00,,0,2100,,5,,62.0,False,5,,62.0,False,91277.0,False,0,False,,3822585.971,3822585.971,0,False,True
C,A,20220101,2022,52,2022,826,,,X,,0,,,887,,,H6,HS,True,8703,,,,C00,,0,2100,,5,,45.0,False,5,,45.0,False,117509.0,False,0,False,,4944269.059,4944269.059,0,False,True
C,A,20220101,2022,52,2022,826,,,X,,0,,,894,,,H6,HS,True,8703,,,,C00,,0,2100,,5,,233.0,False,5,,233.0,False,620767.0,False,0,False,,2614641.26,2614641.26,0,False,True
C,A,20220101,2022,52,2022,826,,,X,,0,,,716,,,H6,HS,True,8703,,,,C00,,0,2100,,5,,348.0,False,5,,348.0,False,1193136.0,False,0,False,,6582822.407,6582822.407,0,False,True
C,A,20220101,2022,52,2022,826,,,X,,0,,,124,,,H6,HS,True,8703,,,,C00,,0,2100,,5,,8277.0,False,5,,8277.0,False,16806466.0,False,0,False,,532495187.721,532495187.721,0,False,True
C,A,20220101,2022,52,2022,826,,,X,,0,,,579,,,H6,HS,True,8703,,,,C00,,0,2100,,5,,9510.0,False,5,,9510.0,False,8615733.0,False,0,False,,156560067.861,156560067.861,0,False,True
C,A,20220101,2022,52,2022,826,,,X,,0,,,276,,,H6,HS,True,8703,,,,C00,,0,2100,,5,,64909.0,False,5,,64909.0,False,100027748.0,False,0,False,,1749448187.061,1749448187.061,0,False,True
C,A,20220101,2022,52,2022,826,,,X,,0,,,144,,,H6,HS,True,8703,,,,C00,,0,2100,,5,,7.0,False,5,,7.0,False,24540.0,False,0,False,,659575.97,659575.97,0,False,True
C,A,20220101,2022,52,2022,826,,,X,,0,,,116,,,H6,HS,True,8703,,,,C00,,0,1000,,5,,46.0,False,5,,46.0,False,110691.0,False,0,False,,12260565.511,12260565.511,0,False,True
C,A,20220101,2022,52,2022,826,,,X,,0,,,31,,,H6,HS,True,8703,,,,C00,,0,1000,,5,,41.0,False,5,,41.0,False,110005.0,False,0,False,,15782773.92,15782773.92,0,False,True
C,A,20220101,2022,52,2022,826,,,X,,0,,,458,,,H6,HS,True,8703,,,,C00,,0,1000,,5,,42.0,False,5,,42.0,False,48815.0,False,0,False,,7448960.441,7448960.441,0,False,True
C,A,20220101,2022,52,2022,826,,,X,,0,,,414,,,H6,HS,True,8703,,,,C00,,0,1000,,5,,16.0,False,5,,16.0,False,35670.0,False,0,False,,3144995.697,3144995.697,0,False,True
C,A,20220101,2022,52,2022,826,,,X,,0,,,528,,,H6,HS,True,8703,,,,C00,,0,1000,,5,,29.0,False,5,,29.0,False,2011.0,False,0,False,,30117.836,30117.836,0,False,True
C,A,20220101,2022,52,2022,826,,,X,,0,,,376,,,H6,HS,True,8703,,,,C00,,0,1000,,5,,172.0,False,5,,172.0,False,608.0,False,0,False,,59306.697,59306.697,0,False,True
C,A,20220101,2022,52,2022,826,,,X,,0,,,579,,,H6,HS,True,8703,,,,C00,,0,1000,,5,,14.0,False,5,,14.0,False,17.0,False,0,False,,12954.38,12954.38,0,False,True
C,A,20220101,2022,52,2022,826,,,X,,0,,,554,,,H6,HS,True,8703,,,,C00,,0,1000,,5,,73.0,False,5,,73.0,False,20928.0,False,0,False,,25183.648,25183.648,0,False,True
C,A,20220101,2022,52,2022,826,,,X,,0,,,36,,,H6,HS,True,8703,,,,C00,,0,1000,,5,,206.0,False,5,,206.0,False,18180.0,False,0,False,,10187204.216,10187204.216,0,False,True
C,A,20220101,2022,52,2022,826,,,X,,0,,,702,,,H6,HS,True,8703,,,,C00,,0,1000,,5,,98.0,False,5,,98.0,False,201638.0,False,0,False,,40634648.147,40634648.147,0,False,True
C,A,20220101,2022,52,2022,826,,,X,,0,,,699,,,H6,HS,True,8703,,,,C00,,0,1000,,5,,29.0,False,5,,29.0,False,69782.0,False,0,False,,6899870.249,6899870.249,0,False,True
C,A,20220101,2022,52,2022,826,,,X,,0,,,410,,,H6,HS,True,8703,,,,C00,,0,1000,,5,,1773.0,False,5,,1773.0,False,77254.0,False,0,False,,10735543.66,10735543.66,0,False,True
C,A,20220101,2022,52,2022,826,,,X,,0,,,392,,,H6,HS,True,8703,,,,C00,,0,1000,,5,,572.0,False,5,,572.0,False,150428.0,False,0,False,,22548245.523,22548245.523,0,False,True
C,A,20220101,2022,52,2022,826,,,X,,0,,,710,,,H6,HS,True,8703,,,,C00,,0,1000,,5,,13.0,False,5,,13.0,False,19104.0,False,0,False,,2189651.64,2189651.64,0,False,True
C,A,20220101,2022,52,2022,826,,,X,,0,,,372,,,H6,HS,True,8703,,,,C00,,0,1000,,5,,11.0,False,5,,11.0,False,166.0,False,0,False,,6023.079,6023.079,0,False,True
C,A,20220101,2022,52,2022,826,,,X,,0,,,398,,,H6,HS,True,8703,,,,C00,,0,1000,,5,,7.0,False,5,,7.0,False,16448.0,False,0,False,,1578726.62,1578726.62,0,False,True
C,A,20220101,2022,52,2022,826,,,X,,0,,,100,,,H6,HS,True,8703,,,,C00,,0,0,,5,,2169.0,False,5,,2169.0,False,3568730.0,False,0,False,,21528460.381,21528460.381,0,False,True
C,A,20220101,2022,52,2022,826,,,X,,0,,,108,,,H6,HS,True,8703,,,,C00,,0,0,,5,,56.0,False,5,,56.0,False,310144.0,False,0,False,,590057.871,590057.871,0,False,True
C,A,20220101,2022,52,2022,826,,,X,,0,,,116,,,H6,HS,True,8703,,,,C00,,0,0,,5,,84.0,False,5,,84.0,False,196992.0,False,0,False,,14826200.588,14826200.588,0,False,True
C,A,20220101,2022,52,2022,826,,,X,,0,,,120,,,H6,HS,True,8703,,,,C00,,0,0,,5,,954.0,False,5,,954.0,False,3952335.0,False,0,False,,3785407.436,3785407.436,0,False,True
C,A,20220101,2022,52,2022,826,,,X,,0,,,136,,,H6,HS,True,8703,,,,C00,,0,0,,5,,90.0,False,5,,90.0,False,180913.0,False,0,False,,3993635.796,3993635.796,0,False,True
C,A,20220101,2022,52,2022,826,,,X,,0,,,178,,,H6,HS,True,8703,,,,C00,,0,0,,5,,562.0,False,5,,562.0,False,1462001.0,False,0,False,,1763579.234,1763579.234,0,False,True
C,A,20220101,2022,52,2022,826,,,X,,0,,,188,,,H6,HS,True,8703,,,,C00,,0,0,,5,,809.0,False,5,,809.0,False,1262394.0,False,0,False,,21941771.283,21941771.283,0,False,True
C,A,20220101,2022,52,2022,826,,,X,,0,,,388,,,H6,HS,True,8703,,,,C00,,0,0,,5,,237.0,False,5,,237.0,False,954468.0,False,0,False,,5127764.221,5127764.221,0,False,True
C,A,20220101,2022,52,2022,826,,,X,,0,,,24,,,H6,HS,True,8703,,,,C00,,0,0,,5,,31.0,False,5,,31.0,False,167478.0,False,0,False,,1177684.05,1177684.05,0,False,True
C,A,20220101,2022,52,2022,826,,,X,,0,,,31,,,H6,HS,True,8703,,,,C00,,0,0,,5,,1691.0,False,5,,1691.0,False,4429134.0,False,0,False,,236980183.273,236980183.273,0,False,True
C,A,20220101,2022,52,2022,826,,,X,,0,,,32,,,H6,HS,True,8703,,,,C00,,0,0,,5,,126.0,False,5,,126.0,False,173219.0,False,0,False,,2964264.267,2964264.267,0,False,True
C,A,20220101,2022,52,2022,826,,,X,,0,,,686,,,H6,HS,True,8703,,,,C00,,0,0,,5,,263.0,False,5,,263.0,False,825764.0,False,0,False,,2058054.568,2058054.568,0,False,True
C,A,20220101,2022,52,2022,826,,,X,,0,,,690,,,H6,HS,True,8703,,,,C00,,0,0,,5,,25.0,False,5,,25.0,False,49745.0,False,0,False,,1263392.682,1263392.682,0,False,True
C,A,20220101,2022,52,2022,826,,,X,,0,,,694,,,H6,HS,True,8703,,,,C00,,0,0,,5,,397.0,False,5,,397.0,False,2704449.0,False,0,False,,3326836.771,3326836.771,0,False,True
C,A,20220101,2022,52,2022,826,,,X,,0,,,418,,,H6,HS,True,8703,,,,C00,,0,0,,5,,40.0,False,5,,40.0,False,85663.0,False,0,False,,2363144.145,2363144.145,0,False,True
C,A,20220101,2022,52,2022,826,,,X,,0,,,422,,,H6,HS,True,8703,,,,C00,,0,0,,5,,932.0,False,5,,932.0,False,741432.0,False,0,False,,28508248.123,28508248.123,0,False,True
C,A,20220101,2022,52,2022,826,,,X,,0,,,442,,,H6,HS,True,8703,,,,C00,,0,0,,5,,490.0,False,5,,490.0,False,714897.0,False,0,False,,21814269.758,21814269.758,0,False,True
C,A,20220101,2022,52,2022,826,,,X,,0,,,454,,,H6,HS,True,8703,,,,C00,,0,0,,5,,113.0,False,5,,113.0,False,452594.0,False,0,False,,878014.511,878014.511,0,False,True
C,A,20220101,2022,52,2022,826,,,X,,0,,,268,,,H6,HS,True,8703,,,,C00,,0,0,,5,,2026.0,False,5,,2026.0,False,3084732.0,False,0,False,,33203639.752,33203639.752,0,False,True
C,A,20220101,2022,52,2022,826,,,X,,0,,,270,,,H6,HS,True,8703,,,,C00,,0,0,,5,,422.0,False,5,,422.0,False,1826994.0,False,0,False,,1859935.068,1859935.068,0,False,True
C,A,20220101,2022,52,2022,826,,,X,,0,,,275,,,H6,HS,True,8703,,,,C00,,0,0,,5,,121.0,False,5,,121.0,False,231121.0,False,0,False,,5527632.45,5527632.45,0,False,True
C,A,20220101,2022,52,2022,826,,,X,,0,,,540,,,H6,HS,True,8703,,,,C00,,0,0,,5,,336.0,False,5,,336.0,False,520438.0,False,0,False,,8605723.63,8605723.63,0,False,True
C,A,20220101,2022,52,2022,826,,,X,,0,,,591,,,H6,HS,True,8703,,,,C00,,0,0,,5,,267.0,False,5,,267.0,False,444240.0,False,0,False,,28617500.964,28617500.964,0,False,True
C,A,20220101,2022,52,2022,826,,,X,,0,,,600,,,H6,HS,True,8703,,,,C00,,0,0,,5,,49.0,False,5,,49.0,False,92223.0,False,0,False,,2511772.834,2511772.834,0,False,True
C,A,20220101,2022,52,2022,826,,,X,,0,,,604,,,H6,HS,True,8703,,,,C00,,0,0,,5,,110.0,False,5,,110.0,False,173786.0,False,0,False,,4653558.453,4653558.453,0,False,True
C,A,20220101,2022,52,2022,826,,,X,,0,,,858,,,H6,HS,True,8703,,,,C00,,0,0,,5,,62.0,False,5,,62.0,False,91277.0,False,0,False,,3822585.971,3822585.971,0,False,True
C,A,20220101,2022,52,2022,826,,,X,,0,,,887,,,H6,HS,True,8703,,,,C00,,0,0,,5,,45.0,False,5,,45.0,False,117509.0,False,0,False,,4944269.059,4944269.059,0,False,True
C,A,20220101,2022,52,2022,826,,,X,,0,,,894,,,H6,HS,True,8703,,,,C00,,0,0,,5,,247.0,False,5,,247.0,False,647302.0,False,0,False,,2744188.727,2744188.727,0,False,True
C,A,20220101,2022,52,2022,826,,,X,,0,,,716,,,H6,HS,True,8703,,,,C00,,0,0,,5,,353.0,False,5,,353.0,False,1202971.0,False,0,False,,6782821.83,6782821.83,0,False,True
C,A,20220101,2022,52,2022,826,,,X,,0,,,434,,,H6,HS,True,8703,,,,C00,,0,0,,5,,24.0,False,5,,24.0,False,109112.0,False,0,False,,85017.7,85017.7,0,False,True
C,A,20220101,2022,52,2022,826,,,X,,0,,,440,,,H6,HS,True,8703,,,,C00,,0,0,,5,,7244.0,False,5,,7244.0,False,7577215.0,False,0,False,,45295895.975,45295895.975,0,False,True
C,A,20220101,2022,52,2022,826,,,X,,0,,,608,,,H6,HS,True,8703,,,,C00,,0,0,,5,,298.0,False,5,,298.0,False,508134.0,False,0,False,,17262030.625,17262030.625,0,False,True
C,A,20220101,2022,52,2022,826,,,X,,0,,,688,,,H6,HS,True,8703,,,,C00,,0,0,,5,,2123.0,False,5,,2123.0,False,1981333.0,False,0,False,,2098922.148,2098922.148,0,False,True
C,A,20220101,2022,52,2022,826,,,X,,0,,,400,,,H6,HS,True,8703,,,,C00,,0,0,,5,,180.0,False,5,,180.0,False,447346.0,False,0,False,,16291626.429,16291626.429,0,False,True
C,A,20220101,2022,52,2022,826,,,X,,0,,,191,,,H6,HS,True,8703,,,,C00,,0,0,,5,,118.0,False,5,,118.0,False,161793.0,False,0,False,,22114765.731,22114765.731,0,False,True
C,A,20220101,2022,52,2022,826,,,X,,0,,,704,,,H6,HS,True,8703,,,,C00,,0,0,,5,,391.0,False,5,,391.0,False,695246.0,False,0,False,,26224435.52,26224435.52,0,False,True
C,A,20220101,2022,52,2022,826,,,X,,0,,,458,,,H6,HS,True,8703,,,,C00,,0,0,,5,,4818.0,False,5,,4818.0,False,8988840.0,False,0,False,,383239815.72,383239815.72,0,False,True
C,A,20220101,2022,52,2022,826,,,X,,0,,,705,,,H6,HS,True,8703,,,,C00,,0,0,,5,,1580.0,False,5,,1580.0,False,2228939.0,False,0,False,,30514813.545,30514813.545,0,False,True
C,A,20220101,2022,52,2022,826,,,X,,0,,,428,,,H6,HS,True,8703,,,,C00,,0,0,,5,,904.0,False,5,,904.0,False,1404362.0,False,0,False,,37785657.359,37785657.359,0,False,True
C,A,20220101,2022,52,2022,826,,,X,,0,,,414,,,H6,HS,True,8703,,,,C00,,0,0,,5,,1560.0,False,5,,1560.0,False,3522856.0,False,0,False,,159803888.929,159803888.929,0,False,True
C,A,20220101,2022,52,2022,826,,,X,,0,,,376,,,H6,HS,True,8703,,,,C00,,0,0,,5,,3591.0,False,5,,3591.0,False,5217483.0,False,0,False,,87074654.451,87074654.451,0,False,True
C,A,20220101,2022,52,2022,826,,,X,,0,,,702,,,H6,HS,True,8703,,,,C00,,0,0,,5,,18448.0,False,5,,18448.0,False,4150805.0,False,0,False,,231925004.844,231925004.844,0,False,True
C,A,20220101,2022,52,2022,826,,,X,,0,,,410,,,H6,HS,True,8703,,,,C00,,0,0,,5,,13959.0,False,5,,13959.0,False,21517126.0,False,0,False,,657423945.828,657423945.828,0,False,True
C,A,20220101,2022,52,2022,826,,,X,,0,,,36,,,H6,HS,True,8703,,,,C00,,0,0,,5,,11199.0,False,5,,11199.0,False,18683550.0,False,0,False,,458970497.883,458970497.883,0,False,True
C,A,20220101,2022,52,2022,826,,,X,,0,,,699,,,H6,HS,True,8703,,,,C00,,0,0,,5,,934.0,False,5,,934.0,False,2102792.0,False,0,False,,59436368.908,59436368.908,0,False,True
C,A,20220101,2022,52,2022,826,,,X,,0,,,710,,,H6,HS,True,8703,,,,C00,,0,0,,5,,3974.0,False,5,,3974.0,False,6889579.0,False,0,False,,130036258.22,130036258.22,0,False,True
C,A,20220101,2022,52,2022,826,,,X,,0,,,392,,,H6,HS,True,8703,,,,C00,,0,0,,5,,28899.0,False,5,,28899.0,False,27846539.0,False,0,False,,719098671.038,719098671.038,0,False,True
C,A,20220101,2022,52,2022,826,,,X,,0,,,531,,,H6,HS,True,8703,,,,C00,,0,0,,5,,15.0,False,5,,15.0,False,64290.0,False,0,False,,185952.49,185952.49,0,False,True
C,A,20220101,2022,52,2022,826,,,X,,0,,,112,,,H6,HS,True,8703,,,,C00,,0,0,,5,,9.0,False,5,,9.0,False,22050.0,False,0,False,,1300714.042,1300714.042,0,False,True
C,A,20220101,2022,52,2022,826,,,X,,0,,,144,,,H6,HS,True,8703,,,,C00,,0,0,,5,,7.0,False,5,,7.0,False,24540.0,False,0,False,,659575.97,659575.97,0,False,True
C,A,20220101,2022,52,2022,826,,,X,,0,,,398,,,H6,HS,True,8703,,,,C00,,0,0,,5,,7.0,False,5,,7.0,False,16448.0,False,0,False,,1578726.62,1578726.62,0,False,True
C,A,20220101,2022,52,2022,826,,,X,,0,,,598,,,H6,HS,True,8703,,,,C00,,0,0,,5,,6.0,False,5,,6.0,False,3046.0,False,0,False,,25670.719,25670.719,0,False,True
C,A,20220101,2022,52,2022,826,,,X,,0,,,12,,,H6,HS,True,8703,,,,C00,,0,2100,,5,,5.0,False,5,,5.0,False,8975.0,False,0,False,,186501.819,186501.819,0,False,True
C,A,20220101,2022,52,2022,826,,,X,,0,,,266,,,H6,HS,True,8703,,,,C00,,0,2100,,5,,5.0,False,5,,5.0,False,25500.0,False,0,False,,15259.118,15259.118,0,False,True
C,A,20220101,2022,52,2022,826,,,X,,0,,,533,,,H6,HS,True,8703,,,,C00,,0,2100,,5,,5.0,False,5,,5.0,False,7875.0,False,0,False,,125222.423,125222.423,0,False,True
C,A,20220101,2022,52,2022,826,,,X,,0,,,598,,,H6,HS,True,8703,,,,C00,,0,2100,,5,,5.0,False,5,,5.0,False,3000.0,False,0,False,,18370.757,18370.757,0,False,True
C,A,20220101,2022,52,2022,826,,,X,,0,,,12,,,H6,HS,True,8703,,,,C00,,0,0,,5,,5.0,False,5,,5.0,False,8975.0,False,0,False,,186501.819,186501.819,0,False,True
C,A,20220101,2022,52,2022,826,,,X,,0,,,266,,,H6,HS,True,8703,,,,C00,,0,0,,5,,5.0,False,5,,5.0,False,25500.0,False,0,False,,15259.118,15259.118,0,False,True
C,A,20220101,2022,52,2022,826,,,X,,0,,,533,,,H6,HS,True,8703,,,,C00,,0,0,,5,,5.0,False,5,,5.0,False,7875.0,False,0,False,,125222.423,125222.423,0,False,True
C,A,20220101,2022,52,2022,826,,,X,,0,,,591,,,H6,HS,True,8703,,,,C00,,0,1000,,5,,4.0,False,5,,4.0,False,102.0,False,0,False,,6211.071,6211.071,0,False,True
C,A,20220101,2022,52,2022,826,,,X,,0,,,430,,,H6,HS,True,8703,,,,C00,,0,2100,,5,,4.0,False,5,,4.0,False,21687.0,False,0,False,,20681.598,20681.598,0,False,True
C,A,20220101,2022,52,2022,826,,,X,,0,,,454,,,H6,HS,True,8703,,,,C00,,0,9900,,5,,4.0,False,5,,4.0,False,7400.0,False,0,False,,14825.759,14825.759,0,False,True
C,A,20220101,2022,52,2022,826,,,X,,0,,,608,,,H6,HS,True,8703,,,,C00,,0,9900,,5,,4.0,False,5,,4.0,False,6800.0,False,0,False,,2258.349,2258.349,0,False,True
C,A,20220101,2022,52,2022,826,,,X,,0,,,716,,,H6,HS,True,8703,,,,C00,,0,9900,,5,,4.0,False,5,,4.0,False,7300.0,False,0,False,,21772.93,21772.93,0,False,True
C,A,20220101,2022,52,2022,826,,,X,,0,,,251,,,H6,HS,True,8703,,,,C00,,0,9000,,5,,4.0,False,5,,4.0,False,5741.0,False,0,False,,248281.713,248281.713,0,False,True
C,A,20220101,2022,52,2022,826,,,X,,0,,,430,,,H6,HS,True,8703,,,,C00,,0,0,,5,,4.0,False,5,,4.0,False,21687.0,False,0,False,,20681.598,20681.598,0,False,True
C,A,20220101,2022,52,2022,826,,,X,,0,,,440,,,H6,HS,True,8703,,,,C00,,0,9000,,5,,3.0,False,5,,3.0,False,5445.0,False,0,False,,6546.772,6546.772,0,False,True
C,A,20220101,2022,52,2022,826,,,X,,0,,,156,,,H6,HS,True,8703,,,,C00,,0,9900,,5,,3.0,False,5,,3.0,False,7180.0,False,0,False,,512182.659,512182.659,0,False,True
C,A,20220101,2022,52,2022,826,,,X,,0,,,184,,,H6,HS,True,8703,,,,C00,,0,2100,,5,,3.0,False,5,,3.0,False,6500.0,False,0,False,,8789.252,8789.252,0,False,True
C,A,20220101,2022,52,2022,826,,,X,,0,,,8,,,H6,HS,True,8703,,,,C00,,0,2100,,5,,3.0,False,5,,3.0,False,3575.0,False,0,False,,27222.266,27222.266,0,False,True
C,A,20220101,2022,52,2022,826,,,X,,0,,,704,,,H6,HS,True,8703,,,,C00,,0,1000,,5,,3.0,False,5,,3.0,False,5198.0,False,0,False,,689188.424,689188.424,0,False,True
C,A,20220101,2022,52,2022,826,,,X,,0,,,184,,,H6,HS,True,8703,,,,C00,,0,0,,5,,3.0,False,5,,3.0,False,6500.0,False,0,False,,8789.252,8789.252,0,False,True
C,A,20220101,2022,52,2022,826,,,X,,0,,,276,,,H6,HS,True,8703,,,,C00,,0,9000,,5,,2.0,False,5,,2.0,False,3435.0,False,0,False,,133425.725,133425.725,0,False,True
C,A,20220101,2022,52,2022,826,,,X,,0,,,528,,,H6,HS,True,8703,,,,C00,,0,9000,,5,,2.0,False,5,,2.0,False,2635.0,False,0,False,,272099.365,272099.365,0,False,True
C,A,20220101,2022,52,2022,826,,,X,,0,,,108,,,H6,HS,True,8703,,,,C00,,0,9900,,5,,2.0,False,5,,2.0,False,4000.0,False,0,False,,51380.501,51380.501,0,False,True
C,A,20220101,2022,52,2022,826,,,X,,0,,,124,,,H6,HS,True,8703,,,,C00,,0,9900,,5,,2.0,False,5,,2.0,False,2765.0,False,0,False,,85267.949,85267.949,0,False,True
C,A,20220101,2022,52,2022,826,,,X,,0,,,31,,,H6,HS,True,8703,,,,C00,,0,9900,,5,,2.0,False,5,,2.0,False,759.0,False,0,False,,20262.887,20262.887,0,False,True
C,A,20220101,2022,52,2022,826,,,X,,0,,,702,,,H6,HS,True,8703,,,,C00,,0,9900,,5,,2.0,False,5,,2.0,False,4699.0,False,0,False,,362556.635,362556.635,0,False,True
C,A,20220101,2022,52,2022,826,,,X,,0,,,426,,,H6,HS,True,8703,,,,C00,,0,2100,,5,,2.0,False,5,,2.0,False,9000.0,False,0,False,,54932.823,54932.823,0,False,True
C,A,20220101,2022,52,2022,826,,,X,,0,,,446,,,H6,HS,True,8703,,,,C00,,0,2100,,5,,2.0,False,5,,2.0,False,10560.0,False,0,False,,197758.164,197758.164,0,False,True
C,A,20220101,2022,52,2022,826,,,X,,0,,,862,,,H6,HS,True,8703,,,,C00,,0,2100,,5,,2.0,False,5,,2.0,False,2545.0,False,0,False,,10681.382,10681.382,0,False,True
C,A,20220101,2022,52,2022,826,,,X,,0,,,32,,,H6,HS,True,8703,,,,C00,,0,1000,,5,,2.0,False,5,,2.0,False,975.0,False,0,False,,221544.077,221544.077,0,False,True
C,A,20220101,2022,52,2022,826,,,X,,0,,,426,,,H6,HS,True,8703,,,,C00,,0,0,,5,,2.0,False,5,,2.0,False,9000.0,False,0,False,,54932.823,54932.823,0,False,True
C,A,20220101,2022,52,2022,826,,,X,,0,,,446,,,H6,HS,True,8703,,,,C00,,0,0,,5,,2.0,False,5,,2.0,False,10560.0,False,0,False,,197758.164,197758.164,0,False,True
C,A,20220101,2022,52,2022,826,,,X,,0,,,862,,,H6,HS,True,8703,,,,C00,,0,0,,5,,2.0,False,5,,2.0,False,2545.0,False,0,False,,10681.382,10681.382,0,False,True
C,A,20220101,2022,52,2022,826,,,X,,0,,,156,,,H6,HS,True,8703,,,,C00,,0,0,,5,,51878.846,True,-1,,0.0,False,100260160.0,False,0,False,,4034822010.464,4034822010.464,2,False,True
C,A,20220101,2022,52,2022,826,,,X,,0,,,180,,,H6,HS,True,8703,,,,C00,,0,0,,5,,1212.074,True,-1,,0.0,False,6481718.0,False,0,False,,7748595.799,7748595.799,2,False,True
C,A,20220101,2022,52,2022,826,,,X,,0,,,372,,,H6,HS,True,8703,,,,C00,,0,0,,5,,37791.096,True,-1,,0.0,False,26729060.0,False,0,False,,377887572.789,377887572.789,2,False,True
C,A,20220101,2022,52,2022,826,,,X,,0,,,380,,,H6,HS,True,8703,,,,C00,,0,0,,5,,45425.131,True,-1,,0.0,False,68247813.0,False,0,False,,1176376412.746,1176376412.746,2,False,True
C,A,20220101,2022,52,2022,826,,,X,,0,,,384,,,H6,HS,True,8703,,,,C00,,0,0,,5,,224.35,True,-1,,0.0,False,510299.0,False,0,False,,6282516.868,6282516.868,2,False,True
C,A,20220101,2022,52,2022,826,,,X,,0,,,706,,,H6,HS,True,8703,,,,C00,,0,0,,5,,6139.676,True,-1,,0.0,False,723842.0,False,0,False,,802903.03,802903.03,2,False,True
C,A,20220101,2022,52,2022,826,,,X,,0,,,276,,,H6,HS,True,8703,,,,C00,,0,0,,5,,69644.298,True,-1,,0.0,False,107003729.0,False,0,False,,2385444374.139,2385444374.139,2,False,True
C,A,20220101,2022,52,2022,826,,,X,,0,,,292,,,H6,HS,True,8703,,,,C00,,0,0,,5,,391.032,True,-1,,0.0,False,851360.0,False,0,False,,29939373.909,29939373.909,2,False,True
C,A,20220101,2022,52,2022,826,,,X,,0,,,528,,,H6,HS,True,8703,,,,C00,,0,0,,5,,28471.718,True,-1,,0.0,False,25130234.0,False,0,False,,424791968.975,424791968.975,2,False,True
C,A,20220101,2022,52,2022,826,,,X,,0,,,554,,,H6,HS,True,8703,,,,C00,,0,0,,5,,4018.114,True,-1,,0.0,False,7775274.0,False,0,False,,203901409.491,203901409.491,2,False,True
C,A,20220101,2022,52,2022,826,,,X,,0,,,579,,,H6,HS,True,8703,,,,C00,,0,0,,5,,9587.045,True,-1,,0.0,False,8627812.0,False,0,False,,159861121.606,159861121.606,2,False,True
C,A,20220101,2022,52,2022,826,,,X,,0,,,586,,,H6,HS,True,8703,,,,C00,,0,0,,5,,337.548,True,-1,,0.0,False,502372.0,False,0,False,,13377596.399,13377596.399,2,False,True
C,A,20220101,2022,52,2022,826,,,X,,0,,,156,,,H6,HS,True,8703,,,,C00,,0,1000,,5,,42.846,True,-1,,0.0,False,46323.0,False,0,False,,3800145.302,3800145.302,2,False,True
C,A,20220101,2022,52,2022,826,,,X,,0,,,380,,,H6,HS,True,8703,,,,C00,,0,1000,,5,,248.131,True,-1,,0.0,False,10420.0,False,0,False,,137208.765,137208.765,2,False,True
C,A,20220101,2022,52,2022,826,,,X,,0,,,276,,,H6,HS,True,8703,,,,C00,,0,1000,,5,,171.298,True,-1,,0.0,False,1517.0,False,0,False,,89223.113,89223.113,2,False,True
C,A,20220101,2022,52,2022,826,,,X,,0,,,180,,,H6,HS,True,8703,,,,C00,,0,2100,,5,,1212.074,True,-1,,0.0,False,6481718.0,False,0,False,,7748595.799,7748595.799,2,False,True
C,A,20220101,2022,52,2022,826,,,X,,0,,,372,,,H6,HS,True,8703,,,,C00,,0,2100,,5,,1243.969,True,-1,,0.0,False,2215462.0,False,0,False,,37408862.136,37408862.136,2,False,True
C,A,20220101,2022,52,2022,826,,,X,,0,,,384,,,H6,HS,True,8703,,,,C00,,0,2100,,5,,224.35,True,-1,,0.0,False,510299.0,False,0,False,,6282516.868,6282516.868,2,False,True
C,A,20220101,2022,52,2022,826,,,X,,0,,,0,,,H6,HS,True,8703,,,,C00,,0,2100,,5,,717288.587,True,-1,,0.0,False,1087267340.0,False,0,False,,26087019627.402,26087019627.402,2,False,True
C,A,20220101,2022,52,2022,826,,,X,,0,,,706,,,H6,HS,True,8703,,,,C00,,0,2100,,5,,6139.676,True,-1,,0.0,False,723842.0,False,0,False,,802903.03,802903.03,2,False,True
C,A,20220101,2022,52,2022,826,,,X,,0,,,292,,,H6,HS,True,8703,,,,C00,,0,2100,,5,,369.032,True,-1,,0.0,False,849479.0,False,0,False,,29911254.407,29911254.407,2,False,True
C,A,20220101,2022,52,2022,826,,,X,,0,,,528,,,H6,HS,True,8703,,,,C00,,0,2100,,5,,13520.533,True,-1,,0.0,False,22318706.0,False,0,False,,327484478.222,327484478.222,2,False,True
C,A,20220101,2022,52,2022,826,,,X,,0,,,554,,,H6,HS,True,8703,,,,C00,,0,2100,,5,,3945.114,True,-1,,0.0,False,7754346.0,False,0,False,,203876225.843,203876225.843,2,False,True
C,A,20220101,2022,52,2022,826,,,X,,0,,,586,,,H6,HS,True,8703,,,,C00,,0,2100,,5,,336.548,True,-1,,0.0,False,501812.0,False,0,False,,13328413.211,13328413.211,2,False,True
C,A,20220101,2022,52,2022,826,,,X,,0,,,528,,,H6,HS,True,8703,,,,C00,,0,9900,,5,,14883.185,True,-1,,0.0,False,2803900.0,False,0,False,,96990772.508,96990772.508,2,False,True
C,A,20220101,2022,52,2022,826,,,X,,0,,,579,,,H6,HS,True,8703,,,,C00,,0,9900,,5,,55.045,True,-1,,0.0,False,11917.0,False,0,False,,3273352.953,3273352.953,2,False,True
C,A,20220101,2022,52,2022,826,,,X,,0,,,251,,,H6,HS,True,8703,,,,C00,,0,3200,,5,,73.505,True,-1,,0.0,False,5773.0,False,0,False,,280228.202,280228.202,2,False,True
C,A,20220101,2022,52,2022,826,,,X,,0,,,0,,,H6,HS,True,8703,,,,C00,,0,3200,,5,,2005.505,True,-1,,0.0,False,117027.0,False,0,False,,1075758.027,1075758.027,2,False,True
C,A,20220101,2022,52,2022,826,,,X,,0,,,0,,,H6,HS,True,8703,,,,C00,,0,9000,,5,,4841.127,True,-1,,0.0,False,3492145.0,False,0,False,,54240701.613,54240701.613,2,False,True
C,A,20220101,2022,52,2022,826,,,X,,0,,,372,,,H6,HS,True,8703,,,,C00,,0,9000,,5,,4657.127,True,-1,,0.0,False,3421844.0,False,0,False,,51951031.951,51951031.951,2,False,True
C,A,20220101,2022,52,2022,826,,,X,,0,,,251,,,H6,HS,True,8703,,,,C00,,0,0,,5,,75196.505,True,-1,,0.0,False,98911109.541,True,0,False,,1681230470.624,1681230470.624,6,False,True
C,A,20220101,2022,52,2022,826,,,X,,0,,,0,,,H6,HS,True,8703,,,,C00,,0,9900,,5,,143842.425,True,-1,,0.0,False,71445433.926,True,0,False,,1897399026.578,1897399026.578,6,False,True
C,A,20220101,2022,52,2022,826,,,X,,0,,,784,,,H6,HS,True,8703,,,,C00,,0,1000,,5,,468.0,False,5,,468.0,False,1074048.915,True,0,False,,181924041.738,181924041.738,4,False,True
C,A,20220101,2022,52,2022,826,,,X,,0,,,784,,,H6,HS,True,8703,,,,C00,,0,0,,5,,6462.0,False,5,,6462.0,False,12548270.915,True,0,False,,713657683.52,713657683.52,4,False,True
C,A,20220101,2022,52,2022,826,,,X,,0,,,642,,,H6,HS,True,8703,,,,C00,,0,9000,,5,,3.0,False,5,,3.0,False,4305.0,False,0,False,,66242.881,66242.881,0,False,True
C,A,20220101,2022,52,2022,826,,,X,,0,,,40,,,H6,HS,True,8703,,,,C00,,0,3200,,5,,25.0,False,5,,25.0,False,15125.0,False,0,False,,234336.1,234336.1,0,False,True
C,A,20220101,2022,52,2022,826,,,X,,0,,,70,,,H6,HS,True,8703,,,,C00,,0,3200,,5,,1042.0,False,5,,1042.0,False,63505.0,False,0,False,,66957.008,66957.008,0,False,True
C,A,20220101,2022,52,2022,826,,,X,,0,,,784,,,H6,HS,True,8703,,,,C00,,0,3200,,5,,16.0,False,5,,16.0,False,396.0,False,0,False,,32489.713,32489.713,0,False,True
C,A,20220101,2022,52,2022,826,,,X,,0,,,56,,,H6,HS,True,8703,,,,C00,,0,3200,,5,,4.0,False,5,,4.0,False,214.0,False,0,False,,3842.856,3842.856,0,False,True
C,A,20220101,2022,52,2022,826,,,X,,0,,,352,,,H6,HS,True,8703,,,,C00,,0,3200,,5,,3.0,False,5,,3.0,False,402.0,False,0,False,,11455.325,11455.325,0,False,True
C,A,20220101,2022,52,2022,826,,,X,,0,,,70,,,H6,HS,True,8703,,,,C00,,0,9900,,5,,943.0,False,5,,943.0,False,1446004.0,False,0,False,,2294070.392,2294070.392,0,False,True
C,A,20220101,2022,52,2022,826,,,X,,0,,,368,,,H6,HS,True,8703,,,,C00,,0,9900,,5,,6.0,False,5,,6.0,False,39908.0,False,0,False,,329578.63,329578.63,0,False,True
C,A,20220101,2022,52,2022,826,,,X,,0,,,784,,,H6,HS,True,8703,,,,C00,,0,9900,,5,,14.0,False,5,,14.0,False,36183.0,False,0,False,,1904354.97,1904354.97,0,False,True
C,A,20220101,2022,52,2022,826,,,X,,0,,,800,,,H6,HS,True,8703,,,,C00,,0,9900,,5,,8.0,False,5,,8.0,False,15100.0,False,0,False,,164389.526,164389.526,0,False,True
C,A,20220101,2022,52,2022,826,,,X,,0,,,807,,,H6,HS,True,8703,,,,C00,,0,9900,,5,,26.0,False,5,,26.0,False,41005.0,False,0,False,,18133.935,18133.935,0,False,True
C,A,20220101,2022,52,2022,826,,,X,,0,,,834,,,H6,HS,True,8703,,,,C00,,0,9900,,5,,44.0,False,5,,44.0,False,109200.0,False,0,False,,483364.9,483364.9,0,False,True
C,A,20220101,2022,52,2022,826,,,X,,0,,,842,,,H6,HS,True,8703,,,,C00,,0,9900,,5,,68.0,False,5,,68.0,False,122064.0,False,0,False,,22334379.834,22334379.834,0,False,True
C,A,20220101,2022,52,2022,826,,,X,,0,,,499,,,H6,HS,True,8703,,,,C00,,0,9900,,5,,17.0,False,5,,17.0,False,24833.0,False,0,False,,10991.448,10991.448,0,False,True
C,A,20220101,2022,52,2022,826,,,X,,0,,,504,,,H6,HS,True,8703,,,,C00,,0,9900,,5,,24.0,False,5,,24.0,False,392.0,False,0,False,,9712.123,9712.123,0,False,True
C,A,20220101,2022,52,2022,826,,,X,,0,,,40,,,H6,HS,True,8703,,,,C00,,0,9900,,5,,103.0,False,5,,103.0,False,220099.0,False,0,False,,21122481.181,21122481.181,0,False,True
C,A,20220101,2022,52,2022,826,,,X,,0,,,300,,,H6,HS,True,8703,,,,C00,,0,9900,,5,,34.0,False,5,,34.0,False,14952.0,False,0,False,,706742.513,706742.513,0,False,True
C,A,20220101,2022,52,2022,826,,,X,,0,,,470,,,H6,HS,True,8703,,,,C00,,0,9900,,5,,561.0,False,5,,561.0,False,854740.0,False,0,False,,10946811.637,10946811.637,0,False,True
C,A,20220101,2022,52,2022,826,,,X,,0,,,620,,,H6,HS,True,8703,,,,C00,,0,9900,,5,,276.0,False,5,,276.0,False,338247.0,False,0,False,,17073869.835,17073869.835,0,False,True
C,A,20220101,2022,52,2022,826,,,X,,0,,,642,,,H6,HS,True,8703,,,,C00,,0,9900,,5,,1399.0,False,5,,1399.0,False,1971503.0,False,0,False,,15092263.446,15092263.446,0,False,True
C,A,20220101,2022,52,2022,826,,,X,,0,,,792,,,H6,HS,True,8703,,,,C00,,0,9900,,5,,796.0,False,5,,796.0,False,1611233.0,False,0,False,,26488410.93,26488410.93,0,False,True
C,A,20220101,2022,52,2022,826,,,X,,0,,,56,,,H6,HS,True,8703,,,,C00,,0,9900,,5,,21218.0,False,5,,21218.0,False,925337.0,False,0,False,,65917542.397,65917542.397,0,False,True
C,A,20220101,2022,52,2022,826,,,X,,0,,,784,,,H6,HS,True,8703,,,,C00,,0,2100,,5,,5964.0,False,5,,5964.0,False,11437643.0,False,0,False,,529796797.099,529796797.099,0,False,True
C,A,20220101,2022,52,2022,826,,,X,,0,,,352,,,H6,HS,True,8703,,,,C00,,0,2100,,5,,503.0,False,5,,503.0,False,810810.0,False,0,False,,13858033.99,13858033.99,0,False,True
C,A,20220101,2022,52,2022,826,,,X,,0,,,56,,,H6,HS,True,8703,,,,C00,,0,2100,,5,,52334.0,False,5,,52334.0,False,79911201.0,False,0,False,,1283039034.135,1283039034.135,0,False,True
C,A,20220101,2022,52,2022,826,,,X,,0,,,344,,,H6,HS,True,8703,,,,C00,,0,2100,,5,,776.0,False,5,,776.0,False,1403329.0,False,0,False,,71222128.052,71222128.052,0,False,True
C,A,20220101,2022,52,2022,826,,,X,,0,,,76,,,H6,HS,True,8703,,,,C00,,0,2100,,5,,2870.0,False,5,,2870.0,False,5161456.0,False,0,False,,99261232.773,99261232.773,0,False,True
C,A,20220101,2022,52,2022,826,,,X,,0,,,490,,,H6,HS,True,8703,,,,C00,,0,2100,,5,,4239.0,False,5,,4239.0,False,5783458.0,False,0,False,,163181360.335,163181360.335,0,False,True
C,A,20220101,2022,52,2022,826,,,X,,0,,,484,,,H6,HS,True,8703,,,,C00,,0,2100,,5,,3618.0,False,5,,3618.0,False,5470186.0,False,0,False,,118812832.961,118812832.961,0,False,True
C,A,20220101,2022,52,2022,826,,,X,,0,,,40,,,H6,HS,True,8703,,,,C00,,0,2100,,5,,5116.0,False,5,,5116.0,False,8652426.0,False,0,False,,166081616.875,166081616.875,0,False,True
C,A,20220101,2022,52,2022,826,,,X,,0,,,44,,,H6,HS,True,8703,,,,C00,,0,2100,,5,,21.0,False,5,,21.0,False,51273.0,False,0,False,,992642.223,992642.223,0,False,True
C,A,20220101,2022,52,2022,826,,,X,,0,,,48,,,H6,HS,True,8703,,,,C00,,0,2100,,5,,308.0,False,5,,308.0,False,706942.0,False,0,False,,37608846.911,37608846.911,0,False,True
C,A,20220101,2022,52,2022,826,,,X,,0,,,51,,,H6,HS,True,8703,,,,C00,,0,2100,,5,,19.0,False,5,,19.0,False,46550.0,False,0,False,,3470954.864,3470954.864,0,False,True
C,A,20220101,2022,52,2022,826,,,X,,0,,,52,,,H6,HS,True,8703,,,,C00,,0,2100,,5,,348.0,False,5,,348.0,False,625859.0,False,0,False,,11334177.155,11334177.155,0,False,True
C,A,20220101,2022,52,2022,826,,,X,,0,,,60,,,H6,HS,True,8703,,,,C00,,0,2100,,5,,24.0,False,5,,24.0,False,38017.0,False,0,False,,912402.459,912402.459,0,False,True
C,A,20220101,2022,52,2022,826,,,X,,0,,,72,,,H6,HS,True,8703,,,,C00,,0,2100,,5,,55.0,False,5,,55.0,False,180808.0,False,0,False,,395629.857,395629.857,0,False,True
C,A,20220101,2022,52,2022,826,,,X,,0,,,620,,,H6,HS,True,8703,,,,C00,,0,2100,,5,,6382.0,False,5,,6382.0,False,9573571.0,False,0,False,,151297675.498,151297675.498,0,False,True
C,A,20220101,2022,52,2022,826,,,X,,0,,,624,,,H6,HS,True,8703,,,,C00,,0,2100,,5,,10.0,False,5,,10.0,False,39500.0,False,0,False,,48951.249,48951.249,0,False,True
C,A,20220101,2022,52,2022,826,,,X,,0,,,634,,,H6,HS,True,8703,,,,C00,,0,2100,,5,,1920.0,False,5,,1920.0,False,4743503.0,False,0,False,,247532044.999,247532044.999,0,False,True
C,A,20220101,2022,52,2022,826,,,X,,0,,,642,,,H6,HS,True,8703,,,,C00,,0,2100,,5,,2019.0,False,5,,2019.0,False,3180466.0,False,0,False,,55793633.001,55793633.001,0,False,True
C,A,20220101,2022,52,2022,826,,,X,,0,,,643,,,H6,HS,True,8703,,,,C00,,0,2100,,5,,1034.0,False,5,,1034.0,False,2030323.0,False,0,False,,51158444.084,51158444.084,0,False,True
C,A,20220101,2022,52,2022,826,,,X,,0,,,654,,,H6,HS,True,8703,,,,C00,,0,2100,,5,,80.0,False,5,,80.0,False,168972.0,False,0,False,,905758.028,905758.028,0,False,True
C,A,20220101,2022,52,2022,826,,,X,,0,,,662,,,H6,HS,True,8703,,,,C00,,0,2100,,5,,52.0,False,5,,52.0,False,107183.0,False,0,False,,409564.483,409564.483,0,False,True
C,A,20220101,2022,52,2022,826,,,X,,0,,,670,,,H6,HS,True,8703,,,,C00,,0,2100,,5,,19.0,False,5,,19.0,False,44094.0,False,0,False,,222194.726,222194.726,0,False,True
C,A,20220101,2022,52,2022,826,,,X,,0,,,678,,,H6,HS,True,8703,,,,C00,,0,2100,,5,,22.0,False,5,,22.0,False,41867.0,False,0,False,,364998.094,364998.094,0,False,True
C,A,20220101,2022,52,2022,826,,,X,,0,,,300,,,H6,HS,True,8703,,,,C00,,0,2100,,5,,4564.0,False,5,,4564.0,False,6745430.0,False,0,False,,96425937.347,96425937.347,0,False,True
C,A,20220101,2022,52,2022,826,,,X,,0,,,316,,,H6,HS,True,8703,,,,C00,,0,2100,,5,,18.0,False,5,,18.0,False,27639.0,False,0,False,,23438.005,23438.005,0,False,True
C,A,20220101,2022,52,2022,826,,,X,,0,,,320,,,H6,HS,True,8703,,,,C00,,0,2100,,5,,89.0,False,5,,89.0,False,184801.0,False,0,False,,5404958.91,5404958.91,0,False,True
C,A,20220101,2022,52,2022,826,,,X,,0,,,324,,,H6,HS,True,8703,,,,C00,,0,2100,,5,,346.0,False,5,,346.0,False,1447065.0,False,0,False,,1616235.973,1616235.973,0,False,True
C,A,20220101,2022,52,2022,826,,,X,,0,,,328,,,H6,HS,True,8703,,,,C00,,0,2100,,5,,50.0,False,5,,50.0,False,117247.0,False,0,False,,1432820.158,1432820.158,0,False,True
C,A,20220101,2022,52,2022,826,,,X,,0,,,360,,,H6,HS,True,8703,,,,C00,,0,2100,,5,,849.0,False,5,,849.0,False,1718904.0,False,0,False,,89777061.272,89777061.272,0,False,True
C,A,20220101,2022,52,2022,826,,,X,,0,,,368,,,H6,HS,True,8703,,,,C00,,0,2100,,5,,432.0,False,5,,432.0,False,1052435.0,False,0,False,,44756416.585,44756416.585,0,False,True
C,A,20220101,2022,52,2022,826,,,X,,0,,,788,,,H6,HS,True,8703,,,,C00,,0,2100,,5,,865.0,False,5,,865.0,False,1254712.0,False,0,False,,15525274.479,15525274.479,0,False,True
C,A,20220101,2022,52,2022,826,,,X,,0,,,792,,,H6,HS,True,8703,,,,C00,,0,2100,,5,,10941.0,False,5,,10941.0,False,17413262.0,False,0,False,,256430752.233,256430752.233,0,False,True
C,A,20220101,2022,52,2022,826,,,X,,0,,,796,,,H6,HS,True,8703,,,,C00,,0,2100,,5,,22.0,False,5,,22.0,False,49097.0,False,0,False,,457644.131,457644.131,0,False,True
C,A,20220101,2022,52,2022,826,,,X,,0,,,800,,,H6,HS,True,8703,,,,C00,,0,2100,,5,,256.0,False,5,,256.0,False,788807.0,False,0,False,,3572320.572,3572320.572,0,False,True
C,A,20220101,2022,52,2022,826,,,X,,0,,,804,,,H6,HS,True,8703,,,,C00,,0,2100,,5,,3686.0,False,5,,3686.0,False,2388976.0,False,0,False,,38722650.19,38722650.19,0,False,True
C,A,20220101,2022,52,2022,826,,,X,,0,,,807,,,H6,HS,True,8703,,,,C00,,0,2100,,5,,18.0,False,5,,18.0,False,22555.0,False,0,False,,296466.345,296466.345,0,False,True
C,A,20220101,2022,52,2022,826,,,X,,0,,,818,,,H6,HS,True,8703,,,,C00,,0,2100,,5,,2284.0,False,5,,2284.0,False,3929632.0,False,0,False,,109573099.097,109573099.097,0,False,True
C,A,20220101,2022,52,2022,826,,,X,,0,,,854,,,H6,HS,True,8703,,,,C00,,0,2100,,5,,7.0,False,5,,7.0,False,41470.0,False,0,False,,61395.365,61395.365,0,False,True
C,A,20220101,2022,52,2022,826,,,X,,0,,,466,,,H6,HS,True,8703,,,,C00,,0,2100,,5,,20.0,False,5,,20.0,False,76290.0,False,0,False,,114001.478,114001.478,0,False,True
C,A,20220101,2022,52,2022,826,,,X,,0,,,470,,,H6,HS,True,8703,,,,C00,,0,2100,,5,,282.0,False,5,,282.0,False,449550.0,False,0,False,,7443058.215,7443058.215,0,False,True
C,A,20220101,2022,52,2022,826,,,X,,0,,,496,,,H6,HS,True,8703,,,,C00,,0,2100,,5,,43.0,False,5,,43.0,False,90068.0,False,0,False,,2777202.133,2777202.133,0,False,True
C,A,20220101,2022,52,2022,826,,,X,,0,,,508,,,H6,HS,True,8703,,,,C00,,0,2100,,5,,88.0,False,5,,88.0,False,209262.0,False,0,False,,1397069.877,1397069.877,0,False,True
C,A,20220101,2022,52,2022,826,,,X,,0,,,512,,,H6,HS,True,8703,,,,C00,,0,2100,,5,,379.0,False,5,,379.0,False,893870.0,False,0,False,,39732634.096,39732634.096,0,False,True
C,A,20220101,2022,52,2022,826,,,X,,0,,,308,,,H6,HS,True,8703,,,,C00,,0,2100,,5,,5.0,False,5,,5.0,False,8920.0,False,0,False,,128940.765,128940.765,0,False,True
C,A,20220101,2022,52,2022,826,,,X,,0,,,74,,,H6,HS,True,8703,,,,C00,,0,2100,,5,,4.0,False,5,,4.0,False,3687.0,False,0,False,,169188.213,169188.213,0,False,True
C,A,20220101,2022,52,2022,826,,,X,,0,,,659,,,H6,HS,True,8703,,,,C00,,0,2100,,5,,4.0,False,5,,4.0,False,13583.0,False,0,False,,73854.129,73854.129,0,False,True
C,A,20220101,2022,52,2022,826,,,X,,0,,,478,,,H6,HS,True,8703,,,,C00,,0,2100,,5,,4.0,False,5,,4.0,False,15500.0,False,0,False,,27771.594,27771.594,0,False,True
C,A,20220101,2022,52,2022,826,,,X,,0,,,500,,,H6,HS,True,8703,,,,C00,,0,2100,,5,,4.0,False,5,,4.0,False,7161.0,False,0,False,,21765.605,21765.605,0,False,True
C,A,20220101,2022,52,2022,826,,,X,,0,,,462,,,H6,HS,True,8703,,,,C00,,0,2100,,5,,3.0,False,5,,3.0,False,5290.0,False,0,False,,169307.845,169307.845,0,False,True
C,A,20220101,2022,52,2022,826,,,X,,0,,,68,,,H6,HS,True,8703,,,,C00,,0,1000,,5,,73.0,False,5,,73.0,False,125.0,False,0,False,,5848.515,5848.515,0,False,True
C,A,20220101,2022,52,2022,826,,,X,,0,,,328,,,H6,HS,True,8703,,,,C00,,0,1000,,5,,57.0,False,5,,57.0,False,31986.0,False,0,False,,2744.2,2744.2,0,False,True
C,A,20220101,2022,52,2022,826,,,X,,0,,,804,,,H6,HS,True,8703,,,,C00,,0,1000,,5,,12.0,False,5,,12.0,False,27314.0,False,0,False,,6880375.2,6880375.2,0,False,True
C,A,20220101,2022,52,2022,826,,,X,,0,,,470,,,H6,HS,True,8703,,,,C00,,0,1000,,5,,296.0,False,5,,296.0,False,19808.0,False,0,False,,57265.637,57265.637,0,False,True
C,A,20220101,2022,52,2022,826,,,X,,0,,,48,,,H6,HS,True,8703,,,,C00,,0,1000,,5,,29.0,False,5,,29.0,False,59097.0,False,0,False,,19002286.603,19002286.603,0,False,True
C,A,20220101,2022,52,2022,826,,,X,,0,,,512,,,H6,HS,True,8703,,,,C00,,0,1000,,5,,18.0,False,5,,18.0,False,26249.0,False,0,False,,3519893.906,3519893.906,0,False,True
C,A,20220101,2022,52,2022,826,,,X,,0,,,634,,,H6,HS,True,8703,,,,C00,,0,1000,,5,,80.0,False,5,,80.0,False,190395.0,False,0,False,,34978045.635,34978045.635,0,False,True
C,A,20220101,2022,52,2022,826,,,X,,0,,,76,,,H6,HS,True,8703,,,,C00,,0,1000,,5,,188.0,False,5,,188.0,False,13671.0,False,0,False,,1761439.295,1761439.295,0,False,True
C,A,20220101,2022,52,2022,826,,,X,,0,,,620,,,H6,HS,True,8703,,,,C00,,0,1000,,5,,283.0,False,5,,283.0,False,70.0,False,0,False,,4027.186,4027.186,0,False,True
C,A,20220101,2022,52,2022,826,,,X,,0,,,352,,,H6,HS,True,8703,,,,C00,,0,1000,,5,,17.0,False,5,,17.0,False,229.0,False,0,False,,3977.136,3977.136,0,False,True
C,A,20220101,2022,52,2022,826,,,X,,0,,,490,,,H6,HS,True,8703,,,,C00,,0,1000,,5,,11.0,False,5,,11.0,False,14967.0,False,0,False,,1504688.161,1504688.161,0,False,True
C,A,20220101,2022,52,2022,826,,,X,,0,,,56,,,H6,HS,True,8703,,,,C00,,0,1000,,5,,4330.0,False,5,,4330.0,False,6357115.0,False,0,False,,96117288.123,96117288.123,0,False,True
C,A,20220101,2022,52,2022,826,,,X,,0,,,800,,,H6,HS,True,8703,,,,C00,,0,1000,,5,,7.0,False,5,,7.0,False,14490.0,False,0,False,,920470.259,920470.259,0,False,True
C,A,20220101,2022,52,2022,826,,,X,,0,,,344,,,H6,HS,True,8703,,,,C00,,0,1000,,5,,149.0,False,5,,149.0,False,30569.0,False,0,False,,9226596.374,9226596.374,0,False,True
C,A,20220101,2022,52,2022,826,,,X,,0,,,484,,,H6,HS,True,8703,,,,C00,,0,1000,,5,,6.0,False,5,,6.0,False,8481.0,False,0,False,,9601675.251,9601675.251,0,False,True
C,A,20220101,2022,52,2022,826,,,X,,0,,,40,,,H6,HS,True,8703,,,,C00,,0,1000,,5,,5.0,False,5,,5.0,False,25.0,False,0,False,,3927.087,3927.087,0,False,True
C,A,20220101,2022,52,2022,826,,,X,,0,,,842,,,H6,HS,True,8703,,,,C00,,0,1000,,5,,982.0,False,5,,982.0,False,389782.0,False,0,False,,157008931.286,157008931.286,0,False,True
C,A,20220101,2022,52,2022,826,,,X,,0,,,643,,,H6,HS,True,8703,,,,C00,,0,1000,,5,,2.0,False,5,,2.0,False,1000.0,False,0,False,,117285.24,117285.24,0,False,True
C,A,20220101,2022,52,2022,826,,,X,,0,,,670,,,H6,HS,True,8703,,,,C00,,0,1000,,5,,2.0,False,5,,2.0,False,18.0,False,0,False,,1755.409,1755.409,0,False,True
C,A,20220101,2022,52,2022,826,,,X,,0,,,344,,,H6,HS,True,8703,,,,C00,,0,9900,,5,,2.0,False,5,,2.0,False,4235.0,False,0,False,,682048.377,682048.377,0,False,True
C,A,20220101,2022,52,2022,826,,,X,,0,,,344,,,H6,HS,True,8703,,,,C00,,0,3200,,5,,2.0,False,5,,2.0,False,200.0,False,0,False,,4809.674,4809.674,0,False,True
C,A,20220101,2022,52,2022,826,,,X,,0,,,620,,,H6,HS,True,8703,,,,C00,,0,9000,,5,,2.0,False,5,,2.0,False,2870.0,False,0,False,,223172.53,223172.53,0,False,True
C,A,20220101,2022,52,2022,826,,,X,,0,,,462,,,H6,HS,True,8703,,,,C00,,0,0,,5,,3.0,False,5,,3.0,False,5290.0,False,0,False,,169307.845,169307.845,0,False,True
C,A,20220101,2022,52,2022,826,,,X,,0,,,74,,,H6,HS,True,8703,,,,C00,,0,0,,5,,4.0,False,5,,4.0,False,3687.0,False,0,False,,169188.213,169188.213,0,False,True
C,A,20220101,2022,52,2022,826,,,X,,0,,,659,,,H6,HS,True,8703,,,,C00,,0,0,,5,,4.0,False,5,,4.0,False,13583.0,False,0,False,,73854.129,73854.129,0,False,True
C,A,20220101,2022,52,2022,826,,,X,,0,,,478,,,H6,HS,True,8703,,,,C00,,0,0,,5,,4.0,False,5,,4.0,False,15500.0,False,0,False,,27771.594,27771.594,0,False,True
C,A,20220101,2022,52,2022,826,,,X,,0,,,500,,,H6,HS,True,8703,,,,C00,,0,0,,5,,4.0,False,5,,4.0,False,7161.0,False,0,False,,21765.605,21765.605,0,False,True
C,A,20220101,2022,52,2022,826,,,X,,0,,,308,,,H6,HS,True,8703,,,,C00,,0,0,,5,,5.0,False,5,,5.0,False,8920.0,False,0,False,,128940.765,128940.765,0,False,True
C,A,20220101,2022,52,2022,826,,,X,,0,,,854,,,H6,HS,True,8703,,,,C00,,0,0,,5,,8.0,False,5,,8.0,False,43270.0,False,0,False,,63177.63,63177.63,0,False,True
C,A,20220101,2022,52,2022,826,,,X,,0,,,44,,,H6,HS,True,8703,,,,C00,,0,0,,5,,21.0,False,5,,21.0,False,51273.0,False,0,False,,992642.223,992642.223,0,False,True
C,A,20220101,2022,52,2022,826,,,X,,0,,,51,,,H6,HS,True,8703,,,,C00,,0,0,,5,,19.0,False,5,,19.0,False,46550.0,False,0,False,,3470954.864,3470954.864,0,False,True
C,A,20220101,2022,52,2022,826,,,X,,0,,,52,,,H6,HS,True,8703,,,,C00,,0,0,,5,,348.0,False,5,,348.0,False,625859.0,False,0,False,,11334177.155,11334177.155,0,False,True
C,A,20220101,2022,52,2022,826,,,X,,0,,,60,,,H6,HS,True,8703,,,,C00,,0,0,,5,,24.0,False,5,,24.0,False,38017.0,False,0,False,,912402.459,912402.459,0,False,True
C,A,20220101,2022,52,2022,826,,,X,,0,,,68,,,H6,HS,True,8703,,,,C00,,0,0,,5,,74.0,False,5,,74.0,False,1662.0,False,0,False,,26509.36,26509.36,0,False,True
C,A,20220101,2022,52,2022,826,,,X,,0,,,70,,,H6,HS,True,8703,,,,C00,,0,0,,5,,1986.0,False,5,,1986.0,False,1510829.0,False,0,False,,2378618.111,2378618.111,0,False,True
C,A,20220101,2022,52,2022,826,,,X,,0,,,72,,,H6,HS,True,8703,,,,C00,,0,0,,5,,55.0,False,5,,55.0,False,180808.0,False,0,False,,395629.857,395629.857,0,False,True
C,A,20220101,2022,52,2022,826,,,X,,0,,,624,,,H6,HS,True,8703,,,,C00,,0,0,,5,,10.0,False,5,,10.0,False,39500.0,False,0,False,,48951.249,48951.249,0,False,True
C,A,20220101,2022,52,2022,826,,,X,,0,,,654,,,H6,HS,True,8703,,,,C00,,0,0,,5,,80.0,False,5,,80.0,False,168972.0,False,0,False,,905758.028,905758.028,0,False,True
C,A,20220101,2022,52,2022,826,,,X,,0,,,662,,,H6,HS,True,8703,,,,C00,,0,0,,5,,52.0,False,5,,52.0,False,107183.0,False,0,False,,409564.483,409564.483,0,False,True
C,A,20220101,2022,52,2022,826,,,X,,0,,,670,,,H6,HS,True,8703,,,,C00,,0,0,,5,,21.0,False,5,,21.0,False,44112.0,False,0,False,,223950.135,223950.135,0,False,True
C,A,20220101,2022,52,2022,826,,,X,,0,,,678,,,H6,HS,True,8703,,,,C00,,0,0,,5,,22.0,False,5,,22.0,False,41867.0,False,0,False,,364998.094,364998.094,0,False,True
C,A,20220101,2022,52,2022,826,,,X,,0,,,316,,,H6,HS,True,8703,,,,C00,,0,0,,5,,18.0,False,5,,18.0,False,27639.0,False,0,False,,23438.005,23438.005,0,False,True
C,A,20220101,2022,52,2022,826,,,X,,0,,,320,,,H6,HS,True,8703,,,,C00,,0,0,,5,,89.0,False,5,,89.0,False,184801.0,False,0,False,,5404958.91,5404958.91,0,False,True
C,A,20220101,2022,52,2022,826,,,X,,0,,,324,,,H6,HS,True,8703,,,,C00,,0,0,,5,,346.0,False,5,,346.0,False,1447065.0,False,0,False,,1616235.973,1616235.973,0,False,True
C,A,20220101,2022,52,2022,826,,,X,,0,,,328,,,H6,HS,True,8703,,,,C00,,0,0,,5,,107.0,False,5,,107.0,False,149233.0,False,0,False,,1435564.358,1435564.358,0,False,True
C,A,20220101,2022,52,2022,826,,,X,,0,,,788,,,H6,HS,True,8703,,,,C00,,0,0,,5,,865.0,False,5,,865.0,False,1254712.0,False,0,False,,15525274.479,15525274.479,0,False,True
C,A,20220101,2022,52,2022,826,,,X,,0,,,796,,,H6,HS,True,8703,,,,C00,,0,0,,5,,22.0,False,5,,22.0,False,49097.0,False,0,False,,457644.131,457644.131,0,False,True
C,A,20220101,2022,52,2022,826,,,X,,0,,,800,,,H6,HS,True,8703,,,,C00,,0,0,,5,,271.0,False,5,,271.0,False,818397.0,False,0,False,,4657180.358,4657180.358,0,False,True
C,A,20220101,2022,52,2022,826,,,X,,0,,,807,,,H6,HS,True,8703,,,,C00,,0,0,,5,,44.0,False,5,,44.0,False,63560.0,False,0,False,,314600.28,314600.28,0,False,True
C,A,20220101,2022,52,2022,826,,,X,,0,,,466,,,H6,HS,True,8703,,,,C00,,0,0,,5,,20.0,False,5,,20.0,False,76290.0,False,0,False,,114001.478,114001.478,0,False,True
C,A,20220101,2022,52,2022,826,,,X,,0,,,496,,,H6,HS,True,8703,,,,C00,,0,0,,5,,44.0,False,5,,44.0,False,91526.0,False,0,False,,2788044.652,2788044.652,0,False,True
C,A,20220101,2022,52,2022,826,,,X,,0,,,499,,,H6,HS,True,8703,,,,C00,,0,0,,5,,17.0,False,5,,17.0,False,24833.0,False,0,False,,10991.448,10991.448,0,False,True
C,A,20220101,2022,52,2022,826,,,X,,0,,,508,,,H6,HS,True,8703,,,,C00,,0,0,,5,,88.0,False,5,,88.0,False,209262.0,False,0,False,,1397069.877,1397069.877,0,False,True
C,A,20220101,2022,52,2022,826,,,X,,0,,,643,,,H6,HS,True,8703,,,,C00,,0,0,,5,,1037.0,False,5,,1037.0,False,2032999.0,False,0,False,,51305814.2,51305814.2,0,False,True
C,A,20220101,2022,52,2022,826,,,X,,0,,,634,,,H6,HS,True,8703,,,,C00,,0,0,,5,,2000.0,False,5,,2000.0,False,4933898.0,False,0,False,,282510090.634,282510090.634,0,False,True
C,A,20220101,2022,52,2022,826,,,X,,0,,,368,,,H6,HS,True,8703,,,,C00,,0,0,,5,,440.0,False,5,,440.0,False,1098326.0,False,0,False,,45400976.363,45400976.363,0,False,True
C,A,20220101,2022,52,2022,826,,,X,,0,,,512,,,H6,HS,True,8703,,,,C00,,0,0,,5,,397.0,False,5,,397.0,False,920119.0,False,0,False,,43252528.002,43252528.002,0,False,True
C,A,20220101,2022,52,2022,826,,,X,,0,,,48,,,H6,HS,True,8703,,,,C00,,0,0,,5,,337.0,False,5,,337.0,False,766039.0,False,0,False,,56611133.514,56611133.514,0,False,True
C,A,20220101,2022,52,2022,826,,,X,,0,,,818,,,H6,HS,True,8703,,,,C00,,0,0,,5,,2285.0,False,5,,2285.0,False,3931889.0,False,0,False,,109849062.07,109849062.07,0,False,True
C,A,20220101,2022,52,2022,826,,,X,,0,,,76,,,H6,HS,True,8703,,,,C00,,0,0,,5,,3058.0,False,5,,3058.0,False,5175127.0,False,0,False,,101022672.067,101022672.067,0,False,True
C,A,20220101,2022,52,2022,826,,,X,,0,,,484,,,H6,HS,True,8703,,,,C00,,0,0,,5,,3624.0,False,5,,3624.0,False,5478667.0,False,0,False,,128414508.212,128414508.212,0,False,True
C,A,20220101,2022,52,2022,826,,,X,,0,,,40,,,H6,HS,True,8703,,,,C00,,0,0,,5,,5249.0,False,5,,5249.0,False,8887675.0,False,0,False,,187442361.243,187442361.243,0,False,True
C,A,20220101,2022,52,2022,826,,,X,,0,,,490,,,H6,HS,True,8703,,,,C00,,0,0,,5,,4250.0,False,5,,4250.0,False,5798425.0,False,0,False,,164686048.496,164686048.496,0,False,True
C,A,20220101,2022,52,2022,826,,,X,,0,,,300,,,H6,HS,True,8703,,,,C00,,0,0,,5,,4599.0,False,5,,4599.0,False,6760390.0,False,0,False,,97134134.969,97134134.969,0,False,True
C,A,20220101,2022,52,2022,826,,,X,,0,,,470,,,H6,HS,True,8703,,,,C00,,0,0,,5,,1139.0,False,5,,1139.0,False,1324098.0,False,0,False,,18447135.489,18447135.489,0,False,True
C,A,20220101,2022,52,2022,826,,,X,,0,,,642,,,H6,HS,True,8703,,,,C00,,0,0,,5,,3421.0,False,5,,3421.0,False,5156274.0,False,0,False,,70952139.329,70952139.329,0,False,True
C,A,20220101,2022,52,2022,826,,,X,,0,,,352,,,H6,HS,True,8703,,,,C00,,0,0,,5,,523.0,False,5,,523.0,False,811441.0,False,0,False,,13873466.451,13873466.451,0,False,True
C,A,20220101,2022,52,2022,826,,,X,,0,,,620,,,H6,HS,True,8703,,,,C00,,0,0,,5,,6943.0,False,5,,6943.0,False,9914758.0,False,0,False,,168598745.049,168598745.049,0,False,True
C,A,20220101,2022,52,2022,826,,,X,,0,,,56,,,H6,HS,True,8703,,,,C00,,0,0,,5,,77886.0,False,5,,77886.0,False,87193867.0,False,0,False,,1445077707.511,1445077707.511,0,False,True
C,A,20220101,2022,52,2022,826,,,X,,0,,,344,,,H6,HS,True,8703,,,,C00,,0,0,,5,,929.0,False,5,,929.0,False,1438333.0,False,0,False,,81135582.477,81135582.477,0,False,True
C,A,20220101,2022,52,2022,826,,,X,,0,,,646,,,H6,HS,True,8703,,,,C00,,0,0,,5,,1.0,False,5,,1.0,False,10000.0,False,0,False,,12207.294,12207.294,0,False,True
C,A,20220101,2022,52,2022,826,,,X,,0,,,674,,,H6,HS,True,8703,,,,C00,,0,0,,5,,1.0,False,5,,1.0,False,1700.0,False,0,False,,61646.835,61646.835,0,False,True
C,A,20220101,2022,52,2022,826,,,X,,0,,,368,,,H6,HS,True,8703,,,,C00,,0,1000,,5,,1.0,False,5,,1.0,False,2733.0,False,0,False,,124791.505,124791.505,0,False,True
C,A,20220101,2022,52,2022,826,,,X,,0,,,818,,,H6,HS,True,8703,,,,C00,,0,1000,,5,,1.0,False,5,,1.0,False,2257.0,False,0,False,,275962.973,275962.973,0,False,True
C,A,20220101,2022,52,2022,826,,,X,,0,,,504,,,H6,HS,True,8703,,,,C00,,0,1000,,5,,1.0,False,5,,1.0,False,300.0,False,0,False,,61036.47,61036.47,0,False,True
C,A,20220101,2022,52,2022,826,,,X,,0,,,68,,,H6,HS,True,8703,,,,C00,,0,2100,,5,,1.0,False,5,,1.0,False,1537.0,False,0,False,,20660.845,20660.845,0,False,True
C,A,20220101,2022,52,2022,826,,,X,,0,,,70,,,H6,HS,True,8703,,,,C00,,0,2100,,5,,1.0,False,5,,1.0,False,1320.0,False,0,False,,17590.711,17590.711,0,False,True
C,A,20220101,2022,52,2022,826,,,X,,0,,,646,,,H6,HS,True,8703,,,,C00,,0,2100,,5,,1.0,False,5,,1.0,False,10000.0,False,0,False,,12207.294,12207.294,0,False,True
C,A,20220101,2022,52,2022,826,,,X,,0,,,300,,,H6,HS,True,8703,,,,C00,,0,3200,,5,,1.0,False,5,,1.0,False,8.0,False,0,False,,1455.109,1455.109,0,False,True
C,A,20220101,2022,52,2022,826,,,X,,0,,,368,,,H6,HS,True,8703,,,,C00,,0,3200,,5,,1.0,False,5,,1.0,False,3250.0,False,0,False,,190189.642,190189.642,0,False,True
C,A,20220101,2022,52,2022,826,,,X,,0,,,643,,,H6,HS,True,8703,,,,C00,,0,9900,,5,,1.0,False,5,,1.0,False,1676.0,False,0,False,,30084.876,30084.876,0,False,True
C,A,20220101,2022,52,2022,826,,,X,,0,,,674,,,H6,HS,True,8703,,,,C00,,0,9900,,5,,1.0,False,5,,1.0,False,1700.0,False,0,False,,61646.835,61646.835,0,False,True
C,A,20220101,2022,52,2022,826,,,X,,0,,,854,,,H6,HS,True,8703,,,,C00,,0,9900,,5,,1.0,False,5,,1.0,False,1800.0,False,0,False,,1782.265,1782.265,0,False,True
C,A,20220101,2022,52,2022,826,,,X,,0,,,496,,,H6,HS,True,8703,,,,C00,,0,9900,,5,,1.0,False,5,,1.0,False,1458.0,False,0,False,,10842.519,10842.519,0,False,True
C,A,20220101,2022,52,2022,826,,,X,,0,,,804,,,H6,HS,True,8703,,,,C00,,0,9900,,5,,22354.849,True,-1,,0.0,False,4412055.0,False,0,False,,6681335.27,6681335.27,2,False,True
C,A,20220101,2022,52,2022,826,,,X,,0,,,834,,,H6,HS,True,8703,,,,C00,,0,2100,,5,,1087.743,True,-1,,0.0,False,3359339.0,False,0,False,,13965300.704,13965300.704,2,False,True
C,A,20220101,2022,52,2022,826,,,X,,0,,,842,,,H6,HS,True,8703,,,,C00,,0,2100,,5,,130917.03,True,-1,,0.0,False,177182325.0,False,0,False,,6658999288.722,6658999288.722,2,False,True
C,A,20220101,2022,52,2022,826,,,X,,0,,,504,,,H6,HS,True,8703,,,,C00,,0,2100,,5,,3215.099,True,-1,,0.0,False,5368572.0,False,0,False,,97668097.883,97668097.883,2,False,True
C,A,20220101,2022,52,2022,826,,,X,,0,,,360,,,H6,HS,True,8703,,,,C00,,0,1000,,5,,137.067,True,-1,,0.0,False,254536.0,False,0,False,,41375208.527,41375208.527,2,False,True
C,A,20220101,2022,52,2022,826,,,X,,0,,,792,,,H6,HS,True,8703,,,,C00,,0,1000,,5,,5.893,True,-1,,0.0,False,1172.0,False,0,False,,196420.245,196420.245,2,False,True
C,A,20220101,2022,52,2022,826,,,X,,0,,,360,,,H6,HS,True,8703,,,,C00,,0,0,,5,,986.067,True,-1,,0.0,False,1973440.0,False,0,False,,131152269.799,131152269.799,2,False,True
C,A,20220101,2022,52,2022,826,,,X,,0,,,792,,,H6,HS,True,8703,,,,C00,,0,0,,5,,11742.893,True,-1,,0.0,False,19025667.0,False,0,False,,283115583.408,283115583.408,2,False,True
C,A,20220101,2022,52,2022,826,,,X,,0,,,804,,,H6,HS,True,8703,,,,C00,,0,0,,5,,26052.849,True,-1,,0.0,False,6828345.0,False,0,False,,52284360.661,52284360.661,2,False,True
C,A,20220101,2022,52,2022,826,,,X,,0,,,834,,,H6,HS,True,8703,,,,C00,,0,0,,5,,1131.743,True,-1,,0.0,False,3468539.0,False,0,False,,14448665.604,14448665.604,2,False,True
C,A,20220101,2022,52,2022,826,,,X,,0,,,842,,,H6,HS,True,8703,,,,C00,,0,0,,5,,131967.03,True,-1,,0.0,False,177694171.0,False,0,False,,6838342599.842,6838342599.842,2,False,True
C,A,20220101,2022,52,2022,826,,,X,,0,,,504,,,H6,HS,True,8703,,,,C00,,0,0,,5,,3240.099,True,-1,,0.0,False,5369264.0,False,0,False,,97738846.477,97738846.477,2,False,True
C,A,20220101,2022,52,2022,826,,,X,,0,,,204,,,H6,HS,True,8703,,,,C00,,0,2100,,5,,18.0,False,5,,18.0,False,56400.0,False,0,False,,174014.977,174014.977,0,False,True
C,A,20220101,2022,52,2022,826,,,X,,0,,,214,,,H6,HS,True,8703,,,,C00,,0,2100,,5,,91.0,False,5,,91.0,False,179198.0,False,0,False,,5590286.387,5590286.387,0,False,True
C,A,20220101,2022,52,2022,826,,,X,,0,,,218,,,H6,HS,True,8703,,,,C00,,0,2100,,5,,75.0,False,5,,75.0,False,124752.0,False,0,False,,3400709.211,3400709.211,0,False,True
C,A,20220101,2022,52,2022,826,,,X,,0,,,226,,,H6,HS,True,8703,,,,C00,,0,2100,,5,,15.0,False,5,,15.0,False,20685.0,False,0,False,,35645.299,35645.299,0,False,True
C,A,20220101,2022,52,2022,826,,,X,,0,,,238,,,H6,HS,True,8703,,,,C00,,0,2100,,5,,141.0,False,5,,141.0,False,313420.0,False,0,False,,2256410.89,2256410.89,0,False,True
C,A,20220101,2022,52,2022,826,,,X,,0,,,204,,,H6,HS,True,8703,,,,C00,,0,0,,5,,18.0,False,5,,18.0,False,56400.0,False,0,False,,174014.977,174014.977,0,False,True
C,A,20220101,2022,52,2022,826,,,X,,0,,,214,,,H6,HS,True,8703,,,,C00,,0,0,,5,,91.0,False,5,,91.0,False,179198.0,False,0,False,,5590286.387,5590286.387,0,False,True
C,A,20220101,2022,52,2022,826,,,X,,0,,,218,,,H6,HS,True,8703,,,,C00,,0,0,,5,,75.0,False,5,,75.0,False,124752.0,False,0,False,,3400709.211,3400709.211,0,False,True
C,A,20220101,2022,52,2022,826,,,X,,0,,,226,,,H6,HS,True,8703,,,,C00,,0,0,,5,,15.0,False,5,,15.0,False,20685.0,False,0,False,,35645.299,35645.299,0,False,True
C,A,20220101,2022,52,2022,826,,,X,,0,,,196,,,H6,HS,True,8703,,,,C00,,0,0,,5,,5028.0,False,5,,5028.0,False,7679252.0,False,0,False,,124930089.923,124930089.923,0,False,True
C,A,20220101,2022,52,2022,826,,,X,,0,,,196,,,H6,HS,True,8703,,,,C00,,0,2100,,5,,4939.0,False,5,,4939.0,False,7496218.0,False,0,False,,118713573.011,118713573.011,0,False,True
C,A,20220101,2022,52,2022,826,,,X,,0,,,196,,,H6,HS,True,8703,,,,C00,,0,9000,,5,,20.0,False,5,,20.0,False,34250.0,False,0,False,,479125.307,479125.307,0,False,True
C,A,20220101,2022,52,2022,826,,,X,,0,,,196,,,H6,HS,True,8703,,,,C00,,0,9900,,5,,67.0,False,5,,67.0,False,148728.0,False,0,False,,5730658.062,5730658.062,0,False,True
C,A,20220101,2022,52,2022,826,,,X,,0,,,246,,,H6,HS,True,8703,,,,C00,,0,9900,,5,,23.0,False,5,,23.0,False,27893.0,False,0,False,,1619137.647,1619137.647,0,False,True
C,A,20220101,2022,52,2022,826,,,X,,0,,,208,,,H6,HS,True,8703,,,,C00,,0,9900,,5,,55.0,False,5,,55.0,False,87791.0,False,0,False,,42679733.686,42679733.686,0,False,True
C,A,20220101,2022,52,2022,826,,,X,,0,,,208,,,H6,HS,True,8703,,,,C00,,0,1000,,5,,4.0,False,5,,4.0,False,255.0,False,0,False,,6605.367,6605.367,0,False,True
C,A,20220101,2022,52,2022,826,,,X,,0,,,242,,,H6,HS,True,8703,,,,C00,,0,0,,5,,4.0,False,5,,4.0,False,6855.0,False,0,False,,276077.722,276077.722,0,False,True
C,A,20220101,2022,52,2022,826,,,X,,0,,,242,,,H6,HS,True,8703,,,,C00,,0,2100,,5,,4.0,False,5,,4.0,False,6855.0,False,0,False,,276077.722,276077.722,0,False,True
C,A,20220101,2022,52,2022,826,,,X,,0,,,212,,,H6,HS,True,8703,,,,C00,,0,0,,5,,3.0,False,5,,3.0,False,7409.0,False,0,False,,382441.096,382441.096,0,False,True
C,A,20220101,2022,52,2022,826,,,X,,0,,,212,,,H6,HS,True,8703,,,,C00,,0,2100,,5,,3.0,False,5,,3.0,False,7409.0,False,0,False,,382441.096,382441.096,0,False,True
C,A,20220101,2022,52,2022,826,,,X,,0,,,232,,,H6,HS,True,8703,,,,C00,,0,0,,5,,3.0,False,5,,3.0,False,30.0,False,0,False,,1556.43,1556.43,0,False,True
C,A,20220101,2022,52,2022,826,,,X,,0,,,232,,,H6,HS,True,8703,,,,C00,,0,1000,,5,,3.0,False,5,,3.0,False,30.0,False,0,False,,1556.43,1556.43,0,False,True
C,A,20220101,2022,52,2022,826,,,X,,0,,,231,,,H6,HS,True,8703,,,,C00,,0,1000,,5,,1.0,False,5,,1.0,False,10.0,False,0,False,,12658.964,12658.964,0,False,True
C,A,20220101,2022,52,2022,826,,,X,,0,,,196,,,H6,HS,True,8703,,,,C00,,0,1000,,5,,1.0,False,5,,1.0,False,28.0,False,0,False,,1464.875,1464.875,0,False,True
C,A,20220101,2022,52,2022,826,,,X,,0,,,196,,,H6,HS,True,8703,,,,C00,,0,3200,,5,,1.0,False,5,,1.0,False,28.0,False,0,False,,5268.668,5268.668,0,False,True
C,A,20220101,2022,52,2022,826,,,X,,0,,,231,,,H6,HS,True,8703,,,,C00,,0,0,,5,,1.0,False,5,,1.0,False,10.0,False,0,False,,12658.964,12658.964,0,False,True
C,A,20220101,2022,52,2022,826,,,X,,0,,,246,,,H6,HS,True,8703,,,,C00,,0,9000,,5,,1.0,False,5,,1.0,False,1435.0,False,0,False,,98278.483,98278.483,0,False,True
C,A,20220101,2022,52,2022,826,,,X,,0,,,246,,,H6,HS,True,8703,,,,C00,,0,3200,,5,,1.0,False,5,,1.0,False,100.0,False,0,False,,1922.649,1922.649,0,False,True
C,A,20220101,2022,52,2022,826,,,X,,0,,,238,,,H6,HS,True,8703,,,,C00,,0,1000,,-1,,0.0,False,-1,,0.0,False,11.0,False,0,False,,1755.409,1755.409,0,False,True
C,A,20220101,2022,52,2022,826,,,X,,0,,,238,,,H6,HS,True,8703,,,,C00,,0,0,,-1,,0.0,False,-1,,0.0,False,313431.0,False,0,False,,2258166.299,2258166.299,0,False,True
C,A,20220101,2022,52,2022,826,,,X,,0,,,246,,,H6,HS,True,8703,,,,C00,,0,1000,,5,,188.29,True,-1,,0.0,False,112.0,False,0,False,,67882.321,67882.321,2,False,True
C,A,20220101,2022,52,2022,826,,,X,,0,,,208,,,H6,HS,True,8703,,,,C00,,0,2100,,5,,3514.724,True,-1,,0.0,False,5063251.0,False,0,False,,79618494.147,79618494.147,2,False,True
C,A,20220101,2022,52,2022,826,,,X,,0,,,246,,,H6,HS,True,8703,,,,C00,,0,2100,,5,,3811.325,True,-1,,0.0,False,6016835.0,False,0,False,,105773606.885,105773606.885,2,False,True
C,A,20220101,2022,52,2022,826,,,X,,0,,,208,,,H6,HS,True,8703,,,,C00,,0,0,,5,,3573.724,True,-1,,0.0,False,5151297.0,False,0,False,,122304833.2,122304833.2,2,False,True
C,A,20220101,2022,52,2022,826,,,X,,0,,,246,,,H6,HS,True,8703,,,,C00,,0,0,,5,,4024.614,True,-1,,0.0,False,6046375.0,False,0,False,,107560827.985,107560827.985,2,False,True
C,A,20220101,2022,52,2022,826,,,X,,0,,,340,,,H6,HS,True,8703,,,,C00,,0,2100,,5,,1.0,False,5,,1.0,False,1200.0,False,0,False,,6714.012,6714.012,0,False,True
C,A,20220101,2022,52,2022,826,,,X,,0,,,96,,,H6,HS,True,8703,,,,C00,,0,1000,,5,,1.0,False,5,,1.0,False,1140.0,False,0,False,,16180386.241,16180386.241,0,False,True
C,A,20220101,2022,52,2022,826,,,X,,0,,,340,,,H6,HS,True,8703,,,,C00,,0,0,,5,,1.0,False,5,,1.0,False,1200.0,False,0,False,,6714.012,6714.012,0,False,True
C,A,20220101,2022,52,2022,826,,,X,,0,,,498,,,H6,HS,True,8703,,,,C00,,0,9900,,5,,2.0,False,5,,2.0,False,2170.0,False,0,False,,6714.012,6714.012,0,False,True
C,A,20220101,2022,52,2022,826,,,X,,0,,,288,,,H6,HS,True,8703,,,,C00,,0,2100,,5,,331.0,False,5,,331.0,False,1234949.0,False,0,False,,2842671.072,2842671.072,0,False,True
C,A,20220101,2022,52,2022,826,,,X,,0,,,170,,,H6,HS,True,8703,,,,C00,,0,2100,,5,,1433.0,False,5,,1433.0,False,2168394.0,False,0,False,,35502524.702,35502524.702,0,False,True
C,A,20210101,2021,52,2021,764,,,X,,0,,,842,,,H5,HS,True,8541,,,,C00,,0,0,,-1,,0.0,True,-1,,0.0,False,18673630.095,True,0,False,,164593631.519,164593631.519,6,False,True
C,A,20210101,2021,52,2021,764,,,X,,0,,,36,,,H5,HS,True,8541,,,,C00,,0,0,,-1,,0.0,True,-1,,0.0,False,15687.243,True,0,False,,216458.683,216458.683,6,False,True
C,A,20210101,2021,52,2021,764,,,X,,0,,,702,,,H5,HS,True,8541,,,,C00,,0,1000,,-1,,0.0,False,-1,,0.0,False,638516.293,True,0,False,,84937135.613,84937135.613,4,False,True
C,A,20210101,2021,52,2021,764,,,X,,0,,,490,,,H5,HS,True,8541,,,,C00,,0,2000,,-1,,0.0,False,-1,,0.0,False,358839.0,False,0,False,,20822530.571,20822530.571,0,False,True
C,A,20210101,2021,52,2021,764,,,X,,0,,,96,,,H5,HS,True,8541,,,,C00,,0,2000,,-1,,0.0,False,-1,,0.0,False,186.0,False,0,False,,2286.264,2286.264,0,False,True
C,A,20210101,2021,52,2021,764,,,X,,0,,,604,,,H5,HS,True,8541,,,,C00,,0,2000,,5,,1.0,False,5,,1.0,False,0.042,True,0,False,,4.0,4.0,4,False,True
C,A,20210101,2021,52,2021,764,,,X,,0,,,340,,,H5,HS,True,8541,,,,C00,,0,2000,,5,,1.0,False,5,,1.0,False,6.366,True,0,False,,49.602,49.602,4,False,True
C,A,20210101,2021,52,2021,764,,,X,,0,,,584,,,H5,HS,True,8541,,,,C00,,0,1000,,5,,1.0,False,5,,1.0,False,4.0,False,0,False,,226.89,226.89,0,False,True
C,A,20210101,2021,52,2021,764,,,X,,0,,,480,,,H5,HS,True,8541,,,,C00,,0,1000,,5,,1.0,False,5,,1.0,False,2.0,False,0,False,,227.989,227.989,0,False,True
C,A,20210101,2021,52,2021,764,,,X,,0,,,51,,,H5,HS,True,8541,,,,C00,,0,1000,,5,,1.0,False,5,,1.0,False,2.0,False,0,False,,110.72,110.72,0,False,True
C,A,20210101,2021,52,2021,764,,,X,,0,,,368,,,H5,HS,True,8541,,,,C00,,0,1000,,5,,1.0,False,5,,1.0,False,1.0,False,0,False,,88.118,88.118,0,False,True
C,A,20210101,2021,52,2021,764,,,X,,0,,,368,,,H5,HS,True,8541,,,,C00,,0,0,,5,,1.0,False,5,,1.0,False,1.0,False,0,False,,88.118,88.118,0,False,True
C,A,20210101,2021,52,2021,764,,,X,,0,,,540,,,H5,HS,True,8541,,,,C00,,0,0,,5,,2.0,False,5,,2.0,False,5.0,False,0,False,,471.901,471.901,0,False,True
C,A,20210101,2021,52,2021,764,,,X,,0,,,566,,,H5,HS,True,8541,,,,C00,,0,0,,5,,2.0,False,5,,2.0,False,6.636,True,0,False,,33.745,33.745,4,False,True
C,A,20210101,2021,52,2021,764,,,X,,0,,,688,,,H5,HS,True,8541,,,,C00,,0,1000,,5,,2.0,False,5,,2.0,False,,False,0,False,,1.076,1.076,0,False,True
C,A,20210101,2021,52,2021,764,,,X,,0,,,56,,,H5,HS,True,8541,,,,C00,,0,2000,,5,,24.0,False,5,,24.0,False,6.603,True,0,False,,343.1,343.1,4,False,True
C,A,20210101,2021,52,2021,764,,,X,,0,,,32,,,H5,HS,True,8541,,,,C00,,0,1000,,5,,12020.0,False,5,,12020.0,False,96.117,True,0,False,,4502.515,4502.515,4,False,True
C,A,20210101,2021,52,2021,764,,,X,,0,,,757,,,H5,HS,True,8541,,,,C00,,0,0,,5,,252314903.0,False,5,,252314903.0,False,19949.002,True,0,False,,44888499.572,44888499.572,4,False,True
C,A,20210101,2021,52,2021,764,,,X,,0,,,642,,,H5,HS,True,8541,,,,C00,,0,0,,5,,14367.0,False,5,,14367.0,False,39.069,True,0,False,,418529.675,418529.675,4,False,True
C,A,20210101,2021,52,2021,764,,,X,,0,,,784,,,H5,HS,True,8541,,,,C00,,0,0,,5,,6189.0,False,5,,6189.0,False,41212.914,True,0,False,,157205.9,157205.9,4,False,True
C,A,20210101,2021,52,2021,764,,,X,,0,,,344,,,H5,HS,True,8541,,,,C00,,0,3000,,5,,1776000.0,False,5,,1776000.0,False,20050.0,False,0,False,,1420800.028,1420800.028,0,False,True
C,A,20210101,2021,52,2021,764,,,X,,0,,,484,,,H5,HS,True,8541,,,,C00,,0,9000,,5,,75000.0,False,5,,75000.0,False,19.0,False,0,False,,4754.988,4754.988,0,False,True
C,A,20210101,2021,52,2021,764,,,X,,0,,,882,,,H5,HS,True,8541,,,,C00,,0,0,,5,,249149.0,False,5,,249149.0,False,2522.0,False,0,False,,166805.242,166805.242,0,False,True
C,A,20210101,2021,52,2021,764,,,X,,0,,,703,,,H5,HS,True,8541,,,,C00,,0,0,,5,,689146.0,False,5,,689146.0,False,464.0,False,0,False,,67034.961,67034.961,0,False,True
C,A,20210101,2021,52,2021,764,,,X,,0,,,251,,,H5,HS,True,8541,,,,C00,,0,0,,5,,26098064.0,False,5,,26098064.0,False,904055.0,False,0,False,,5359314.098,5359314.098,0,False,True
C,A,20210101,2021,52,2021,764,,,X,,0,,,634,,,H5,HS,True,8541,,,,C00,,0,0,,5,,6555.0,False,5,,6555.0,False,248.0,False,0,False,,18754.707,18754.707,0,False,True
C,A,20210101,2021,52,2021,764,,,X,,0,,,364,,,H5,HS,True,8541,,,,C00,,0,0,,5,,14440.0,False,5,,14440.0,False,1299.0,False,0,False,,94667.913,94667.913,0,False,True
C,A,20210101,2021,52,2021,764,,,X,,0,,,0,,,H5,HS,True,8541,,,,C00,,0,9000,,5,,106504.0,False,5,,106504.0,False,148.062,True,0,False,,17472.075,17472.075,4,False,True
C,A,20210101,2021,52,2021,764,,,X,,0,,,50,,,H5,HS,True,8541,,,,C00,,0,2000,,5,,4.0,False,5,,4.0,False,122.0,False,0,False,,100.014,100.014,0,False,True
C,A,20210101,2021,52,2021,764,,,X,,0,,,0,,,H5,HS,True,8541,,,,C00,,0,0,,-1,,0.0,True,-1,,0.0,False,,False,0,False,,2704665745.571,2704665745.571,2,False,True
C,A,20210101,2021,52,2021,764,,,X,,0,,,156,,,H5,HS,True,8541,,,,C00,,0,1000,,-1,,0.0,False,-1,,0.0,False,81755.074,True,0,False,,12787323.785,12787323.785,4,False,True
C,A,20210101,2021,52,2021,764,,,X,,0,,,392,,,H5,HS,True,8541,,,,C00,,0,1000,,-1,,0.0,False,-1,,0.0,False,1299512.069,True,0,False,,552372358.732,552372358.732,4,False,True
C,A,20210101,2021,52,2021,764,,,X,,0,,,418,,,H5,HS,True,8541,,,,C00,,0,3000,,-1,,0.0,False,-1,,0.0,False,90762.0,False,0,False,,5637308.918,5637308.918,0,False,True
C,A,20210101,2021,52,2021,764,,,X,,0,,,608,,,H5,HS,True,8541,,,,C00,,0,0,,-1,,0.0,False,-1,,0.0,False,1958.063,True,0,False,,1948865.593,1948865.593,4,False,True
C,A,20210101,2021,52,2021,764,,,X,,0,,,418,,,H5,HS,True,8541,,,,C00,,0,0,,-1,,0.0,False,-1,,0.0,False,90805.0,False,0,False,,5638288.127,5638288.127,0,False,True
C,A,20210101,2021,52,2021,764,,,X,,0,,,100,,,H5,HS,True,8541,,,,C00,,0,1000,,5,,2.0,False,5,,2.0,False,2.0,False,0,False,,296.638,296.638,0,False,True
C,A,20210101,2021,52,2021,764,,,X,,0,,,512,,,H5,HS,True,8541,,,,C00,,0,1000,,5,,2.0,False,5,,2.0,False,2.0,False,0,False,,15.007,15.007,0,False,True
C,A,20210101,2021,52,2021,764,,,X,,0,,,288,,,H5,HS,True,8541,,,,C00,,0,1000,,5,,2.0,False,5,,2.0,False,4.0,False,0,False,,2.992,2.992,0,False,True
C,A,20210101,2021,52,2021,764,,,X,,0,,,442,,,H5,HS,True,8541,,,,C00,,0,1000,,5,,2.0,False,5,,2.0,False,2.187,True,0,False,,104.898,104.898,4,False,True
C,A,20210101,2021,52,2021,764,,,X,,0,,,554,,,H5,HS,True,8541,,,,C00,,0,1000,,5,,1119210.0,False,5,,1119210.0,False,3045.071,True,0,False,,247586.333,247586.333,4,False,True
C,A,20210101,2021,52,2021,764,,,X,,0,,,76,,,H5,HS,True,8541,,,,C00,,0,1000,,5,,5069177.0,False,5,,5069177.0,False,3621.595,True,0,False,,521790.077,521790.077,4,False,True
C,A,20210101,2021,52,2021,764,,,X,,0,,,246,,,H5,HS,True,8541,,,,C00,,0,1000,,5,,3263.0,False,5,,3263.0,False,602.845,True,0,False,,10463.058,10463.058,4,False,True
C,A,20210101,2021,52,2021,764,,,X,,0,,,724,,,H5,HS,True,8541,,,,C00,,0,1000,,5,,1069457062.0,False,5,,1069457062.0,False,214670.012,True,0,False,,8712388.236,8712388.236,4,False,True
C,A,20210101,2021,52,2021,764,,,X,,0,,,246,,,H5,HS,True,8541,,,,C00,,0,0,,5,,3263.0,False,5,,3263.0,False,602.845,True,0,False,,10463.058,10463.058,4,False,True
C,A,20210101,2021,52,2021,764,,,X,,0,,,586,,,H5,HS,True,8541,,,,C00,,0,1000,,5,,2016.0,False,5,,2016.0,False,258.718,True,0,False,,10280.684,10280.684,4,False,True
C,A,20210101,2021,52,2021,764,,,X,,0,,,554,,,H5,HS,True,8541,,,,C00,,0,0,,5,,1119356.0,False,5,,1119356.0,False,3048.446,True,0,False,,247799.739,247799.739,4,False,True
C,A,20210101,2021,52,2021,764,,,X,,0,,,784,,,H5,HS,True,8541,,,,C00,,0,2000,,5,,1807.0,False,5,,1807.0,False,40756.757,True,0,False,,111182.615,111182.615,4,False,True
C,A,20210101,2021,52,2021,764,,,X,,0,,,380,,,H5,HS,True,8541,,,,C00,,0,1000,,5,,2663233.0,False,5,,2663233.0,False,2297.968,True,0,False,,94042.244,94042.244,4,False,True
C,A,20210101,2021,52,2021,764,,,X,,0,,,704,,,H5,HS,True,8541,,,,C00,,0,3000,,5,,344244897.0,False,5,,344244897.0,False,3387125.0,False,0,False,,305807844.224,305807844.224,0,False,True
C,A,20210101,2021,52,2021,764,,,X,,0,,,699,,,H5,HS,True,8541,,,,C00,,0,3000,,5,,154352.0,False,5,,154352.0,False,181.0,False,0,False,,31348.439,31348.439,0,False,True
C,A,20210101,2021,52,2021,764,,,X,,0,,,703,,,H5,HS,True,8541,,,,C00,,0,1000,,5,,689146.0,False,5,,689146.0,False,464.0,False,0,False,,67034.961,67034.961,0,False,True
C,A,20210101,2021,52,2021,764,,,X,,0,,,364,,,H5,HS,True,8541,,,,C00,,0,1000,,5,,14440.0,False,5,,14440.0,False,1299.0,False,0,False,,94667.913,94667.913,0,False,True
C,A,20210101,2021,52,2021,764,,,X,,0,,,643,,,H5,HS,True,8541,,,,C00,,0,1000,,5,,51132.0,False,5,,51132.0,False,2777.0,False,0,False,,137184.126,137184.126,0,False,True
C,A,20210101,2021,52,2021,764,,,X,,0,,,4,,,H5,HS,True,8541,,,,C00,,0,2000,,5,,11400.0,False,5,,11400.0,False,215500.0,False,0,False,,147522.507,147522.507,0,False,True
C,A,20210101,2021,52,2021,764,,,X,,0,,,410,,,H5,HS,True,8541,,,,C00,,0,2000,,5,,233723584.0,False,5,,233723584.0,False,86246.0,False,0,False,,6415603.973,6415603.973,0,False,True
C,A,20210101,2021,52,2021,764,,,X,,0,,,288,,,H5,HS,True,8541,,,,C00,,0,2000,,5,,11.0,False,5,,11.0,False,25.0,False,0,False,,105.12,105.12,0,False,True
C,A,20210101,2021,52,2021,764,,,X,,0,,,792,,,H5,HS,True,8541,,,,C00,,0,2000,,5,,799049.0,False,5,,799049.0,False,661883.0,False,0,False,,3509391.358,3509391.358,0,False,True
C,A,20210101,2021,52,2021,764,,,X,,0,,,50,,,H5,HS,True,8541,,,,C00,,0,0,,5,,49.0,False,5,,49.0,False,267.0,False,0,False,,590.512,590.512,0,False,True
C,A,20210101,2021,52,2021,764,,,X,,0,,,203,,,H5,HS,True,8541,,,,C00,,0,0,,5,,68559.0,False,5,,68559.0,False,2105.0,False,0,False,,1318578.689,1318578.689,0,False,True
C,A,20210101,2021,52,2021,764,,,X,,0,,,170,,,H5,HS,True,8541,,,,C00,,0,1000,,5,,3.0,False,5,,3.0,False,6.0,False,0,False,,459.948,459.948,0,False,True
C,A,20210101,2021,52,2021,764,,,X,,0,,,704,,,H5,HS,True,8541,,,,C00,,0,1000,,-1,,0.0,False,-1,,0.0,False,27245.012,True,0,False,,15839420.349,15839420.349,4,False,True
C,A,20210101,2021,52,2021,764,,,X,,0,,,344,,,H5,HS,True,8541,,,,C00,,0,0,,-1,,0.0,False,-1,,0.0,False,167538970.87,True,0,False,,739874058.294,739874058.294,4,False,True
C,A,20210101,2021,52,2021,764,,,X,,0,,,484,,,H5,HS,True,8541,,,,C00,,0,2000,,5,,1.0,False,5,,1.0,False,0.313,True,0,False,,29.884,29.884,4,False,True
C,A,20210101,2021,52,2021,764,,,X,,0,,,304,,,H5,HS,True,8541,,,,C00,,0,1000,,5,,1.0,False,5,,1.0,False,1.0,False,0,False,,106.46,106.46,0,False,True
C,A,20210101,2021,52,2021,764,,,X,,0,,,458,,,H5,HS,True,8541,,,,C00,,0,2000,,5,,91452.0,False,5,,91452.0,False,8199.877,True,0,False,,63924.793,63924.793,4,False,True
C,A,20210101,2021,52,2021,764,,,X,,0,,,608,,,H5,HS,True,8541,,,,C00,,0,2000,,5,,54.0,False,5,,54.0,False,7.006,True,0,False,,5871.482,5871.482,4,False,True
C,A,20210101,2021,52,2021,764,,,X,,0,,,360,,,H5,HS,True,8541,,,,C00,,0,2000,,5,,24035507.0,False,5,,24035507.0,False,11038.62,True,0,False,,2265242.902,2265242.902,4,False,True
C,A,20210101,2021,52,2021,764,,,X,,0,,,92,,,H5,HS,True,8541,,,,C00,,0,1000,,5,,3432474.0,False,5,,3432474.0,False,31717.113,True,0,False,,108887641.905,108887641.905,4,False,True
C,A,20210101,2021,52,2021,764,,,X,,0,,,410,,,H5,HS,True,8541,,,,C00,,0,1000,,5,,4988652947.0,False,5,,4988652947.0,False,241836.034,True,0,False,,58978301.737,58978301.737,4,False,True
C,A,20210101,2021,52,2021,764,,,X,,0,,,710,,,H5,HS,True,8541,,,,C00,,0,1000,,5,,5315.0,False,5,,5315.0,False,134.921,True,0,False,,57684.199,57684.199,4,False,True
C,A,20210101,2021,52,2021,764,,,X,,0,,,124,,,H5,HS,True,8541,,,,C00,,0,1000,,5,,2259711.0,False,5,,2259711.0,False,32593.707,True,0,False,,2909860.818,2909860.818,4,False,True
C,A,20210101,2021,52,2021,764,,,X,,0,,,752,,,H5,HS,True,8541,,,,C00,,0,0,,5,,887392.0,False,5,,887392.0,False,1558.264,True,0,False,,124898.754,124898.754,4,False,True
C,A,20210101,2021,52,2021,764,,,X,,0,,,116,,,H5,HS,True,8541,,,,C00,,0,0,,5,,71364881.0,False,5,,71364881.0,False,39863.485,True,0,False,,3577157.814,3577157.814,4,False,True
C,A,20210101,2021,52,2021,764,,,X,,0,,,68,,,H5,HS,True,8541,,,,C00,,0,0,,5,,551041.0,False,5,,551041.0,False,6400.748,True,0,False,,537045.648,537045.648,4,False,True
C,A,20210101,2021,52,2021,764,,,X,,0,,,242,,,H5,HS,True,8541,,,,C00,,0,0,,5,,115.0,False,5,,115.0,False,42.133,True,0,False,,519.55,519.55,4,False,True
C,A,20210101,2021,52,2021,764,,,X,,0,,,620,,,H5,HS,True,8541,,,,C00,,0,0,,5,,2476.0,False,5,,2476.0,False,151.506,True,0,False,,12090.263,12090.263,4,False,True
C,A,20210101,2021,52,2021,764,,,X,,0,,,92,,,H5,HS,True,8541,,,,C00,,0,0,,5,,3437864.0,False,5,,3437864.0,False,32256.113,True,0,False,,110207135.693,110207135.693,4,False,True
C,A,20210101,2021,52,2021,764,,,X,,0,,,360,,,H5,HS,True,8541,,,,C00,,0,0,,5,,52930266.0,False,5,,52930266.0,False,16950.62,True,0,False,,13875201.306,13875201.306,4,False,True
C,A,20210101,2021,52,2021,764,,,X,,0,,,899,,,H5,HS,True,8541,,,,C00,,0,2000,,5,,5170014.0,False,5,,5170014.0,False,88626.0,False,0,False,,4271754.089,4271754.089,0,False,True
C,A,20210101,2021,52,2021,764,,,X,,0,,,116,,,H5,HS,True,8541,,,,C00,,0,2000,,5,,70.0,False,5,,70.0,False,8.0,False,0,False,,268.897,268.897,0,False,True
C,A,20210101,2021,52,2021,764,,,X,,0,,,36,,,H5,HS,True,8541,,,,C00,,0,2000,,5,,100.0,False,5,,100.0,False,300.0,False,0,False,,6112.901,6112.901,0,False,True
C,A,20210101,2021,52,2021,764,,,X,,0,,,50,,,H5,HS,True,8541,,,,C00,,0,1000,,5,,45.0,False,5,,45.0,False,145.0,False,0,False,,490.498,490.498,0,False,True
C,A,20210101,2021,52,2021,764,,,X,,0,,,191,,,H5,HS,True,8541,,,,C00,,0,1000,,5,,8.0,False,5,,8.0,False,29.0,False,0,False,,2231.395,2231.395,0,False,True
C,A,20210101,2021,52,2021,764,,,X,,0,,,300,,,H5,HS,True,8541,,,,C00,,0,1000,,5,,174.0,False,5,,174.0,False,25.0,False,0,False,,1303.708,1303.708,0,False,True
C,A,20210101,2021,52,2021,764,,,X,,0,,,484,,,H5,HS,True,8541,,,,C00,,0,3000,,5,,2630.0,False,5,,2630.0,False,2.0,False,0,False,,241.704,241.704,0,False,True
C,A,20210101,2021,52,2021,764,,,X,,0,,,196,,,H5,HS,True,8541,,,,C00,,0,0,,5,,11.0,False,5,,11.0,False,17.0,False,0,False,,1140.288,1140.288,0,False,True
C,A,20210101,2021,52,2021,764,,,X,,0,,,643,,,H5,HS,True,8541,,,,C00,,0,0,,5,,85014.0,False,5,,85014.0,False,7002.0,False,0,False,,248301.103,248301.103,0,False,True
C,A,20210101,2021,52,2021,764,,,X,,0,,,862,,,H5,HS,True,8541,,,,C00,,0,0,,5,,800001.0,False,5,,800001.0,False,10401.0,False,0,False,,742499.999,742499.999,0,False,True
C,A,20210101,2021,52,2021,764,,,X,,0,,,682,,,H5,HS,True,8541,,,,C00,,0,0,,5,,10.0,False,5,,10.0,False,14.0,False,0,False,,144.656,144.656,0,False,True
C,A,20210101,2021,52,2021,764,,,X,,0,,,191,,,H5,HS,True,8541,,,,C00,,0,0,,5,,480008.0,False,5,,480008.0,False,5045.0,False,0,False,,536471.407,536471.407,0,False,True
C,A,20210101,2021,52,2021,764,,,X,,0,,,144,,,H5,HS,True,8541,,,,C00,,0,0,,5,,125.0,False,5,,125.0,False,162.0,False,0,False,,4370.268,4370.268,0,False,True
C,A,20210101,2021,52,2021,764,,,X,,0,,,288,,,H5,HS,True,8541,,,,C00,,0,0,,5,,13.0,False,5,,13.0,False,29.0,False,0,False,,108.112,108.112,0,False,True
C,A,20210101,2021,52,2021,764,,,X,,0,,,152,,,H5,HS,True,8541,,,,C00,,0,0,,5,,40.0,False,5,,40.0,False,191.0,False,0,False,,16589.772,16589.772,0,False,True
C,A,20210101,2021,52,2021,764,,,X,,0,,,48,,,H5,HS,True,8541,,,,C00,,0,1000,,5,,5.0,False,5,,5.0,False,10.0,False,0,False,,1225.847,1225.847,0,False,True
C,A,20210101,2021,52,2021,764,,,X,,0,,,231,,,H5,HS,True,8541,,,,C00,,0,0,,5,,4.0,False,5,,4.0,False,8.0,False,0,False,,112.365,112.365,0,False,True
C,A,20210101,2021,52,2021,764,,,X,,0,,,170,,,H5,HS,True,8541,,,,C00,,0,0,,5,,3.0,False,5,,3.0,False,6.0,False,0,False,,459.948,459.948,0,False,True
C,A,20210101,2021,52,2021,764,,,X,,0,,,462,,,H5,HS,True,8541,,,,C00,,0,0,,5,,3.0,False,5,,3.0,False,0.089,True,0,False,,8.542,8.542,4,False,True
C,A,20210101,2021,52,2021,764,,,X,,0,,,218,,,H5,HS,True,8541,,,,C00,,0,0,,5,,3.0,False,5,,3.0,False,18.0,False,0,False,,1094.441,1094.441,0,False,True
C,A,20210101,2021,52,2021,764,,,X,,0,,,699,,,H5,HS,True,8541,,,,C00,,0,0,,-1,,0.0,False,-1,,0.0,False,50107.0,False,0,False,,4689343.963,4689343.963,0,False,True
C,A,20210101,2021,52,2021,764,,,X,,0,,,96,,,H5,HS,True,8541,,,,C00,,0,0,,-1,,0.0,False,-1,,0.0,False,226.0,False,0,False,,5405.209,5405.209,0,False,True
C,A,20210101,2021,52,2021,764,,,X,,0,,,104,,,H5,HS,True,8541,,,,C00,,0,0,,-1,,0.0,False,-1,,0.0,False,14855.123,True,0,False,,82644.847,82644.847,4,False,True
C,A,20210101,2021,52,2021,764,,,X,,0,,,704,,,H5,HS,True,8541,,,,C00,,0,0,,-1,,0.0,False,-1,,0.0,False,3611550.012,True,0,False,,334847051.836,334847051.836,4,False,True
C,A,20210101,2021,52,2021,764,,,X,,0,,,76,,,H5,HS,True,8541,,,,C00,,0,0,,-1,,0.0,False,-1,,0.0,False,15289.595,True,0,False,,980730.744,980730.744,4,False,True
C,A,20210101,2021,52,2021,764,,,X,,0,,,276,,,H5,HS,True,8541,,,,C00,,0,1000,,-1,,0.0,False,-1,,0.0,False,17044.789,True,0,False,,1195773.407,1195773.407,4,False,True
C,A,20210101,2021,52,2021,764,,,X,,0,,,76,,,H5,HS,True,8541,,,,C00,,0,2000,,-1,,0.0,False,-1,,0.0,False,11668.0,False,0,False,,458940.666,458940.666,0,False,True
C,A,20210101,2021,52,2021,764,,,X,,0,,,702,,,H5,HS,True,8541,,,,C00,,0,2000,,-1,,0.0,False,-1,,0.0,False,53524431.619,True,0,False,,238168831.541,238168831.541,4,False,True
C,A,20210101,2021,52,2021,764,,,X,,0,,,340,,,H5,HS,True,8541,,,,C00,,0,0,,5,,1.0,False,5,,1.0,False,6.366,True,0,False,,49.602,49.602,4,False,True
C,A,20210101,2021,52,2021,764,,,X,,0,,,442,,,H5,HS,True,8541,,,,C00,,0,0,,5,,2.0,False,5,,2.0,False,2.187,True,0,False,,104.898,104.898,4,False,True
C,A,20210101,2021,52,2021,764,,,X,,0,,,418,,,H5,HS,True,8541,,,,C00,,0,1000,,5,,2.0,False,5,,2.0,False,43.0,False,0,False,,979.209,979.209,0,False,True
C,A,20210101,2021,52,2021,764,,,X,,0,,,208,,,H5,HS,True,8541,,,,C00,,0,2000,,5,,24133.0,False,5,,24133.0,False,307.011,True,0,False,,4392.915,4392.915,4,False,True
C,A,20210101,2021,52,2021,764,,,X,,0,,,528,,,H5,HS,True,8541,,,,C00,,0,0,,5,,10703443.0,False,5,,10703443.0,False,2042.618,True,0,False,,256019.219,256019.219,4,False,True
C,A,20210101,2021,52,2021,764,,,X,,0,,,380,,,H5,HS,True,8541,,,,C00,,0,0,,5,,2663233.0,False,5,,2663233.0,False,2297.968,True,0,False,,94042.244,94042.244,4,False,True
C,A,20210101,2021,52,2021,764,,,X,,0,,,470,,,H5,HS,True,8541,,,,C00,,0,0,,5,,2008.0,False,5,,2008.0,False,40.534,True,0,False,,2104.7,2104.7,4,False,True
C,A,20210101,2021,52,2021,764,,,X,,0,,,470,,,H5,HS,True,8541,,,,C00,,0,1000,,5,,2008.0,False,5,,2008.0,False,40.534,True,0,False,,2104.7,2104.7,4,False,True
C,A,20210101,2021,52,2021,764,,,X,,0,,,428,,,H5,HS,True,8541,,,,C00,,0,0,,5,,245.0,False,5,,245.0,False,9.055,True,0,False,,464.838,464.838,4,False,True
C,A,20210101,2021,52,2021,764,,,X,,0,,,428,,,H5,HS,True,8541,,,,C00,,0,1000,,5,,245.0,False,5,,245.0,False,9.055,True,0,False,,464.838,464.838,4,False,True
C,A,20210101,2021,52,2021,764,,,X,,0,,,642,,,H5,HS,True,8541,,,,C00,,0,1000,,5,,14367.0,False,5,,14367.0,False,39.069,True,0,False,,418529.675,418529.675,4,False,True
C,A,20210101,2021,52,2021,764,,,X,,0,,,348,,,H5,HS,True,8541,,,,C00,,0,0,,5,,18951037.0,False,5,,18951037.0,False,4567.0,False,0,False,,601403.644,601403.644,0,False,True
C,A,20210101,2021,52,2021,764,,,X,,0,,,454,,,H5,HS,True,8541,,,,C00,,0,2000,,5,,9820.0,False,5,,9820.0,False,2946.0,False,0,False,,102766.313,102766.313,0,False,True
C,A,20210101,2021,52,2021,764,,,X,,0,,,268,,,H5,HS,True,8541,,,,C00,,0,2000,,5,,1584000.0,False,5,,1584000.0,False,16203.0,False,0,False,,1726559.986,1726559.986,0,False,True
C,A,20210101,2021,52,2021,764,,,X,,0,,,276,,,H5,HS,True,8541,,,,C00,,0,2000,,5,,15658842.0,False,5,,15658842.0,False,94358.0,False,0,False,,2019381.197,2019381.197,0,False,True
C,A,20210101,2021,52,2021,764,,,X,,0,,,826,,,H5,HS,True,8541,,,,C00,,0,2000,,5,,21917.0,False,5,,21917.0,False,5.0,False,0,False,,1919.94,1919.94,0,False,True
C,A,20210101,2021,52,2021,764,,,X,,0,,,56,,,H5,HS,True,8541,,,,C00,,0,1000,,5,,3292204.0,False,5,,3292204.0,False,1417.0,False,0,False,,167745.146,167745.146,0,False,True
C,A,20210101,2021,52,2021,764,,,X,,0,,,682,,,H5,HS,True,8541,,,,C00,,0,1000,,5,,10.0,False,5,,10.0,False,14.0,False,0,False,,144.656,144.656,0,False,True
C,A,20210101,2021,52,2021,764,,,X,,0,,,152,,,H5,HS,True,8541,,,,C00,,0,1000,,5,,40.0,False,5,,40.0,False,191.0,False,0,False,,16589.772,16589.772,0,False,True
C,A,20210101,2021,52,2021,764,,,X,,0,,,804,,,H5,HS,True,8541,,,,C00,,0,1000,,5,,41.0,False,5,,41.0,False,104.0,False,0,False,,12030.819,12030.819,0,False,True
C,A,20210101,2021,52,2021,764,,,X,,0,,,116,,,H5,HS,True,8541,,,,C00,,0,3000,,5,,70249242.0,False,5,,70249242.0,False,39524.0,False,0,False,,3556960.992,3556960.992,0,False,True
C,A,20210101,2021,52,2021,764,,,X,,0,,,490,,,H5,HS,True,8541,,,,C00,,0,3000,,5,,7428610.0,False,5,,7428610.0,False,81132.0,False,0,False,,6701566.922,6701566.922,0,False,True
C,A,20210101,2021,52,2021,764,,,X,,0,,,156,,,H5,HS,True,8541,,,,C00,,0,3000,,5,,17512600.0,False,5,,17512600.0,False,178788.0,False,0,False,,12515167.277,12515167.277,0,False,True
C,A,20210101,2021,52,2021,764,,,X,,0,,,0,,,H5,HS,True,8541,,,,C00,,0,1000,,-1,,0.0,True,-1,,0.0,False,,False,0,False,,1033633674.077,1033633674.077,2,False,True
C,A,20210101,2021,52,2021,764,,,X,,0,,,484,,,H5,HS,True,8541,,,,C00,,0,1000,,-1,,0.0,False,-1,,0.0,False,6898.0,False,0,False,,2503212.036,2503212.036,0,False,True
C,A,20210101,2021,52,2021,764,,,X,,0,,,392,,,H5,HS,True,8541,,,,C00,,0,0,,-1,,0.0,False,-1,,0.0,False,2328188.305,True,0,False,,610609910.399,610609910.399,4,False,True
C,A,20210101,2021,52,2021,764,,,X,,0,,,156,,,H5,HS,True,8541,,,,C00,,0,0,,-1,,0.0,False,-1,,0.0,False,9671533.074,True,0,False,,78677358.83,78677358.83,4,False,True
C,A,20210101,2021,52,2021,764,,,X,,0,,,490,,,H5,HS,True,8541,,,,C00,,0,0,,-1,,0.0,False,-1,,0.0,False,531580.551,True,0,False,,60844293.228,60844293.228,4,False,True
C,A,20210101,2021,52,2021,764,,,X,,0,,,0,,,H5,HS,True,8541,,,,C00,,0,2000,,-1,,0.0,False,-1,,0.0,False,252618836.153,True,0,False,,1242673636.383,1242673636.383,4,False,True
C,A,20210101,2021,52,2021,764,,,X,,0,,,68,,,H5,HS,True,8541,,,,C00,,0,1000,,5,,1.0,False,5,,1.0,False,4.748,True,0,False,,36.994,36.994,4,False,True
C,A,20210101,2021,52,2021,764,,,X,,0,,,584,,,H5,HS,True,8541,,,,C00,,0,0,,5,,1.0,False,5,,1.0,False,4.0,False,0,False,,226.89,226.89,0,False,True
C,A,20210101,2021,52,2021,764,,,X,,0,,,508,,,H5,HS,True,8541,,,,C00,,0,0,,5,,1.0,False,5,,1.0,False,2.0,False,0,False,,143.014,143.014,0,False,True
C,A,20210101,2021,52,2021,764,,,X,,0,,,304,,,H5,HS,True,8541,,,,C00,,0,0,,5,,1.0,False,5,,1.0,False,1.0,False,0,False,,106.46,106.46,0,False,True
C,A,20210101,2021,52,2021,764,,,X,,0,,,579,,,H5,HS,True,8541,,,,C00,,0,2000,,5,,1.0,False,5,,1.0,False,1.0,False,0,False,,177.056,177.056,0,False,True
C,A,20210101,2021,52,2021,764,,,X,,0,,,400,,,H5,HS,True,8541,,,,C00,,0,1000,,5,,1.0,False,5,,1.0,False,1.0,False,0,False,,0.246,0.246,0,False,True
C,A,20210101,2021,52,2021,764,,,X,,0,,,566,,,H5,HS,True,8541,,,,C00,,0,1000,,5,,2.0,False,5,,2.0,False,6.636,True,0,False,,33.745,33.745,4,False,True
C,A,20210101,2021,52,2021,764,,,X,,0,,,208,,,H5,HS,True,8541,,,,C00,,0,1000,,5,,314570.0,False,5,,314570.0,False,919.506,True,0,False,,108566.369,108566.369,4,False,True
C,A,20210101,2021,52,2021,764,,,X,,0,,,233,,,H5,HS,True,8541,,,,C00,,0,1000,,5,,36253.0,False,5,,36253.0,False,49.419,True,0,False,,3681.273,3681.273,4,False,True
C,A,20210101,2021,52,2021,764,,,X,,0,,,360,,,H5,HS,True,8541,,,,C00,,0,1000,,5,,28894759.0,False,5,,28894759.0,False,5912.0,True,0,False,,11609958.404,11609958.404,4,False,True
C,A,20210101,2021,52,2021,764,,,X,,0,,,40,,,H5,HS,True,8541,,,,C00,,0,1000,,5,,15490.0,False,5,,15490.0,False,251.246,True,0,False,,10493.681,10493.681,4,False,True
C,A,20210101,2021,52,2021,764,,,X,,0,,,372,,,H5,HS,True,8541,,,,C00,,0,1000,,5,,653572.0,False,5,,653572.0,False,182.005,True,0,False,,96758.975,96758.975,4,False,True
C,A,20210101,2021,52,2021,764,,,X,,0,,,757,,,H5,HS,True,8541,,,,C00,,0,1000,,5,,252314903.0,False,5,,252314903.0,False,19949.002,True,0,False,,44888499.572,44888499.572,4,False,True
C,A,20210101,2021,52,2021,764,,,X,,0,,,554,,,H5,HS,True,8541,,,,C00,,0,2000,,5,,146.0,False,5,,146.0,False,3.375,True,0,False,,213.406,213.406,4,False,True
C,A,20210101,2021,52,2021,764,,,X,,0,,,705,,,H5,HS,True,8541,,,,C00,,0,0,,5,,23.0,False,5,,23.0,False,5.566,True,0,False,,305.279,305.279,4,False,True
C,A,20210101,2021,52,2021,764,,,X,,0,,,454,,,H5,HS,True,8541,,,,C00,,0,0,,5,,9820.0,False,5,,9820.0,False,2946.0,False,0,False,,102766.313,102766.313,0,False,True
C,A,20210101,2021,52,2021,764,,,X,,0,,,268,,,H5,HS,True,8541,,,,C00,,0,0,,5,,1584000.0,False,5,,1584000.0,False,16203.0,False,0,False,,1726559.986,1726559.986,0,False,True
C,A,20210101,2021,52,2021,764,,,X,,0,,,400,,,H5,HS,True,8541,,,,C00,,0,2000,,5,,960000.0,False,5,,960000.0,False,10032.0,False,0,False,,1068480.017,1068480.017,0,False,True
C,A,20210101,2021,52,2021,764,,,X,,0,,,704,,,H5,HS,True,8541,,,,C00,,0,2000,,5,,65626049.0,False,5,,65626049.0,False,197180.0,False,0,False,,13199787.263,13199787.263,0,False,True
C,A,20210101,2021,52,2021,764,,,X,,0,,,788,,,H5,HS,True,8541,,,,C00,,0,1000,,5,,2040000.0,False,5,,2040000.0,False,199.0,False,0,False,,79967.995,79967.995,0,False,True
C,A,20210101,2021,52,2021,764,,,X,,0,,,196,,,H5,HS,True,8541,,,,C00,,0,1000,,5,,11.0,False,5,,11.0,False,17.0,False,0,False,,1140.288,1140.288,0,False,True
C,A,20210101,2021,52,2021,764,,,X,,0,,,634,,,H5,HS,True,8541,,,,C00,,0,1000,,5,,6555.0,False,5,,6555.0,False,248.0,False,0,False,,18754.707,18754.707,0,False,True
C,A,20210101,2021,52,2021,764,,,X,,0,,,68,,,H5,HS,True,8541,,,,C00,,0,3000,,5,,551040.0,False,5,,551040.0,False,6396.0,False,0,False,,537008.654,537008.654,0,False,True
C,A,20210101,2021,52,2021,764,,,X,,0,,,324,,,H5,HS,True,8541,,,,C00,,0,2000,,5,,5.0,False,5,,5.0,False,1915.0,False,0,False,,450.005,450.005,0,False,True
C,A,20210101,2021,52,2021,764,,,X,,0,,,690,,,H5,HS,True,8541,,,,C00,,0,0,,5,,3.0,False,5,,3.0,False,6.0,False,0,False,,411.342,411.342,0,False,True
C,A,20210101,2021,52,2021,764,,,X,,0,,,32,,,H5,HS,True,8541,,,,C00,,0,2000,,8,,14126.0,False,8,,14126.0,False,14126.0,False,0,False,,394385.382,394385.382,0,False,True
C,A,20210101,2021,52,2021,764,,,X,,0,,,702,,,H5,HS,True,8541,,,,C00,,0,3000,,-1,,0.0,False,-1,,0.0,False,1845404.949,True,0,False,,76647196.344,76647196.344,4,False,True
C,A,20210101,2021,52,2021,764,,,X,,0,,,484,,,H5,HS,True,8541,,,,C00,,0,0,,-1,,0.0,False,-1,,0.0,False,6919.313,True,0,False,,2508238.612,2508238.612,4,False,True
C,A,20210101,2021,52,2021,764,,,X,,0,,,32,,,H5,HS,True,8541,,,,C00,,0,0,,-1,,0.0,False,-1,,0.0,False,14222.117,True,0,False,,398887.897,398887.897,4,False,True
C,A,20210101,2021,52,2021,764,,,X,,0,,,51,,,H5,HS,True,8541,,,,C00,,0,0,,5,,1.0,False,5,,1.0,False,2.0,False,0,False,,110.72,110.72,0,False,True
C,A,20210101,2021,52,2021,764,,,X,,0,,,12,,,H5,HS,True,8541,,,,C00,,0,1000,,5,,1.0,False,5,,1.0,False,1.0,False,0,False,,73.132,73.132,0,False,True
C,A,20210101,2021,52,2021,764,,,X,,0,,,24,,,H5,HS,True,8541,,,,C00,,0,0,,5,,2.0,False,5,,2.0,False,4.0,False,0,False,,704.706,704.706,0,False,True
C,A,20210101,2021,52,2021,764,,,X,,0,,,688,,,H5,HS,True,8541,,,,C00,,0,0,,5,,2.0,False,5,,2.0,False,,False,0,False,,1.076,1.076,0,False,True
C,A,20210101,2021,52,2021,764,,,X,,0,,,104,,,H5,HS,True,8541,,,,C00,,0,1000,,5,,6.0,False,5,,6.0,False,54.941,True,0,False,,3925.774,3925.774,4,False,True
C,A,20210101,2021,52,2021,764,,,X,,0,,,616,,,H5,HS,True,8541,,,,C00,,0,0,,5,,24499.0,False,5,,24499.0,False,1345.55,True,0,False,,97867.584,97867.584,4,False,True
C,A,20210101,2021,52,2021,764,,,X,,0,,,616,,,H5,HS,True,8541,,,,C00,,0,1000,,5,,24499.0,False,5,,24499.0,False,1345.55,True,0,False,,97867.584,97867.584,4,False,True
C,A,20210101,2021,52,2021,764,,,X,,0,,,56,,,H5,HS,True,8541,,,,C00,,0,0,,5,,3292228.0,False,5,,3292228.0,False,1423.603,True,0,False,,168088.245,168088.245,4,False,True
C,A,20210101,2021,52,2021,764,,,X,,0,,,440,,,H5,HS,True,8541,,,,C00,,0,1000,,5,,1800.0,False,5,,1800.0,False,12.936,True,0,False,,100.789,100.789,4,False,True
C,A,20210101,2021,52,2021,764,,,X,,0,,,604,,,H5,HS,True,8541,,,,C00,,0,0,,5,,37.0,False,5,,37.0,False,87.042,True,0,False,,6011.824,6011.824,4,False,True
C,A,20210101,2021,52,2021,764,,,X,,0,,,208,,,H5,HS,True,8541,,,,C00,,0,0,,5,,338703.0,False,5,,338703.0,False,1226.517,True,0,False,,112959.284,112959.284,4,False,True
C,A,20210101,2021,52,2021,764,,,X,,0,,,440,,,H5,HS,True,8541,,,,C00,,0,0,,5,,1800.0,False,5,,1800.0,False,12.936,True,0,False,,100.789,100.789,4,False,True
C,A,20210101,2021,52,2021,764,,,X,,0,,,116,,,H5,HS,True,8541,,,,C00,,0,1000,,5,,1115569.0,False,5,,1115569.0,False,331.485,True,0,False,,19927.925,19927.925,4,False,True
C,A,20210101,2021,52,2021,764,,,X,,0,,,376,,,H5,HS,True,8541,,,,C00,,0,0,,5,,257134.0,False,5,,257134.0,False,229.899,True,0,False,,281977.84,281977.84,4,False,True
C,A,20210101,2021,52,2021,764,,,X,,0,,,586,,,H5,HS,True,8541,,,,C00,,0,2000,,5,,8987.0,False,5,,8987.0,False,168208.0,False,0,False,,182765.981,182765.981,0,False,True
C,A,20210101,2021,52,2021,764,,,X,,0,,,251,,,H5,HS,True,8541,,,,C00,,0,1000,,5,,25965434.0,False,5,,25965434.0,False,3072.0,False,0,False,,1029370.411,1029370.411,0,False,True
C,A,20210101,2021,52,2021,764,,,X,,0,,,504,,,H5,HS,True,8541,,,,C00,,0,1000,,5,,156813.0,False,5,,156813.0,False,91.0,False,0,False,,8040.393,8040.393,0,False,True
C,A,20210101,2021,52,2021,764,,,X,,0,,,818,,,H5,HS,True,8541,,,,C00,,0,1000,,5,,566869.0,False,5,,566869.0,False,743.0,False,0,False,,67077.969,67077.969,0,False,True
C,A,20210101,2021,52,2021,764,,,X,,0,,,504,,,H5,HS,True,8541,,,,C00,,0,0,,5,,156813.0,False,5,,156813.0,False,91.0,False,0,False,,8040.393,8040.393,0,False,True
C,A,20210101,2021,52,2021,764,,,X,,0,,,4,,,H5,HS,True,8541,,,,C00,,0,0,,5,,11400.0,False,5,,11400.0,False,215500.0,False,0,False,,147522.507,147522.507,0,False,True
C,A,20210101,2021,52,2021,764,,,X,,0,,,788,,,H5,HS,True,8541,,,,C00,,0,0,,5,,2040000.0,False,5,,2040000.0,False,199.0,False,0,False,,79967.995,79967.995,0,False,True
C,A,20210101,2021,52,2021,764,,,X,,0,,,818,,,H5,HS,True,8541,,,,C00,,0,0,,5,,47918609.0,False,5,,47918609.0,False,30544.0,False,0,False,,2374350.538,2374350.538,0,False,True
C,A,20210101,2021,52,2021,764,,,X,,0,,,324,,,H5,HS,True,8541,,,,C00,,0,0,,5,,5.0,False,5,,5.0,False,1915.0,False,0,False,,450.005,450.005,0,False,True
C,A,20210101,2021,52,2021,764,,,X,,0,,,231,,,H5,HS,True,8541,,,,C00,,0,1000,,5,,4.0,False,5,,4.0,False,8.0,False,0,False,,112.365,112.365,0,False,True
C,A,20210101,2021,52,2021,764,,,X,,0,,,344,,,H5,HS,True,8541,,,,C00,,0,1000,,-1,,0.0,False,-1,,0.0,False,136785.028,True,0,False,,15677421.518,15677421.518,4,False,True
C,A,20210101,2021,52,2021,764,,,X,,0,,,702,,,H5,HS,True,8541,,,,C00,,0,0,,-1,,0.0,False,-1,,0.0,False,56008352.861,True,0,False,,399753163.498,399753163.498,4,False,True
C,A,20210101,2021,52,2021,764,,,X,,0,,,480,,,H5,HS,True,8541,,,,C00,,0,0,,5,,1.0,False,5,,1.0,False,2.0,False,0,False,,227.989,227.989,0,False,True
C,A,20210101,2021,52,2021,764,,,X,,0,,,12,,,H5,HS,True,8541,,,,C00,,0,0,,5,,1.0,False,5,,1.0,False,1.0,False,0,False,,73.132,73.132,0,False,True
C,A,20210101,2021,52,2021,764,,,X,,0,,,899,,,H5,HS,True,8541,,,,C00,,0,1000,,5,,600524.0,False,5,,600524.0,False,4889.399,True,0,False,,774525.902,774525.902,4,False,True
C,A,20210101,2021,52,2021,764,,,X,,0,,,784,,,H5,HS,True,8541,,,,C00,,0,1000,,5,,4382.0,False,5,,4382.0,False,456.157,True,0,False,,46023.285,46023.285,4,False,True
C,A,20210101,2021,52,2021,764,,,X,,0,,,528,,,H5,HS,True,8541,,,,C00,,0,1000,,5,,10703443.0,False,5,,10703443.0,False,2042.618,True,0,False,,256019.219,256019.219,4,False,True
C,A,20210101,2021,52,2021,764,,,X,,0,,,792,,,H5,HS,True,8541,,,,C00,,0,1000,,5,,364564.0,False,5,,364564.0,False,2586.001,True,0,False,,187148.118,187148.118,4,False,True
C,A,20210101,2021,52,2021,764,,,X,,0,,,242,,,H5,HS,True,8541,,,,C00,,0,2000,,5,,115.0,False,5,,115.0,False,42.133,True,0,False,,519.55,519.55,4,False,True
C,A,20210101,2021,52,2021,764,,,X,,0,,,792,,,H5,HS,True,8541,,,,C00,,0,0,,5,,1163613.0,False,5,,1163613.0,False,664469.001,True,0,False,,3696539.475,3696539.475,4,False,True
C,A,20210101,2021,52,2021,764,,,X,,0,,,410,,,H5,HS,True,8541,,,,C00,,0,0,,5,,5222376531.0,False,5,,5222376531.0,False,328082.034,True,0,False,,65393905.71,65393905.71,4,False,True
C,A,20210101,2021,52,2021,764,,,X,,0,,,124,,,H5,HS,True,8541,,,,C00,,0,0,,5,,7068226.0,False,5,,7068226.0,False,148215.707,True,0,False,,7916726.385,7916726.385,4,False,True
C,A,20210101,2021,52,2021,764,,,X,,0,,,826,,,H5,HS,True,8541,,,,C00,,0,0,,5,,2580622.0,False,5,,2580622.0,False,6119.269,True,0,False,,6292397.358,6292397.358,4,False,True
C,A,20210101,2021,52,2021,764,,,X,,0,,,446,,,H5,HS,True,8541,,,,C00,,0,0,,5,,1271.0,False,5,,1271.0,False,81.0,False,0,False,,188264.187,188264.187,0,False,True
C,A,20210101,2021,52,2021,764,,,X,,0,,,804,,,H5,HS,True,8541,,,,C00,,0,0,,5,,41.0,False,5,,41.0,False,104.0,False,0,False,,12030.819,12030.819,0,False,True
C,A,20210101,2021,52,2021,764,,,X,,0,,,352,,,H5,HS,True,8541,,,,C00,,0,0,,5,,10.0,False,5,,10.0,False,36.0,False,0,False,,2158.284,2158.284,0,False,True
C,A,20210101,2021,52,2021,764,,,X,,0,,,400,,,H5,HS,True,8541,,,,C00,,0,0,,5,,960001.0,False,5,,960001.0,False,10033.0,False,0,False,,1068480.263,1068480.263,0,False,True
C,A,20210101,2021,52,2021,764,,,X,,0,,,251,,,H5,HS,True,8541,,,,C00,,0,2000,,5,,132630.0,False,5,,132630.0,False,900983.0,False,0,False,,4329943.686,4329943.686,0,False,True
C,A,20210101,2021,52,2021,764,,,X,,0,,,604,,,H5,HS,True,8541,,,,C00,,0,1000,,5,,36.0,False,5,,36.0,False,87.0,False,0,False,,6007.824,6007.824,0,False,True
C,A,20210101,2021,52,2021,764,,,X,,0,,,348,,,H5,HS,True,8541,,,,C00,,0,1000,,5,,18951037.0,False,5,,18951037.0,False,4567.0,False,0,False,,601403.644,601403.644,0,False,True
C,A,20210101,2021,52,2021,764,,,X,,0,,,414,,,H5,HS,True,8541,,,,C00,,0,1000,,5,,2347.0,False,5,,2347.0,False,207.0,False,0,False,,6641.199,6641.199,0,False,True
C,A,20210101,2021,52,2021,764,,,X,,0,,,724,,,H5,HS,True,8541,,,,C00,,0,3000,,5,,24910600.0,False,5,,24910600.0,False,4696.0,False,0,False,,204538.03,204538.03,0,False,True
C,A,20210101,2021,52,2021,764,,,X,,0,,,48,,,H5,HS,True,8541,,,,C00,,0,0,,5,,5.0,False,5,,5.0,False,10.0,False,0,False,,1225.847,1225.847,0,False,True
C,A,20210101,2021,52,2021,764,,,X,,0,,,112,,,H5,HS,True,8541,,,,C00,,0,0,,5,,4.0,False,5,,4.0,False,9.0,False,0,False,,1690.978,1690.978,0,False,True
C,A,20210101,2021,52,2021,764,,,X,,0,,,462,,,H5,HS,True,8541,,,,C00,,0,2000,,5,,3.0,False,5,,3.0,False,0.089,True,0,False,,8.542,8.542,4,False,True
C,A,20210101,2021,52,2021,764,,,X,,0,,,96,,,H5,HS,True,8541,,,,C00,,0,1000,,5,,3.0,False,5,,3.0,False,40.0,False,0,False,,3118.945,3118.945,0,False,True
C,A,20210101,2021,52,2021,764,,,X,,0,,,392,,,H5,HS,True,8541,,,,C00,,0,2000,,-1,,0.0,False,-1,,0.0,False,1028676.236,True,0,False,,58237551.667,58237551.667,4,False,True
C,A,20210101,2021,52,2021,764,,,X,,0,,,699,,,H5,HS,True,8541,,,,C00,,0,2000,,-1,,0.0,False,-1,,0.0,False,43171.0,False,0,False,,3562151.793,3562151.793,0,False,True
C,A,20210101,2021,52,2021,764,,,X,,0,,,842,,,H5,HS,True,8541,,,,C00,,0,1000,,-1,,0.0,True,-1,,0.0,False,440743.803,True,0,False,,60051793.323,60051793.323,6,False,True
C,A,20210101,2021,52,2021,764,,,X,,0,,,36,,,H5,HS,True,8541,,,,C00,,0,1000,,-1,,0.0,True,-1,,0.0,False,15387.243,True,0,False,,210345.781,210345.781,6,False,True
C,A,20210101,2021,52,2021,764,,,X,,0,,,699,,,H5,HS,True,8541,,,,C00,,0,1000,,-1,,0.0,False,-1,,0.0,False,6755.0,False,0,False,,1095843.731,1095843.731,0,False,True
C,A,20210101,2021,52,2021,764,,,X,,0,,,276,,,H5,HS,True,8541,,,,C00,,0,0,,-1,,0.0,False,-1,,0.0,False,111455.824,True,0,False,,3215567.808,3215567.808,4,False,True
C,A,20210101,2021,52,2021,764,,,X,,0,,,458,,,H5,HS,True,8541,,,,C00,,0,0,,-1,,0.0,False,-1,,0.0,False,94786.127,True,0,False,,8101928.717,8101928.717,4,False,True
C,A,20210101,2021,52,2021,764,,,X,,0,,,0,,,H5,HS,True,8541,,,,C00,,0,3000,,-1,,0.0,False,-1,,0.0,False,5805526.131,True,0,False,,428340963.036,428340963.036,4,False,True
C,A,20210101,2021,52,2021,764,,,X,,0,,,508,,,H5,HS,True,8541,,,,C00,,0,1000,,5,,1.0,False,5,,1.0,False,2.0,False,0,False,,143.014,143.014,0,False,True
C,A,20210101,2021,52,2021,764,,,X,,0,,,100,,,H5,HS,True,8541,,,,C00,,0,0,,5,,2.0,False,5,,2.0,False,2.0,False,0,False,,296.638,296.638,0,False,True
C,A,20210101,2021,52,2021,764,,,X,,0,,,512,,,H5,HS,True,8541,,,,C00,,0,0,,5,,2.0,False,5,,2.0,False,2.0,False,0,False,,15.007,15.007,0,False,True
C,A,20210101,2021,52,2021,764,,,X,,0,,,540,,,H5,HS,True,8541,,,,C00,,0,1000,,5,,2.0,False,5,,2.0,False,5.0,False,0,False,,471.901,471.901,0,False,True
C,A,20210101,2021,52,2021,764,,,X,,0,,,40,,,H5,HS,True,8541,,,,C00,,0,0,,5,,15490.0,False,5,,15490.0,False,251.246,True,0,False,,10493.681,10493.681,4,False,True
C,A,20210101,2021,52,2021,764,,,X,,0,,,899,,,H5,HS,True,8541,,,,C00,,0,0,,5,,5770538.0,False,5,,5770538.0,False,93515.399,True,0,False,,5046279.991,5046279.991,4,False,True
C,A,20210101,2021,52,2021,764,,,X,,0,,,705,,,H5,HS,True,8541,,,,C00,,0,1000,,5,,23.0,False,5,,23.0,False,5.566,True,0,False,,305.279,305.279,4,False,True
C,A,20210101,2021,52,2021,764,,,X,,0,,,372,,,H5,HS,True,8541,,,,C00,,0,0,,5,,653572.0,False,5,,653572.0,False,182.005,True,0,False,,96758.975,96758.975,4,False,True
C,A,20210101,2021,52,2021,764,,,X,,0,,,826,,,H5,HS,True,8541,,,,C00,,0,1000,,5,,2558705.0,False,5,,2558705.0,False,6114.269,True,0,False,,6290477.418,6290477.418,4,False,True
C,A,20210101,2021,52,2021,764,,,X,,0,,,276,,,H5,HS,True,8541,,,,C00,,0,9000,,5,,40.0,False,5,,40.0,False,53.035,True,0,False,,413.203,413.203,4,False,True
C,A,20210101,2021,52,2021,764,,,X,,0,,,752,,,H5,HS,True,8541,,,,C00,,0,1000,,5,,887392.0,False,5,,887392.0,False,1558.264,True,0,False,,124898.754,124898.754,4,False,True
C,A,20210101,2021,52,2021,764,,,X,,0,,,710,,,H5,HS,True,8541,,,,C00,,0,0,,5,,9859.0,False,5,,9859.0,False,2088.921,True,0,False,,106711.579,106711.579,4,False,True
C,A,20210101,2021,52,2021,764,,,X,,0,,,579,,,H5,HS,True,8541,,,,C00,,0,0,,5,,3540.0,False,5,,3540.0,False,190.312,True,0,False,,12500.461,12500.461,4,False,True
C,A,20210101,2021,52,2021,764,,,X,,0,,,842,,,H5,HS,True,8541,,,,C00,,0,3000,,5,,29181.0,False,5,,29181.0,False,53688.0,False,0,False,,8605312.045,8605312.045,0,False,True
C,A,20210101,2021,52,2021,764,,,X,,0,,,862,,,H5,HS,True,8541,,,,C00,,0,1000,,5,,161281.0,False,5,,161281.0,False,2081.0,False,0,False,,149767.842,149767.842,0,False,True
C,A,20210101,2021,52,2021,764,,,X,,0,,,144,,,H5,HS,True,8541,,,,C00,,0,1000,,5,,125.0,False,5,,125.0,False,162.0,False,0,False,,4370.268,4370.268,0,False,True
C,A,20210101,2021,52,2021,764,,,X,,0,,,203,,,H5,HS,True,8541,,,,C00,,0,1000,,5,,68559.0,False,5,,68559.0,False,2105.0,False,0,False,,1318578.689,1318578.689,0,False,True
C,A,20210101,2021,52,2021,764,,,X,,0,,,710,,,H5,HS,True,8541,,,,C00,,0,2000,,5,,4544.0,False,5,,4544.0,False,1954.0,False,0,False,,49027.381,49027.381,0,False,True
C,A,20210101,2021,52,2021,764,,,X,,0,,,191,,,H5,HS,True,8541,,,,C00,,0,2000,,5,,480000.0,False,5,,480000.0,False,5016.0,False,0,False,,534240.013,534240.013,0,False,True
C,A,20210101,2021,52,2021,764,,,X,,0,,,300,,,H5,HS,True,8541,,,,C00,,0,0,,5,,174.0,False,5,,174.0,False,25.0,False,0,False,,1303.708,1303.708,0,False,True
C,A,20210101,2021,52,2021,764,,,X,,0,,,414,,,H5,HS,True,8541,,,,C00,,0,0,,5,,2347.0,False,5,,2347.0,False,207.0,False,0,False,,6641.199,6641.199,0,False,True
C,A,20210101,2021,52,2021,764,,,X,,0,,,218,,,H5,HS,True,8541,,,,C00,,0,1000,,5,,3.0,False,5,,3.0,False,18.0,False,0,False,,1094.441,1094.441,0,False,True
C,A,20210101,2021,52,2021,764,,,X,,0,,,690,,,H5,HS,True,8541,,,,C00,,0,1000,,5,,3.0,False,5,,3.0,False,6.0,False,0,False,,411.342,411.342,0,False,True
C,A,20210101,2021,52,2021,764,,,X,,0,,,458,,,H5,HS,True,8541,,,,C00,,0,3000,,-1,,0.0,False,-1,,0.0,False,74981.0,False,0,False,,6012063.113,6012063.113,0,False,True
C,A,20210101,2021,52,2021,764,,,X,,0,,,344,,,H5,HS,True,8541,,,,C00,,0,2000,,-1,,0.0,False,-1,,0.0,False,167382135.842,True,0,False,,722775836.747,722775836.747,4,False,True
C,A,20210101,2021,52,2021,764,,,X,,0,,,842,,,H5,HS,True,8541,,,,C00,,0,2000,,-1,,0.0,False,-1,,0.0,False,18179122.265,True,0,False,,95924222.268,95924222.268,4,False,True
C,A,20210101,2021,52,2021,764,,,X,,0,,,104,,,H5,HS,True,8541,,,,C00,,0,2000,,-1,,0.0,False,-1,,0.0,False,327.0,False,0,False,,8424.603,8424.603,0,False,True
C,A,20210101,2021,52,2021,764,,,X,,0,,,156,,,H5,HS,True,8541,,,,C00,,0,2000,,-1,,0.0,False,-1,,0.0,False,9410990.0,False,0,False,,53374867.768,53374867.768,0,False,True
C,A,20210101,2021,52,2021,764,,,X,,0,,,608,,,H5,HS,True,8541,,,,C00,,0,1000,,-1,,0.0,False,-1,,0.0,False,1951.057,True,0,False,,1942994.112,1942994.112,4,False,True
C,A,20210101,2021,52,2021,764,,,X,,0,,,458,,,H5,HS,True,8541,,,,C00,,0,1000,,-1,,0.0,False,-1,,0.0,False,11605.25,True,0,False,,2025940.812,2025940.812,4,False,True
C,A,20210101,2021,52,2021,764,,,X,,0,,,490,,,H5,HS,True,8541,,,,C00,,0,1000,,-1,,0.0,False,-1,,0.0,False,91609.551,True,0,False,,33320195.735,33320195.735,4,False,True
C,A,20210101,2021,52,2021,764,,,X,,0,,,24,,,H5,HS,True,8541,,,,C00,,0,1000,,5,,2.0,False,5,,2.0,False,4.0,False,0,False,,704.706,704.706,0,False,True
C,A,20210101,2021,52,2021,764,,,X,,0,,,842,,,H5,HS,True,8541,,,,C00,,0,9000,,5,,31464.0,False,5,,31464.0,False,76.027,True,0,False,,12303.883,12303.883,4,False,True
C,A,20210101,2021,52,2021,764,,,X,,0,,,104,,,H5,HS,True,8541,,,,C00,,0,3000,,5,,1451.0,False,5,,1451.0,False,14473.182,True,0,False,,70294.47,70294.47,4,False,True
C,A,20210101,2021,52,2021,764,,,X,,0,,,620,,,H5,HS,True,8541,,,,C00,,0,1000,,5,,2476.0,False,5,,2476.0,False,151.506,True,0,False,,12090.263,12090.263,4,False,True
C,A,20210101,2021,52,2021,764,,,X,,0,,,376,,,H5,HS,True,8541,,,,C00,,0,1000,,5,,257134.0,False,5,,257134.0,False,229.899,True,0,False,,281977.84,281977.84,4,False,True
C,A,20210101,2021,52,2021,764,,,X,,0,,,579,,,H5,HS,True,8541,,,,C00,,0,1000,,5,,3539.0,False,5,,3539.0,False,189.312,True,0,False,,12323.405,12323.405,4,False,True
C,A,20210101,2021,52,2021,764,,,X,,0,,,233,,,H5,HS,True,8541,,,,C00,,0,0,,5,,36253.0,False,5,,36253.0,False,49.419,True,0,False,,3681.273,3681.273,4,False,True
C,A,20210101,2021,52,2021,764,,,X,,0,,,724,,,H5,HS,True,8541,,,,C00,,0,0,,5,,1095143162.0,False,5,,1095143162.0,False,219944.012,True,0,False,,8931418.468,8931418.468,4,False,True
C,A,20210101,2021,52,2021,764,,,X,,0,,,586,,,H5,HS,True,8541,,,,C00,,0,0,,5,,11003.0,False,5,,11003.0,False,168466.718,True,0,False,,193046.665,193046.665,4,False,True
C,A,20210101,2021,52,2021,764,,,X,,0,,,882,,,H5,HS,True,8541,,,,C00,,0,2000,,5,,249149.0,False,5,,249149.0,False,2522.0,False,0,False,,166805.242,166805.242,0,False,True
C,A,20210101,2021,52,2021,764,,,X,,0,,,643,,,H5,HS,True,8541,,,,C00,,0,2000,,5,,33882.0,False,5,,33882.0,False,4225.0,False,0,False,,111116.976,111116.976,0,False,True
C,A,20210101,2021,52,2021,764,,,X,,0,,,124,,,H5,HS,True,8541,,,,C00,,0,2000,,5,,4808515.0,False,5,,4808515.0,False,115622.0,False,0,False,,5006865.566,5006865.566,0,False,True
C,A,20210101,2021,52,2021,764,,,X,,0,,,724,,,H5,HS,True,8541,,,,C00,,0,2000,,5,,775500.0,False,5,,775500.0,False,578.0,False,0,False,,14492.202,14492.202,0,False,True
C,A,20210101,2021,52,2021,764,,,X,,0,,,818,,,H5,HS,True,8541,,,,C00,,0,2000,,5,,47351740.0,False,5,,47351740.0,False,29801.0,False,0,False,,2307272.569,2307272.569,0,False,True
C,A,20210101,2021,52,2021,764,,,X,,0,,,92,,,H5,HS,True,8541,,,,C00,,0,2000,,5,,850.0,False,5,,850.0,False,536.0,False,0,False,,1318914.069,1318914.069,0,False,True
C,A,20210101,2021,52,2021,764,,,X,,0,,,446,,,H5,HS,True,8541,,,,C00,,0,1000,,5,,1271.0,False,5,,1271.0,False,81.0,False,0,False,,188264.187,188264.187,0,False,True
C,A,20210101,2021,52,2021,764,,,X,,0,,,352,,,H5,HS,True,8541,,,,C00,,0,1000,,5,,10.0,False,5,,10.0,False,36.0,False,0,False,,2158.284,2158.284,0,False,True
C,A,20210101,2021,52,2021,764,,,X,,0,,,92,,,H5,HS,True,8541,,,,C00,,0,3000,,5,,4540.0,False,5,,4540.0,False,3.0,False,0,False,,579.719,579.719,0,False,True
C,A,20210101,2021,52,2021,764,,,X,,0,,,862,,,H5,HS,True,8541,,,,C00,,0,3000,,5,,638720.0,False,5,,638720.0,False,8320.0,False,0,False,,592732.157,592732.157,0,False,True
C,A,20210101,2021,52,2021,764,,,X,,0,,,112,,,H5,HS,True,8541,,,,C00,,0,1000,,5,,4.0,False,5,,4.0,False,9.0,False,0,False,,1690.978,1690.978,0,False,True
C,A,20220101,2022,52,2022,764,,,X,,0,,,104,,,H6,HS,True,8541,,,,C00,,0,3000,,-1,,0.0,False,-1,,0.0,False,421362.0,False,0,False,,2425406.374,2425406.374,0,False,True
C,A,20220101,2022,52,2022,764,,,X,,0,,,818,,,H6,HS,True,8541,,,,C00,,0,2000,,-1,,0.0,True,-1,,0.0,False,21922.0,False,0,False,,1917141.338,1917141.338,2,False,True
C,A,20220101,2022,52,2022,764,,,X,,0,,,276,,,H6,HS,True,8541,,,,C00,,0,2000,,-1,,0.0,False,-1,,0.0,False,128670.0,False,0,False,,5030370.922,5030370.922,0,False,True
C,A,20220101,2022,52,2022,764,,,X,,0,,,410,,,H6,HS,True,8541,,,,C00,,0,2000,,-1,,0.0,False,-1,,0.0,False,47865.0,False,0,False,,12521119.373,12521119.373,0,False,True
C,A,20220101,2022,52,2022,764,,,X,,0,,,702,,,H6,HS,True,8541,,,,C00,,0,1000,,-1,,0.0,False,-1,,0.0,False,555568.995,True,0,False,,98026413.345,98026413.345,4,False,True
C,A,20220101,2022,52,2022,764,,,X,,0,,,276,,,H6,HS,True,8541,,,,C00,,0,1000,,-1,,0.0,False,-1,,0.0,False,15682.606,True,0,False,,1494410.063,1494410.063,4,False,True
C,A,20220101,2022,52,2022,764,,,X,,0,,,344,,,H6,HS,True,8541,,,,C00,,0,1000,,-1,,0.0,True,-1,,0.0,False,101157.407,True,0,False,,13823580.923,13823580.923,6,False,True
C,A,20220101,2022,52,2022,764,,,X,,0,,,646,,,H6,HS,True,8541,,,,C00,,0,1000,,-1,,0.0,False,-1,,0.0,False,10.0,False,0,False,,287.591,287.591,0,False,True
C,A,20220101,2022,52,2022,764,,,X,,0,,,604,,,H6,HS,True,8541,,,,C00,,0,2000,,5,,1.0,False,5,,1.0,False,0.039,True,0,False,,3.734,3.734,4,False,True
C,A,20220101,2022,52,2022,764,,,X,,0,,,96,,,H6,HS,True,8541,,,,C00,,0,1000,,5,,1.0,False,5,,1.0,False,0.758,True,0,False,,73.288,73.288,4,False,True
C,A,20220101,2022,52,2022,764,,,X,,0,,,72,,,H6,HS,True,8541,,,,C00,,0,1000,,5,,1.0,False,5,,1.0,False,0.06,True,0,False,,5.763,5.763,4,False,True
C,A,20220101,2022,52,2022,764,,,X,,0,,,72,,,H6,HS,True,8541,,,,C00,,0,0,,5,,1.0,False,5,,1.0,False,0.06,True,0,False,,5.763,5.763,4,False,True
C,A,20220101,2022,52,2022,764,,,X,,0,,,316,,,H6,HS,True,8541,,,,C00,,0,1000,,5,,1.0,False,5,,1.0,False,1.0,False,0,False,,39.27,39.27,0,False,True
C,A,20220101,2022,52,2022,764,,,X,,0,,,40,,,H6,HS,True,8541,,,,C00,,0,0,,5,,47970.184,True,-1,,0.0,False,44.243,True,0,False,,5655.735,5655.735,6,False,True
C,A,20220101,2022,52,2022,764,,,X,,0,,,842,,,H6,HS,True,8541,,,,C00,,0,9000,,5,,346.862,True,-1,,0.0,False,19.697,True,0,False,,30648.008,30648.008,6,False,True
C,A,20220101,2022,52,2022,764,,,X,,0,,,233,,,H6,HS,True,8541,,,,C00,,0,1000,,5,,12502.0,False,5,,12502.0,False,16.235,True,0,False,,1973.564,1973.564,4,False,True
C,A,20220101,2022,52,2022,764,,,X,,0,,,616,,,H6,HS,True,8541,,,,C00,,0,0,,5,,84295.0,False,5,,84295.0,False,3489.854,True,0,False,,292905.897,292905.897,4,False,True
C,A,20220101,2022,52,2022,764,,,X,,0,,,276,,,H6,HS,True,8541,,,,C00,,0,9000,,5,,151000.0,False,5,,151000.0,False,23.0,False,0,False,,19886.635,19886.635,0,False,True
C,A,20220101,2022,52,2022,764,,,X,,0,,,842,,,H6,HS,True,8541,,,,C00,,0,3000,,5,,2584.0,False,5,,2584.0,False,5358.0,False,0,False,,941479.351,941479.351,0,False,True
C,A,20220101,2022,52,2022,764,,,X,,0,,,504,,,H6,HS,True,8541,,,,C00,,0,1000,,5,,30007.0,False,5,,30007.0,False,19.0,False,0,False,,1004.812,1004.812,0,False,True
C,A,20220101,2022,52,2022,764,,,X,,0,,,882,,,H6,HS,True,8541,,,,C00,,0,0,,5,,298200.0,False,5,,298200.0,False,3044.0,False,0,False,,184287.603,184287.603,0,False,True
C,A,20220101,2022,52,2022,764,,,X,,0,,,400,,,H6,HS,True,8541,,,,C00,,0,0,,5,,6412800.0,False,5,,6412800.0,False,84728.0,False,0,False,,9515397.493,9515397.493,0,False,True
C,A,20220101,2022,52,2022,764,,,X,,0,,,862,,,H6,HS,True,8541,,,,C00,,0,0,,5,,15.0,False,5,,15.0,False,26.0,False,0,False,,1190.477,1190.477,0,False,True
C,A,20220101,2022,52,2022,764,,,X,,0,,,70,,,H6,HS,True,8541,,,,C00,,0,1000,,5,,3.0,False,5,,3.0,False,3.0,False,0,False,,183.513,183.513,0,False,True
C,A,20220101,2022,52,2022,764,,,X,,0,,,446,,,H6,HS,True,8541,,,,C00,,0,0,,-1,,0.0,False,-1,,0.0,False,585.0,False,0,False,,106146.395,106146.395,0,False,True
C,A,20220101,2022,52,2022,764,,,X,,0,,,222,,,H6,HS,True,8541,,,,C00,,0,0,,-1,,0.0,False,-1,,0.0,False,2.0,False,0,False,,217.918,217.918,0,False,True
C,A,20220101,2022,52,2022,764,,,X,,0,,,32,,,H6,HS,True,8541,,,,C00,,0,0,,-1,,0.0,False,-1,,0.0,False,7144.0,False,0,False,,215406.396,215406.396,0,False,True
C,A,20220101,2022,52,2022,764,,,X,,0,,,894,,,H6,HS,True,8541,,,,C00,,0,0,,-1,,0.0,False,-1,,0.0,False,12028.0,False,0,False,,187341.982,187341.982,0,False,True
C,A,20220101,2022,52,2022,764,,,X,,0,,,496,,,H6,HS,True,8541,,,,C00,,0,0,,-1,,0.0,False,-1,,0.0,False,0.556,True,0,False,,49.958,49.958,4,False,True
C,A,20220101,2022,52,2022,764,,,X,,0,,,458,,,H6,HS,True,8541,,,,C00,,0,0,,-1,,0.0,True,-1,,0.0,False,149058.048,True,0,False,,12151686.135,12151686.135,6,False,True
C,A,20220101,2022,52,2022,764,,,X,,0,,,344,,,H6,HS,True,8541,,,,C00,,0,0,,-1,,0.0,True,-1,,0.0,False,209886039.624,True,0,False,,1176155340.192,1176155340.192,6,False,True
C,A,20220101,2022,52,2022,764,,,X,,0,,,156,,,H6,HS,True,8541,,,,C00,,0,1000,,-1,,0.0,True,-1,,0.0,False,110254.136,True,0,False,,16162415.332,16162415.332,6,False,True
C,A,20220101,2022,52,2022,764,,,X,,0,,,699,,,H6,HS,True,8541,,,,C00,,0,2000,,-1,,0.0,False,-1,,0.0,False,1166406.0,False,0,False,,131313068.317,131313068.317,0,False,True
C,A,20220101,2022,52,2022,764,,,X,,0,,,222,,,H6,HS,True,8541,,,,C00,,0,2000,,-1,,0.0,False,-1,,0.0,False,2.0,False,0,False,,217.918,217.918,0,False,True
C,A,20220101,2022,52,2022,764,,,X,,0,,,894,,,H6,HS,True,8541,,,,C00,,0,2000,,-1,,0.0,False,-1,,0.0,False,12028.0,False,0,False,,187341.982,187341.982,0,False,True
C,A,20220101,2022,52,2022,764,,,X,,0,,,496,,,H6,HS,True,8541,,,,C00,,0,2000,,-1,,0.0,False,-1,,0.0,False,0.556,True,0,False,,49.958,49.958,4,False,True
C,A,20220101,2022,52,2022,764,,,X,,0,,,156,,,H6,HS,True,8541,,,,C00,,0,2000,,-1,,0.0,True,-1,,0.0,False,9524603.678,True,0,False,,58470378.336,58470378.336,6,False,True
C,A,20220101,2022,52,2022,764,,,X,,0,,,418,,,H6,HS,True,8541,,,,C00,,0,3000,,-1,,0.0,False,-1,,0.0,False,94188.0,False,0,False,,6452596.624,6452596.624,0,False,True
C,A,20220101,2022,52,2022,764,,,X,,0,,,704,,,H6,HS,True,8541,,,,C00,,0,3000,,-1,,0.0,True,-1,,0.0,False,4318543.0,False,0,False,,451054537.526,451054537.526,2,False,True
C,A,20220101,2022,52,2022,764,,,X,,0,,,50,,,H6,HS,True,8541,,,,C00,,0,0,,5,,1.0,False,5,,1.0,False,0.069,True,0,False,,67.99,67.99,4,False,True
C,A,20220101,2022,52,2022,764,,,X,,0,,,52,,,H6,HS,True,8541,,,,C00,,0,0,,5,,1.0,False,5,,1.0,False,6.0,False,0,False,,344.847,344.847,0,False,True
C,A,20220101,2022,52,2022,764,,,X,,0,,,440,,,H6,HS,True,8541,,,,C00,,0,0,,5,,1.0,False,5,,1.0,False,5.0,False,0,False,,147.996,147.996,0,False,True
C,A,20220101,2022,52,2022,764,,,X,,0,,,12,,,H6,HS,True,8541,,,,C00,,0,0,,5,,1.0,False,5,,1.0,False,1.0,False,0,False,,74.033,74.033,0,False,True
C,A,20220101,2022,52,2022,764,,,X,,0,,,31,,,H6,HS,True,8541,,,,C00,,0,1000,,5,,1.0,False,5,,1.0,False,1.0,False,0,False,,90.82,90.82,0,False,True
C,A,20220101,2022,52,2022,764,,,X,,0,,,56,,,H6,HS,True,8541,,,,C00,,0,1000,,5,,1366826.088,True,-1,,0.0,False,402.042,True,0,False,,148975.57,148975.57,6,False,True
C,A,20220101,2022,52,2022,764,,,X,,0,,,76,,,H6,HS,True,8541,,,,C00,,0,1000,,5,,4176746.535,True,-1,,0.0,False,5187.374,True,0,False,,219861.077,219861.077,6,False,True
C,A,20220101,2022,52,2022,764,,,X,,0,,,380,,,H6,HS,True,8541,,,,C00,,0,0,,5,,2455652.639,True,-1,,0.0,False,2187.248,True,0,False,,217490.229,217490.229,6,False,True
C,A,20220101,2022,52,2022,764,,,X,,0,,,56,,,H6,HS,True,8541,,,,C00,,0,0,,5,,1366826.088,True,-1,,0.0,False,402.042,True,0,False,,148975.57,148975.57,6,False,True
C,A,20220101,2022,52,2022,764,,,X,,0,,,554,,,H6,HS,True,8541,,,,C00,,0,1000,,5,,198753.173,True,-1,,0.0,False,414.554,True,0,False,,113670.788,113670.788,6,False,True
C,A,20220101,2022,52,2022,764,,,X,,0,,,251,,,H6,HS,True,8541,,,,C00,,0,1000,,5,,31054948.057,True,-1,,0.0,False,1623.504,True,0,False,,1396122.878,1396122.878,6,False,True
C,A,20220101,2022,52,2022,764,,,X,,0,,,170,,,H6,HS,True,8541,,,,C00,,0,0,,5,,5.0,False,5,,5.0,False,7.0,False,0,False,,643.375,643.375,0,False,True
C,A,20220101,2022,52,2022,764,,,X,,0,,,710,,,H6,HS,True,8541,,,,C00,,0,1000,,5,,4296.0,False,5,,4296.0,False,11.034,True,0,False,,3850.76,3850.76,4,False,True
C,A,20220101,2022,52,2022,764,,,X,,0,,,705,,,H6,HS,True,8541,,,,C00,,0,0,,5,,121.0,False,5,,121.0,False,24.818,True,0,False,,1844.74,1844.74,4,False,True
C,A,20220101,2022,52,2022,764,,,X,,0,,,688,,,H6,HS,True,8541,,,,C00,,0,1000,,5,,16.0,False,5,,16.0,False,17.0,False,0,False,,598.086,598.086,0,False,True
C,A,20220101,2022,52,2022,764,,,X,,0,,,604,,,H6,HS,True,8541,,,,C00,,0,1000,,5,,28.0,False,5,,28.0,False,85.0,False,0,False,,5394.656,5394.656,0,False,True
C,A,20220101,2022,52,2022,764,,,X,,0,,,400,,,H6,HS,True,8541,,,,C00,,0,2000,,5,,6412800.0,False,5,,6412800.0,False,84728.0,False,0,False,,9515397.493,9515397.493,0,False,True
C,A,20220101,2022,52,2022,764,,,X,,0,,,788,,,H6,HS,True,8541,,,,C00,,0,0,,5,,2585004.0,False,5,,2585004.0,False,264.0,False,0,False,,92181.438,92181.438,0,False,True
C,A,20220101,2022,52,2022,764,,,X,,0,,,398,,,H6,HS,True,8541,,,,C00,,0,0,,5,,10.0,False,5,,10.0,False,19.0,False,0,False,,1536.899,1536.899,0,False,True
C,A,20220101,2022,52,2022,764,,,X,,0,,,804,,,H6,HS,True,8541,,,,C00,,0,0,,5,,6.0,False,5,,6.0,False,12.0,False,0,False,,569.694,569.694,0,False,True
C,A,20220101,2022,52,2022,764,,,X,,0,,,214,,,H6,HS,True,8541,,,,C00,,0,0,,5,,4.0,False,5,,4.0,False,4.0,False,0,False,,263.361,263.361,0,False,True
C,A,20220101,2022,52,2022,764,,,X,,0,,,32,,,H6,HS,True,8541,,,,C00,,0,2000,,8,,6986.0,False,8,,6986.0,False,6986.0,False,0,False,,204543.916,204543.916,0,False,True
C,A,20220101,2022,52,2022,764,,,X,,0,,,242,,,H6,HS,True,8541,,,,C00,,0,1000,,-1,,0.0,False,-1,,0.0,False,7.233,True,0,False,,649.617,649.617,4,False,True
C,A,20220101,2022,52,2022,764,,,X,,0,,,484,,,H6,HS,True,8541,,,,C00,,0,2000,,-1,,0.0,True,-1,,0.0,False,8266.094,True,0,False,,483350.894,483350.894,6,False,True
C,A,20220101,2022,52,2022,764,,,X,,0,,,392,,,H6,HS,True,8541,,,,C00,,0,2000,,-1,,0.0,False,-1,,0.0,False,845787.034,True,0,False,,48550012.154,48550012.154,4,False,True
C,A,20220101,2022,52,2022,764,,,X,,0,,,724,,,H6,HS,True,8541,,,,C00,,0,2000,,-1,,0.0,False,-1,,0.0,False,64435.0,False,0,False,,1122036.557,1122036.557,0,False,True
C,A,20220101,2022,52,2022,764,,,X,,0,,,818,,,H6,HS,True,8541,,,,C00,,0,0,,-1,,0.0,True,-1,,0.0,False,23938.0,False,0,False,,2025797.288,2025797.288,2,False,True
C,A,20220101,2022,52,2022,764,,,X,,0,,,0,,,H6,HS,True,8541,,,,C00,,0,1000,,-1,,0.0,False,-1,,0.0,False,,False,0,False,,1010887974.106,1010887974.106,0,False,True
C,A,20220101,2022,52,2022,764,,,X,,0,,,68,,,H6,HS,True,8541,,,,C00,,0,1000,,5,,1.0,False,5,,1.0,False,3.0,False,0,False,,272.148,272.148,0,False,True
C,A,20220101,2022,52,2022,764,,,X,,0,,,76,,,H6,HS,True,8541,,,,C00,,0,0,,5,,21152946.535,True,-1,,0.0,False,16415.374,True,0,False,,739969.632,739969.632,6,False,True
C,A,20220101,2022,52,2022,764,,,X,,0,,,528,,,H6,HS,True,8541,,,,C00,,0,1000,,5,,2697575.734,True,-1,,0.0,False,475.316,True,0,False,,215690.094,215690.094,6,False,True
C,A,20220101,2022,52,2022,764,,,X,,0,,,251,,,H6,HS,True,8541,,,,C00,,0,0,,5,,31055536.623,True,-1,,0.0,False,1868.504,True,0,False,,1405516.494,1405516.494,6,False,True
C,A,20220101,2022,52,2022,764,,,X,,0,,,376,,,H6,HS,True,8541,,,,C00,,0,0,,5,,689553.061,True,-1,,0.0,False,356.719,True,0,False,,135345.363,135345.363,6,False,True
C,A,20220101,2022,52,2022,764,,,X,,0,,,36,,,H6,HS,True,8541,,,,C00,,0,0,,5,,4282.579,True,-1,,0.0,False,1794.449,True,0,False,,113455.29,113455.29,6,False,True
C,A,20220101,2022,52,2022,764,,,X,,0,,,586,,,H6,HS,True,8541,,,,C00,,0,1000,,5,,8117.0,False,5,,8117.0,False,2.396,True,0,False,,17915.887,17915.887,4,False,True
C,A,20220101,2022,52,2022,764,,,X,,0,,,233,,,H6,HS,True,8541,,,,C00,,0,0,,5,,12502.0,False,5,,12502.0,False,16.235,True,0,False,,1973.564,1973.564,4,False,True
C,A,20220101,2022,52,2022,764,,,X,,0,,,899,,,H6,HS,True,8541,,,,C00,,0,0,,5,,161626.0,False,5,,161626.0,False,588538.003,True,0,False,,4336047.89,4336047.89,4,False,True
C,A,20220101,2022,52,2022,764,,,X,,0,,,699,,,H6,HS,True,8541,,,,C00,,0,3000,,5,,220000.0,False,5,,220000.0,False,29.0,False,0,False,,5384.056,5384.056,0,False,True
C,A,20220101,2022,52,2022,764,,,X,,0,,,344,,,H6,HS,True,8541,,,,C00,,0,3000,,5,,43037438.0,False,5,,43037438.0,False,27825.0,False,0,False,,3037333.549,3037333.549,0,False,True
C,A,20220101,2022,52,2022,764,,,X,,0,,,300,,,H6,HS,True,8541,,,,C00,,0,1000,,5,,8.0,False,5,,8.0,False,15.0,False,0,False,,2230.583,2230.583,0,False,True
C,A,20220101,2022,52,2022,764,,,X,,0,,,804,,,H6,HS,True,8541,,,,C00,,0,1000,,5,,6.0,False,5,,6.0,False,12.0,False,0,False,,569.694,569.694,0,False,True
C,A,20220101,2022,52,2022,764,,,X,,0,,,51,,,H6,HS,True,8541,,,,C00,,0,2000,,5,,6400.0,False,5,,6400.0,False,2.0,False,0,False,,62.819,62.819,0,False,True
C,A,20220101,2022,52,2022,764,,,X,,0,,,76,,,H6,HS,True,8541,,,,C00,,0,2000,,5,,16679700.0,False,5,,16679700.0,False,11162.0,False,0,False,,508431.126,508431.126,0,False,True
C,A,20220101,2022,52,2022,764,,,X,,0,,,316,,,H6,HS,True,8541,,,,C00,,0,0,,5,,781.0,False,5,,781.0,False,15211.0,False,0,False,,94668.881,94668.881,0,False,True
C,A,20220101,2022,52,2022,764,,,X,,0,,,470,,,H6,HS,True,8541,,,,C00,,0,0,,5,,6.0,False,5,,6.0,False,13.0,False,0,False,,1407.265,1407.265,0,False,True
C,A,20220101,2022,52,2022,764,,,X,,0,,,428,,,H6,HS,True,8541,,,,C00,,0,0,,5,,6.0,False,5,,6.0,False,5.0,False,0,False,,613.158,613.158,0,False,True
C,A,20220101,2022,52,2022,764,,,X,,0,,,380,,,H6,HS,True,8541,,,,C00,,0,2000,,5,,3.0,False,5,,3.0,False,0.057,True,0,False,,13.392,13.392,4,False,True
C,A,20220101,2022,52,2022,764,,,X,,0,,,70,,,H6,HS,True,8541,,,,C00,,0,0,,5,,3.0,False,5,,3.0,False,3.0,False,0,False,,183.513,183.513,0,False,True
C,A,20220101,2022,52,2022,764,,,X,,0,,,528,,,H6,HS,True,8541,,,,C00,,0,2000,,-1,,0.0,True,-1,,0.0,False,19482.681,True,0,False,,115991.035,115991.035,6,False,True
C,A,20220101,2022,52,2022,764,,,X,,0,,,579,,,H6,HS,True,8541,,,,C00,,0,1000,,-1,,0.0,False,-1,,0.0,False,17.908,True,0,False,,3463.833,3463.833,4,False,True
C,A,20220101,2022,52,2022,764,,,X,,0,,,842,,,H6,HS,True,8541,,,,C00,,0,1000,,-1,,0.0,False,-1,,0.0,False,654447.88,True,0,False,,117060936.781,117060936.781,4,False,True
C,A,20220101,2022,52,2022,764,,,X,,0,,,682,,,H6,HS,True,8541,,,,C00,,0,1000,,-1,,0.0,True,-1,,0.0,False,103.0,False,0,False,,13646.534,13646.534,2,False,True
C,A,20220101,2022,52,2022,764,,,X,,0,,,598,,,H6,HS,True,8541,,,,C00,,0,0,,-1,,0.0,False,-1,,0.0,False,1.113,True,0,False,,99.931,99.931,4,False,True
C,A,20220101,2022,52,2022,764,,,X,,0,,,96,,,H6,HS,True,8541,,,,C00,,0,0,,-1,,0.0,False,-1,,0.0,False,1.066,True,0,False,,100.992,100.992,4,False,True
C,A,20220101,2022,52,2022,764,,,X,,0,,,276,,,H6,HS,True,8541,,,,C00,,0,0,,-1,,0.0,False,-1,,0.0,False,144375.606,True,0,False,,6544667.619,6544667.619,4,False,True
C,A,20220101,2022,52,2022,764,,,X,,0,,,410,,,H6,HS,True,8541,,,,C00,,0,0,,-1,,0.0,False,-1,,0.0,False,270217.641,True,0,False,,57223709.06,57223709.06,4,False,True
C,A,20220101,2022,52,2022,764,,,X,,0,,,646,,,H6,HS,True,8541,,,,C00,,0,0,,-1,,0.0,False,-1,,0.0,False,10.0,False,0,False,,287.591,287.591,0,False,True
C,A,20220101,2022,52,2022,764,,,X,,0,,,0,,,H6,HS,True,8541,,,,C00,,0,2000,,-1,,0.0,False,-1,,0.0,False,269930745.928,True,0,False,,1831738258.276,1831738258.276,4,False,True
C,A,20220101,2022,52,2022,764,,,X,,0,,,490,,,H6,HS,True,8541,,,,C00,,0,0,,-1,,0.0,True,-1,,0.0,False,,False,0,False,,30543210.731,30543210.731,2,False,True
C,A,20220101,2022,52,2022,764,,,X,,0,,,462,,,H6,HS,True,8541,,,,C00,,0,1000,,5,,1.0,False,5,,1.0,False,12.0,False,0,False,,299.992,299.992,0,False,True
C,A,20220101,2022,52,2022,764,,,X,,0,,,52,,,H6,HS,True,8541,,,,C00,,0,1000,,5,,1.0,False,5,,1.0,False,6.0,False,0,False,,344.847,344.847,0,False,True
C,A,20220101,2022,52,2022,764,,,X,,0,,,440,,,H6,HS,True,8541,,,,C00,,0,1000,,5,,1.0,False,5,,1.0,False,5.0,False,0,False,,147.996,147.996,0,False,True
C,A,20220101,2022,52,2022,764,,,X,,0,,,662,,,H6,HS,True,8541,,,,C00,,0,1000,,5,,1.0,False,5,,1.0,False,1.0,False,0,False,,1.01,1.01,0,False,True
C,A,20220101,2022,52,2022,764,,,X,,0,,,752,,,H6,HS,True,8541,,,,C00,,0,0,,5,,522286.497,True,-1,,0.0,False,206.178,True,0,False,,83666.727,83666.727,6,False,True
C,A,20220101,2022,52,2022,764,,,X,,0,,,703,,,H6,HS,True,8541,,,,C00,,0,1000,,5,,184942.001,True,-1,,0.0,False,269.482,True,0,False,,65979.313,65979.313,6,False,True
C,A,20220101,2022,52,2022,764,,,X,,0,,,608,,,H6,HS,True,8541,,,,C00,,0,2000,,5,,6276.381,True,-1,,0.0,False,18611.531,True,0,False,,62483.511,62483.511,6,False,True
C,A,20220101,2022,52,2022,764,,,X,,0,,,620,,,H6,HS,True,8541,,,,C00,,0,0,,5,,572278.617,True,-1,,0.0,False,110.076,True,0,False,,17250.835,17250.835,6,False,True
C,A,20220101,2022,52,2022,764,,,X,,0,,,4,,,H6,HS,True,8541,,,,C00,,0,0,,5,,7625.269,True,-1,,0.0,False,39585.0,False,0,False,,39122.724,39122.724,2,False,True
C,A,20220101,2022,52,2022,764,,,X,,0,,,203,,,H6,HS,True,8541,,,,C00,,0,1000,,5,,414742.0,False,5,,414742.0,False,27648.849,True,0,False,,12863415.761,12863415.761,4,False,True
C,A,20220101,2022,52,2022,764,,,X,,0,,,604,,,H6,HS,True,8541,,,,C00,,0,0,,5,,29.0,False,5,,29.0,False,85.039,True,0,False,,5398.39,5398.39,4,False,True
C,A,20220101,2022,52,2022,764,,,X,,0,,,608,,,H6,HS,True,8541,,,,C00,,0,3000,,5,,4256170.0,False,5,,4256170.0,False,50884.0,False,0,False,,4913660.959,4913660.959,0,False,True
C,A,20220101,2022,52,2022,764,,,X,,0,,,724,,,H6,HS,True,8541,,,,C00,,0,3000,,5,,15348800.0,False,5,,15348800.0,False,2888.0,False,0,False,,138690.91,138690.91,0,False,True
C,A,20220101,2022,52,2022,764,,,X,,0,,,398,,,H6,HS,True,8541,,,,C00,,0,1000,,5,,10.0,False,5,,10.0,False,19.0,False,0,False,,1536.899,1536.899,0,False,True
C,A,20220101,2022,52,2022,764,,,X,,0,,,242,,,H6,HS,True,8541,,,,C00,,0,2000,,5,,90.0,False,5,,90.0,False,13.0,False,0,False,,274.615,274.615,0,False,True
C,A,20220101,2022,52,2022,764,,,X,,0,,,152,,,H6,HS,True,8541,,,,C00,,0,2000,,5,,1984.0,False,5,,1984.0,False,45235.0,False,0,False,,214355.019,214355.019,0,False,True
C,A,20220101,2022,52,2022,764,,,X,,0,,,191,,,H6,HS,True,8541,,,,C00,,0,0,,5,,16.0,False,5,,16.0,False,28.0,False,0,False,,2391.513,2391.513,0,False,True
C,A,20220101,2022,52,2022,764,,,X,,0,,,428,,,H6,HS,True,8541,,,,C00,,0,1000,,5,,6.0,False,5,,6.0,False,5.0,False,0,False,,613.158,613.158,0,False,True
C,A,20220101,2022,52,2022,764,,,X,,0,,,352,,,H6,HS,True,8541,,,,C00,,0,0,,5,,6.0,False,5,,6.0,False,21.0,False,0,False,,1231.352,1231.352,0,False,True
C,A,20220101,2022,52,2022,764,,,X,,0,,,156,,,H6,HS,True,8541,,,,C00,,0,3000,,-1,,0.0,False,-1,,0.0,False,138768.0,False,0,False,,9645989.647,9645989.647,0,False,True
C,A,20220101,2022,52,2022,764,,,X,,0,,,340,,,H6,HS,True,8541,,,,C00,,0,2000,,-1,,0.0,False,-1,,0.0,False,0.556,True,0,False,,49.963,49.963,4,False,True
C,A,20220101,2022,52,2022,764,,,X,,0,,,842,,,H6,HS,True,8541,,,,C00,,0,2000,,-1,,0.0,True,-1,,0.0,False,31413515.0,False,0,False,,256137540.723,256137540.723,2,False,True
C,A,20220101,2022,52,2022,764,,,X,,0,,,392,,,H6,HS,True,8541,,,,C00,,0,1000,,-1,,0.0,False,-1,,0.0,False,1503160.437,True,0,False,,532501967.887,532501967.887,4,False,True
C,A,20220101,2022,52,2022,764,,,X,,0,,,598,,,H6,HS,True,8541,,,,C00,,0,1000,,-1,,0.0,False,-1,,0.0,False,1.113,True,0,False,,99.931,99.931,4,False,True
C,A,20220101,2022,52,2022,764,,,X,,0,,,818,,,H6,HS,True,8541,,,,C00,,0,1000,,-1,,0.0,True,-1,,0.0,False,2016.0,False,0,False,,108655.95,108655.95,2,False,True
C,A,20220101,2022,52,2022,764,,,X,,0,,,579,,,H6,HS,True,8541,,,,C00,,0,0,,-1,,0.0,False,-1,,0.0,False,17.908,True,0,False,,3463.833,3463.833,4,False,True
C,A,20220101,2022,52,2022,764,,,X,,0,,,702,,,H6,HS,True,8541,,,,C00,,0,0,,-1,,0.0,False,-1,,0.0,False,16393017.054,True,0,False,,283994117.0,283994117.0,4,False,True
C,A,20220101,2022,52,2022,764,,,X,,0,,,124,,,H6,HS,True,8541,,,,C00,,0,0,,-1,,0.0,True,-1,,0.0,False,282654.725,True,0,False,,6055303.809,6055303.809,6,False,True
C,A,20220101,2022,52,2022,764,,,X,,0,,,68,,,H6,HS,True,8541,,,,C00,,0,0,,5,,1.0,False,5,,1.0,False,3.0,False,0,False,,272.148,272.148,0,False,True
C,A,20220101,2022,52,2022,764,,,X,,0,,,422,,,H6,HS,True,8541,,,,C00,,0,0,,5,,1.0,False,5,,1.0,False,2.0,False,0,False,,1289.996,1289.996,0,False,True
C,A,20220101,2022,52,2022,764,,,X,,0,,,662,,,H6,HS,True,8541,,,,C00,,0,0,,5,,1.0,False,5,,1.0,False,1.0,False,0,False,,1.01,1.01,0,False,True
C,A,20220101,2022,52,2022,764,,,X,,0,,,208,,,H6,HS,True,8541,,,,C00,,0,1000,,5,,919491.608,True,-1,,0.0,False,555.034,True,0,False,,273735.599,273735.599,6,False,True
C,A,20220101,2022,52,2022,764,,,X,,0,,,36,,,H6,HS,True,8541,,,,C00,,0,1000,,5,,4282.579,True,-1,,0.0,False,1794.449,True,0,False,,113455.29,113455.29,6,False,True
C,A,20220101,2022,52,2022,764,,,X,,0,,,246,,,H6,HS,True,8541,,,,C00,,0,1000,,5,,51.63,True,-1,,0.0,False,68.389,True,0,False,,3767.497,3767.497,6,False,True
C,A,20220101,2022,52,2022,764,,,X,,0,,,826,,,H6,HS,True,8541,,,,C00,,0,2000,,5,,49127.708,True,-1,,0.0,False,443.149,True,0,False,,1009876.55,1009876.55,6,False,True
C,A,20220101,2022,52,2022,764,,,X,,0,,,462,,,H6,HS,True,8541,,,,C00,,0,0,,5,,5.0,False,5,,5.0,False,57.065,True,0,False,,1063.621,1063.621,4,False,True
C,A,20220101,2022,52,2022,764,,,X,,0,,,392,,,H6,HS,True,8541,,,,C00,,0,3000,,5,,12271003.0,False,5,,12271003.0,False,334.832,True,0,False,,109725.616,109725.616,4,False,True
C,A,20220101,2022,52,2022,764,,,X,,0,,,784,,,H6,HS,True,8541,,,,C00,,0,1000,,5,,12741.0,False,5,,12741.0,False,524.089,True,0,False,,56224.027,56224.027,4,False,True
C,A,20220101,2022,52,2022,764,,,X,,0,,,100,,,H6,HS,True,8541,,,,C00,,0,1000,,5,,452.0,False,5,,452.0,False,2.533,True,0,False,,241.272,241.272,4,False,True
C,A,20220101,2022,52,2022,764,,,X,,0,,,300,,,H6,HS,True,8541,,,,C00,,0,0,,5,,8.0,False,5,,8.0,False,15.0,False,0,False,,2230.583,2230.583,0,False,True
C,A,20220101,2022,52,2022,764,,,X,,0,,,376,,,H6,HS,True,8541,,,,C00,,0,2000,,5,,517085.0,False,5,,517085.0,False,227.0,False,0,False,,57085.816,57085.816,0,False,True
C,A,20220101,2022,52,2022,764,,,X,,0,,,208,,,H6,HS,True,8541,,,,C00,,0,2000,,5,,10771.0,False,5,,10771.0,False,156.0,False,0,False,,2904.591,2904.591,0,False,True
C,A,20220101,2022,52,2022,764,,,X,,0,,,882,,,H6,HS,True,8541,,,,C00,,0,2000,,5,,298200.0,False,5,,298200.0,False,3044.0,False,0,False,,184287.603,184287.603,0,False,True
C,A,20220101,2022,52,2022,764,,,X,,0,,,104,,,H6,HS,True,8541,,,,C00,,0,1000,,5,,21.0,False,5,,21.0,False,1.0,False,0,False,,2091.284,2091.284,0,False,True
C,A,20220101,2022,52,2022,764,,,X,,0,,,788,,,H6,HS,True,8541,,,,C00,,0,1000,,5,,2585004.0,False,5,,2585004.0,False,264.0,False,0,False,,92181.438,92181.438,0,False,True
C,A,20220101,2022,52,2022,764,,,X,,0,,,92,,,H6,HS,True,8541,,,,C00,,0,3000,,-1,,0.0,False,-1,,0.0,False,98.0,False,0,False,,131390.953,131390.953,0,False,True
C,A,20220101,2022,52,2022,764,,,X,,0,,,702,,,H6,HS,True,8541,,,,C00,,0,2000,,-1,,0.0,True,-1,,0.0,False,13711856.059,True,0,False,,102358049.008,102358049.008,6,False,True
C,A,20220101,2022,52,2022,764,,,X,,0,,,96,,,H6,HS,True,8541,,,,C00,,0,2000,,-1,,0.0,False,-1,,0.0,False,0.308,True,0,False,,27.704,27.704,4,False,True
C,A,20220101,2022,52,2022,764,,,X,,0,,,826,,,H6,HS,True,8541,,,,C00,,0,1000,,-1,,0.0,False,-1,,0.0,False,4358.801,True,0,False,,5939680.57,5939680.57,4,False,True
C,A,20220101,2022,52,2022,764,,,X,,0,,,699,,,H6,HS,True,8541,,,,C00,,0,1000,,-1,,0.0,True,-1,,0.0,False,78618.39,True,0,False,,10017583.754,10017583.754,6,False,True
C,A,20220101,2022,52,2022,764,,,X,,0,,,446,,,H6,HS,True,8541,,,,C00,,0,1000,,-1,,0.0,False,-1,,0.0,False,585.0,False,0,False,,106146.395,106146.395,0,False,True
C,A,20220101,2022,52,2022,764,,,X,,0,,,690,,,H6,HS,True,8541,,,,C00,,0,1000,,-1,,0.0,False,-1,,0.0,False,25.0,False,0,False,,205.217,205.217,0,False,True
C,A,20220101,2022,52,2022,764,,,X,,0,,,242,,,H6,HS,True,8541,,,,C00,,0,0,,-1,,0.0,False,-1,,0.0,False,20.233,True,0,False,,924.232,924.232,4,False,True
C,A,20220101,2022,52,2022,764,,,X,,0,,,104,,,H6,HS,True,8541,,,,C00,,0,0,,-1,,0.0,False,-1,,0.0,False,452479.195,True,0,False,,2654086.751,2654086.751,4,False,True
C,A,20220101,2022,52,2022,764,,,X,,0,,,392,,,H6,HS,True,8541,,,,C00,,0,0,,-1,,0.0,False,-1,,0.0,False,2349287.303,True,0,False,,581162122.805,581162122.805,4,False,True
C,A,20220101,2022,52,2022,764,,,X,,0,,,116,,,H6,HS,True,8541,,,,C00,,0,0,,-1,,0.0,True,-1,,0.0,False,53381.393,True,0,False,,6617023.138,6617023.138,6,False,True
C,A,20220101,2022,52,2022,764,,,X,,0,,,699,,,H6,HS,True,8541,,,,C00,,0,0,,-1,,0.0,True,-1,,0.0,False,1245053.39,True,0,False,,141336036.127,141336036.127,6,False,True
C,A,20220101,2022,52,2022,764,,,X,,0,,,566,,,H6,HS,True,8541,,,,C00,,0,0,,-1,,0.0,False,-1,,0.0,False,1937.0,False,0,False,,30546.138,30546.138,0,False,True
C,A,20220101,2022,52,2022,764,,,X,,0,,,690,,,H6,HS,True,8541,,,,C00,,0,0,,-1,,0.0,False,-1,,0.0,False,25.0,False,0,False,,205.217,205.217,0,False,True
C,A,20220101,2022,52,2022,764,,,X,,0,,,48,,,H6,HS,True,8541,,,,C00,,0,1000,,5,,1.0,False,5,,1.0,False,1.0,False,0,False,,5.793,5.793,0,False,True
C,A,20220101,2022,52,2022,764,,,X,,0,,,48,,,H6,HS,True,8541,,,,C00,,0,0,,5,,1.0,False,5,,1.0,False,1.0,False,0,False,,5.793,5.793,0,False,True
C,A,20220101,2022,52,2022,764,,,X,,0,,,0,,,H6,HS,True,8541,,,,C00,,0,9000,,5,,152846.862,True,-1,,0.0,False,47.697,True,0,False,,50951.79,50951.79,6,False,True
C,A,20220101,2022,52,2022,764,,,X,,0,,,704,,,H6,HS,True,8541,,,,C00,,0,1000,,5,,577989445.611,True,-1,,0.0,False,45568.0,False,0,False,,17117450.048,17117450.048,2,False,True
C,A,20220101,2022,52,2022,764,,,X,,0,,,586,,,H6,HS,True,8541,,,,C00,,0,0,,5,,48755.115,True,-1,,0.0,False,1232452.396,True,0,False,,866931.334,866931.334,6,False,True
C,A,20220101,2022,52,2022,764,,,X,,0,,,246,,,H6,HS,True,8541,,,,C00,,0,0,,5,,51.63,True,-1,,0.0,False,68.389,True,0,False,,3767.497,3767.497,6,False,True
C,A,20220101,2022,52,2022,764,,,X,,0,,,642,,,H6,HS,True,8541,,,,C00,,0,0,,5,,161178.922,True,-1,,0.0,False,145.173,True,0,False,,66327.66,66327.66,6,False,True
C,A,20220101,2022,52,2022,764,,,X,,0,,,642,,,H6,HS,True,8541,,,,C00,,0,1000,,5,,161178.922,True,-1,,0.0,False,145.173,True,0,False,,66327.66,66327.66,6,False,True
C,A,20220101,2022,52,2022,764,,,X,,0,,,724,,,H6,HS,True,8541,,,,C00,,0,1000,,5,,1060011488.448,True,-1,,0.0,False,203209.303,True,0,False,,9238445.215,9238445.215,6,False,True
C,A,20220101,2022,52,2022,764,,,X,,0,,,484,,,H6,HS,True,8541,,,,C00,,0,1000,,5,,5302707.89,True,-1,,0.0,False,21609.238,True,0,False,,2788590.282,2788590.282,6,False,True
C,A,20220101,2022,52,2022,764,,,X,,0,,,458,,,H6,HS,True,8541,,,,C00,,0,2000,,5,,1742850.035,True,-1,,0.0,False,105344.85,True,0,False,,4281963.271,4281963.271,6,False,True
C,A,20220101,2022,52,2022,764,,,X,,0,,,784,,,H6,HS,True,8541,,,,C00,,0,0,,5,,12772.822,True,-1,,0.0,False,543.69,True,0,False,,56426.171,56426.171,6,False,True
C,A,20220101,2022,52,2022,764,,,X,,0,,,704,,,H6,HS,True,8541,,,,C00,,0,2000,,5,,62719485.814,True,-1,,0.0,False,116093.005,True,0,False,,4301701.096,4301701.096,6,False,True
C,A,20220101,2022,52,2022,764,,,X,,0,,,360,,,H6,HS,True,8541,,,,C00,,0,0,,5,,39681846.603,True,-1,,0.0,False,19279.351,True,0,False,,8900300.426,8900300.426,6,False,True
C,A,20220101,2022,52,2022,764,,,X,,0,,,442,,,H6,HS,True,8541,,,,C00,,0,1000,,5,,103.0,False,5,,103.0,False,7.074,True,0,False,,409.265,409.265,4,False,True
C,A,20220101,2022,52,2022,764,,,X,,0,,,144,,,H6,HS,True,8541,,,,C00,,0,1000,,5,,4066.0,False,5,,4066.0,False,17.886,True,0,False,,4051.886,4051.886,4,False,True
C,A,20220101,2022,52,2022,764,,,X,,0,,,372,,,H6,HS,True,8541,,,,C00,,0,1000,,5,,1263.0,False,5,,1263.0,False,36.602,True,0,False,,3781.816,3781.816,4,False,True
C,A,20220101,2022,52,2022,764,,,X,,0,,,203,,,H6,HS,True,8541,,,,C00,,0,0,,5,,414742.0,False,5,,414742.0,False,27648.849,True,0,False,,12863415.761,12863415.761,4,False,True
C,A,20220101,2022,52,2022,764,,,X,,0,,,643,,,H6,HS,True,8541,,,,C00,,0,0,,5,,52260.0,False,5,,52260.0,False,2969.362,True,0,False,,118459.992,118459.992,4,False,True
C,A,20220101,2022,52,2022,764,,,X,,0,,,792,,,H6,HS,True,8541,,,,C00,,0,2000,,5,,15596948.0,False,5,,15596948.0,False,395721.0,False,0,False,,19089349.662,19089349.662,0,False,True
C,A,20220101,2022,52,2022,764,,,X,,0,,,124,,,H6,HS,True,8541,,,,C00,,0,2000,,5,,2287236.0,False,5,,2287236.0,False,273888.0,False,0,False,,5137281.176,5137281.176,0,False,True
C,A,20220101,2022,52,2022,764,,,X,,0,,,899,,,H6,HS,True,8541,,,,C00,,0,2000,,5,,27935.0,False,5,,27935.0,False,585360.0,False,0,False,,4129437.285,4129437.285,0,False,True
C,A,20220101,2022,52,2022,764,,,X,,0,,,152,,,H6,HS,True,8541,,,,C00,,0,1000,,5,,26.0,False,5,,26.0,False,115.0,False,0,False,,14088.774,14088.774,0,False,True
C,A,20220101,2022,52,2022,764,,,X,,0,,,643,,,H6,HS,True,8541,,,,C00,,0,1000,,5,,39792.0,False,5,,39792.0,False,1421.0,False,0,False,,76161.253,76161.253,0,False,True
C,A,20220101,2022,52,2022,764,,,X,,0,,,899,,,H6,HS,True,8541,,,,C00,,0,3000,,5,,108628.0,False,5,,108628.0,False,2763.0,False,0,False,,176030.486,176030.486,0,False,True
C,A,20220101,2022,52,2022,764,,,X,,0,,,51,,,H6,HS,True,8541,,,,C00,,0,0,,5,,6401.0,False,5,,6401.0,False,3.0,False,0,False,,107.082,107.082,0,False,True
C,A,20220101,2022,52,2022,764,,,X,,0,,,218,,,H6,HS,True,8541,,,,C00,,0,1000,,5,,4.0,False,5,,4.0,False,13.0,False,0,False,,709.94,709.94,0,False,True
C,A,20220101,2022,52,2022,764,,,X,,0,,,92,,,H6,HS,True,8541,,,,C00,,0,0,,-1,,0.0,False,-1,,0.0,False,17929.803,True,0,False,,37186191.129,37186191.129,4,False,True
C,A,20220101,2022,52,2022,764,,,X,,0,,,608,,,H6,HS,True,8541,,,,C00,,0,0,,-1,,0.0,False,-1,,0.0,False,76262.967,True,0,False,,7190528.867,7190528.867,4,False,True
C,A,20220101,2022,52,2022,764,,,X,,0,,,340,,,H6,HS,True,8541,,,,C00,,0,0,,-1,,0.0,False,-1,,0.0,False,0.556,True,0,False,,49.963,49.963,4,False,True
C,A,20220101,2022,52,2022,764,,,X,,0,,,704,,,H6,HS,True,8541,,,,C00,,0,0,,-1,,0.0,True,-1,,0.0,False,4480204.005,True,0,False,,472473688.67,472473688.67,6,False,True
C,A,20220101,2022,52,2022,764,,,X,,0,,,682,,,H6,HS,True,8541,,,,C00,,0,0,,-1,,0.0,True,-1,,0.0,False,103.0,False,0,False,,13646.534,13646.534,2,False,True
C,A,20220101,2022,52,2022,764,,,X,,0,,,608,,,H6,HS,True,8541,,,,C00,,0,1000,,-1,,0.0,False,-1,,0.0,False,6767.436,True,0,False,,2214384.397,2214384.397,4,False,True
C,A,20220101,2022,52,2022,764,,,X,,0,,,566,,,H6,HS,True,8541,,,,C00,,0,2000,,-1,,0.0,False,-1,,0.0,False,1937.0,False,0,False,,30546.138,30546.138,0,False,True
C,A,20220101,2022,52,2022,764,,,X,,0,,,104,,,H6,HS,True,8541,,,,C00,,0,2000,,-1,,0.0,True,-1,,0.0,False,31116.195,True,0,False,,226589.094,226589.094,6,False,True
C,A,20220101,2022,52,2022,764,,,X,,0,,,50,,,H6,HS,True,8541,,,,C00,,0,1000,,5,,1.0,False,5,,1.0,False,0.069,True,0,False,,67.99,67.99,4,False,True
C,A,20220101,2022,52,2022,764,,,X,,0,,,31,,,H6,HS,True,8541,,,,C00,,0,0,,5,,1.0,False,5,,1.0,False,1.0,False,0,False,,90.82,90.82,0,False,True
C,A,20220101,2022,52,2022,764,,,X,,0,,,51,,,H6,HS,True,8541,,,,C00,,0,1000,,5,,1.0,False,5,,1.0,False,1.0,False,0,False,,44.263,44.263,0,False,True
C,A,20220101,2022,52,2022,764,,,X,,0,,,348,,,H6,HS,True,8541,,,,C00,,0,0,,5,,30732030.595,True,-1,,0.0,False,9437.0,False,0,False,,1570644.449,1570644.449,2,False,True
C,A,20220101,2022,52,2022,764,,,X,,0,,,360,,,H6,HS,True,8541,,,,C00,,0,2000,,5,,17388383.766,True,-1,,0.0,False,10465.0,False,0,False,,1633093.438,1633093.438,2,False,True
C,A,20220101,2022,52,2022,764,,,X,,0,,,251,,,H6,HS,True,8541,,,,C00,,0,2000,,5,,588.565,True,-1,,0.0,False,245.0,False,0,False,,9393.616,9393.616,2,False,True
C,A,20220101,2022,52,2022,764,,,X,,0,,,634,,,H6,HS,True,8541,,,,C00,,0,1000,,5,,2862.817,True,-1,,0.0,False,59.0,False,0,False,,8017.012,8017.012,2,False,True
C,A,20220101,2022,52,2022,764,,,X,,0,,,348,,,H6,HS,True,8541,,,,C00,,0,1000,,5,,30732030.595,True,-1,,0.0,False,9437.0,False,0,False,,1570644.449,1570644.449,2,False,True
C,A,20220101,2022,52,2022,764,,,X,,0,,,554,,,H6,HS,True,8541,,,,C00,,0,0,,5,,198753.173,True,-1,,0.0,False,414.554,True,0,False,,113670.788,113670.788,6,False,True
C,A,20220101,2022,52,2022,764,,,X,,0,,,752,,,H6,HS,True,8541,,,,C00,,0,1000,,5,,522286.497,True,-1,,0.0,False,206.178,True,0,False,,83666.727,83666.727,6,False,True
C,A,20220101,2022,52,2022,764,,,X,,0,,,208,,,H6,HS,True,8541,,,,C00,,0,0,,5,,930262.608,True,-1,,0.0,False,711.034,True,0,False,,276640.189,276640.189,6,False,True
C,A,20220101,2022,52,2022,764,,,X,,0,,,170,,,H6,HS,True,8541,,,,C00,,0,1000,,5,,5.0,False,5,,5.0,False,7.0,False,0,False,,643.375,643.375,0,False,True
C,A,20220101,2022,52,2022,764,,,X,,0,,,899,,,H6,HS,True,8541,,,,C00,,0,1000,,5,,25063.0,False,5,,25063.0,False,415.003,True,0,False,,30580.119,30580.119,4,False,True
C,A,20220101,2022,52,2022,764,,,X,,0,,,710,,,H6,HS,True,8541,,,,C00,,0,0,,5,,4296.0,False,5,,4296.0,False,11.034,True,0,False,,3850.76,3850.76,4,False,True
C,A,20220101,2022,52,2022,764,,,X,,0,,,100,,,H6,HS,True,8541,,,,C00,,0,0,,5,,452.0,False,5,,452.0,False,2.533,True,0,False,,241.272,241.272,4,False,True
C,A,20220101,2022,52,2022,764,,,X,,0,,,442,,,H6,HS,True,8541,,,,C00,,0,0,,5,,103.0,False,5,,103.0,False,7.074,True,0,False,,409.265,409.265,4,False,True
C,A,20220101,2022,52,2022,764,,,X,,0,,,316,,,H6,HS,True,8541,,,,C00,,0,2000,,5,,780.0,False,5,,780.0,False,15210.0,False,0,False,,94629.612,94629.612,0,False,True
C,A,20220101,2022,52,2022,764,,,X,,0,,,392,,,H6,HS,True,8541,,,,C00,,0,9000,,5,,1500.0,False,5,,1500.0,False,5.0,False,0,False,,417.148,417.148,0,False,True
C,A,20220101,2022,52,2022,764,,,X,,0,,,364,,,H6,HS,True,8541,,,,C00,,0,0,,5,,3526600.0,False,5,,3526600.0,False,1292.0,False,0,False,,95072.725,95072.725,0,False,True
C,A,20220101,2022,52,2022,764,,,X,,0,,,504,,,H6,HS,True,8541,,,,C00,,0,0,,5,,30007.0,False,5,,30007.0,False,19.0,False,0,False,,1004.812,1004.812,0,False,True
C,A,20220101,2022,52,2022,764,,,X,,0,,,152,,,H6,HS,True,8541,,,,C00,,0,0,,5,,2010.0,False,5,,2010.0,False,45350.0,False,0,False,,228443.793,228443.793,0,False,True
C,A,20220101,2022,52,2022,764,,,X,,0,,,352,,,H6,HS,True,8541,,,,C00,,0,1000,,5,,6.0,False,5,,6.0,False,21.0,False,0,False,,1231.352,1231.352,0,False,True
C,A,20220101,2022,52,2022,764,,,X,,0,,,470,,,H6,HS,True,8541,,,,C00,,0,1000,,5,,6.0,False,5,,6.0,False,13.0,False,0,False,,1407.265,1407.265,0,False,True
C,A,20220101,2022,52,2022,764,,,X,,0,,,214,,,H6,HS,True,8541,,,,C00,,0,1000,,5,,4.0,False,5,,4.0,False,4.0,False,0,False,,263.361,263.361,0,False,True
C,A,20220101,2022,52,2022,764,,,X,,0,,,702,,,H6,HS,True,8541,,,,C00,,0,3000,,-1,,0.0,False,-1,,0.0,False,2125592.0,False,0,False,,83609654.647,83609654.647,0,False,True
C,A,20220101,2022,52,2022,764,,,X,,0,,,116,,,H6,HS,True,8541,,,,C00,,0,3000,,-1,,0.0,True,-1,,0.0,False,53282.0,False,0,False,,6591056.291,6591056.291,2,False,True
C,A,20220101,2022,52,2022,764,,,X,,0,,,458,,,H6,HS,True,8541,,,,C00,,0,3000,,-1,,0.0,True,-1,,0.0,False,29029.0,False,0,False,,3478269.348,3478269.348,2,False,True
C,A,20220101,2022,52,2022,764,,,X,,0,,,92,,,H6,HS,True,8541,,,,C00,,0,1000,,-1,,0.0,False,-1,,0.0,False,17831.803,True,0,False,,37054800.176,37054800.176,4,False,True
C,A,20220101,2022,52,2022,764,,,X,,0,,,188,,,H6,HS,True,8541,,,,C00,,0,1000,,-1,,0.0,False,-1,,0.0,False,1.556,True,0,False,,154.948,154.948,4,False,True
C,A,20220101,2022,52,2022,764,,,X,,0,,,458,,,H6,HS,True,8541,,,,C00,,0,1000,,-1,,0.0,True,-1,,0.0,False,14684.199,True,0,False,,4391453.516,4391453.516,6,False,True
C,A,20220101,2022,52,2022,764,,,X,,0,,,124,,,H6,HS,True,8541,,,,C00,,0,1000,,-1,,0.0,True,-1,,0.0,False,8766.725,True,0,False,,918022.633,918022.633,6,False,True
C,A,20220101,2022,52,2022,764,,,X,,0,,,842,,,H6,HS,True,8541,,,,C00,,0,0,,-1,,0.0,False,-1,,0.0,False,32073340.577,True,0,False,,374170604.863,374170604.863,4,False,True
C,A,20220101,2022,52,2022,764,,,X,,0,,,724,,,H6,HS,True,8541,,,,C00,,0,0,,-1,,0.0,False,-1,,0.0,False,270532.303,True,0,False,,10499172.682,10499172.682,4,False,True
C,A,20220101,2022,52,2022,764,,,X,,0,,,188,,,H6,HS,True,8541,,,,C00,,0,0,,-1,,0.0,False,-1,,0.0,False,1.556,True,0,False,,154.948,154.948,4,False,True
C,A,20220101,2022,52,2022,764,,,X,,0,,,156,,,H6,HS,True,8541,,,,C00,,0,0,,-1,,0.0,True,-1,,0.0,False,9773625.814,True,0,False,,84278783.315,84278783.315,6,False,True
C,A,20210101,2021,52,2021,764,,,X,,0,,,858,,,H5,HS,True,8471,,,,C00,,0,0,,-1,,0.0,False,-1,,0.0,False,212.0,False,0,False,,39602.028,39602.028,0,False,True
C,A,20210101,2021,52,2021,764,,,X,,0,,,92,,,H5,HS,True,8471,,,,C00,,0,0,,-1,,0.0,False,-1,,0.0,False,8419.0,False,0,False,,3347733.047,3347733.047,0,False,True
C,A,20210101,2021,52,2021,764,,,X,,0,,,400,,,H5,HS,True,8471,,,,C00,,0,0,,-1,,0.0,False,-1,,0.0,False,1.0,False,0,False,,1000.003,1000.003,0,False,True
C,A,20210101,2021,52,2021,764,,,X,,0,,,480,,,H5,HS,True,8471,,,,C00,,0,0,,-1,,0.0,False,-1,,0.0,False,42.0,False,0,False,,6663.348,6663.348,0,False,True
C,A,20210101,2021,52,2021,764,,,X,,0,,,428,,,H5,HS,True,8471,,,,C00,,0,0,,-1,,0.0,False,-1,,0.0,False,18.0,False,0,False,,249.995,249.995,0,False,True
C,A,20210101,2021,52,2021,764,,,X,,0,,,554,,,H5,HS,True,8471,,,,C00,,0,0,,-1,,0.0,False,-1,,0.0,False,10307.835,True,0,False,,1837458.858,1837458.858,4,False,True
C,A,20210101,2021,52,2021,764,,,X,,0,,,392,,,H5,HS,True,8471,,,,C00,,0,1000,,-1,,0.0,False,-1,,0.0,False,525737.454,True,0,False,,279898219.54,279898219.54,4,False,True
C,A,20210101,2021,52,2021,764,,,X,,0,,,598,,,H5,HS,True,8471,,,,C00,,0,1000,,-1,,0.0,False,-1,,0.0,False,57.88,True,0,False,,15086.679,15086.679,4,False,True
C,A,20210101,2021,52,2021,764,,,X,,0,,,398,,,H5,HS,True,8471,,,,C00,,0,1000,,-1,,0.0,False,-1,,0.0,False,23.0,False,0,False,,997.529,997.529,0,False,True
C,A,20210101,2021,52,2021,764,,,X,,0,,,524,,,H5,HS,True,8471,,,,C00,,0,1000,,-1,,0.0,False,-1,,0.0,False,119.0,False,0,False,,20918.34,20918.34,0,False,True
C,A,20210101,2021,52,2021,764,,,X,,0,,,516,,,H5,HS,True,8471,,,,C00,,0,1000,,-1,,0.0,False,-1,,0.0,False,5.0,False,0,False,,7514.388,7514.388,0,False,True
C,A,20210101,2021,52,2021,764,,,X,,0,,,428,,,H5,HS,True,8471,,,,C00,,0,1000,,-1,,0.0,False,-1,,0.0,False,18.0,False,0,False,,249.995,249.995,0,False,True
C,A,20210101,2021,52,2021,764,,,X,,0,,,208,,,H5,HS,True,8471,,,,C00,,0,2000,,-1,,0.0,False,-1,,0.0,False,51.0,False,0,False,,370.99,370.99,0,False,True
C,A,20210101,2021,52,2021,764,,,X,,0,,,524,,,H5,HS,True,8471,,,,C00,,0,2000,,-1,,0.0,False,-1,,0.0,False,0.277,True,0,False,,29.289,29.289,4,False,True
C,A,20210101,2021,52,2021,764,,,X,,0,,,826,,,H5,HS,True,8471,,,,C00,,0,2000,,-1,,0.0,False,-1,,0.0,False,192940.216,True,0,False,,39672123.744,39672123.744,4,False,True
C,A,20210101,2021,52,2021,764,,,X,,0,,,490,,,H5,HS,True,8471,,,,C00,,0,3000,,-1,,0.0,False,-1,,0.0,False,130156.0,False,0,False,,3763231.401,3763231.401,0,False,True
C,A,20210101,2021,52,2021,764,,,X,,0,,,826,,,H5,HS,True,8471,,,,C00,,0,3000,,-1,,0.0,False,-1,,0.0,False,19104.0,False,0,False,,4192021.966,4192021.966,0,False,True
C,A,20210101,2021,52,2021,764,,,X,,0,,,608,,,H5,HS,True,8471,,,,C00,,0,3000,,-1,,0.0,False,-1,,0.0,False,5.0,False,0,False,,1823.303,1823.303,0,False,True
C,A,20210101,2021,52,2021,764,,,X,,0,,,50,,,H5,HS,True,8471,,,,C00,,0,2000,,5,,45.846,True,-1,,0.0,False,155.0,False,0,False,,83413.01,83413.01,2,False,True
C,A,20210101,2021,52,2021,764,,,X,,0,,,104,,,H5,HS,True,8471,,,,C00,,0,2000,,5,,1272.047,True,-1,,0.0,False,8543.0,False,0,False,,803620.403,803620.403,2,False,True
C,A,20210101,2021,52,2021,764,,,X,,0,,,116,,,H5,HS,True,8471,,,,C00,,0,3000,,5,,32225.504,True,-1,,0.0,False,59291.0,False,0,False,,13874508.726,13874508.726,2,False,True
C,A,20210101,2021,52,2021,764,,,X,,0,,,442,,,H5,HS,True,8471,,,,C00,,0,0,,5,,4.59,True,-1,,0.0,False,55.0,False,0,False,,2453.847,2453.847,2,False,True
C,A,20210101,2021,52,2021,764,,,X,,0,,,784,,,H5,HS,True,8471,,,,C00,,0,0,,-1,,0.0,False,-1,,0.0,False,,False,0,False,,2147685.288,2147685.288,0,False,True
C,A,20210101,2021,52,2021,764,,,X,,0,,,643,,,H5,HS,True,8471,,,,C00,,0,0,,-1,,0.0,False,-1,,0.0,False,,False,0,False,,174098.868,174098.868,0,False,True
C,A,20210101,2021,52,2021,764,,,X,,0,,,558,,,H5,HS,True,8471,,,,C00,,0,1000,,-1,,0.0,False,-1,,0.0,False,1.0,False,0,False,,150.004,150.004,0,False,True
C,A,20210101,2021,52,2021,764,,,X,,0,,,24,,,H5,HS,True,8471,,,,C00,,0,1000,,-1,,0.0,False,-1,,0.0,False,248.0,False,0,False,,3080.009,3080.009,0,False,True
C,A,20210101,2021,52,2021,764,,,X,,0,,,710,,,H5,HS,True,8471,,,,C00,,0,1000,,-1,,0.0,False,-1,,0.0,False,295.482,True,0,False,,135878.344,135878.344,4,False,True
C,A,20210101,2021,52,2021,764,,,X,,0,,,899,,,H5,HS,True,8471,,,,C00,,0,1000,,-1,,0.0,False,-1,,0.0,False,839547.578,True,0,False,,20112549.294,20112549.294,4,False,True
C,A,20210101,2021,52,2021,764,,,X,,0,,,348,,,H5,HS,True,8471,,,,C00,,0,1000,,-1,,0.0,False,-1,,0.0,False,210.129,True,0,False,,136496.411,136496.411,4,False,True
C,A,20210101,2021,52,2021,764,,,X,,0,,,276,,,H5,HS,True,8471,,,,C00,,0,1000,,-1,,0.0,False,-1,,0.0,False,17813.53,True,0,False,,762946.884,762946.884,4,False,True
C,A,20210101,2021,52,2021,764,,,X,,0,,,360,,,H5,HS,True,8471,,,,C00,,0,1000,,-1,,0.0,False,-1,,0.0,False,1978.173,True,0,False,,178022.737,178022.737,4,False,True
C,A,20210101,2021,52,2021,764,,,X,,0,,,392,,,H5,HS,True,8471,,,,C00,,0,2000,,-1,,0.0,False,-1,,0.0,False,207053.781,True,0,False,,18391617.839,18391617.839,4,False,True
C,A,20210101,2021,52,2021,764,,,X,,0,,,276,,,H5,HS,True,8471,,,,C00,,0,2000,,-1,,0.0,False,-1,,0.0,False,1667.154,True,0,False,,721585.344,721585.344,4,False,True
C,A,20210101,2021,52,2021,764,,,X,,0,,,784,,,H5,HS,True,8471,,,,C00,,0,2000,,-1,,0.0,False,-1,,0.0,False,26117.966,True,0,False,,1468245.379,1468245.379,4,False,True
C,A,20210101,2021,52,2021,764,,,X,,0,,,288,,,H5,HS,True,8471,,,,C00,,0,2000,,-1,,0.0,False,-1,,0.0,False,120.0,False,0,False,,2400.005,2400.005,0,False,True
C,A,20210101,2021,52,2021,764,,,X,,0,,,124,,,H5,HS,True,8471,,,,C00,,0,2000,,-1,,0.0,False,-1,,0.0,False,6985.0,False,0,False,,677955.629,677955.629,0,False,True
C,A,20210101,2021,52,2021,764,,,X,,0,,,376,,,H5,HS,True,8471,,,,C00,,0,2000,,-1,,0.0,False,-1,,0.0,False,114.0,False,0,False,,240.012,240.012,0,False,True
C,A,20210101,2021,52,2021,764,,,X,,0,,,724,,,H5,HS,True,8471,,,,C00,,0,2000,,-1,,0.0,False,-1,,0.0,False,112.0,False,0,False,,766.302,766.302,0,False,True
C,A,20210101,2021,52,2021,764,,,X,,0,,,104,,,H5,HS,True,8471,,,,C00,,0,3000,,-1,,0.0,False,-1,,0.0,False,145256.0,False,0,False,,23926155.679,23926155.679,0,False,True
C,A,20210101,2021,52,2021,764,,,X,,0,,,462,,,H5,HS,True,8471,,,,C00,,0,3000,,-1,,0.0,False,-1,,0.0,False,44.0,False,0,False,,1240.01,1240.01,0,False,True
C,A,20210101,2021,52,2021,764,,,X,,0,,,702,,,H5,HS,True,8471,,,,C00,,0,3000,,-1,,0.0,False,-1,,0.0,False,21673984.0,False,0,False,,3328385328.765,3328385328.765,0,False,True
C,A,20210101,2021,52,2021,764,,,X,,0,,,490,,,H5,HS,True,8471,,,,C00,,0,9000,,-1,,0.0,False,-1,,0.0,False,1.0,False,0,False,,6000.012,6000.012,0,False,True
C,A,20210101,2021,52,2021,764,,,X,,0,,,251,,,H5,HS,True,8471,,,,C00,,0,9000,,-1,,0.0,False,-1,,0.0,False,0.333,True,0,False,,35.241,35.241,4,False,True
C,A,20210101,2021,52,2021,764,,,X,,0,,,76,,,H5,HS,True,8471,,,,C00,,0,0,,-1,,0.0,False,-1,,0.0,False,318.517,True,0,False,,67901.28,67901.28,4,False,True
C,A,20210101,2021,52,2021,764,,,X,,0,,,484,,,H5,HS,True,8471,,,,C00,,0,0,,-1,,0.0,False,-1,,0.0,False,27272.6,True,0,False,,4506946.263,4506946.263,4,False,True
C,A,20210101,2021,52,2021,764,,,X,,0,,,608,,,H5,HS,True,8471,,,,C00,,0,0,,-1,,0.0,False,-1,,0.0,False,5181.386,True,0,False,,949555.506,949555.506,4,False,True
C,A,20210101,2021,52,2021,764,,,X,,0,,,410,,,H5,HS,True,8471,,,,C00,,0,0,,-1,,0.0,False,-1,,0.0,False,8199.445,True,0,False,,14521203.611,14521203.611,4,False,True
C,A,20210101,2021,52,2021,764,,,X,,0,,,842,,,H5,HS,True,8471,,,,C00,,0,0,,-1,,0.0,False,-1,,0.0,False,19764906.847,True,0,False,,3615934986.347,3615934986.347,4,False,True
C,A,20210101,2021,52,2021,764,,,X,,0,,,512,,,H5,HS,True,8471,,,,C00,,0,0,,-1,,0.0,False,-1,,0.0,False,94.147,True,0,False,,2089.792,2089.792,4,False,True
C,A,20210101,2021,52,2021,764,,,X,,0,,,251,,,H5,HS,True,8471,,,,C00,,0,0,,-1,,0.0,False,-1,,0.0,False,2211.381,True,0,False,,1582775.828,1582775.828,4,False,True
C,A,20210101,2021,52,2021,764,,,X,,0,,,360,,,H5,HS,True,8471,,,,C00,,0,0,,-1,,0.0,False,-1,,0.0,False,4625.28,True,0,False,,386255.121,386255.121,4,False,True
C,A,20210101,2021,52,2021,764,,,X,,0,,,699,,,H5,HS,True,8471,,,,C00,,0,0,,-1,,0.0,False,-1,,0.0,False,9703.422,True,0,False,,883993.45,883993.45,4,False,True
C,A,20210101,2021,52,2021,764,,,X,,0,,,704,,,H5,HS,True,8471,,,,C00,,0,0,,-1,,0.0,False,-1,,0.0,False,19150.115,True,0,False,,3193933.384,3193933.384,4,False,True
C,A,20210101,2021,52,2021,764,,,X,,0,,,24,,,H5,HS,True,8471,,,,C00,,0,0,,-1,,0.0,False,-1,,0.0,False,248.0,False,0,False,,3080.009,3080.009,0,False,True
C,A,20210101,2021,52,2021,764,,,X,,0,,,740,,,H5,HS,True,8471,,,,C00,,0,0,,-1,,0.0,False,-1,,0.0,False,1.0,False,0,False,,5.457,5.457,0,False,True
C,A,20210101,2021,52,2021,764,,,X,,0,,,705,,,H5,HS,True,8471,,,,C00,,0,0,,-1,,0.0,False,-1,,0.0,False,54.0,False,0,False,,840.383,840.383,0,False,True
C,A,20210101,2021,52,2021,764,,,X,,0,,,104,,,H5,HS,True,8471,,,,C00,,0,0,,-1,,0.0,False,-1,,0.0,False,154922.0,False,0,False,,24925690.777,24925690.777,0,False,True
C,A,20210101,2021,52,2021,764,,,X,,0,,,100,,,H5,HS,True,8471,,,,C00,,0,0,,5,,21.774,True,-1,,0.0,False,53.0,False,0,False,,17889.402,17889.402,2,False,True
C,A,20210101,2021,52,2021,764,,,X,,0,,,51,,,H5,HS,True,8471,,,,C00,,0,0,,5,,3.106,True,-1,,0.0,False,3.0,False,0,False,,1660.397,1660.397,2,False,True
C,A,20210101,2021,52,2021,764,,,X,,0,,,242,,,H5,HS,True,8471,,,,C00,,0,0,,5,,2.406,True,-1,,0.0,False,1.0,False,0,False,,1286.167,1286.167,2,False,True
C,A,20210101,2021,52,2021,764,,,X,,0,,,144,,,H5,HS,True,8471,,,,C00,,0,2000,,5,,5.968,True,-1,,0.0,False,62.0,False,0,False,,1948.008,1948.008,2,False,True
C,A,20210101,2021,52,2021,764,,,X,,0,,,876,,,H5,HS,True,8471,,,,C00,,0,2000,,5,,0.907,True,-1,,0.0,False,1.0,False,0,False,,484.613,484.613,2,False,True
C,A,20210101,2021,52,2021,764,,,X,,0,,,368,,,H5,HS,True,8471,,,,C00,,0,1000,,5,,0.506,True,-1,,0.0,False,5.0,False,0,False,,270.365,270.365,2,False,True
C,A,20210101,2021,52,2021,764,,,X,,0,,,184,,,H5,HS,True,8471,,,,C00,,0,1000,,5,,0.756,True,-1,,0.0,False,1.0,False,0,False,,404.24,404.24,2,False,True
C,A,20210101,2021,52,2021,764,,,X,,0,,,442,,,H5,HS,True,8471,,,,C00,,0,1000,,5,,4.59,True,-1,,0.0,False,55.0,False,0,False,,2453.847,2453.847,2,False,True
C,A,20210101,2021,52,2021,764,,,X,,0,,,462,,,H5,HS,True,8471,,,,C00,,0,2000,,5,,20.04,True,-1,,0.0,False,303.921,True,0,False,,7902.813,7902.813,6,False,True
C,A,20210101,2021,52,2021,764,,,X,,0,,,372,,,H5,HS,True,8471,,,,C00,,0,3000,,-1,,0.0,False,-1,,0.0,False,1291.0,False,0,False,,55839.591,55839.591,0,False,True
C,A,20210101,2021,52,2021,764,,,X,,0,,,642,,,H5,HS,True,8471,,,,C00,,0,2000,,-1,,0.0,False,-1,,0.0,False,0.506,True,0,False,,53.507,53.507,4,False,True
C,A,20210101,2021,52,2021,764,,,X,,0,,,490,,,H5,HS,True,8471,,,,C00,,0,2000,,-1,,0.0,False,-1,,0.0,False,1154755.25,True,0,False,,124898776.391,124898776.391,4,False,True
C,A,20210101,2021,52,2021,764,,,X,,0,,,458,,,H5,HS,True,8471,,,,C00,,0,2000,,-1,,0.0,False,-1,,0.0,False,5888.0,False,0,False,,65666.669,65666.669,0,False,True
C,A,20210101,2021,52,2021,764,,,X,,0,,,203,,,H5,HS,True,8471,,,,C00,,0,2000,,-1,,0.0,False,-1,,0.0,False,71.0,False,0,False,,26779.994,26779.994,0,False,True
C,A,20210101,2021,52,2021,764,,,X,,0,,,554,,,H5,HS,True,8471,,,,C00,,0,2000,,-1,,0.0,False,-1,,0.0,False,131.0,False,0,False,,1358.003,1358.003,0,False,True
C,A,20210101,2021,52,2021,764,,,X,,0,,,616,,,H5,HS,True,8471,,,,C00,,0,2000,,-1,,0.0,False,-1,,0.0,False,15.0,False,0,False,,2273.484,2273.484,0,False,True
C,A,20210101,2021,52,2021,764,,,X,,0,,,404,,,H5,HS,True,8471,,,,C00,,0,2000,,-1,,0.0,False,-1,,0.0,False,130.0,False,0,False,,699.982,699.982,0,False,True
C,A,20210101,2021,52,2021,764,,,X,,0,,,156,,,H5,HS,True,8471,,,,C00,,0,2000,,-1,,0.0,False,-1,,0.0,False,15174.0,False,0,False,,1003206.87,1003206.87,0,False,True
C,A,20210101,2021,52,2021,764,,,X,,0,,,344,,,H5,HS,True,8471,,,,C00,,0,1000,,-1,,0.0,False,-1,,0.0,False,481054.302,True,0,False,,24348780.992,24348780.992,4,False,True
C,A,20210101,2021,52,2021,764,,,X,,0,,,528,,,H5,HS,True,8471,,,,C00,,0,1000,,-1,,0.0,False,-1,,0.0,False,44798.69,True,0,False,,4408927.647,4408927.647,4,False,True
C,A,20210101,2021,52,2021,764,,,X,,0,,,704,,,H5,HS,True,8471,,,,C00,,0,1000,,-1,,0.0,False,-1,,0.0,False,14769.115,True,0,False,,1831062.637,1831062.637,4,False,True
C,A,20210101,2021,52,2021,764,,,X,,0,,,579,,,H5,HS,True,8471,,,,C00,,0,1000,,-1,,0.0,False,-1,,0.0,False,246.721,True,0,False,,21451.53,21451.53,4,False,True
C,A,20210101,2021,52,2021,764,,,X,,0,,,540,,,H5,HS,True,8471,,,,C00,,0,1000,,-1,,0.0,False,-1,,0.0,False,5.0,False,0,False,,1540.548,1540.548,0,False,True
C,A,20210101,2021,52,2021,764,,,X,,0,,,68,,,H5,HS,True,8471,,,,C00,,0,1000,,-1,,0.0,False,-1,,0.0,False,2.0,False,0,False,,25.001,25.001,0,False,True
C,A,20210101,2021,52,2021,764,,,X,,0,,,642,,,H5,HS,True,8471,,,,C00,,0,1000,,-1,,0.0,False,-1,,0.0,False,254.0,False,0,False,,18842.179,18842.179,0,False,True
C,A,20210101,2021,52,2021,764,,,X,,0,,,96,,,H5,HS,True,8471,,,,C00,,0,1000,,-1,,0.0,False,-1,,0.0,False,249.0,False,0,False,,60321.841,60321.841,0,False,True
C,A,20210101,2021,52,2021,764,,,X,,0,,,682,,,H5,HS,True,8471,,,,C00,,0,1000,,-1,,0.0,False,-1,,0.0,False,28.0,False,0,False,,14546.489,14546.489,0,False,True
C,A,20210101,2021,52,2021,764,,,X,,0,,,792,,,H5,HS,True,8471,,,,C00,,0,1000,,-1,,0.0,False,-1,,0.0,False,50174.0,False,0,False,,5041483.973,5041483.973,0,False,True
C,A,20210101,2021,52,2021,764,,,X,,0,,,203,,,H5,HS,True,8471,,,,C00,,0,1000,,-1,,0.0,False,-1,,0.0,False,30.0,False,0,False,,26873.247,26873.247,0,False,True
C,A,20210101,2021,52,2021,764,,,X,,0,,,4,,,H5,HS,True,8471,,,,C00,,0,1000,,-1,,0.0,False,-1,,0.0,False,8.0,False,0,False,,335.973,335.973,0,False,True
C,A,20210101,2021,52,2021,764,,,X,,0,,,834,,,H5,HS,True,8471,,,,C00,,0,1000,,-1,,0.0,False,-1,,0.0,False,17.0,False,0,False,,655.002,655.002,0,False,True
C,A,20210101,2021,52,2021,764,,,X,,0,,,490,,,H5,HS,True,8471,,,,C00,,0,0,,-1,,0.0,False,-1,,0.0,False,3407677.539,True,0,False,,491447623.801,491447623.801,4,False,True
C,A,20210101,2021,52,2021,764,,,X,,0,,,462,,,H5,HS,True,8471,,,,C00,,0,0,,-1,,0.0,False,-1,,0.0,False,584.216,True,0,False,,17682.926,17682.926,4,False,True
C,A,20210101,2021,52,2021,764,,,X,,0,,,348,,,H5,HS,True,8471,,,,C00,,0,0,,-1,,0.0,False,-1,,0.0,False,225.129,True,0,False,,136646.411,136646.411,4,False,True
C,A,20210101,2021,52,2021,764,,,X,,0,,,372,,,H5,HS,True,8471,,,,C00,,0,0,,-1,,0.0,False,-1,,0.0,False,91818.92,True,0,False,,21616910.035,21616910.035,4,False,True
C,A,20210101,2021,52,2021,764,,,X,,0,,,458,,,H5,HS,True,8471,,,,C00,,0,0,,-1,,0.0,False,-1,,0.0,False,2484208.533,True,0,False,,672907504.249,672907504.249,4,False,True
C,A,20210101,2021,52,2021,764,,,X,,0,,,120,,,H5,HS,True,8471,,,,C00,,0,0,,-1,,0.0,False,-1,,0.0,False,14.0,False,0,False,,89.996,89.996,0,False,True
C,A,20210101,2021,52,2021,764,,,X,,0,,,64,,,H5,HS,True,8471,,,,C00,,0,0,,-1,,0.0,False,-1,,0.0,False,2010.0,False,0,False,,29041.954,29041.954,0,False,True
C,A,20210101,2021,52,2021,764,,,X,,0,,,300,,,H5,HS,True,8471,,,,C00,,0,0,,-1,,0.0,False,-1,,0.0,False,128.0,False,0,False,,21663.926,21663.926,0,False,True
C,A,20210101,2021,52,2021,764,,,X,,0,,,48,,,H5,HS,True,8471,,,,C00,,0,0,,-1,,0.0,False,-1,,0.0,False,7.0,False,0,False,,339.821,339.821,0,False,True
C,A,20210101,2021,52,2021,764,,,X,,0,,,8,,,H5,HS,True,8471,,,,C00,,0,0,,-1,,0.0,False,-1,,0.0,False,22.0,False,0,False,,132.875,132.875,0,False,True
C,A,20210101,2021,52,2021,764,,,X,,0,,,616,,,H5,HS,True,8471,,,,C00,,0,0,,-1,,0.0,False,-1,,0.0,False,500.0,False,0,False,,122624.958,122624.958,0,False,True
C,A,20210101,2021,52,2021,764,,,X,,0,,,108,,,H5,HS,True,8471,,,,C00,,0,0,,-1,,0.0,False,-1,,0.0,False,13.0,False,0,False,,871.159,871.159,0,False,True
C,A,20210101,2021,52,2021,764,,,X,,0,,,446,,,H5,HS,True,8471,,,,C00,,0,0,,-1,,0.0,False,-1,,0.0,False,100.0,False,0,False,,41399.38,41399.38,0,False,True
C,A,20210101,2021,52,2021,764,,,X,,0,,,0,,,H5,HS,True,8471,,,,C00,,0,3000,,-1,,0.0,False,-1,,0.0,False,31815278.0,False,0,False,,4970434385.34,4970434385.34,0,False,True
C,A,20210101,2021,52,2021,764,,,X,,0,,,450,,,H5,HS,True,8471,,,,C00,,0,1000,,5,,0.15,True,-1,,0.0,False,1.0,False,0,False,,80.011,80.011,2,False,True
C,A,20210101,2021,52,2021,764,,,X,,0,,,242,,,H5,HS,True,8471,,,,C00,,0,1000,,5,,2.406,True,-1,,0.0,False,1.0,False,0,False,,1286.167,1286.167,2,False,True
C,A,20210101,2021,52,2021,764,,,X,,0,,,690,,,H5,HS,True,8471,,,,C00,,0,1000,,5,,2.331,True,-1,,0.0,False,1.0,False,0,False,,1246.233,1246.233,2,False,True
C,A,20210101,2021,52,2021,764,,,X,,0,,,246,,,H5,HS,True,8471,,,,C00,,0,2000,,5,,0.935,True,-1,,0.0,False,10.0,False,0,False,,500.0,500.0,2,False,True
C,A,20210101,2021,52,2021,764,,,X,,0,,,699,,,H5,HS,True,8471,,,,C00,,0,2000,,5,,83.537,True,-1,,0.0,False,906.0,False,0,False,,42057.949,42057.949,2,False,True
C,A,20210101,2021,52,2021,764,,,X,,0,,,520,,,H5,HS,True,8471,,,,C00,,0,0,,5,,0.651,True,-1,,0.0,False,25.0,False,0,False,,347.916,347.916,2,False,True
C,A,20210101,2021,52,2021,764,,,X,,0,,,218,,,H5,HS,True,8471,,,,C00,,0,0,,5,,0.029,True,-1,,0.0,False,2.0,False,0,False,,15.376,15.376,2,False,True
C,A,20210101,2021,52,2021,764,,,X,,0,,,288,,,H5,HS,True,8471,,,,C00,,0,1000,,5,,12.773,True,-1,,0.0,False,30.0,False,0,False,,4326.452,4326.452,2,False,True
C,A,20210101,2021,52,2021,764,,,X,,0,,,520,,,H5,HS,True,8471,,,,C00,,0,1000,,5,,0.651,True,-1,,0.0,False,25.0,False,0,False,,347.916,347.916,2,False,True
C,A,20210101,2021,52,2021,764,,,X,,0,,,458,,,H5,HS,True,8471,,,,C00,,0,3000,,5,,1271131.994,True,-1,,0.0,False,2451075.0,False,0,False,,669488897.298,669488897.298,2,False,True
C,A,20210101,2021,52,2021,764,,,X,,0,,,418,,,H5,HS,True,8471,,,,C00,,0,3000,,5,,37093.06,True,-1,,0.0,False,128268.0,False,0,False,,18906342.182,18906342.182,2,False,True
C,A,20210101,2021,52,2021,764,,,X,,0,,,76,,,H5,HS,True,8471,,,,C00,,0,1000,,5,,315.704,True,-1,,0.0,False,237.709,True,0,False,,67250.752,67250.752,6,False,True
C,A,20210101,2021,52,2021,764,,,X,,0,,,682,,,H5,HS,True,8471,,,,C00,,0,0,,-1,,0.0,False,-1,,0.0,False,28.0,False,0,False,,14546.489,14546.489,0,False,True
C,A,20210101,2021,52,2021,764,,,X,,0,,,231,,,H5,HS,True,8471,,,,C00,,0,0,,-1,,0.0,False,-1,,0.0,False,28.0,False,0,False,,57.035,57.035,0,False,True
C,A,20210101,2021,52,2021,764,,,X,,0,,,626,,,H5,HS,True,8471,,,,C00,,0,0,,-1,,0.0,False,-1,,0.0,False,34.0,False,0,False,,10000.0,10000.0,0,False,True
C,A,20210101,2021,52,2021,764,,,X,,0,,,170,,,H5,HS,True,8471,,,,C00,,0,0,,-1,,0.0,False,-1,,0.0,False,13465.0,False,0,False,,1661164.925,1661164.925,0,False,True
C,A,20210101,2021,52,2021,764,,,X,,0,,,268,,,H5,HS,True,8471,,,,C00,,0,0,,-1,,0.0,False,-1,,0.0,False,13.0,False,0,False,,1478.537,1478.537,0,False,True
C,A,20210101,2021,52,2021,764,,,X,,0,,,4,,,H5,HS,True,8471,,,,C00,,0,0,,-1,,0.0,False,-1,,0.0,False,8.0,False,0,False,,335.973,335.973,0,False,True
C,A,20210101,2021,52,2021,764,,,X,,0,,,56,,,H5,HS,True,8471,,,,C00,,0,0,,-1,,0.0,False,-1,,0.0,False,1610.0,False,0,False,,441761.831,441761.831,0,False,True
C,A,20210101,2021,52,2021,764,,,X,,0,,,834,,,H5,HS,True,8471,,,,C00,,0,0,,-1,,0.0,False,-1,,0.0,False,17.0,False,0,False,,655.002,655.002,0,False,True
C,A,20210101,2021,52,2021,764,,,X,,0,,,724,,,H5,HS,True,8471,,,,C00,,0,0,,-1,,0.0,False,-1,,0.0,False,192.092,True,0,False,,19104.327,19104.327,4,False,True
C,A,20210101,2021,52,2021,764,,,X,,0,,,32,,,H5,HS,True,8471,,,,C00,,0,0,,-1,,0.0,False,-1,,0.0,False,3.714,True,0,False,,526.979,526.979,4,False,True
C,A,20210101,2021,52,2021,764,,,X,,0,,,380,,,H5,HS,True,8471,,,,C00,,0,0,,-1,,0.0,False,-1,,0.0,False,2708.873,True,0,False,,72728.541,72728.541,4,False,True
C,A,20210101,2021,52,2021,764,,,X,,0,,,124,,,H5,HS,True,8471,,,,C00,,0,0,,-1,,0.0,False,-1,,0.0,False,13364.413,True,0,False,,1315259.987,1315259.987,4,False,True
C,A,20210101,2021,52,2021,764,,,X,,0,,,380,,,H5,HS,True,8471,,,,C00,,0,1000,,-1,,0.0,False,-1,,0.0,False,687.068,True,0,False,,58094.103,58094.103,4,False,True
C,A,20210101,2021,52,2021,764,,,X,,0,,,804,,,H5,HS,True,8471,,,,C00,,0,1000,,-1,,0.0,False,-1,,0.0,False,65.401,True,0,False,,13776.109,13776.109,4,False,True
C,A,20210101,2021,52,2021,764,,,X,,0,,,208,,,H5,HS,True,8471,,,,C00,,0,1000,,-1,,0.0,False,-1,,0.0,False,828.645,True,0,False,,24939.837,24939.837,4,False,True
C,A,20210101,2021,52,2021,764,,,X,,0,,,372,,,H5,HS,True,8471,,,,C00,,0,1000,,-1,,0.0,False,-1,,0.0,False,9775.92,True,0,False,,3523297.647,3523297.647,4,False,True
C,A,20210101,2021,52,2021,764,,,X,,0,,,620,,,H5,HS,True,8471,,,,C00,,0,1000,,-1,,0.0,False,-1,,0.0,False,10.644,True,0,False,,20019.299,20019.299,4,False,True
C,A,20210101,2021,52,2021,764,,,X,,0,,,48,,,H5,HS,True,8471,,,,C00,,0,1000,,-1,,0.0,False,-1,,0.0,False,7.0,False,0,False,,339.821,339.821,0,False,True
C,A,20210101,2021,52,2021,764,,,X,,0,,,626,,,H5,HS,True,8471,,,,C00,,0,1000,,-1,,0.0,False,-1,,0.0,False,34.0,False,0,False,,10000.0,10000.0,0,False,True
C,A,20210101,2021,52,2021,764,,,X,,0,,,231,,,H5,HS,True,8471,,,,C00,,0,1000,,-1,,0.0,False,-1,,0.0,False,28.0,False,0,False,,57.035,57.035,0,False,True
C,A,20210101,2021,52,2021,764,,,X,,0,,,90,,,H5,HS,True,8471,,,,C00,,0,1000,,-1,,0.0,False,-1,,0.0,False,12.0,False,0,False,,850.017,850.017,0,False,True
C,A,20210101,2021,52,2021,764,,,X,,0,,,400,,,H5,HS,True,8471,,,,C00,,0,1000,,-1,,0.0,False,-1,,0.0,False,1.0,False,0,False,,1000.003,1000.003,0,False,True
C,A,20210101,2021,52,2021,764,,,X,,0,,,108,,,H5,HS,True,8471,,,,C00,,0,1000,,-1,,0.0,False,-1,,0.0,False,13.0,False,0,False,,871.159,871.159,0,False,True
C,A,20210101,2021,52,2021,764,,,X,,0,,,496,,,H5,HS,True,8471,,,,C00,,0,1000,,-1,,0.0,False,-1,,0.0,False,52.0,False,0,False,,34117.016,34117.016,0,False,True
C,A,20210101,2021,52,2021,764,,,X,,0,,,792,,,H5,HS,True,8471,,,,C00,,0,2000,,-1,,0.0,False,-1,,0.0,False,1753.0,False,0,False,,117381.313,117381.313,0,False,True
C,A,20210101,2021,52,2021,764,,,X,,0,,,480,,,H5,HS,True,8471,,,,C00,,0,2000,,-1,,0.0,False,-1,,0.0,False,2.0,False,0,False,,4.999,4.999,0,False,True
C,A,20210101,2021,52,2021,764,,,X,,0,,,120,,,H5,HS,True,8471,,,,C00,,0,2000,,-1,,0.0,False,-1,,0.0,False,14.0,False,0,False,,89.996,89.996,0,False,True
C,A,20210101,2021,52,2021,764,,,X,,0,,,372,,,H5,HS,True,8471,,,,C00,,0,2000,,-1,,0.0,False,-1,,0.0,False,80752.0,False,0,False,,18037772.798,18037772.798,0,False,True
C,A,20210101,2021,52,2021,764,,,X,,0,,,96,,,H5,HS,True,8471,,,,C00,,0,2000,,-1,,0.0,False,-1,,0.0,False,4688.0,False,0,False,,26502.372,26502.372,0,False,True
C,A,20210101,2021,52,2021,764,,,X,,0,,,251,,,H5,HS,True,8471,,,,C00,,0,2000,,-1,,0.0,False,-1,,0.0,False,528.0,False,0,False,,2253.225,2253.225,0,False,True
C,A,20210101,2021,52,2021,764,,,X,,0,,,842,,,H5,HS,True,8471,,,,C00,,0,2000,,-1,,0.0,False,-1,,0.0,False,1403743.266,True,0,False,,238390804.416,238390804.416,4,False,True
C,A,20210101,2021,52,2021,764,,,X,,0,,,0,,,H5,HS,True,8471,,,,C00,,0,9000,,-1,,0.0,False,-1,,0.0,False,1.333,True,0,False,,6035.253,6035.253,4,False,True
C,A,20210101,2021,52,2021,764,,,X,,0,,,104,,,H5,HS,True,8471,,,,C00,,0,1000,,5,,282.141,True,-1,,0.0,False,1123.0,False,0,False,,195914.695,195914.695,2,False,True
C,A,20210101,2021,52,2021,764,,,X,,0,,,418,,,H5,HS,True,8471,,,,C00,,0,1000,,5,,213.286,True,-1,,0.0,False,481.0,False,0,False,,117338.709,117338.709,2,False,True
C,A,20210101,2021,52,2021,764,,,X,,0,,,729,,,H5,HS,True,8471,,,,C00,,0,0,,5,,2.056,True,-1,,0.0,False,576.0,False,0,False,,1099.174,1099.174,2,False,True
C,A,20210101,2021,52,2021,764,,,X,,0,,,876,,,H5,HS,True,8471,,,,C00,,0,0,,5,,0.907,True,-1,,0.0,False,1.0,False,0,False,,484.613,484.613,2,False,True
C,A,20210101,2021,52,2021,764,,,X,,0,,,860,,,H5,HS,True,8471,,,,C00,,0,0,,5,,3.771,True,-1,,0.0,False,6.0,False,0,False,,6922.779,6922.779,2,False,True
C,A,20210101,2021,52,2021,764,,,X,,0,,,484,,,H5,HS,True,8471,,,,C00,,0,2000,,5,,0.924,True,-1,,0.0,False,10.6,True,0,False,,563.391,563.391,6,False,True
C,A,20210101,2021,52,2021,764,,,X,,0,,,784,,,H5,HS,True,8471,,,,C00,,0,1000,,-1,,0.0,False,-1,,0.0,False,,False,0,False,,679439.909,679439.909,0,False,True
C,A,20210101,2021,52,2021,764,,,X,,0,,,50,,,H5,HS,True,8471,,,,C00,,0,1000,,-1,,0.0,False,-1,,0.0,False,73.0,False,0,False,,23705.251,23705.251,0,False,True
C,A,20210101,2021,52,2021,764,,,X,,0,,,239,,,H5,HS,True,8471,,,,C00,,0,1000,,-1,,0.0,False,-1,,0.0,False,266.0,False,0,False,,36793.43,36793.43,0,False,True
C,A,20210101,2021,52,2021,764,,,X,,0,,,64,,,H5,HS,True,8471,,,,C00,,0,1000,,-1,,0.0,False,-1,,0.0,False,86.0,False,0,False,,5969.005,5969.005,0,False,True
C,A,20210101,2021,52,2021,764,,,X,,0,,,152,,,H5,HS,True,8471,,,,C00,,0,1000,,-1,,0.0,False,-1,,0.0,False,177.0,False,0,False,,17397.413,17397.413,0,False,True
C,A,20210101,2021,52,2021,764,,,X,,0,,,858,,,H5,HS,True,8471,,,,C00,,0,1000,,-1,,0.0,False,-1,,0.0,False,212.0,False,0,False,,39602.028,39602.028,0,False,True
C,A,20210101,2021,52,2021,764,,,X,,0,,,508,,,H5,HS,True,8471,,,,C00,,0,1000,,-1,,0.0,False,-1,,0.0,False,5.0,False,0,False,,943.248,943.248,0,False,True
C,A,20210101,2021,52,2021,764,,,X,,0,,,608,,,H5,HS,True,8471,,,,C00,,0,1000,,-1,,0.0,False,-1,,0.0,False,4328.386,True,0,False,,917704.666,917704.666,4,False,True
C,A,20210101,2021,52,2021,764,,,X,,0,,,842,,,H5,HS,True,8471,,,,C00,,0,1000,,-1,,0.0,False,-1,,0.0,False,14767338.581,True,0,False,,2965581760.812,2965581760.812,4,False,True
C,A,20210101,2021,52,2021,764,,,X,,0,,,554,,,H5,HS,True,8471,,,,C00,,0,1000,,-1,,0.0,False,-1,,0.0,False,10176.835,True,0,False,,1836100.855,1836100.855,4,False,True
C,A,20210101,2021,52,2021,764,,,X,,0,,,156,,,H5,HS,True,8471,,,,C00,,0,1000,,-1,,0.0,False,-1,,0.0,False,39428.514,True,0,False,,8687470.559,8687470.559,4,False,True
C,A,20210101,2021,52,2021,764,,,X,,0,,,36,,,H5,HS,True,8471,,,,C00,,0,1000,,-1,,0.0,False,-1,,0.0,False,22862.02,True,0,False,,2864772.774,2864772.774,4,False,True
C,A,20210101,2021,52,2021,764,,,X,,0,,,490,,,H5,HS,True,8471,,,,C00,,0,1000,,-1,,0.0,False,-1,,0.0,False,2122765.289,True,0,False,,362779615.997,362779615.997,4,False,True
C,A,20210101,2021,52,2021,764,,,X,,0,,,32,,,H5,HS,True,8471,,,,C00,,0,1000,,-1,,0.0,False,-1,,0.0,False,3.714,True,0,False,,526.979,526.979,4,False,True
C,A,20210101,2021,52,2021,764,,,X,,0,,,598,,,H5,HS,True,8471,,,,C00,,0,2000,,-1,,0.0,False,-1,,0.0,False,107.0,False,0,False,,1603.351,1603.351,0,False,True
C,A,20210101,2021,52,2021,764,,,X,,0,,,414,,,H5,HS,True,8471,,,,C00,,0,2000,,-1,,0.0,False,-1,,0.0,False,8.0,False,0,False,,150.003,150.003,0,False,True
C,A,20210101,2021,52,2021,764,,,X,,0,,,392,,,H5,HS,True,8471,,,,C00,,0,0,,-1,,0.0,False,-1,,0.0,False,755598.235,True,0,False,,302379420.762,302379420.762,4,False,True
C,A,20210101,2021,52,2021,764,,,X,,0,,,579,,,H5,HS,True,8471,,,,C00,,0,0,,-1,,0.0,False,-1,,0.0,False,461.463,True,0,False,,242786.572,242786.572,4,False,True
C,A,20210101,2021,52,2021,764,,,X,,0,,,634,,,H5,HS,True,8471,,,,C00,,0,0,,-1,,0.0,False,-1,,0.0,False,5378.377,True,0,False,,44355.978,44355.978,4,False,True
C,A,20210101,2021,52,2021,764,,,X,,0,,,440,,,H5,HS,True,8471,,,,C00,,0,0,,-1,,0.0,False,-1,,0.0,False,29.0,False,0,False,,298.163,298.163,0,False,True
C,A,20210101,2021,52,2021,764,,,X,,0,,,196,,,H5,HS,True,8471,,,,C00,,0,0,,-1,,0.0,False,-1,,0.0,False,3.0,False,0,False,,624.02,624.02,0,False,True
C,A,20210101,2021,52,2021,764,,,X,,0,,,144,,,H5,HS,True,8471,,,,C00,,0,0,,-1,,0.0,False,-1,,0.0,False,335.0,False,0,False,,37077.929,37077.929,0,False,True
C,A,20210101,2021,52,2021,764,,,X,,0,,,191,,,H5,HS,True,8471,,,,C00,,0,0,,-1,,0.0,False,-1,,0.0,False,6.0,False,0,False,,341.412,341.412,0,False,True
C,A,20210101,2021,52,2021,764,,,X,,0,,,40,,,H5,HS,True,8471,,,,C00,,0,0,,-1,,0.0,False,-1,,0.0,False,2727.0,False,0,False,,1004920.82,1004920.82,0,False,True
C,A,20210101,2021,52,2021,764,,,X,,0,,,540,,,H5,HS,True,8471,,,,C00,,0,0,,-1,,0.0,False,-1,,0.0,False,5.0,False,0,False,,1540.548,1540.548,0,False,True
C,A,20210101,2021,52,2021,764,,,X,,0,,,352,,,H5,HS,True,8471,,,,C00,,0,0,,-1,,0.0,False,-1,,0.0,False,11.0,False,0,False,,2305.273,2305.273,0,False,True
C,A,20210101,2021,52,2021,764,,,X,,0,,,50,,,H5,HS,True,8471,,,,C00,,0,0,,-1,,0.0,False,-1,,0.0,False,228.0,False,0,False,,107118.261,107118.261,0,False,True
C,A,20210101,2021,52,2021,764,,,X,,0,,,364,,,H5,HS,True,8471,,,,C00,,0,0,,5,,534.681,True,-1,,0.0,False,1724.0,False,0,False,,56012.927,56012.927,2,False,True
C,A,20210101,2021,52,2021,764,,,X,,0,,,140,,,H5,HS,True,8471,,,,C00,,0,0,,5,,1.502,True,-1,,0.0,False,2.0,False,0,False,,803.109,803.109,2,False,True
C,A,20210101,2021,52,2021,764,,,X,,0,,,729,,,H5,HS,True,8471,,,,C00,,0,2000,,5,,2.056,True,-1,,0.0,False,576.0,False,0,False,,1099.174,1099.174,2,False,True
C,A,20210101,2021,52,2021,764,,,X,,0,,,704,,,H5,HS,True,8471,,,,C00,,0,2000,,5,,746.035,True,-1,,0.0,False,2152.0,False,0,False,,108031.005,108031.005,2,False,True
C,A,20210101,2021,52,2021,764,,,X,,0,,,100,,,H5,HS,True,8471,,,,C00,,0,1000,,5,,21.774,True,-1,,0.0,False,53.0,False,0,False,,17889.402,17889.402,2,False,True
C,A,20210101,2021,52,2021,764,,,X,,0,,,566,,,H5,HS,True,8471,,,,C00,,0,1000,,5,,17.635,True,-1,,0.0,False,24.0,False,0,False,,9427.085,9427.085,2,False,True
C,A,20210101,2021,52,2021,764,,,X,,0,,,51,,,H5,HS,True,8471,,,,C00,,0,1000,,5,,3.106,True,-1,,0.0,False,3.0,False,0,False,,1660.397,1660.397,2,False,True
C,A,20210101,2021,52,2021,764,,,X,,0,,,702,,,H5,HS,True,8471,,,,C00,,0,0,,-1,,0.0,False,-1,,0.0,False,,False,0,False,,7427365415.675,7427365415.675,0,False,True
C,A,20210101,2021,52,2021,764,,,X,,0,,,702,,,H5,HS,True,8471,,,,C00,,0,1000,,-1,,0.0,False,-1,,0.0,False,,False,0,False,,3840341081.016,3840341081.016,0,False,True
C,A,20210101,2021,52,2021,764,,,X,,0,,,196,,,H5,HS,True,8471,,,,C00,,0,1000,,-1,,0.0,False,-1,,0.0,False,3.0,False,0,False,,624.02,624.02,0,False,True
C,A,20210101,2021,52,2021,764,,,X,,0,,,446,,,H5,HS,True,8471,,,,C00,,0,1000,,-1,,0.0,False,-1,,0.0,False,100.0,False,0,False,,41399.38,41399.38,0,False,True
C,A,20210101,2021,52,2021,764,,,X,,0,,,686,,,H5,HS,True,8471,,,,C00,,0,1000,,-1,,0.0,False,-1,,0.0,False,2.0,False,0,False,,723.297,723.297,0,False,True
C,A,20210101,2021,52,2021,764,,,X,,0,,,480,,,H5,HS,True,8471,,,,C00,,0,1000,,-1,,0.0,False,-1,,0.0,False,40.0,False,0,False,,6658.349,6658.349,0,False,True
C,A,20210101,2021,52,2021,764,,,X,,0,,,352,,,H5,HS,True,8471,,,,C00,,0,1000,,-1,,0.0,False,-1,,0.0,False,11.0,False,0,False,,2305.273,2305.273,0,False,True
C,A,20210101,2021,52,2021,764,,,X,,0,,,8,,,H5,HS,True,8471,,,,C00,,0,1000,,-1,,0.0,False,-1,,0.0,False,22.0,False,0,False,,132.875,132.875,0,False,True
C,A,20210101,2021,52,2021,764,,,X,,0,,,634,,,H5,HS,True,8471,,,,C00,,0,1000,,-1,,0.0,False,-1,,0.0,False,5362.377,True,0,False,,44295.983,44295.983,4,False,True
C,A,20210101,2021,52,2021,764,,,X,,0,,,116,,,H5,HS,True,8471,,,,C00,,0,1000,,-1,,0.0,False,-1,,0.0,False,647.658,True,0,False,,169746.791,169746.791,4,False,True
C,A,20210101,2021,52,2021,764,,,X,,0,,,512,,,H5,HS,True,8471,,,,C00,,0,1000,,-1,,0.0,False,-1,,0.0,False,94.147,True,0,False,,2089.792,2089.792,4,False,True
C,A,20210101,2021,52,2021,764,,,X,,0,,,826,,,H5,HS,True,8471,,,,C00,,0,1000,,-1,,0.0,False,-1,,0.0,False,6161626.389,True,0,False,,1119139048.983,1119139048.983,4,False,True
C,A,20210101,2021,52,2021,764,,,X,,0,,,124,,,H5,HS,True,8471,,,,C00,,0,1000,,-1,,0.0,False,-1,,0.0,False,6379.413,True,0,False,,637304.358,637304.358,4,False,True
C,A,20210101,2021,52,2021,764,,,X,,0,,,757,,,H5,HS,True,8471,,,,C00,,0,2000,,-1,,0.0,False,-1,,0.0,False,1303.51,True,0,False,,244326.756,244326.756,4,False,True
C,A,20210101,2021,52,2021,764,,,X,,0,,,703,,,H5,HS,True,8471,,,,C00,,0,2000,,-1,,0.0,False,-1,,0.0,False,86.005,True,0,False,,17298.381,17298.381,4,False,True
C,A,20210101,2021,52,2021,764,,,X,,0,,,586,,,H5,HS,True,8471,,,,C00,,0,2000,,-1,,0.0,False,-1,,0.0,False,70.534,True,0,False,,32691.623,32691.623,4,False,True
C,A,20210101,2021,52,2021,764,,,X,,0,,,300,,,H5,HS,True,8471,,,,C00,,0,2000,,-1,,0.0,False,-1,,0.0,False,3.0,False,0,False,,215.992,215.992,0,False,True
C,A,20210101,2021,52,2021,764,,,X,,0,,,92,,,H5,HS,True,8471,,,,C00,,0,2000,,-1,,0.0,False,-1,,0.0,False,122.0,False,0,False,,18626.327,18626.327,0,False,True
C,A,20210101,2021,52,2021,764,,,X,,0,,,348,,,H5,HS,True,8471,,,,C00,,0,2000,,-1,,0.0,False,-1,,0.0,False,15.0,False,0,False,,150.0,150.0,0,False,True
C,A,20210101,2021,52,2021,764,,,X,,0,,,566,,,H5,HS,True,8471,,,,C00,,0,2000,,-1,,0.0,False,-1,,0.0,False,150.0,False,0,False,,49.99,49.99,0,False,True
C,A,20210101,2021,52,2021,764,,,X,,0,,,392,,,H5,HS,True,8471,,,,C00,,0,3000,,-1,,0.0,False,-1,,0.0,False,22807.0,False,0,False,,4089583.383,4089583.383,0,False,True
C,A,20210101,2021,52,2021,764,,,X,,0,,,524,,,H5,HS,True,8471,,,,C00,,0,0,,-1,,0.0,False,-1,,0.0,False,119.277,True,0,False,,20947.63,20947.63,4,False,True
C,A,20210101,2021,52,2021,764,,,X,,0,,,899,,,H5,HS,True,8471,,,,C00,,0,0,,-1,,0.0,False,-1,,0.0,False,923866.578,True,0,False,,23630497.413,23630497.413,4,False,True
C,A,20210101,2021,52,2021,764,,,X,,0,,,598,,,H5,HS,True,8471,,,,C00,,0,0,,-1,,0.0,False,-1,,0.0,False,164.88,True,0,False,,16690.031,16690.031,4,False,True
C,A,20210101,2021,52,2021,764,,,X,,0,,,826,,,H5,HS,True,8471,,,,C00,,0,0,,-1,,0.0,False,-1,,0.0,False,6373670.604,True,0,False,,1163003194.693,1163003194.693,4,False,True
C,A,20210101,2021,52,2021,764,,,X,,0,,,642,,,H5,HS,True,8471,,,,C00,,0,0,,-1,,0.0,False,-1,,0.0,False,254.506,True,0,False,,18895.686,18895.686,4,False,True
C,A,20210101,2021,52,2021,764,,,X,,0,,,710,,,H5,HS,True,8471,,,,C00,,0,0,,-1,,0.0,False,-1,,0.0,False,395.482,True,0,False,,136328.339,136328.339,4,False,True
C,A,20210101,2021,52,2021,764,,,X,,0,,,112,,,H5,HS,True,8471,,,,C00,,0,0,,-1,,0.0,False,-1,,0.0,False,28.0,False,0,False,,12450.01,12450.01,0,False,True
C,A,20210101,2021,52,2021,764,,,X,,0,,,96,,,H5,HS,True,8471,,,,C00,,0,0,,-1,,0.0,False,-1,,0.0,False,4937.0,False,0,False,,86824.213,86824.213,0,False,True
C,A,20210101,2021,52,2021,764,,,X,,0,,,288,,,H5,HS,True,8471,,,,C00,,0,0,,-1,,0.0,False,-1,,0.0,False,150.0,False,0,False,,6726.456,6726.456,0,False,True
C,A,20210101,2021,52,2021,764,,,X,,0,,,152,,,H5,HS,True,8471,,,,C00,,0,0,,-1,,0.0,False,-1,,0.0,False,177.0,False,0,False,,17397.413,17397.413,0,False,True
C,A,20210101,2021,52,2021,764,,,X,,0,,,0,,,H5,HS,True,8471,,,,C00,,0,2000,,-1,,0.0,False,-1,,0.0,False,4907760.076,True,0,False,,723066352.28,723066352.28,4,False,True
C,A,20210101,2021,52,2021,764,,,X,,0,,,450,,,H5,HS,True,8471,,,,C00,,0,0,,5,,0.15,True,-1,,0.0,False,1.0,False,0,False,,80.011,80.011,2,False,True
C,A,20210101,2021,52,2021,764,,,X,,0,,,184,,,H5,HS,True,8471,,,,C00,,0,0,,5,,0.756,True,-1,,0.0,False,1.0,False,0,False,,404.24,404.24,2,False,True
C,A,20210101,2021,52,2021,764,,,X,,0,,,504,,,H5,HS,True,8471,,,,C00,,0,1000,,-1,,0.0,False,-1,,0.0,False,65.0,False,0,False,,9383.994,9383.994,0,False,True
C,A,20210101,2021,52,2021,764,,,X,,0,,,92,,,H5,HS,True,8471,,,,C00,,0,1000,,-1,,0.0,False,-1,,0.0,False,8297.0,False,0,False,,3329106.72,3329106.72,0,False,True
C,A,20210101,2021,52,2021,764,,,X,,0,,,144,,,H5,HS,True,8471,,,,C00,,0,1000,,-1,,0.0,False,-1,,0.0,False,273.0,False,0,False,,35129.921,35129.921,0,False,True
C,A,20210101,2021,52,2021,764,,,X,,0,,,40,,,H5,HS,True,8471,,,,C00,,0,1000,,-1,,0.0,False,-1,,0.0,False,2727.0,False,0,False,,1004920.82,1004920.82,0,False,True
C,A,20210101,2021,52,2021,764,,,X,,0,,,440,,,H5,HS,True,8471,,,,C00,,0,1000,,-1,,0.0,False,-1,,0.0,False,29.0,False,0,False,,298.163,298.163,0,False,True
C,A,20210101,2021,52,2021,764,,,X,,0,,,462,,,H5,HS,True,8471,,,,C00,,0,1000,,-1,,0.0,False,-1,,0.0,False,236.295,True,0,False,,8540.104,8540.104,4,False,True
C,A,20210101,2021,52,2021,764,,,X,,0,,,76,,,H5,HS,True,8471,,,,C00,,0,2000,,-1,,0.0,False,-1,,0.0,False,80.808,True,0,False,,650.528,650.528,4,False,True
C,A,20210101,2021,52,2021,764,,,X,,0,,,579,,,H5,HS,True,8471,,,,C00,,0,2000,,-1,,0.0,False,-1,,0.0,False,214.741,True,0,False,,221335.042,221335.042,4,False,True
C,A,20210101,2021,52,2021,764,,,X,,0,,,528,,,H5,HS,True,8471,,,,C00,,0,2000,,-1,,0.0,False,-1,,0.0,False,694.0,False,0,False,,2480.967,2480.967,0,False,True
C,A,20210101,2021,52,2021,764,,,X,,0,,,702,,,H5,HS,True,8471,,,,C00,,0,2000,,-1,,0.0,False,-1,,0.0,False,1537596.0,False,0,False,,258639005.894,258639005.894,0,False,True
C,A,20210101,2021,52,2021,764,,,X,,0,,,268,,,H5,HS,True,8471,,,,C00,,0,2000,,-1,,0.0,False,-1,,0.0,False,12.0,False,0,False,,1278.531,1278.531,0,False,True
C,A,20210101,2021,52,2021,764,,,X,,0,,,634,,,H5,HS,True,8471,,,,C00,,0,2000,,-1,,0.0,False,-1,,0.0,False,16.0,False,0,False,,59.995,59.995,0,False,True
C,A,20210101,2021,52,2021,764,,,X,,0,,,899,,,H5,HS,True,8471,,,,C00,,0,3000,,-1,,0.0,False,-1,,0.0,False,16058.0,False,0,False,,1023646.354,1023646.354,0,False,True
C,A,20210101,2021,52,2021,764,,,X,,0,,,586,,,H5,HS,True,8471,,,,C00,,0,0,,-1,,0.0,False,-1,,0.0,False,226.537,True,0,False,,99476.318,99476.318,4,False,True
C,A,20210101,2021,52,2021,764,,,X,,0,,,344,,,H5,HS,True,8471,,,,C00,,0,0,,-1,,0.0,False,-1,,0.0,False,2999720.302,True,0,False,,344517609.204,344517609.204,4,False,True
C,A,20210101,2021,52,2021,764,,,X,,0,,,788,,,H5,HS,True,8471,,,,C00,,0,0,,-1,,0.0,False,-1,,0.0,False,930.0,False,0,False,,72068.644,72068.644,0,False,True
C,A,20210101,2021,52,2021,764,,,X,,0,,,516,,,H5,HS,True,8471,,,,C00,,0,0,,-1,,0.0,False,-1,,0.0,False,5.0,False,0,False,,7514.388,7514.388,0,False,True
C,A,20210101,2021,52,2021,764,,,X,,0,,,233,,,H5,HS,True,8471,,,,C00,,0,0,,-1,,0.0,False,-1,,0.0,False,3.0,False,0,False,,1150.381,1150.381,0,False,True
C,A,20210101,2021,52,2021,764,,,X,,0,,,882,,,H5,HS,True,8471,,,,C00,,0,0,,-1,,0.0,False,-1,,0.0,False,24.0,False,0,False,,2400.25,2400.25,0,False,True
C,A,20210101,2021,52,2021,764,,,X,,0,,,646,,,H5,HS,True,8471,,,,C00,,0,0,,-1,,0.0,False,-1,,0.0,False,1.0,False,0,False,,16.127,16.127,0,False,True
C,A,20210101,2021,52,2021,764,,,X,,0,,,203,,,H5,HS,True,8471,,,,C00,,0,0,,-1,,0.0,False,-1,,0.0,False,101.0,False,0,False,,53653.241,53653.241,0,False,True
C,A,20210101,2021,52,2021,764,,,X,,0,,,686,,,H5,HS,True,8471,,,,C00,,0,0,,-1,,0.0,False,-1,,0.0,False,2.0,False,0,False,,723.297,723.297,0,False,True
C,A,20210101,2021,52,2021,764,,,X,,0,,,414,,,H5,HS,True,8471,,,,C00,,0,0,,-1,,0.0,False,-1,,0.0,False,260.0,False,0,False,,8811.168,8811.168,0,False,True
C,A,20210101,2021,52,2021,764,,,X,,0,,,566,,,H5,HS,True,8471,,,,C00,,0,0,,-1,,0.0,False,-1,,0.0,False,174.0,False,0,False,,9477.075,9477.075,0,False,True
C,A,20210101,2021,52,2021,764,,,X,,0,,,188,,,H5,HS,True,8471,,,,C00,,0,1000,,5,,0.184,True,-1,,0.0,False,1.0,False,0,False,,98.437,98.437,2,False,True
C,A,20210101,2021,52,2021,764,,,X,,0,,,268,,,H5,HS,True,8471,,,,C00,,0,1000,,5,,0.374,True,-1,,0.0,False,1.0,False,0,False,,200.006,200.006,2,False,True
C,A,20210101,2021,52,2021,764,,,X,,0,,,56,,,H5,HS,True,8471,,,,C00,,0,2000,,5,,42.686,True,-1,,0.0,False,281.0,False,0,False,,19692.909,19692.909,2,False,True
C,A,20210101,2021,52,2021,764,,,X,,0,,,116,,,H5,HS,True,8471,,,,C00,,0,2000,,5,,7274.021,True,-1,,0.0,False,38887.0,False,0,False,,4075032.032,4075032.032,2,False,True
C,A,20210101,2021,52,2021,764,,,X,,0,,,608,,,H5,HS,True,8471,,,,C00,,0,2000,,5,,68.552,True,-1,,0.0,False,848.0,False,0,False,,30027.537,30027.537,2,False,True
C,A,20210101,2021,52,2021,764,,,X,,0,,,364,,,H5,HS,True,8471,,,,C00,,0,1000,,5,,534.681,True,-1,,0.0,False,1724.0,False,0,False,,56012.927,56012.927,2,False,True
C,A,20210101,2021,52,2021,764,,,X,,0,,,218,,,H5,HS,True,8471,,,,C00,,0,1000,,5,,0.029,True,-1,,0.0,False,2.0,False,0,False,,15.376,15.376,2,False,True
C,A,20210101,2021,52,2021,764,,,X,,0,,,0,,,H5,HS,True,8471,,,,C00,,0,1000,,-1,,0.0,False,-1,,0.0,False,,False,0,False,,8680318004.634,8680318004.634,0,False,True
C,A,20210101,2021,52,2021,764,,,X,,0,,,643,,,H5,HS,True,8471,,,,C00,,0,1000,,-1,,0.0,False,-1,,0.0,False,,False,0,False,,174098.868,174098.868,0,False,True
C,A,20210101,2021,52,2021,764,,,X,,0,,,156,,,H5,HS,True,8471,,,,C00,,0,3000,,-1,,0.0,False,-1,,0.0,False,1137093.0,False,0,False,,176899307.165,176899307.165,0,False,True
C,A,20210101,2021,52,2021,764,,,X,,0,,,704,,,H5,HS,True,8471,,,,C00,,0,3000,,-1,,0.0,False,-1,,0.0,False,2229.0,False,0,False,,1254839.742,1254839.742,0,False,True
C,A,20210101,2021,52,2021,764,,,X,,0,,,752,,,H5,HS,True,8471,,,,C00,,0,3000,,-1,,0.0,False,-1,,0.0,False,2.0,False,0,False,,432.215,432.215,0,False,True
C,A,20210101,2021,52,2021,764,,,X,,0,,,842,,,H5,HS,True,8471,,,,C00,,0,3000,,-1,,0.0,False,-1,,0.0,False,3593825.0,False,0,False,,411962421.119,411962421.119,0,False,True
C,A,20210101,2021,52,2021,764,,,X,,0,,,344,,,H5,HS,True,8471,,,,C00,,0,3000,,-1,,0.0,False,-1,,0.0,False,2434790.0,False,0,False,,312608766.442,312608766.442,0,False,True
C,A,20210101,2021,52,2021,764,,,X,,0,,,360,,,H5,HS,True,8471,,,,C00,,0,2000,,-1,,0.0,False,-1,,0.0,False,2647.107,True,0,False,,208232.385,208232.385,4,False,True
C,A,20210101,2021,52,2021,764,,,X,,0,,,344,,,H5,HS,True,8471,,,,C00,,0,2000,,-1,,0.0,False,-1,,0.0,False,83876.0,False,0,False,,7560061.769,7560061.769,0,False,True
C,A,20210101,2021,52,2021,764,,,X,,0,,,64,,,H5,HS,True,8471,,,,C00,,0,2000,,-1,,0.0,False,-1,,0.0,False,1924.0,False,0,False,,23072.949,23072.949,0,False,True
C,A,20210101,2021,52,2021,764,,,X,,0,,,496,,,H5,HS,True,8471,,,,C00,,0,2000,,-1,,0.0,False,-1,,0.0,False,96.0,False,0,False,,16728.617,16728.617,0,False,True
C,A,20210101,2021,52,2021,764,,,X,,0,,,251,,,H5,HS,True,8471,,,,C00,,0,1000,,-1,,0.0,False,-1,,0.0,False,1683.048,True,0,False,,1580487.363,1580487.363,4,False,True
C,A,20210101,2021,52,2021,764,,,X,,0,,,586,,,H5,HS,True,8471,,,,C00,,0,1000,,-1,,0.0,False,-1,,0.0,False,156.003,True,0,False,,66784.695,66784.695,4,False,True
C,A,20210101,2021,52,2021,764,,,X,,0,,,410,,,H5,HS,True,8471,,,,C00,,0,1000,,-1,,0.0,False,-1,,0.0,False,4350.816,True,0,False,,14204767.198,14204767.198,4,False,True
C,A,20210101,2021,52,2021,764,,,X,,0,,,724,,,H5,HS,True,8471,,,,C00,,0,1000,,-1,,0.0,False,-1,,0.0,False,80.092,True,0,False,,18338.025,18338.025,4,False,True
C,A,20210101,2021,52,2021,764,,,X,,0,,,757,,,H5,HS,True,8471,,,,C00,,0,1000,,-1,,0.0,False,-1,,0.0,False,2490.26,True,0,False,,516370.176,516370.176,4,False,True
C,A,20210101,2021,52,2021,764,,,X,,0,,,458,,,H5,HS,True,8471,,,,C00,,0,1000,,-1,,0.0,False,-1,,0.0,False,27245.533,True,0,False,,3352940.282,3352940.282,4,False,True
C,A,20210101,2021,52,2021,764,,,X,,0,,,699,,,H5,HS,True,8471,,,,C00,,0,1000,,-1,,0.0,False,-1,,0.0,False,8797.422,True,0,False,,841935.501,841935.501,4,False,True
C,A,20210101,2021,52,2021,764,,,X,,0,,,422,,,H5,HS,True,8471,,,,C00,,0,1000,,-1,,0.0,False,-1,,0.0,False,0.241,True,0,False,,39.992,39.992,4,False,True
C,A,20210101,2021,52,2021,764,,,X,,0,,,752,,,H5,HS,True,8471,,,,C00,,0,1000,,-1,,0.0,False,-1,,0.0,False,3098.733,True,0,False,,94717.114,94717.114,4,False,True
C,A,20210101,2021,52,2021,764,,,X,,0,,,646,,,H5,HS,True,8471,,,,C00,,0,1000,,-1,,0.0,False,-1,,0.0,False,1.0,False,0,False,,16.127,16.127,0,False,True
C,A,20210101,2021,52,2021,764,,,X,,0,,,484,,,H5,HS,True,8471,,,,C00,,0,1000,,-1,,0.0,False,-1,,0.0,False,27262.0,False,0,False,,4506382.872,4506382.872,0,False,True
C,A,20210101,2021,52,2021,764,,,X,,0,,,414,,,H5,HS,True,8471,,,,C00,,0,1000,,-1,,0.0,False,-1,,0.0,False,252.0,False,0,False,,8661.165,8661.165,0,False,True
C,A,20210101,2021,52,2021,764,,,X,,0,,,300,,,H5,HS,True,8471,,,,C00,,0,1000,,-1,,0.0,False,-1,,0.0,False,125.0,False,0,False,,21447.934,21447.934,0,False,True
C,A,20210101,2021,52,2021,764,,,X,,0,,,818,,,H5,HS,True,8471,,,,C00,,0,1000,,-1,,0.0,False,-1,,0.0,False,22086.0,False,0,False,,2166675.987,2166675.987,0,False,True
C,A,20210101,2021,52,2021,764,,,X,,0,,,740,,,H5,HS,True,8471,,,,C00,,0,1000,,-1,,0.0,False,-1,,0.0,False,1.0,False,0,False,,5.457,5.457,0,False,True
C,A,20210101,2021,52,2021,764,,,X,,0,,,616,,,H5,HS,True,8471,,,,C00,,0,1000,,-1,,0.0,False,-1,,0.0,False,485.0,False,0,False,,120351.473,120351.473,0,False,True
C,A,20210101,2021,52,2021,764,,,X,,0,,,703,,,H5,HS,True,8471,,,,C00,,0,0,,-1,,0.0,False,-1,,0.0,False,1077.555,True,0,False,,207352.095,207352.095,4,False,True
C,A,20210101,2021,52,2021,764,,,X,,0,,,276,,,H5,HS,True,8471,,,,C00,,0,0,,-1,,0.0,False,-1,,0.0,False,19480.684,True,0,False,,1484532.227,1484532.227,4,False,True
C,A,20210101,2021,52,2021,764,,,X,,0,,,36,,,H5,HS,True,8471,,,,C00,,0,0,,-1,,0.0,False,-1,,0.0,False,71733.02,True,0,False,,7433287.34,7433287.34,4,False,True
C,A,20210101,2021,52,2021,764,,,X,,0,,,528,,,H5,HS,True,8471,,,,C00,,0,0,,-1,,0.0,False,-1,,0.0,False,45492.69,True,0,False,,4411408.613,4411408.613,4,False,True
C,A,20210101,2021,52,2021,764,,,X,,0,,,752,,,H5,HS,True,8471,,,,C00,,0,0,,-1,,0.0,False,-1,,0.0,False,3194.733,True,0,False,,95813.935,95813.935,4,False,True
C,A,20210101,2021,52,2021,764,,,X,,0,,,376,,,H5,HS,True,8471,,,,C00,,0,0,,-1,,0.0,False,-1,,0.0,False,2706.568,True,0,False,,711122.493,711122.493,4,False,True
C,A,20210101,2021,52,2021,764,,,X,,0,,,620,,,H5,HS,True,8471,,,,C00,,0,0,,-1,,0.0,False,-1,,0.0,False,10.644,True,0,False,,20019.299,20019.299,4,False,True
C,A,20210101,2021,52,2021,764,,,X,,0,,,804,,,H5,HS,True,8471,,,,C00,,0,0,,-1,,0.0,False,-1,,0.0,False,65.401,True,0,False,,13776.109,13776.109,4,False,True
C,A,20210101,2021,52,2021,764,,,X,,0,,,558,,,H5,HS,True,8471,,,,C00,,0,0,,-1,,0.0,False,-1,,0.0,False,1.0,False,0,False,,150.004,150.004,0,False,True
C,A,20210101,2021,52,2021,764,,,X,,0,,,792,,,H5,HS,True,8471,,,,C00,,0,0,,-1,,0.0,False,-1,,0.0,False,51927.0,False,0,False,,5158865.286,5158865.286,0,False,True
C,A,20210101,2021,52,2021,764,,,X,,0,,,496,,,H5,HS,True,8471,,,,C00,,0,0,,-1,,0.0,False,-1,,0.0,False,148.0,False,0,False,,50845.632,50845.632,0,False,True
C,A,20210101,2021,52,2021,764,,,X,,0,,,818,,,H5,HS,True,8471,,,,C00,,0,0,,-1,,0.0,False,-1,,0.0,False,22086.0,False,0,False,,2166675.987,2166675.987,0,False,True
C,A,20210101,2021,52,2021,764,,,X,,0,,,504,,,H5,HS,True,8471,,,,C00,,0,0,,-1,,0.0,False,-1,,0.0,False,65.0,False,0,False,,9383.994,9383.994,0,False,True
C,A,20210101,2021,52,2021,764,,,X,,0,,,239,,,H5,HS,True,8471,,,,C00,,0,0,,-1,,0.0,False,-1,,0.0,False,266.0,False,0,False,,36793.43,36793.43,0,False,True
C,A,20210101,2021,52,2021,764,,,X,,0,,,688,,,H5,HS,True,8471,,,,C00,,0,0,,-1,,0.0,False,-1,,0.0,False,32.0,False,0,False,,7679.646,7679.646,0,False,True
C,A,20210101,2021,52,2021,764,,,X,,0,,,860,,,H5,HS,True,8471,,,,C00,,0,1000,,5,,3.771,True,-1,,0.0,False,6.0,False,0,False,,6922.779,6922.779,2,False,True
C,A,20210101,2021,52,2021,764,,,X,,0,,,404,,,H5,HS,True,8471,,,,C00,,0,1000,,5,,5.7,True,-1,,0.0,False,176.0,False,0,False,,4668.099,4668.099,2,False,True
C,A,20210101,2021,52,2021,764,,,X,,0,,,140,,,H5,HS,True,8471,,,,C00,,0,1000,,5,,1.502,True,-1,,0.0,False,2.0,False,0,False,,803.109,803.109,2,False,True
C,A,20210101,2021,52,2021,764,,,X,,0,,,600,,,H5,HS,True,8471,,,,C00,,0,1000,,5,,4.847,True,-1,,0.0,False,2.0,False,0,False,,2664.081,2664.081,2,False,True
C,A,20210101,2021,52,2021,764,,,X,,0,,,690,,,H5,HS,True,8471,,,,C00,,0,0,,5,,2.331,True,-1,,0.0,False,1.0,False,0,False,,1246.233,1246.233,2,False,True
C,A,20210101,2021,52,2021,764,,,X,,0,,,188,,,H5,HS,True,8471,,,,C00,,0,0,,5,,0.184,True,-1,,0.0,False,1.0,False,0,False,,98.437,98.437,2,False,True
C,A,20210101,2021,52,2021,764,,,X,,0,,,418,,,H5,HS,True,8471,,,,C00,,0,0,,5,,37306.346,True,-1,,0.0,False,128749.0,False,0,False,,19023680.891,19023680.891,2,False,True
C,A,20210101,2021,52,2021,764,,,X,,0,,,752,,,H5,HS,True,8471,,,,C00,,0,2000,,5,,1.318,True,-1,,0.0,False,94.0,False,0,False,,664.607,664.607,2,False,True
C,A,20210101,2021,52,2021,764,,,X,,0,,,410,,,H5,HS,True,8471,,,,C00,,0,2000,,-1,,0.0,False,-1,,0.0,False,3848.629,True,0,False,,316436.413,316436.413,4,False,True
C,A,20210101,2021,52,2021,764,,,X,,0,,,380,,,H5,HS,True,8471,,,,C00,,0,2000,,-1,,0.0,False,-1,,0.0,False,2021.805,True,0,False,,14634.438,14634.438,4,False,True
C,A,20210101,2021,52,2021,764,,,X,,0,,,36,,,H5,HS,True,8471,,,,C00,,0,2000,,-1,,0.0,False,-1,,0.0,False,48871.0,False,0,False,,4568514.566,4568514.566,0,False,True
C,A,20210101,2021,52,2021,764,,,X,,0,,,899,,,H5,HS,True,8471,,,,C00,,0,2000,,-1,,0.0,False,-1,,0.0,False,68261.0,False,0,False,,2494301.765,2494301.765,0,False,True
C,A,20210101,2021,52,2021,764,,,X,,0,,,710,,,H5,HS,True,8471,,,,C00,,0,2000,,-1,,0.0,False,-1,,0.0,False,100.0,False,0,False,,449.995,449.995,0,False,True
C,A,20210101,2021,52,2021,764,,,X,,0,,,703,,,H5,HS,True,8471,,,,C00,,0,1000,,-1,,0.0,False,-1,,0.0,False,991.55,True,0,False,,190053.713,190053.713,4,False,True
C,A,20210101,2021,52,2021,764,,,X,,0,,,246,,,H5,HS,True,8471,,,,C00,,0,1000,,-1,,0.0,False,-1,,0.0,False,954.142,True,0,False,,92690.531,92690.531,4,False,True
C,A,20210101,2021,52,2021,764,,,X,,0,,,376,,,H5,HS,True,8471,,,,C00,,0,1000,,-1,,0.0,False,-1,,0.0,False,2592.568,True,0,False,,710882.481,710882.481,4,False,True
C,A,20210101,2021,52,2021,764,,,X,,0,,,56,,,H5,HS,True,8471,,,,C00,,0,1000,,-1,,0.0,False,-1,,0.0,False,1329.0,False,0,False,,422068.922,422068.922,0,False,True
C,A,20210101,2021,52,2021,764,,,X,,0,,,688,,,H5,HS,True,8471,,,,C00,,0,1000,,-1,,0.0,False,-1,,0.0,False,32.0,False,0,False,,7679.646,7679.646,0,False,True
C,A,20210101,2021,52,2021,764,,,X,,0,,,112,,,H5,HS,True,8471,,,,C00,,0,1000,,-1,,0.0,False,-1,,0.0,False,28.0,False,0,False,,12450.01,12450.01,0,False,True
C,A,20210101,2021,52,2021,764,,,X,,0,,,191,,,H5,HS,True,8471,,,,C00,,0,1000,,-1,,0.0,False,-1,,0.0,False,6.0,False,0,False,,341.412,341.412,0,False,True
C,A,20210101,2021,52,2021,764,,,X,,0,,,882,,,H5,HS,True,8471,,,,C00,,0,1000,,-1,,0.0,False,-1,,0.0,False,24.0,False,0,False,,2400.25,2400.25,0,False,True
C,A,20210101,2021,52,2021,764,,,X,,0,,,233,,,H5,HS,True,8471,,,,C00,,0,1000,,-1,,0.0,False,-1,,0.0,False,3.0,False,0,False,,1150.381,1150.381,0,False,True
C,A,20210101,2021,52,2021,764,,,X,,0,,,705,,,H5,HS,True,8471,,,,C00,,0,1000,,-1,,0.0,False,-1,,0.0,False,54.0,False,0,False,,840.383,840.383,0,False,True
C,A,20210101,2021,52,2021,764,,,X,,0,,,170,,,H5,HS,True,8471,,,,C00,,0,1000,,-1,,0.0,False,-1,,0.0,False,13465.0,False,0,False,,1661164.925,1661164.925,0,False,True
C,A,20210101,2021,52,2021,764,,,X,,0,,,788,,,H5,HS,True,8471,,,,C00,,0,1000,,-1,,0.0,False,-1,,0.0,False,930.0,False,0,False,,72068.644,72068.644,0,False,True
C,A,20210101,2021,52,2021,764,,,X,,0,,,246,,,H5,HS,True,8471,,,,C00,,0,0,,-1,,0.0,False,-1,,0.0,False,964.142,True,0,False,,93190.531,93190.531,4,False,True
C,A,20210101,2021,52,2021,764,,,X,,0,,,156,,,H5,HS,True,8471,,,,C00,,0,0,,-1,,0.0,False,-1,,0.0,False,1191695.514,True,0,False,,186589984.594,186589984.594,4,False,True
C,A,20210101,2021,52,2021,764,,,X,,0,,,116,,,H5,HS,True,8471,,,,C00,,0,0,,-1,,0.0,False,-1,,0.0,False,98825.658,True,0,False,,18119287.549,18119287.549,4,False,True
C,A,20210101,2021,52,2021,764,,,X,,0,,,422,,,H5,HS,True,8471,,,,C00,,0,0,,-1,,0.0,False,-1,,0.0,False,0.241,True,0,False,,39.992,39.992,4,False,True
C,A,20210101,2021,52,2021,764,,,X,,0,,,757,,,H5,HS,True,8471,,,,C00,,0,0,,-1,,0.0,False,-1,,0.0,False,3793.77,True,0,False,,760696.933,760696.933,4,False,True
C,A,20210101,2021,52,2021,764,,,X,,0,,,208,,,H5,HS,True,8471,,,,C00,,0,0,,-1,,0.0,False,-1,,0.0,False,879.645,True,0,False,,25310.826,25310.826,4,False,True
C,A,20210101,2021,52,2021,764,,,X,,0,,,68,,,H5,HS,True,8471,,,,C00,,0,0,,-1,,0.0,False,-1,,0.0,False,2.0,False,0,False,,25.001,25.001,0,False,True
C,A,20210101,2021,52,2021,764,,,X,,0,,,404,,,H5,HS,True,8471,,,,C00,,0,0,,-1,,0.0,False,-1,,0.0,False,306.0,False,0,False,,5368.081,5368.081,0,False,True
C,A,20210101,2021,52,2021,764,,,X,,0,,,508,,,H5,HS,True,8471,,,,C00,,0,0,,-1,,0.0,False,-1,,0.0,False,5.0,False,0,False,,943.248,943.248,0,False,True
C,A,20210101,2021,52,2021,764,,,X,,0,,,90,,,H5,HS,True,8471,,,,C00,,0,0,,-1,,0.0,False,-1,,0.0,False,12.0,False,0,False,,850.017,850.017,0,False,True
C,A,20210101,2021,52,2021,764,,,X,,0,,,398,,,H5,HS,True,8471,,,,C00,,0,0,,-1,,0.0,False,-1,,0.0,False,23.0,False,0,False,,997.529,997.529,0,False,True
C,A,20210101,2021,52,2021,764,,,X,,0,,,0,,,H5,HS,True,8471,,,,C00,,0,0,,-1,,0.0,False,-1,,0.0,False,,False,0,False,,14373824777.507,14373824777.507,0,False,True
C,A,20210101,2021,52,2021,764,,,X,,0,,,600,,,H5,HS,True,8471,,,,C00,,0,0,,5,,4.847,True,-1,,0.0,False,2.0,False,0,False,,2664.081,2664.081,2,False,True
C,A,20210101,2021,52,2021,764,,,X,,0,,,368,,,H5,HS,True,8471,,,,C00,,0,0,,5,,0.506,True,-1,,0.0,False,5.0,False,0,False,,270.365,270.365,2,False,True
C,A,20220101,2022,52,2022,764,,,X,,0,,,842,,,H6,HS,True,8471,,,,C00,,0,3000,,-1,,0.0,False,-1,,0.0,False,21106.0,False,0,False,,2925505.586,2925505.586,0,False,True
C,A,20220101,2022,52,2022,764,,,X,,0,,,704,,,H6,HS,True,8471,,,,C00,,0,3000,,-1,,0.0,False,-1,,0.0,False,167.0,False,0,False,,5967.146,5967.146,0,False,True
C,A,20220101,2022,52,2022,764,,,X,,0,,,792,,,H6,HS,True,8471,,,,C00,,0,2000,,-1,,0.0,False,-1,,0.0,False,341.64,True,0,False,,17466.165,17466.165,4,False,True
C,A,20220101,2022,52,2022,764,,,X,,0,,,548,,,H6,HS,True,8471,,,,C00,,0,1000,,-1,,0.0,False,-1,,0.0,False,10.0,False,0,False,,3499.999,3499.999,0,False,True
C,A,20220101,2022,52,2022,764,,,X,,0,,,100,,,H6,HS,True,8471,,,,C00,,0,1000,,-1,,0.0,False,-1,,0.0,False,32.0,False,0,False,,6731.335,6731.335,0,False,True
C,A,20220101,2022,52,2022,764,,,X,,0,,,686,,,H6,HS,True,8471,,,,C00,,0,1000,,-1,,0.0,False,-1,,0.0,False,1.0,False,0,False,,812.517,812.517,0,False,True
C,A,20220101,2022,52,2022,764,,,X,,0,,,218,,,H6,HS,True,8471,,,,C00,,0,1000,,-1,,0.0,False,-1,,0.0,False,4.0,False,0,False,,505.542,505.542,0,False,True
C,A,20220101,2022,52,2022,764,,,X,,0,,,512,,,H6,HS,True,8471,,,,C00,,0,0,,-1,,0.0,False,-1,,0.0,False,53.696,True,0,False,,1195.243,1195.243,4,False,True
C,A,20220101,2022,52,2022,764,,,X,,0,,,410,,,H6,HS,True,8471,,,,C00,,0,0,,-1,,0.0,False,-1,,0.0,False,11421.993,True,0,False,,1293629.034,1293629.034,4,False,True
C,A,20220101,2022,52,2022,764,,,X,,0,,,604,,,H6,HS,True,8471,,,,C00,,0,0,,-1,,0.0,False,-1,,0.0,False,40.164,True,0,False,,184.986,184.986,4,False,True
C,A,20220101,2022,52,2022,764,,,X,,0,,,52,,,H6,HS,True,8471,,,,C00,,0,0,,-1,,0.0,False,-1,,0.0,False,3.405,True,0,False,,414.539,414.539,4,False,True
C,A,20220101,2022,52,2022,764,,,X,,0,,,170,,,H6,HS,True,8471,,,,C00,,0,0,,-1,,0.0,False,-1,,0.0,False,11.0,False,0,False,,1064.258,1064.258,0,False,True
C,A,20220101,2022,52,2022,764,,,X,,0,,,268,,,H6,HS,True,8471,,,,C00,,0,0,,-1,,0.0,False,-1,,0.0,False,10.0,False,0,False,,10841.545,10841.545,0,False,True
C,A,20220101,2022,52,2022,764,,,X,,0,,,616,,,H6,HS,True,8471,,,,C00,,0,0,,-1,,0.0,False,-1,,0.0,False,477.0,False,0,False,,35675.967,35675.967,0,False,True
C,A,20220101,2022,52,2022,764,,,X,,0,,,520,,,H6,HS,True,8471,,,,C00,,0,0,,-1,,0.0,False,-1,,0.0,False,23.0,False,0,False,,568.024,568.024,0,False,True
C,A,20220101,2022,52,2022,764,,,X,,0,,,376,,,H6,HS,True,8471,,,,C00,,0,0,,-1,,0.0,False,-1,,0.0,False,,False,0,False,,337949.003,337949.003,0,False,True
C,A,20220101,2022,52,2022,764,,,X,,0,,,208,,,H6,HS,True,8471,,,,C00,,0,0,,-1,,0.0,False,-1,,0.0,False,,False,0,False,,30760.436,30760.436,0,False,True
C,A,20220101,2022,52,2022,764,,,X,,0,,,418,,,H6,HS,True,8471,,,,C00,,0,3000,,5,,27926.094,True,-1,,0.0,False,93182.0,False,0,False,,14927198.426,14927198.426,2,False,True
C,A,20220101,2022,52,2022,764,,,X,,0,,,508,,,H6,HS,True,8471,,,,C00,,0,1000,,5,,1.926,True,-1,,0.0,False,1.0,False,0,False,,1099.992,1099.992,2,False,True
C,A,20220101,2022,52,2022,764,,,X,,0,,,188,,,H6,HS,True,8471,,,,C00,,0,2000,,5,,456.191,True,-1,,0.0,False,15485.0,False,0,False,,260496.372,260496.372,2,False,True
C,A,20220101,2022,52,2022,764,,,X,,0,,,800,,,H6,HS,True,8471,,,,C00,,0,2000,,5,,1.522,True,-1,,0.0,False,30.0,False,0,False,,721.053,721.053,2,False,True
C,A,20220101,2022,52,2022,764,,,X,,0,,,414,,,H6,HS,True,8471,,,,C00,,0,0,,-1,,0.0,False,-1,,0.0,False,12.0,False,0,False,,3004.539,3004.539,0,False,True
C,A,20220101,2022,52,2022,764,,,X,,0,,,795,,,H6,HS,True,8471,,,,C00,,0,0,,-1,,0.0,False,-1,,0.0,False,8.0,False,0,False,,350.003,350.003,0,False,True
C,A,20220101,2022,52,2022,764,,,X,,0,,,440,,,H6,HS,True,8471,,,,C00,,0,0,,-1,,0.0,False,-1,,0.0,False,57.0,False,0,False,,2769.231,2769.231,0,False,True
C,A,20220101,2022,52,2022,764,,,X,,0,,,152,,,H6,HS,True,8471,,,,C00,,0,0,,-1,,0.0,False,-1,,0.0,False,241.0,False,0,False,,33168.072,33168.072,0,False,True
C,A,20220101,2022,52,2022,764,,,X,,0,,,400,,,H6,HS,True,8471,,,,C00,,0,0,,-1,,0.0,False,-1,,0.0,False,426.0,False,0,False,,41433.301,41433.301,0,False,True
C,A,20220101,2022,52,2022,764,,,X,,0,,,404,,,H6,HS,True,8471,,,,C00,,0,0,,-1,,0.0,False,-1,,0.0,False,839.0,False,0,False,,8417.969,8417.969,0,False,True
C,A,20220101,2022,52,2022,764,,,X,,0,,,92,,,H6,HS,True,8471,,,,C00,,0,0,,-1,,0.0,False,-1,,0.0,False,620.0,False,0,False,,172276.457,172276.457,0,False,True
C,A,20220101,2022,52,2022,764,,,X,,0,,,752,,,H6,HS,True,8471,,,,C00,,0,0,,-1,,0.0,False,-1,,0.0,False,1509.229,True,0,False,,310254.716,310254.716,4,False,True
C,A,20220101,2022,52,2022,764,,,X,,0,,,124,,,H6,HS,True,8471,,,,C00,,0,0,,-1,,0.0,False,-1,,0.0,False,2567.168,True,0,False,,356514.199,356514.199,4,False,True
C,A,20220101,2022,52,2022,764,,,X,,0,,,340,,,H6,HS,True,8471,,,,C00,,0,0,,-1,,0.0,False,-1,,0.0,False,0.246,True,0,False,,29.991,29.991,4,False,True
C,A,20220101,2022,52,2022,764,,,X,,0,,,380,,,H6,HS,True,8471,,,,C00,,0,0,,-1,,0.0,False,-1,,0.0,False,881.852,True,0,False,,588785.193,588785.193,4,False,True
C,A,20220101,2022,52,2022,764,,,X,,0,,,112,,,H6,HS,True,8471,,,,C00,,0,0,,-1,,0.0,False,-1,,0.0,False,17.821,True,0,False,,4200.023,4200.023,4,False,True
C,A,20220101,2022,52,2022,764,,,X,,0,,,528,,,H6,HS,True,8471,,,,C00,,0,0,,-1,,0.0,False,-1,,0.0,False,46927.955,True,0,False,,5568938.143,5568938.143,4,False,True
C,A,20220101,2022,52,2022,764,,,X,,0,,,36,,,H6,HS,True,8471,,,,C00,,0,0,,-1,,0.0,False,-1,,0.0,False,16976.618,True,0,False,,651862.488,651862.488,4,False,True
C,A,20220101,2022,52,2022,764,,,X,,0,,,579,,,H6,HS,True,8471,,,,C00,,0,1000,,-1,,0.0,False,-1,,0.0,False,321.44,True,0,False,,14605.342,14605.342,4,False,True
C,A,20220101,2022,52,2022,764,,,X,,0,,,528,,,H6,HS,True,8471,,,,C00,,0,1000,,-1,,0.0,False,-1,,0.0,False,44453.955,True,0,False,,5268425.305,5268425.305,4,False,True
C,A,20220101,2022,52,2022,764,,,X,,0,,,703,,,H6,HS,True,8471,,,,C00,,0,1000,,-1,,0.0,False,-1,,0.0,False,1195.0,False,0,False,,190754.988,190754.988,0,False,True
C,A,20220101,2022,52,2022,764,,,X,,0,,,231,,,H6,HS,True,8471,,,,C00,,0,1000,,-1,,0.0,False,-1,,0.0,False,19.0,False,0,False,,8733.879,8733.879,0,False,True
C,A,20220101,2022,52,2022,764,,,X,,0,,,616,,,H6,HS,True,8471,,,,C00,,0,1000,,-1,,0.0,False,-1,,0.0,False,457.0,False,0,False,,35175.979,35175.979,0,False,True
C,A,20220101,2022,52,2022,764,,,X,,0,,,484,,,H6,HS,True,8471,,,,C00,,0,2000,,-1,,0.0,False,-1,,0.0,False,46.0,False,0,False,,5711.423,5711.423,0,False,True
C,A,20220101,2022,52,2022,764,,,X,,0,,,270,,,H6,HS,True,8471,,,,C00,,0,2000,,-1,,0.0,False,-1,,0.0,False,120.0,False,0,False,,400.003,400.003,0,False,True
C,A,20220101,2022,52,2022,764,,,X,,0,,,540,,,H6,HS,True,8471,,,,C00,,0,2000,,-1,,0.0,False,-1,,0.0,False,396.0,False,0,False,,5471.74,5471.74,0,False,True
C,A,20220101,2022,52,2022,764,,,X,,0,,,392,,,H6,HS,True,8471,,,,C00,,0,2000,,-1,,0.0,False,-1,,0.0,False,144374.416,True,0,False,,12961157.372,12961157.372,4,False,True
C,A,20220101,2022,52,2022,764,,,X,,0,,,842,,,H6,HS,True,8471,,,,C00,,0,2000,,-1,,0.0,False,-1,,0.0,False,3702234.427,True,0,False,,948966157.108,948966157.108,4,False,True
C,A,20220101,2022,52,2022,764,,,X,,0,,,528,,,H6,HS,True,8471,,,,C00,,0,3000,,-1,,0.0,False,-1,,0.0,False,57.0,False,0,False,,25262.75,25262.75,0,False,True
C,A,20220101,2022,52,2022,764,,,X,,0,,,702,,,H6,HS,True,8471,,,,C00,,0,3000,,-1,,0.0,False,-1,,0.0,False,11018893.707,True,0,False,,1807914190.947,1807914190.947,4,False,True
C,A,20220101,2022,52,2022,764,,,X,,0,,,458,,,H6,HS,True,8471,,,,C00,,0,3000,,-1,,0.0,False,-1,,0.0,False,1073050.044,True,0,False,,335562315.783,335562315.783,4,False,True
C,A,20220101,2022,52,2022,764,,,X,,0,,,50,,,H6,HS,True,8471,,,,C00,,0,9000,,-1,,0.0,False,-1,,0.0,False,0.481,True,0,False,,54.937,54.937,4,False,True
C,A,20220101,2022,52,2022,764,,,X,,0,,,462,,,H6,HS,True,8471,,,,C00,,0,9000,,-1,,0.0,False,-1,,0.0,False,0.05,True,0,False,,5.163,5.163,4,False,True
C,A,20220101,2022,52,2022,764,,,X,,0,,,566,,,H6,HS,True,8471,,,,C00,,0,0,,5,,19.803,True,-1,,0.0,False,105.0,False,0,False,,14847.237,14847.237,2,False,True
C,A,20220101,2022,52,2022,764,,,X,,0,,,800,,,H6,HS,True,8471,,,,C00,,0,0,,5,,1.522,True,-1,,0.0,False,30.0,False,0,False,,721.053,721.053,2,False,True
C,A,20220101,2022,52,2022,764,,,X,,0,,,566,,,H6,HS,True,8471,,,,C00,,0,2000,,5,,0.794,True,-1,,0.0,False,80.0,False,0,False,,574.015,574.015,2,False,True
C,A,20220101,2022,52,2022,764,,,X,,0,,,104,,,H6,HS,True,8471,,,,C00,,0,2000,,5,,692.042,True,-1,,0.0,False,2411.0,False,0,False,,505663.009,505663.009,2,False,True
C,A,20220101,2022,52,2022,764,,,X,,0,,,860,,,H6,HS,True,8471,,,,C00,,0,1000,,5,,1.459,True,-1,,0.0,False,2.0,False,0,False,,833.322,833.322,2,False,True
C,A,20220101,2022,52,2022,764,,,X,,0,,,704,,,H6,HS,True,8471,,,,C00,,0,2000,,5,,284.486,True,-1,,0.0,False,1426.708,True,0,False,,86910.793,86910.793,6,False,True
C,A,20220101,2022,52,2022,764,,,X,,0,,,682,,,H6,HS,True,8471,,,,C00,,0,1000,,-1,,0.0,False,-1,,0.0,False,368.0,False,0,False,,38770.08,38770.08,0,False,True
C,A,20220101,2022,52,2022,764,,,X,,0,,,688,,,H6,HS,True,8471,,,,C00,,0,1000,,-1,,0.0,False,-1,,0.0,False,91.0,False,0,False,,15852.179,15852.179,0,False,True
C,A,20220101,2022,52,2022,764,,,X,,0,,,72,,,H6,HS,True,8471,,,,C00,,0,1000,,-1,,0.0,False,-1,,0.0,False,3.0,False,0,False,,3260.738,3260.738,0,False,True
C,A,20220101,2022,52,2022,764,,,X,,0,,,728,,,H6,HS,True,8471,,,,C00,,0,1000,,-1,,0.0,False,-1,,0.0,False,25.0,False,0,False,,6247.079,6247.079,0,False,True
C,A,20220101,2022,52,2022,764,,,X,,0,,,520,,,H6,HS,True,8471,,,,C00,,0,1000,,-1,,0.0,False,-1,,0.0,False,23.0,False,0,False,,568.024,568.024,0,False,True
C,A,20220101,2022,52,2022,764,,,X,,0,,,112,,,H6,HS,True,8471,,,,C00,,0,1000,,-1,,0.0,False,-1,,0.0,False,17.821,True,0,False,,4200.023,4200.023,4,False,True
C,A,20220101,2022,52,2022,764,,,X,,0,,,586,,,H6,HS,True,8471,,,,C00,,0,1000,,-1,,0.0,False,-1,,0.0,False,298.285,True,0,False,,82374.114,82374.114,4,False,True
C,A,20220101,2022,52,2022,764,,,X,,0,,,757,,,H6,HS,True,8471,,,,C00,,0,1000,,-1,,0.0,False,-1,,0.0,False,6041.58,True,0,False,,818571.716,818571.716,4,False,True
C,A,20220101,2022,52,2022,764,,,X,,0,,,484,,,H6,HS,True,8471,,,,C00,,0,1000,,-1,,0.0,False,-1,,0.0,False,2812.277,True,0,False,,377485.143,377485.143,4,False,True
C,A,20220101,2022,52,2022,764,,,X,,0,,,554,,,H6,HS,True,8471,,,,C00,,0,1000,,-1,,0.0,False,-1,,0.0,False,1559.194,True,0,False,,277685.938,277685.938,4,False,True
C,A,20220101,2022,52,2022,764,,,X,,0,,,724,,,H6,HS,True,8471,,,,C00,,0,1000,,-1,,0.0,False,-1,,0.0,False,185.206,True,0,False,,44801.077,44801.077,4,False,True
C,A,20220101,2022,52,2022,764,,,X,,0,,,710,,,H6,HS,True,8471,,,,C00,,0,1000,,-1,,0.0,False,-1,,0.0,False,5807.337,True,0,False,,971669.336,971669.336,4,False,True
C,A,20220101,2022,52,2022,764,,,X,,0,,,368,,,H6,HS,True,8471,,,,C00,,0,1000,,-1,,0.0,False,-1,,0.0,False,13.604,True,0,False,,3126.469,3126.469,4,False,True
C,A,20220101,2022,52,2022,764,,,X,,0,,,178,,,H6,HS,True,8471,,,,C00,,0,2000,,-1,,0.0,False,-1,,0.0,False,32.0,False,0,False,,40.0,40.0,0,False,True
C,A,20220101,2022,52,2022,764,,,X,,0,,,818,,,H6,HS,True,8471,,,,C00,,0,2000,,-1,,0.0,False,-1,,0.0,False,74.0,False,0,False,,240.021,240.021,0,False,True
C,A,20220101,2022,52,2022,764,,,X,,0,,,703,,,H6,HS,True,8471,,,,C00,,0,2000,,-1,,0.0,False,-1,,0.0,False,3666.0,False,0,False,,396369.307,396369.307,0,False,True
C,A,20220101,2022,52,2022,764,,,X,,0,,,710,,,H6,HS,True,8471,,,,C00,,0,2000,,-1,,0.0,False,-1,,0.0,False,20.0,False,0,False,,471.996,471.996,0,False,True
C,A,20220101,2022,52,2022,764,,,X,,0,,,368,,,H6,HS,True,8471,,,,C00,,0,2000,,-1,,0.0,False,-1,,0.0,False,20.0,False,0,False,,400.004,400.004,0,False,True
C,A,20220101,2022,52,2022,764,,,X,,0,,,899,,,H6,HS,True,8471,,,,C00,,0,2000,,-1,,0.0,False,-1,,0.0,False,50856.0,False,0,False,,1664406.474,1664406.474,0,False,True
C,A,20220101,2022,52,2022,764,,,X,,0,,,620,,,H6,HS,True,8471,,,,C00,,0,2000,,-1,,0.0,False,-1,,0.0,False,121.0,False,0,False,,3220.936,3220.936,0,False,True
C,A,20220101,2022,52,2022,764,,,X,,0,,,344,,,H6,HS,True,8471,,,,C00,,0,3000,,-1,,0.0,False,-1,,0.0,False,178526.0,False,0,False,,35232172.411,35232172.411,0,False,True
C,A,20220101,2022,52,2022,764,,,X,,0,,,116,,,H6,HS,True,8471,,,,C00,,0,0,,-1,,0.0,False,-1,,0.0,False,112029.305,True,0,False,,19581095.208,19581095.208,4,False,True
C,A,20220101,2022,52,2022,764,,,X,,0,,,740,,,H6,HS,True,8471,,,,C00,,0,0,,-1,,0.0,False,-1,,0.0,False,2.411,True,0,False,,499.999,499.999,4,False,True
C,A,20220101,2022,52,2022,764,,,X,,0,,,344,,,H6,HS,True,8471,,,,C00,,0,0,,-1,,0.0,False,-1,,0.0,False,1569914.679,True,0,False,,99512690.043,99512690.043,4,False,True
C,A,20220101,2022,52,2022,764,,,X,,0,,,705,,,H6,HS,True,8471,,,,C00,,0,0,,-1,,0.0,False,-1,,0.0,False,785.596,True,0,False,,125088.095,125088.095,4,False,True
C,A,20220101,2022,52,2022,764,,,X,,0,,,792,,,H6,HS,True,8471,,,,C00,,0,0,,-1,,0.0,False,-1,,0.0,False,13214.073,True,0,False,,1441369.376,1441369.376,4,False,True
C,A,20220101,2022,52,2022,764,,,X,,0,,,702,,,H6,HS,True,8471,,,,C00,,0,0,,-1,,0.0,False,-1,,0.0,False,38398990.574,True,0,False,,6639235954.767,6639235954.767,4,False,True
C,A,20220101,2022,52,2022,764,,,X,,0,,,96,,,H6,HS,True,8471,,,,C00,,0,0,,-1,,0.0,False,-1,,0.0,False,421.0,False,0,False,,106750.843,106750.843,0,False,True
C,A,20220101,2022,52,2022,764,,,X,,0,,,716,,,H6,HS,True,8471,,,,C00,,0,0,,-1,,0.0,False,-1,,0.0,False,41.0,False,0,False,,3252.012,3252.012,0,False,True
C,A,20220101,2022,52,2022,764,,,X,,0,,,191,,,H6,HS,True,8471,,,,C00,,0,0,,-1,,0.0,False,-1,,0.0,False,16.0,False,0,False,,343.568,343.568,0,False,True
C,A,20220101,2022,52,2022,764,,,X,,0,,,642,,,H6,HS,True,8471,,,,C00,,0,0,,-1,,0.0,False,-1,,0.0,False,247.0,False,0,False,,10238.305,10238.305,0,False,True
C,A,20220101,2022,52,2022,764,,,X,,0,,,784,,,H6,HS,True,8471,,,,C00,,0,1000,,-1,,0.0,False,-1,,0.0,False,,False,0,False,,1423021.464,1423021.464,0,False,True
C,A,20220101,2022,52,2022,764,,,X,,0,,,826,,,H6,HS,True,8471,,,,C00,,0,0,,-1,,0.0,False,-1,,0.0,False,,False,0,False,,990508417.487,990508417.487,0,False,True
C,A,20220101,2022,52,2022,764,,,X,,0,,,826,,,H6,HS,True,8471,,,,C00,,0,1000,,-1,,0.0,False,-1,,0.0,False,,False,0,False,,833855305.039,833855305.039,0,False,True
C,A,20220101,2022,52,2022,764,,,X,,0,,,116,,,H6,HS,True,8471,,,,C00,,0,2000,,5,,4529.021,True,-1,,0.0,False,34226.134,True,0,False,,3113121.004,3113121.004,6,False,True
C,A,20220101,2022,52,2022,764,,,X,,0,,,251,,,H6,HS,True,8471,,,,C00,,0,9000,,5,,4.122,True,-1,,0.0,False,3.334,True,0,False,,2079.624,2079.624,6,False,True
C,A,20220101,2022,52,2022,764,,,X,,0,,,50,,,H6,HS,True,8471,,,,C00,,0,2000,,5,,17.503,True,-1,,0.0,False,968.0,False,0,False,,8045.344,8045.344,2,False,True
C,A,20220101,2022,52,2022,764,,,X,,0,,,276,,,H6,HS,True,8471,,,,C00,,0,2000,,5,,14071.995,True,-1,,0.0,False,4662.0,False,0,False,,1017946.623,1017946.623,2,False,True
C,A,20220101,2022,52,2022,764,,,X,,0,,,242,,,H6,HS,True,8471,,,,C00,,0,2000,,5,,0.83,True,-1,,0.0,False,132.0,False,0,False,,780.852,780.852,2,False,True
C,A,20220101,2022,52,2022,764,,,X,,0,,,480,,,H6,HS,True,8471,,,,C00,,0,2000,,5,,0.185,True,-1,,0.0,False,21.0,False,0,False,,105.854,105.854,2,False,True
C,A,20220101,2022,52,2022,764,,,X,,0,,,56,,,H6,HS,True,8471,,,,C00,,0,2000,,5,,5.452,True,-1,,0.0,False,197.0,False,0,False,,1052.429,1052.429,2,False,True
C,A,20220101,2022,52,2022,764,,,X,,0,,,626,,,H6,HS,True,8471,,,,C00,,0,1000,,5,,118.091,True,-1,,0.0,False,103.0,False,0,False,,77979.996,77979.996,2,False,True
C,A,20220101,2022,52,2022,764,,,X,,0,,,804,,,H6,HS,True,8471,,,,C00,,0,1000,,5,,1.194,True,-1,,0.0,False,42.0,False,0,False,,936.182,936.182,2,False,True
C,A,20220101,2022,52,2022,764,,,X,,0,,,598,,,H6,HS,True,8471,,,,C00,,0,1000,,5,,29.396,True,-1,,0.0,False,77.0,False,0,False,,17253.587,17253.587,2,False,True
C,A,20220101,2022,52,2022,764,,,X,,0,,,418,,,H6,HS,True,8471,,,,C00,,0,1000,,5,,118.444,True,-1,,0.0,False,318.0,False,0,False,,65337.701,65337.701,2,False,True
C,A,20220101,2022,52,2022,764,,,X,,0,,,104,,,H6,HS,True,8471,,,,C00,,0,3000,,5,,75435.054,True,-1,,0.0,False,225673.0,False,0,False,,28666527.127,28666527.127,2,False,True
C,A,20220101,2022,52,2022,764,,,X,,0,,,626,,,H6,HS,True,8471,,,,C00,,0,0,,5,,118.091,True,-1,,0.0,False,103.0,False,0,False,,77979.996,77979.996,2,False,True
C,A,20220101,2022,52,2022,764,,,X,,0,,,64,,,H6,HS,True,8471,,,,C00,,0,0,,5,,5.125,True,-1,,0.0,False,45.0,False,0,False,,3456.039,3456.039,2,False,True
C,A,20220101,2022,52,2022,764,,,X,,0,,,784,,,H6,HS,True,8471,,,,C00,,0,9000,,-1,,0.0,False,-1,,0.0,False,0.321,True,0,False,,38.145,38.145,4,False,True
C,A,20220101,2022,52,2022,764,,,X,,0,,,156,,,H6,HS,True,8471,,,,C00,,0,3000,,-1,,0.0,False,-1,,0.0,False,76645.0,False,0,False,,52842894.923,52842894.923,0,False,True
C,A,20220101,2022,52,2022,764,,,X,,0,,,757,,,H6,HS,True,8471,,,,C00,,0,2000,,-1,,0.0,False,-1,,0.0,False,7367.576,True,0,False,,804865.677,804865.677,4,False,True
C,A,20220101,2022,52,2022,764,,,X,,0,,,262,,,H6,HS,True,8471,,,,C00,,0,2000,,-1,,0.0,False,-1,,0.0,False,10.0,False,0,False,,695.203,695.203,0,False,True
C,A,20220101,2022,52,2022,764,,,X,,0,,,76,,,H6,HS,True,8471,,,,C00,,0,2000,,-1,,0.0,False,-1,,0.0,False,16.0,False,0,False,,40.0,40.0,0,False,True
C,A,20220101,2022,52,2022,764,,,X,,0,,,124,,,H6,HS,True,8471,,,,C00,,0,2000,,-1,,0.0,False,-1,,0.0,False,20.0,False,0,False,,150.008,150.008,0,False,True
C,A,20220101,2022,52,2022,764,,,X,,0,,,410,,,H6,HS,True,8471,,,,C00,,0,2000,,-1,,0.0,False,-1,,0.0,False,8582.0,False,0,False,,661088.558,661088.558,0,False,True
C,A,20220101,2022,52,2022,764,,,X,,0,,,826,,,H6,HS,True,8471,,,,C00,,0,2000,,-1,,0.0,False,-1,,0.0,False,529200.0,False,0,False,,156007245.795,156007245.795,0,False,True
C,A,20220101,2022,52,2022,764,,,X,,0,,,598,,,H6,HS,True,8471,,,,C00,,0,2000,,-1,,0.0,False,-1,,0.0,False,276.0,False,0,False,,3607.586,3607.586,0,False,True
C,A,20220101,2022,52,2022,764,,,X,,0,,,724,,,H6,HS,True,8471,,,,C00,,0,2000,,-1,,0.0,False,-1,,0.0,False,308.0,False,0,False,,1750.706,1750.706,0,False,True
C,A,20220101,2022,52,2022,764,,,X,,0,,,704,,,H6,HS,True,8471,,,,C00,,0,1000,,-1,,0.0,False,-1,,0.0,False,13094.106,True,0,False,,1873900.568,1873900.568,4,False,True
C,A,20220101,2022,52,2022,764,,,X,,0,,,446,,,H6,HS,True,8471,,,,C00,,0,1000,,-1,,0.0,False,-1,,0.0,False,131.25,True,0,False,,41833.754,41833.754,4,False,True
C,A,20220101,2022,52,2022,764,,,X,,0,,,480,,,H6,HS,True,8471,,,,C00,,0,1000,,-1,,0.0,False,-1,,0.0,False,28.696,True,0,False,,2766.559,2766.559,4,False,True
C,A,20220101,2022,52,2022,764,,,X,,0,,,490,,,H6,HS,True,8471,,,,C00,,0,1000,,-1,,0.0,False,-1,,0.0,False,1762962.543,True,0,False,,727087884.019,727087884.019,4,False,True
C,A,20220101,2022,52,2022,764,,,X,,0,,,858,,,H6,HS,True,8471,,,,C00,,0,1000,,-1,,0.0,False,-1,,0.0,False,23.0,False,0,False,,3541.491,3541.491,0,False,True
C,A,20220101,2022,52,2022,764,,,X,,0,,,440,,,H6,HS,True,8471,,,,C00,,0,1000,,-1,,0.0,False,-1,,0.0,False,57.0,False,0,False,,2769.231,2769.231,0,False,True
C,A,20220101,2022,52,2022,764,,,X,,0,,,591,,,H6,HS,True,8471,,,,C00,,0,1000,,-1,,0.0,False,-1,,0.0,False,49.0,False,0,False,,7403.404,7403.404,0,False,True
C,A,20220101,2022,52,2022,764,,,X,,0,,,470,,,H6,HS,True,8471,,,,C00,,0,1000,,-1,,0.0,False,-1,,0.0,False,6.0,False,0,False,,1999.995,1999.995,0,False,True
C,A,20220101,2022,52,2022,764,,,X,,0,,,268,,,H6,HS,True,8471,,,,C00,,0,1000,,-1,,0.0,False,-1,,0.0,False,10.0,False,0,False,,10841.545,10841.545,0,False,True
C,A,20220101,2022,52,2022,764,,,X,,0,,,586,,,H6,HS,True,8471,,,,C00,,0,0,,-1,,0.0,False,-1,,0.0,False,303.285,True,0,False,,83150.126,83150.126,4,False,True
C,A,20220101,2022,52,2022,764,,,X,,0,,,704,,,H6,HS,True,8471,,,,C00,,0,0,,-1,,0.0,False,-1,,0.0,False,14688.142,True,0,False,,1966817.394,1966817.394,4,False,True
C,A,20220101,2022,52,2022,764,,,X,,0,,,818,,,H6,HS,True,8471,,,,C00,,0,0,,-1,,0.0,False,-1,,0.0,False,161.547,True,0,False,,23224.208,23224.208,4,False,True
C,A,20220101,2022,52,2022,764,,,X,,0,,,699,,,H6,HS,True,8471,,,,C00,,0,0,,-1,,0.0,False,-1,,0.0,False,6135.087,True,0,False,,666845.423,666845.423,4,False,True
C,A,20220101,2022,52,2022,764,,,X,,0,,,554,,,H6,HS,True,8471,,,,C00,,0,0,,-1,,0.0,False,-1,,0.0,False,4513.194,True,0,False,,653375.928,653375.928,4,False,True
C,A,20220101,2022,52,2022,764,,,X,,0,,,24,,,H6,HS,True,8471,,,,C00,,0,0,,-1,,0.0,False,-1,,0.0,False,81790.661,True,0,False,,639340.504,639340.504,4,False,True
C,A,20220101,2022,52,2022,764,,,X,,0,,,270,,,H6,HS,True,8471,,,,C00,,0,0,,-1,,0.0,False,-1,,0.0,False,120.0,False,0,False,,400.003,400.003,0,False,True
C,A,20220101,2022,52,2022,764,,,X,,0,,,72,,,H6,HS,True,8471,,,,C00,,0,0,,-1,,0.0,False,-1,,0.0,False,3.0,False,0,False,,3260.738,3260.738,0,False,True
C,A,20220101,2022,52,2022,764,,,X,,0,,,203,,,H6,HS,True,8471,,,,C00,,0,0,,-1,,0.0,False,-1,,0.0,False,150.0,False,0,False,,42075.749,42075.749,0,False,True
C,A,20220101,2022,52,2022,764,,,X,,0,,,496,,,H6,HS,True,8471,,,,C00,,0,0,,-1,,0.0,False,-1,,0.0,False,6.0,False,0,False,,3315.079,3315.079,0,False,True
C,A,20220101,2022,52,2022,764,,,X,,0,,,0,,,H6,HS,True,8471,,,,C00,,0,2000,,-1,,0.0,False,-1,,0.0,False,13390145.612,True,0,False,,2668055407.642,2668055407.642,4,False,True
C,A,20220101,2022,52,2022,764,,,X,,0,,,208,,,H6,HS,True,8471,,,,C00,,0,1000,,-1,,0.0,False,-1,,0.0,False,,False,0,False,,29278.16,29278.16,0,False,True
C,A,20220101,2022,52,2022,764,,,X,,0,,,392,,,H6,HS,True,8471,,,,C00,,0,1000,,-1,,0.0,False,-1,,0.0,False,,False,0,False,,62479247.548,62479247.548,0,False,True
C,A,20220101,2022,52,2022,764,,,X,,0,,,784,,,H6,HS,True,8471,,,,C00,,0,0,,-1,,0.0,False,-1,,0.0,False,,False,0,False,,1796251.281,1796251.281,0,False,True
C,A,20220101,2022,52,2022,764,,,X,,0,,,490,,,H6,HS,True,8471,,,,C00,,0,9000,,5,,1.965,True,-1,,0.0,False,2.0,False,0,False,,1122.023,1122.023,2,False,True
C,A,20220101,2022,52,2022,764,,,X,,0,,,120,,,H6,HS,True,8471,,,,C00,,0,1000,,5,,0.263,True,-1,,0.0,False,55.0,False,0,False,,150.001,150.001,2,False,True
C,A,20220101,2022,52,2022,764,,,X,,0,,,422,,,H6,HS,True,8471,,,,C00,,0,1000,,5,,3.644,True,-1,,0.0,False,1.0,False,0,False,,2081.002,2081.002,2,False,True
C,A,20220101,2022,52,2022,764,,,X,,0,,,242,,,H6,HS,True,8471,,,,C00,,0,1000,,5,,3.95,True,-1,,0.0,False,3.0,False,0,False,,2255.47,2255.47,2,False,True
C,A,20220101,2022,52,2022,764,,,X,,0,,,834,,,H6,HS,True,8471,,,,C00,,0,1000,,5,,0.336,True,-1,,0.0,False,2.0,False,0,False,,192.098,192.098,2,False,True
C,A,20220101,2022,52,2022,764,,,X,,0,,,251,,,H6,HS,True,8471,,,,C00,,0,2000,,5,,42.497,True,-1,,0.0,False,511.0,False,0,False,,4372.259,4372.259,2,False,True
C,A,20220101,2022,52,2022,764,,,X,,0,,,699,,,H6,HS,True,8471,,,,C00,,0,2000,,5,,110.097,True,-1,,0.0,False,968.0,False,0,False,,38348.656,38348.656,2,False,True
C,A,20220101,2022,52,2022,764,,,X,,0,,,242,,,H6,HS,True,8471,,,,C00,,0,0,,5,,4.78,True,-1,,0.0,False,135.0,False,0,False,,3036.322,3036.322,2,False,True
C,A,20220101,2022,52,2022,764,,,X,,0,,,788,,,H6,HS,True,8471,,,,C00,,0,0,,5,,0.289,True,-1,,0.0,False,7.0,False,0,False,,328.178,328.178,2,False,True
C,A,20220101,2022,52,2022,764,,,X,,0,,,862,,,H6,HS,True,8471,,,,C00,,0,0,,5,,0.639,True,-1,,0.0,False,3.0,False,0,False,,364.657,364.657,2,False,True
C,A,20220101,2022,52,2022,764,,,X,,0,,,360,,,H6,HS,True,8471,,,,C00,,0,9000,,-1,,0.0,False,-1,,0.0,False,1.598,True,0,False,,171.423,171.423,4,False,True
C,A,20220101,2022,52,2022,764,,,X,,0,,,392,,,H6,HS,True,8471,,,,C00,,0,9000,,-1,,0.0,False,-1,,0.0,False,1.136,True,0,False,,118.428,118.428,4,False,True
C,A,20220101,2022,52,2022,764,,,X,,0,,,276,,,H6,HS,True,8471,,,,C00,,0,9000,,-1,,0.0,False,-1,,0.0,False,0.617,True,0,False,,73.289,73.289,4,False,True
C,A,20220101,2022,52,2022,764,,,X,,0,,,608,,,H6,HS,True,8471,,,,C00,,0,3000,,-1,,0.0,False,-1,,0.0,False,28.0,False,0,False,,400.024,400.024,0,False,True
C,A,20220101,2022,52,2022,764,,,X,,0,,,702,,,H6,HS,True,8471,,,,C00,,0,2000,,-1,,0.0,False,-1,,0.0,False,7008274.0,False,0,False,,1335980867.993,1335980867.993,0,False,True
C,A,20220101,2022,52,2022,764,,,X,,0,,,616,,,H6,HS,True,8471,,,,C00,,0,2000,,-1,,0.0,False,-1,,0.0,False,20.0,False,0,False,,499.988,499.988,0,False,True
C,A,20220101,2022,52,2022,764,,,X,,0,,,404,,,H6,HS,True,8471,,,,C00,,0,2000,,-1,,0.0,False,-1,,0.0,False,835.0,False,0,False,,8367.954,8367.954,0,False,True
C,A,20220101,2022,52,2022,764,,,X,,0,,,512,,,H6,HS,True,8471,,,,C00,,0,2000,,-1,,0.0,False,-1,,0.0,False,31.0,False,0,False,,30.465,30.465,0,False,True
C,A,20220101,2022,52,2022,764,,,X,,0,,,300,,,H6,HS,True,8471,,,,C00,,0,2000,,-1,,0.0,False,-1,,0.0,False,100.0,False,0,False,,1620.152,1620.152,0,False,True
C,A,20220101,2022,52,2022,764,,,X,,0,,,348,,,H6,HS,True,8471,,,,C00,,0,2000,,-1,,0.0,False,-1,,0.0,False,58.0,False,0,False,,10944.507,10944.507,0,False,True
C,A,20220101,2022,52,2022,764,,,X,,0,,,344,,,H6,HS,True,8471,,,,C00,,0,2000,,-1,,0.0,False,-1,,0.0,False,655672.0,False,0,False,,27105766.809,27105766.809,0,False,True
C,A,20220101,2022,52,2022,764,,,X,,0,,,752,,,H6,HS,True,8471,,,,C00,,0,1000,,-1,,0.0,False,-1,,0.0,False,1122.229,True,0,False,,306421.315,306421.315,4,False,True
C,A,20220101,2022,52,2022,764,,,X,,0,,,705,,,H6,HS,True,8471,,,,C00,,0,1000,,-1,,0.0,False,-1,,0.0,False,785.596,True,0,False,,125088.095,125088.095,4,False,True
C,A,20220101,2022,52,2022,764,,,X,,0,,,68,,,H6,HS,True,8471,,,,C00,,0,1000,,-1,,0.0,False,-1,,0.0,False,0.084,True,0,False,,9.999,9.999,4,False,True
C,A,20220101,2022,52,2022,764,,,X,,0,,,156,,,H6,HS,True,8471,,,,C00,,0,1000,,-1,,0.0,False,-1,,0.0,False,355913.563,True,0,False,,201603225.022,201603225.022,4,False,True
C,A,20220101,2022,52,2022,764,,,X,,0,,,792,,,H6,HS,True,8471,,,,C00,,0,1000,,-1,,0.0,False,-1,,0.0,False,12872.433,True,0,False,,1423903.211,1423903.211,4,False,True
C,A,20220101,2022,52,2022,764,,,X,,0,,,76,,,H6,HS,True,8471,,,,C00,,0,1000,,-1,,0.0,False,-1,,0.0,False,66.399,True,0,False,,12944.72,12944.72,4,False,True
C,A,20220101,2022,52,2022,764,,,X,,0,,,740,,,H6,HS,True,8471,,,,C00,,0,1000,,-1,,0.0,False,-1,,0.0,False,2.411,True,0,False,,499.999,499.999,4,False,True
C,A,20220101,2022,52,2022,764,,,X,,0,,,124,,,H6,HS,True,8471,,,,C00,,0,1000,,-1,,0.0,False,-1,,0.0,False,2547.168,True,0,False,,356364.191,356364.191,4,False,True
C,A,20220101,2022,52,2022,764,,,X,,0,,,699,,,H6,HS,True,8471,,,,C00,,0,1000,,-1,,0.0,False,-1,,0.0,False,5166.0,True,0,False,,628378.64,628378.64,4,False,True
C,A,20220101,2022,52,2022,764,,,X,,0,,,52,,,H6,HS,True,8471,,,,C00,,0,1000,,-1,,0.0,False,-1,,0.0,False,3.405,True,0,False,,414.539,414.539,4,False,True
C,A,20210101,2021,52,2021,764,,,X,,0,,,499,,,H5,HS,True,3004,,,,C00,,0,0,,8,,1.0,False,8,,1.0,False,1.0,False,0,False,,3.998,3.998,0,False,True
C,A,20210101,2021,52,2021,764,,,X,,0,,,626,,,H5,HS,True,3004,,,,C00,,0,1000,,8,,1.0,False,8,,1.0,False,1.0,False,0,False,,100.842,100.842,0,False,True
C,A,20210101,2021,52,2021,764,,,X,,0,,,266,,,H5,HS,True,3004,,,,C00,,0,1000,,8,,1.0,False,8,,1.0,False,1.0,False,0,False,,48.381,48.381,0,False,True
C,A,20210101,2021,52,2021,764,,,X,,0,,,304,,,H5,HS,True,3004,,,,C00,,0,1000,,8,,1.0,False,8,,1.0,False,1.0,False,0,False,,19.352,19.352,0,False,True
C,A,20210101,2021,52,2021,764,,,X,,0,,,462,,,H5,HS,True,3004,,,,C00,,0,1000,,8,,309.148,True,-1,,0.0,False,309.148,True,0,False,,41716.804,41716.804,6,False,True
C,A,20210101,2021,52,2021,764,,,X,,0,,,372,,,H5,HS,True,3004,,,,C00,,0,1000,,8,,166.097,True,-1,,0.0,False,166.097,True,0,False,,2932.089,2932.089,6,False,True
C,A,20210101,2021,52,2021,764,,,X,,0,,,36,,,H5,HS,True,3004,,,,C00,,0,1000,,8,,17112.402,True,-1,,0.0,False,17112.402,True,0,False,,753807.136,753807.136,6,False,True
C,A,20210101,2021,52,2021,764,,,X,,0,,,686,,,H5,HS,True,3004,,,,C00,,0,1000,,8,,14.081,True,-1,,0.0,False,14.081,True,0,False,,839.153,839.153,6,False,True
C,A,20210101,2021,52,2021,764,,,X,,0,,,642,,,H5,HS,True,3004,,,,C00,,0,1000,,8,,9.349,True,-1,,0.0,False,9.349,True,0,False,,166.28,166.28,6,False,True
C,A,20210101,2021,52,2021,764,,,X,,0,,,376,,,H5,HS,True,3004,,,,C00,,0,1000,,8,,1415.866,True,-1,,0.0,False,1415.866,True,0,False,,72023.263,72023.263,6,False,True
C,A,20210101,2021,52,2021,764,,,X,,0,,,598,,,H5,HS,True,3004,,,,C00,,0,0,,8,,10618.266,True,-1,,0.0,False,10618.266,True,0,False,,52611.213,52611.213,6,False,True
C,A,20210101,2021,52,2021,764,,,X,,0,,,40,,,H5,HS,True,3004,,,,C00,,0,0,,8,,915.486,True,-1,,0.0,False,915.486,True,0,False,,17631.426,17631.426,6,False,True
C,A,20210101,2021,52,2021,764,,,X,,0,,,784,,,H5,HS,True,3004,,,,C00,,0,0,,8,,91514.004,True,-1,,0.0,False,91514.004,True,0,False,,3505240.992,3505240.992,6,False,True
C,A,20210101,2021,52,2021,764,,,X,,0,,,792,,,H5,HS,True,3004,,,,C00,,0,0,,8,,3.815,True,-1,,0.0,False,3.815,True,0,False,,197.238,197.238,6,False,True
C,A,20210101,2021,52,2021,764,,,X,,0,,,710,,,H5,HS,True,3004,,,,C00,,0,0,,8,,54657.093,True,-1,,0.0,False,54657.093,True,0,False,,1141275.215,1141275.215,6,False,True
C,A,20210101,2021,52,2021,764,,,X,,0,,,196,,,H5,HS,True,3004,,,,C00,,0,0,,8,,24.92,True,-1,,0.0,False,24.92,True,0,False,,362.208,362.208,6,False,True
C,A,20210101,2021,52,2021,764,,,X,,0,,,699,,,H5,HS,True,3004,,,,C00,,0,0,,8,,6571.396,True,-1,,0.0,False,6571.396,True,0,False,,272236.665,272236.665,6,False,True
C,A,20210101,2021,52,2021,764,,,X,,0,,,233,,,H5,HS,True,3004,,,,C00,,0,0,,8,,48.477,True,-1,,0.0,False,48.477,True,0,False,,736.753,736.753,6,False,True
C,A,20210101,2021,52,2021,764,,,X,,0,,,498,,,H5,HS,True,3004,,,,C00,,0,0,,8,,1526.063,True,-1,,0.0,False,1526.063,True,0,False,,26985.012,26985.012,6,False,True
C,A,20210101,2021,52,2021,764,,,X,,0,,,616,,,H5,HS,True,3004,,,,C00,,0,0,,8,,1267.0,False,8,,1267.0,False,1267.0,False,0,False,,18171.85,18171.85,0,False,True
C,A,20210101,2021,52,2021,764,,,X,,0,,,380,,,H5,HS,True,3004,,,,C00,,0,0,,8,,308.0,False,8,,308.0,False,308.0,False,0,False,,5241.777,5241.777,0,False,True
C,A,20210101,2021,52,2021,764,,,X,,0,,,52,,,H5,HS,True,3004,,,,C00,,0,0,,8,,2337.0,False,8,,2337.0,False,2337.0,False,0,False,,81255.999,81255.999,0,False,True
C,A,20210101,2021,52,2021,764,,,X,,0,,,384,,,H5,HS,True,3004,,,,C00,,0,0,,8,,23.0,False,8,,23.0,False,23.0,False,0,False,,531.334,531.334,0,False,True
C,A,20210101,2021,52,2021,764,,,X,,0,,,646,,,H5,HS,True,3004,,,,C00,,0,0,,8,,3274.0,False,8,,3274.0,False,3274.0,False,0,False,,150850.173,150850.173,0,False,True
C,A,20210101,2021,52,2021,764,,,X,,0,,,96,,,H5,HS,True,3004,,,,C00,,0,0,,8,,4462.0,False,8,,4462.0,False,4462.0,False,0,False,,159441.367,159441.367,0,False,True
C,A,20210101,2021,52,2021,764,,,X,,0,,,268,,,H5,HS,True,3004,,,,C00,,0,0,,8,,8246.0,False,8,,8246.0,False,8246.0,False,0,False,,163932.698,163932.698,0,False,True
C,A,20210101,2021,52,2021,764,,,X,,0,,,484,,,H5,HS,True,3004,,,,C00,,0,0,,8,,18967.0,False,8,,18967.0,False,18967.0,False,0,False,,150169.395,150169.395,0,False,True
C,A,20210101,2021,52,2021,764,,,X,,0,,,702,,,H5,HS,True,3004,,,,C00,,0,2000,,8,,295695.0,False,8,,295695.0,False,295695.0,False,0,False,,20301725.841,20301725.841,0,False,True
C,A,20210101,2021,52,2021,764,,,X,,0,,,40,,,H5,HS,True,3004,,,,C00,,0,2000,,8,,794.0,False,8,,794.0,False,794.0,False,0,False,,15559.2,15559.2,0,False,True
C,A,20210101,2021,52,2021,764,,,X,,0,,,566,,,H5,HS,True,3004,,,,C00,,0,2000,,8,,39785.0,False,8,,39785.0,False,39785.0,False,0,False,,1162028.239,1162028.239,0,False,True
C,A,20210101,2021,52,2021,764,,,X,,0,,,598,,,H5,HS,True,3004,,,,C00,,0,2000,,8,,10598.0,False,8,,10598.0,False,10598.0,False,0,False,,45083.668,45083.668,0,False,True
C,A,20210101,2021,52,2021,764,,,X,,0,,,31,,,H5,HS,True,3004,,,,C00,,0,0,,8,,1.0,False,8,,1.0,False,1.0,False,0,False,,9.994,9.994,0,False,True
C,A,20210101,2021,52,2021,764,,,X,,0,,,854,,,H5,HS,True,3004,,,,C00,,0,1000,,8,,1.0,False,8,,1.0,False,1.0,False,0,False,,49.984,49.984,0,False,True
C,A,20210101,2021,52,2021,764,,,X,,0,,,204,,,H5,HS,True,3004,,,,C00,,0,1000,,8,,1.0,False,8,,1.0,False,1.0,False,0,False,,50.001,50.001,0,False,True
C,A,20210101,2021,52,2021,764,,,X,,0,,,512,,,H5,HS,True,3004,,,,C00,,0,0,,8,,19938.581,True,-1,,0.0,False,19938.581,True,0,False,,184118.954,184118.954,6,False,True
C,A,20210101,2021,52,2021,764,,,X,,0,,,32,,,H5,HS,True,3004,,,,C00,,0,0,,8,,3.982,True,-1,,0.0,False,3.982,True,0,False,,33.447,33.447,6,False,True
C,A,20210101,2021,52,2021,764,,,X,,0,,,682,,,H5,HS,True,3004,,,,C00,,0,0,,8,,963.006,True,-1,,0.0,False,963.006,True,0,False,,23901.265,23901.265,6,False,True
C,A,20210101,2021,52,2021,764,,,X,,0,,,643,,,H5,HS,True,3004,,,,C00,,0,0,,8,,49494.178,True,-1,,0.0,False,49494.178,True,0,False,,501668.639,501668.639,6,False,True
C,A,20210101,2021,52,2021,764,,,X,,0,,,414,,,H5,HS,True,3004,,,,C00,,0,0,,8,,689.38,True,-1,,0.0,False,689.38,True,0,False,,40818.108,40818.108,6,False,True
C,A,20210101,2021,52,2021,764,,,X,,0,,,490,,,H5,HS,True,3004,,,,C00,,0,0,,8,,124911.222,True,-1,,0.0,False,124911.222,True,0,False,,426131.961,426131.961,6,False,True
C,A,20210101,2021,52,2021,764,,,X,,0,,,554,,,H5,HS,True,3004,,,,C00,,0,0,,8,,79117.598,True,-1,,0.0,False,79117.598,True,0,False,,100845.013,100845.013,6,False,True
C,A,20210101,2021,52,2021,764,,,X,,0,,,348,,,H5,HS,True,3004,,,,C00,,0,0,,8,,5834.009,True,-1,,0.0,False,5834.009,True,0,False,,56706.256,56706.256,6,False,True
C,A,20210101,2021,52,2021,764,,,X,,0,,,528,,,H5,HS,True,3004,,,,C00,,0,0,,8,,8648.913,True,-1,,0.0,False,8648.913,True,0,False,,144394.438,144394.438,6,False,True
C,A,20210101,2021,52,2021,764,,,X,,0,,,90,,,H5,HS,True,3004,,,,C00,,0,0,,8,,0.572,True,-1,,0.0,False,0.572,True,0,False,,11.998,11.998,6,False,True
C,A,20210101,2021,52,2021,764,,,X,,0,,,156,,,H5,HS,True,3004,,,,C00,,0,0,,8,,894090.795,True,-1,,0.0,False,894090.795,True,0,False,,11434332.727,11434332.727,6,False,True
C,A,20210101,2021,52,2021,764,,,X,,0,,,276,,,H5,HS,True,3004,,,,C00,,0,1000,,8,,1724.563,True,-1,,0.0,False,1724.563,True,0,False,,50142.02,50142.02,6,False,True
C,A,20210101,2021,52,2021,764,,,X,,0,,,528,,,H5,HS,True,3004,,,,C00,,0,1000,,8,,692.913,True,-1,,0.0,False,692.913,True,0,False,,22061.718,22061.718,6,False,True
C,A,20210101,2021,52,2021,764,,,X,,0,,,398,,,H5,HS,True,3004,,,,C00,,0,1000,,8,,222.884,True,-1,,0.0,False,222.884,True,0,False,,9501.667,9501.667,6,False,True
C,A,20210101,2021,52,2021,764,,,X,,0,,,12,,,H5,HS,True,3004,,,,C00,,0,1000,,8,,26.805,True,-1,,0.0,False,26.805,True,0,False,,1276.8,1276.8,6,False,True
C,A,20210101,2021,52,2021,764,,,X,,0,,,579,,,H5,HS,True,3004,,,,C00,,0,1000,,8,,111.185,True,-1,,0.0,False,111.185,True,0,False,,3692.118,3692.118,6,False,True
C,A,20210101,2021,52,2021,764,,,X,,0,,,842,,,H5,HS,True,3004,,,,C00,,0,1000,,8,,51452.155,True,-1,,0.0,False,51452.155,True,0,False,,1043859.41,1043859.41,6,False,True
C,A,20210101,2021,52,2021,764,,,X,,0,,,699,,,H5,HS,True,3004,,,,C00,,0,1000,,8,,1554.396,True,-1,,0.0,False,1554.396,True,0,False,,119955.236,119955.236,6,False,True
C,A,20210101,2021,52,2021,764,,,X,,0,,,784,,,H5,HS,True,3004,,,,C00,,0,1000,,8,,25432.004,True,-1,,0.0,False,25432.004,True,0,False,,912068.238,912068.238,6,False,True
C,A,20210101,2021,52,2021,764,,,X,,0,,,440,,,H5,HS,True,3004,,,,C00,,0,1000,,8,,38.644,True,-1,,0.0,False,38.644,True,0,False,,1081.027,1081.027,6,False,True
C,A,20210101,2021,52,2021,764,,,X,,0,,,585,,,H5,HS,True,3004,,,,C00,,0,1000,,8,,27.714,True,-1,,0.0,False,27.714,True,0,False,,581.536,581.536,6,False,True
C,A,20210101,2021,52,2021,764,,,X,,0,,,156,,,H5,HS,True,3004,,,,C00,,0,3000,,8,,12646.0,False,8,,12646.0,False,12646.0,False,0,False,,244724.015,244724.015,0,False,True
C,A,20210101,2021,52,2021,764,,,X,,0,,,608,,,H5,HS,True,3004,,,,C00,,0,1000,,8,,39714.0,False,8,,39714.0,False,39714.0,False,0,False,,2101436.199,2101436.199,0,False,True
C,A,20210101,2021,52,2021,764,,,X,,0,,,646,,,H5,HS,True,3004,,,,C00,,0,1000,,8,,3274.0,False,8,,3274.0,False,3274.0,False,0,False,,150850.173,150850.173,0,False,True
C,A,20210101,2021,52,2021,764,,,X,,0,,,50,,,H5,HS,True,3004,,,,C00,,0,1000,,8,,2035.0,False,8,,2035.0,False,2035.0,False,0,False,,192372.77,192372.77,0,False,True
C,A,20210101,2021,52,2021,764,,,X,,0,,,706,,,H5,HS,True,3004,,,,C00,,0,1000,,8,,900.0,False,8,,900.0,False,900.0,False,0,False,,10000.0,10000.0,0,False,True
C,A,20210101,2021,52,2021,764,,,X,,0,,,446,,,H5,HS,True,3004,,,,C00,,0,1000,,8,,312.0,False,8,,312.0,False,312.0,False,0,False,,11646.377,11646.377,0,False,True
C,A,20210101,2021,52,2021,764,,,X,,0,,,300,,,H5,HS,True,3004,,,,C00,,0,1000,,8,,8.0,False,8,,8.0,False,8.0,False,0,False,,1162.686,1162.686,0,False,True
C,A,20210101,2021,52,2021,764,,,X,,0,,,807,,,H5,HS,True,3004,,,,C00,,0,1000,,8,,1.0,False,8,,1.0,False,1.0,False,0,False,,43.312,43.312,0,False,True
C,A,20210101,2021,52,2021,764,,,X,,0,,,372,,,H5,HS,True,3004,,,,C00,,0,0,,8,,510.097,True,-1,,0.0,False,510.097,True,0,False,,5526.999,5526.999,6,False,True
C,A,20210101,2021,52,2021,764,,,X,,0,,,585,,,H5,HS,True,3004,,,,C00,,0,0,,8,,27.714,True,-1,,0.0,False,27.714,True,0,False,,581.536,581.536,6,False,True
C,A,20210101,2021,52,2021,764,,,X,,0,,,12,,,H5,HS,True,3004,,,,C00,,0,0,,8,,26.805,True,-1,,0.0,False,26.805,True,0,False,,1276.8,1276.8,6,False,True
C,A,20210101,2021,52,2021,764,,,X,,0,,,246,,,H5,HS,True,3004,,,,C00,,0,1000,,8,,56.477,True,-1,,0.0,False,56.477,True,0,False,,1911.364,1911.364,6,False,True
C,A,20210101,2021,52,2021,764,,,X,,0,,,156,,,H5,HS,True,3004,,,,C00,,0,1000,,8,,50440.795,True,-1,,0.0,False,50440.795,True,0,False,,1659485.117,1659485.117,6,False,True
C,A,20210101,2021,52,2021,764,,,X,,0,,,56,,,H5,HS,True,3004,,,,C00,,0,1000,,8,,386.946,True,-1,,0.0,False,386.946,True,0,False,,142876.346,142876.346,6,False,True
C,A,20210101,2021,52,2021,764,,,X,,0,,,442,,,H5,HS,True,3004,,,,C00,,0,1000,,8,,34.004,True,-1,,0.0,False,34.004,True,0,False,,393.238,393.238,6,False,True
C,A,20210101,2021,52,2021,764,,,X,,0,,,702,,,H5,HS,True,3004,,,,C00,,0,1000,,8,,48056.153,True,-1,,0.0,False,48056.153,True,0,False,,7281799.966,7281799.966,6,False,True
C,A,20210101,2021,52,2021,764,,,X,,0,,,598,,,H5,HS,True,3004,,,,C00,,0,1000,,8,,20.266,True,-1,,0.0,False,20.266,True,0,False,,7527.545,7527.545,6,False,True
C,A,20210101,2021,52,2021,764,,,X,,0,,,0,,,H5,HS,True,3004,,,,C00,,0,3000,,8,,14262915.474,True,-1,,0.0,False,14262915.474,True,0,False,,138554605.425,138554605.425,6,False,True
C,A,20210101,2021,52,2021,764,,,X,,0,,,0,,,H5,HS,True,3004,,,,C00,,0,2000,,8,,17628622.337,True,-1,,0.0,False,17628622.337,True,0,False,,195177546.293,195177546.293,6,False,True
C,A,20210101,2021,52,2021,764,,,X,,0,,,276,,,H5,HS,True,3004,,,,C00,,0,3000,,8,,4950.0,False,8,,4950.0,False,4950.0,False,0,False,,161732.798,161732.798,0,False,True
C,A,20210101,2021,52,2021,764,,,X,,0,,,344,,,H5,HS,True,3004,,,,C00,,0,3000,,8,,1731.0,False,8,,1731.0,False,1731.0,False,0,False,,73099.983,73099.983,0,False,True
C,A,20210101,2021,52,2021,764,,,X,,0,,,826,,,H5,HS,True,3004,,,,C00,,0,3000,,8,,10000.0,False,8,,10000.0,False,10000.0,False,0,False,,236174.804,236174.804,0,False,True
C,A,20210101,2021,52,2021,764,,,X,,0,,,458,,,H5,HS,True,3004,,,,C00,,0,3000,,8,,514991.0,False,8,,514991.0,False,514991.0,False,0,False,,14196411.373,14196411.373,0,False,True
C,A,20210101,2021,52,2021,764,,,X,,0,,,418,,,H5,HS,True,3004,,,,C00,,0,3000,,8,,2137774.0,False,8,,2137774.0,False,2137774.0,False,0,False,,20638873.199,20638873.199,0,False,True
C,A,20210101,2021,52,2021,764,,,X,,0,,,188,,,H5,HS,True,3004,,,,C00,,0,1000,,8,,171.0,False,8,,171.0,False,171.0,False,0,False,,12600.012,12600.012,0,False,True
C,A,20210101,2021,52,2021,764,,,X,,0,,,112,,,H5,HS,True,3004,,,,C00,,0,1000,,8,,15.0,False,8,,15.0,False,15.0,False,0,False,,22.941,22.941,0,False,True
C,A,20210101,2021,52,2021,764,,,X,,0,,,328,,,H5,HS,True,3004,,,,C00,,0,2000,,8,,1318.0,False,8,,1318.0,False,1318.0,False,0,False,,53450.005,53450.005,0,False,True
C,A,20210101,2021,52,2021,764,,,X,,0,,,348,,,H5,HS,True,3004,,,,C00,,0,2000,,8,,5665.0,False,8,,5665.0,False,5665.0,False,0,False,,55189.654,55189.654,0,False,True
C,A,20210101,2021,52,2021,764,,,X,,0,,,858,,,H5,HS,True,3004,,,,C00,,0,2000,,8,,914.0,False,8,,914.0,False,914.0,False,0,False,,82995.01,82995.01,0,False,True
C,A,20210101,2021,52,2021,764,,,X,,0,,,404,,,H5,HS,True,3004,,,,C00,,0,2000,,8,,26766.0,False,8,,26766.0,False,26766.0,False,0,False,,401686.087,401686.087,0,False,True
C,A,20210101,2021,52,2021,764,,,X,,0,,,616,,,H5,HS,True,3004,,,,C00,,0,2000,,8,,857.0,False,8,,857.0,False,857.0,False,0,False,,8750.86,8750.86,0,False,True
C,A,20210101,2021,52,2021,764,,,X,,0,,,414,,,H5,HS,True,3004,,,,C00,,0,2000,,8,,160.0,False,8,,160.0,False,160.0,False,0,False,,1100.012,1100.012,0,False,True
C,A,20210101,2021,52,2021,764,,,X,,0,,,604,,,H5,HS,True,3004,,,,C00,,0,2000,,8,,66942.0,False,8,,66942.0,False,66942.0,False,0,False,,3541716.268,3541716.268,0,False,True
C,A,20210101,2021,52,2021,764,,,X,,0,,,752,,,H5,HS,True,3004,,,,C00,,0,2000,,8,,570.0,False,8,,570.0,False,570.0,False,0,False,,12118.611,12118.611,0,False,True
C,A,20210101,2021,52,2021,764,,,X,,0,,,512,,,H5,HS,True,3004,,,,C00,,0,2000,,8,,18286.0,False,8,,18286.0,False,18286.0,False,0,False,,125683.156,125683.156,0,False,True
C,A,20210101,2021,52,2021,764,,,X,,0,,,276,,,H5,HS,True,3004,,,,C00,,0,2000,,8,,542.0,False,8,,542.0,False,542.0,False,0,False,,4725.692,4725.692,0,False,True
C,A,20210101,2021,52,2021,764,,,X,,0,,,344,,,H5,HS,True,3004,,,,C00,,0,2000,,8,,2385823.0,False,8,,2385823.0,False,2385823.0,False,0,False,,11018141.808,11018141.808,0,False,True
C,A,20210101,2021,52,2021,764,,,X,,0,,,699,,,H5,HS,True,3004,,,,C00,,0,2000,,8,,5017.0,False,8,,5017.0,False,5017.0,False,0,False,,152281.429,152281.429,0,False,True
C,A,20210101,2021,52,2021,764,,,X,,0,,,304,,,H5,HS,True,3004,,,,C00,,0,0,,8,,1.0,False,8,,1.0,False,1.0,False,0,False,,19.352,19.352,0,False,True
C,A,20210101,2021,52,2021,764,,,X,,0,,,690,,,H5,HS,True,3004,,,,C00,,0,0,,8,,1.0,False,8,,1.0,False,1.0,False,0,False,,243.823,243.823,0,False,True
C,A,20210101,2021,52,2021,764,,,X,,0,,,579,,,H5,HS,True,3004,,,,C00,,0,2000,,8,,2.0,False,8,,2.0,False,2.0,False,0,False,,47.945,47.945,0,False,True
C,A,20210101,2021,52,2021,764,,,X,,0,,,398,,,H5,HS,True,3004,,,,C00,,0,0,,8,,222.884,True,-1,,0.0,False,222.884,True,0,False,,9501.667,9501.667,6,False,True
C,A,20210101,2021,52,2021,764,,,X,,0,,,56,,,H5,HS,True,3004,,,,C00,,0,0,,8,,386.946,True,-1,,0.0,False,386.946,True,0,False,,142876.346,142876.346,6,False,True
C,A,20210101,2021,52,2021,764,,,X,,0,,,442,,,H5,HS,True,3004,,,,C00,,0,0,,8,,34.004,True,-1,,0.0,False,34.004,True,0,False,,393.238,393.238,6,False,True
C,A,20210101,2021,52,2021,764,,,X,,0,,,76,,,H5,HS,True,3004,,,,C00,,0,0,,8,,40.719,True,-1,,0.0,False,40.719,True,0,False,,521.6,521.6,6,False,True
C,A,20210101,2021,52,2021,764,,,X,,0,,,470,,,H5,HS,True,3004,,,,C00,,0,0,,8,,49.799,True,-1,,0.0,False,49.799,True,0,False,,1459.101,1459.101,6,False,True
C,A,20210101,2021,52,2021,764,,,X,,0,,,842,,,H5,HS,True,3004,,,,C00,,0,0,,8,,87748.155,True,-1,,0.0,False,87748.155,True,0,False,,1521472.59,1521472.59,6,False,True
C,A,20210101,2021,52,2021,764,,,X,,0,,,643,,,H5,HS,True,3004,,,,C00,,0,1000,,8,,7052.178,True,-1,,0.0,False,7052.178,True,0,False,,200768.165,200768.165,6,False,True
C,A,20210101,2021,52,2021,764,,,X,,0,,,348,,,H5,HS,True,3004,,,,C00,,0,1000,,8,,169.009,True,-1,,0.0,False,169.009,True,0,False,,1516.602,1516.602,6,False,True
C,A,20210101,2021,52,2021,764,,,X,,0,,,554,,,H5,HS,True,3004,,,,C00,,0,1000,,8,,600.598,True,-1,,0.0,False,600.598,True,0,False,,17531.497,17531.497,6,False,True
C,A,20210101,2021,52,2021,764,,,X,,0,,,724,,,H5,HS,True,3004,,,,C00,,0,1000,,8,,107.599,True,-1,,0.0,False,107.599,True,0,False,,1069.799,1069.799,6,False,True
C,A,20210101,2021,52,2021,764,,,X,,0,,,490,,,H5,HS,True,3004,,,,C00,,0,1000,,8,,1621.222,True,-1,,0.0,False,1621.222,True,0,False,,27887.992,27887.992,6,False,True
C,A,20210101,2021,52,2021,764,,,X,,0,,,682,,,H5,HS,True,3004,,,,C00,,0,1000,,8,,963.006,True,-1,,0.0,False,963.006,True,0,False,,23901.265,23901.265,6,False,True
C,A,20210101,2021,52,2021,764,,,X,,0,,,0,,,H5,HS,True,3004,,,,C00,,0,9000,,8,,5.0,False,8,,5.0,False,5.0,False,0,False,,73.504,73.504,0,False,True
C,A,20210101,2021,52,2021,764,,,X,,0,,,524,,,H5,HS,True,3004,,,,C00,,0,1000,,8,,289.0,False,8,,289.0,False,289.0,False,0,False,,11044.92,11044.92,0,False,True
C,A,20210101,2021,52,2021,764,,,X,,0,,,400,,,H5,HS,True,3004,,,,C00,,0,1000,,8,,26.0,False,8,,26.0,False,26.0,False,0,False,,900.162,900.162,0,False,True
C,A,20210101,2021,52,2021,764,,,X,,0,,,404,,,H5,HS,True,3004,,,,C00,,0,1000,,8,,9492.0,False,8,,9492.0,False,9492.0,False,0,False,,569964.181,569964.181,0,False,True
C,A,20210101,2021,52,2021,764,,,X,,0,,,634,,,H5,HS,True,3004,,,,C00,,0,1000,,8,,563.0,False,8,,563.0,False,563.0,False,0,False,,60966.185,60966.185,0,False,True
C,A,20210101,2021,52,2021,764,,,X,,0,,,108,,,H5,HS,True,3004,,,,C00,,0,1000,,8,,96.0,False,8,,96.0,False,96.0,False,0,False,,4002.524,4002.524,0,False,True
C,A,20210101,2021,52,2021,764,,,X,,0,,,860,,,H5,HS,True,3004,,,,C00,,0,1000,,8,,5807.0,False,8,,5807.0,False,5807.0,False,0,False,,210693.615,210693.615,0,False,True
C,A,20210101,2021,52,2021,764,,,X,,0,,,116,,,H5,HS,True,3004,,,,C00,,0,1000,,8,,32802.0,False,8,,32802.0,False,32802.0,False,0,False,,3159367.29,3159367.29,0,False,True
C,A,20210101,2021,52,2021,764,,,X,,0,,,508,,,H5,HS,True,3004,,,,C00,,0,1000,,8,,314.0,False,8,,314.0,False,314.0,False,0,False,,23647.12,23647.12,0,False,True
C,A,20210101,2021,52,2021,764,,,X,,0,,,96,,,H5,HS,True,3004,,,,C00,,0,1000,,8,,828.0,False,8,,828.0,False,828.0,False,0,False,,49506.525,49506.525,0,False,True
C,A,20210101,2021,52,2021,764,,,X,,0,,,422,,,H5,HS,True,3004,,,,C00,,0,1000,,8,,27.0,False,8,,27.0,False,27.0,False,0,False,,245.299,245.299,0,False,True
C,A,20210101,2021,52,2021,764,,,X,,0,,,705,,,H5,HS,True,3004,,,,C00,,0,2000,,8,,59360.0,False,8,,59360.0,False,59360.0,False,0,False,,884299.405,884299.405,0,False,True
C,A,20210101,2021,52,2021,764,,,X,,0,,,710,,,H5,HS,True,3004,,,,C00,,0,2000,,8,,52678.0,False,8,,52678.0,False,52678.0,False,0,False,,863334.376,863334.376,0,False,True
C,A,20210101,2021,52,2021,764,,,X,,0,,,428,,,H5,HS,True,3004,,,,C00,,0,2000,,8,,2065.0,False,8,,2065.0,False,2065.0,False,0,False,,22615.878,22615.878,0,False,True
C,A,20210101,2021,52,2021,764,,,X,,0,,,96,,,H5,HS,True,3004,,,,C00,,0,2000,,8,,3634.0,False,8,,3634.0,False,3634.0,False,0,False,,109934.842,109934.842,0,False,True
C,A,20210101,2021,52,2021,764,,,X,,0,,,124,,,H5,HS,True,3004,,,,C00,,0,2000,,8,,652.0,False,8,,652.0,False,652.0,False,0,False,,18840.134,18840.134,0,False,True
C,A,20210101,2021,52,2021,764,,,X,,0,,,748,,,H5,HS,True,3004,,,,C00,,0,1000,,8,,1.0,False,8,,1.0,False,1.0,False,0,False,,14.384,14.384,0,False,True
C,A,20210101,2021,52,2021,764,,,X,,0,,,16,,,H5,HS,True,3004,,,,C00,,0,0,,8,,1.0,False,8,,1.0,False,1.0,False,0,False,,18.191,18.191,0,False,True
C,A,20210101,2021,52,2021,764,,,X,,0,,,192,,,H5,HS,True,3004,,,,C00,,0,0,,8,,1.0,False,8,,1.0,False,1.0,False,0,False,,32.415,32.415,0,False,True
C,A,20210101,2021,52,2021,764,,,X,,0,,,388,,,H5,HS,True,3004,,,,C00,,0,0,,8,,1.0,False,8,,1.0,False,1.0,False,0,False,,0.101,0.101,0,False,True
C,A,20210101,2021,52,2021,764,,,X,,0,,,266,,,H5,HS,True,3004,,,,C00,,0,0,,8,,1.0,False,8,,1.0,False,1.0,False,0,False,,48.381,48.381,0,False,True
C,A,20210101,2021,52,2021,764,,,X,,0,,,462,,,H5,HS,True,3004,,,,C00,,0,0,,8,,4066.148,True,-1,,0.0,False,4066.148,True,0,False,,66363.331,66363.331,6,False,True
C,A,20210101,2021,52,2021,764,,,X,,0,,,583,,,H5,HS,True,3004,,,,C00,,0,0,,8,,34.436,True,-1,,0.0,False,34.436,True,0,False,,722.58,722.58,6,False,True
C,A,20210101,2021,52,2021,764,,,X,,0,,,757,,,H5,HS,True,3004,,,,C00,,0,0,,8,,723986.618,True,-1,,0.0,False,723986.618,True,0,False,,9226935.393,9226935.393,6,False,True
C,A,20210101,2021,52,2021,764,,,X,,0,,,32,,,H5,HS,True,3004,,,,C00,,0,1000,,8,,3.982,True,-1,,0.0,False,3.982,True,0,False,,33.447,33.447,6,False,True
C,A,20210101,2021,52,2021,764,,,X,,0,,,392,,,H5,HS,True,3004,,,,C00,,0,1000,,8,,36172.231,True,-1,,0.0,False,36172.231,True,0,False,,9818667.151,9818667.151,6,False,True
C,A,20210101,2021,52,2021,764,,,X,,0,,,144,,,H5,HS,True,3004,,,,C00,,0,1000,,8,,2730.477,True,-1,,0.0,False,2730.477,True,0,False,,148331.541,148331.541,6,False,True
C,A,20210101,2021,52,2021,764,,,X,,0,,,710,,,H5,HS,True,3004,,,,C00,,0,1000,,8,,1979.093,True,-1,,0.0,False,1979.093,True,0,False,,277940.839,277940.839,6,False,True
C,A,20210101,2021,52,2021,764,,,X,,0,,,792,,,H5,HS,True,3004,,,,C00,,0,1000,,8,,3.815,True,-1,,0.0,False,3.815,True,0,False,,197.238,197.238,6,False,True
C,A,20210101,2021,52,2021,764,,,X,,0,,,208,,,H5,HS,True,3004,,,,C00,,0,2000,,8,,7836.337,True,-1,,0.0,False,7836.337,True,0,False,,645070.197,645070.197,6,False,True
C,A,20210101,2021,52,2021,764,,,X,,0,,,757,,,H5,HS,True,3004,,,,C00,,0,3000,,8,,128241.0,False,8,,128241.0,False,128241.0,False,0,False,,2339927.658,2339927.658,0,False,True
C,A,20210101,2021,52,2021,764,,,X,,0,,,410,,,H5,HS,True,3004,,,,C00,,0,3000,,8,,56.0,False,8,,56.0,False,56.0,False,0,False,,23.163,23.163,0,False,True
C,A,20210101,2021,52,2021,764,,,X,,0,,,384,,,H5,HS,True,3004,,,,C00,,0,1000,,8,,23.0,False,8,,23.0,False,23.0,False,0,False,,531.334,531.334,0,False,True
C,A,20210101,2021,52,2021,764,,,X,,0,,,104,,,H5,HS,True,3004,,,,C00,,0,1000,,8,,44150.0,False,8,,44150.0,False,44150.0,False,0,False,,5998158.369,5998158.369,0,False,True
C,A,20210101,2021,52,2021,764,,,X,,0,,,288,,,H5,HS,True,3004,,,,C00,,0,1000,,8,,3190.0,False,8,,3190.0,False,3190.0,False,0,False,,133991.953,133991.953,0,False,True
C,A,20210101,2021,52,2021,764,,,X,,0,,,100,,,H5,HS,True,3004,,,,C00,,0,1000,,8,,246.0,False,8,,246.0,False,246.0,False,0,False,,587.027,587.027,0,False,True
C,A,20210101,2021,52,2021,764,,,X,,0,,,148,,,H5,HS,True,3004,,,,C00,,0,1000,,8,,6.0,False,8,,6.0,False,6.0,False,0,False,,385.425,385.425,0,False,True
C,A,20210101,2021,52,2021,764,,,X,,0,,,498,,,H5,HS,True,3004,,,,C00,,0,2000,,8,,1423.0,False,8,,1423.0,False,1423.0,False,0,False,,24484.019,24484.019,0,False,True
C,A,20210101,2021,52,2021,764,,,X,,0,,,100,,,H5,HS,True,3004,,,,C00,,0,2000,,8,,1196.0,False,8,,1196.0,False,1196.0,False,0,False,,2257.758,2257.758,0,False,True
C,A,20210101,2021,52,2021,764,,,X,,0,,,152,,,H5,HS,True,3004,,,,C00,,0,2000,,8,,13849.0,False,8,,13849.0,False,13849.0,False,0,False,,2095278.961,2095278.961,0,False,True
C,A,20210101,2021,52,2021,764,,,X,,0,,,703,,,H5,HS,True,3004,,,,C00,,0,2000,,8,,595.0,False,8,,595.0,False,595.0,False,0,False,,10007.64,10007.64,0,False,True
C,A,20210101,2021,52,2021,764,,,X,,0,,,446,,,H5,HS,True,3004,,,,C00,,0,2000,,8,,17124.0,False,8,,17124.0,False,17124.0,False,0,False,,259718.71,259718.71,0,False,True
C,A,20210101,2021,52,2021,764,,,X,,0,,,108,,,H5,HS,True,3004,,,,C00,,0,2000,,8,,2613.0,False,8,,2613.0,False,2613.0,False,0,False,,183234.059,183234.059,0,False,True
C,A,20210101,2021,52,2021,764,,,X,,0,,,554,,,H5,HS,True,3004,,,,C00,,0,2000,,8,,77586.0,False,8,,77586.0,False,77586.0,False,0,False,,55860.625,55860.625,0,False,True
C,A,20210101,2021,52,2021,764,,,X,,0,,,458,,,H5,HS,True,3004,,,,C00,,0,2000,,8,,345762.0,False,8,,345762.0,False,345762.0,False,0,False,,2963274.729,2963274.729,0,False,True
C,A,20210101,2021,52,2021,764,,,X,,0,,,36,,,H5,HS,True,3004,,,,C00,,0,2000,,8,,83718.0,False,8,,83718.0,False,83718.0,False,0,False,,567831.221,567831.221,0,False,True
C,A,20210101,2021,52,2021,764,,,X,,0,,,156,,,H5,HS,True,3004,,,,C00,,0,2000,,8,,830999.0,False,8,,830999.0,False,830999.0,False,0,False,,9530050.092,9530050.092,0,False,True
C,A,20210101,2021,52,2021,764,,,X,,0,,,192,,,H5,HS,True,3004,,,,C00,,0,1000,,8,,1.0,False,8,,1.0,False,1.0,False,0,False,,32.415,32.415,0,False,True
C,A,20210101,2021,52,2021,764,,,X,,0,,,807,,,H5,HS,True,3004,,,,C00,,0,0,,8,,1.0,False,8,,1.0,False,1.0,False,0,False,,43.312,43.312,0,False,True
C,A,20210101,2021,52,2021,764,,,X,,0,,,360,,,H5,HS,True,3004,,,,C00,,0,0,,8,,426959.868,True,-1,,0.0,False,426959.868,True,0,False,,6576909.987,6576909.987,6,False,True
C,A,20210101,2021,52,2021,764,,,X,,0,,,579,,,H5,HS,True,3004,,,,C00,,0,0,,8,,113.185,True,-1,,0.0,False,113.185,True,0,False,,3740.063,3740.063,6,False,True
C,A,20210101,2021,52,2021,764,,,X,,0,,,826,,,H5,HS,True,3004,,,,C00,,0,0,,8,,576499.001,True,-1,,0.0,False,576499.001,True,0,False,,6741751.515,6741751.515,6,False,True
C,A,20210101,2021,52,2021,764,,,X,,0,,,704,,,H5,HS,True,3004,,,,C00,,0,1000,,8,,26704.007,True,-1,,0.0,False,26704.007,True,0,False,,2641595.394,2641595.394,6,False,True
C,A,20210101,2021,52,2021,764,,,X,,0,,,76,,,H5,HS,True,3004,,,,C00,,0,1000,,8,,40.719,True,-1,,0.0,False,40.719,True,0,False,,521.6,521.6,6,False,True
C,A,20210101,2021,52,2021,764,,,X,,0,,,757,,,H5,HS,True,3004,,,,C00,,0,1000,,8,,34780.618,True,-1,,0.0,False,34780.618,True,0,False,,579650.798,579650.798,6,False,True
C,A,20210101,2021,52,2021,764,,,X,,0,,,40,,,H5,HS,True,3004,,,,C00,,0,1000,,8,,121.486,True,-1,,0.0,False,121.486,True,0,False,,2072.226,2072.226,6,False,True
C,A,20210101,2021,52,2021,764,,,X,,0,,,0,,,H5,HS,True,3004,,,,C00,,0,0,,8,,32673886.799,True,-1,,0.0,False,32673886.799,True,0,False,,390534723.683,390534723.683,6,False,True
C,A,20210101,2021,52,2021,764,,,X,,0,,,800,,,H5,HS,True,3004,,,,C00,,0,0,,8,,34119.0,False,8,,34119.0,False,34119.0,False,0,False,,1530438.039,1530438.039,0,False,True
C,A,20210101,2021,52,2021,764,,,X,,0,,,231,,,H5,HS,True,3004,,,,C00,,0,0,,8,,39499.0,False,8,,39499.0,False,39499.0,False,0,False,,1341940.768,1341940.768,0,False,True
C,A,20210101,2021,52,2021,764,,,X,,0,,,108,,,H5,HS,True,3004,,,,C00,,0,0,,8,,2709.0,False,8,,2709.0,False,2709.0,False,0,False,,187236.583,187236.583,0,False,True
C,A,20210101,2021,52,2021,764,,,X,,0,,,112,,,H5,HS,True,3004,,,,C00,,0,0,,8,,15.0,False,8,,15.0,False,15.0,False,0,False,,22.941,22.941,0,False,True
C,A,20210101,2021,52,2021,764,,,X,,0,,,540,,,H5,HS,True,3004,,,,C00,,0,0,,8,,53.0,False,8,,53.0,False,53.0,False,0,False,,336.398,336.398,0,False,True
C,A,20210101,2021,52,2021,764,,,X,,0,,,496,,,H5,HS,True,3004,,,,C00,,0,0,,8,,8139.0,False,8,,8139.0,False,8139.0,False,0,False,,295053.891,295053.891,0,False,True
C,A,20210101,2021,52,2021,764,,,X,,0,,,591,,,H5,HS,True,3004,,,,C00,,0,0,,8,,19.0,False,8,,19.0,False,19.0,False,0,False,,99.987,99.987,0,False,True
C,A,20210101,2021,52,2021,764,,,X,,0,,,124,,,H5,HS,True,3004,,,,C00,,0,0,,8,,6330.0,False,8,,6330.0,False,6330.0,False,0,False,,209640.04,209640.04,0,False,True
C,A,20210101,2021,52,2021,764,,,X,,0,,,8,,,H5,HS,True,3004,,,,C00,,0,0,,8,,4.0,False,8,,4.0,False,4.0,False,0,False,,347.785,347.785,0,False,True
C,A,20210101,2021,52,2021,764,,,X,,0,,,226,,,H5,HS,True,3004,,,,C00,,0,0,,8,,4.0,False,8,,4.0,False,4.0,False,0,False,,138.015,138.015,0,False,True
C,A,20210101,2021,52,2021,764,,,X,,0,,,800,,,H5,HS,True,3004,,,,C00,,0,2000,,8,,13392.0,False,8,,13392.0,False,13392.0,False,0,False,,531077.326,531077.326,0,False,True
C,A,20210101,2021,52,2021,764,,,X,,0,,,508,,,H5,HS,True,3004,,,,C00,,0,2000,,8,,306.0,False,8,,306.0,False,306.0,False,0,False,,22227.303,22227.303,0,False,True
C,A,20210101,2021,52,2021,764,,,X,,0,,,834,,,H5,HS,True,3004,,,,C00,,0,2000,,8,,70931.0,False,8,,70931.0,False,70931.0,False,0,False,,1333821.707,1333821.707,0,False,True
C,A,20210101,2021,52,2021,764,,,X,,0,,,484,,,H5,HS,True,3004,,,,C00,,0,2000,,8,,18959.0,False,8,,18959.0,False,18959.0,False,0,False,,149923.539,149923.539,0,False,True
C,A,20210101,2021,52,2021,764,,,X,,0,,,242,,,H5,HS,True,3004,,,,C00,,0,2000,,8,,92.0,False,8,,92.0,False,92.0,False,0,False,,4124.988,4124.988,0,False,True
C,A,20210101,2021,52,2021,764,,,X,,0,,,842,,,H5,HS,True,3004,,,,C00,,0,2000,,8,,36296.0,False,8,,36296.0,False,36296.0,False,0,False,,477613.18,477613.18,0,False,True
C,A,20210101,2021,52,2021,764,,,X,,0,,,704,,,H5,HS,True,3004,,,,C00,,0,2000,,8,,3006674.0,False,8,,3006674.0,False,3006674.0,False,0,False,,60159398.722,60159398.722,0,False,True
C,A,20210101,2021,52,2021,764,,,X,,0,,,380,,,H5,HS,True,3004,,,,C00,,0,1000,,8,,142.0,False,8,,142.0,False,142.0,False,0,False,,2838.789,2838.789,0,False,True
C,A,20210101,2021,52,2021,764,,,X,,0,,,368,,,H5,HS,True,3004,,,,C00,,0,1000,,8,,10.0,False,8,,10.0,False,10.0,False,0,False,,215.647,215.647,0,False,True
C,A,20210101,2021,52,2021,764,,,X,,0,,,591,,,H5,HS,True,3004,,,,C00,,0,1000,,8,,19.0,False,8,,19.0,False,19.0,False,0,False,,99.987,99.987,0,False,True
C,A,20210101,2021,52,2021,764,,,X,,0,,,64,,,H5,HS,True,3004,,,,C00,,0,1000,,8,,558.0,False,8,,558.0,False,558.0,False,0,False,,5641.034,5641.034,0,False,True
C,A,20210101,2021,52,2021,764,,,X,,0,,,72,,,H5,HS,True,3004,,,,C00,,0,0,,8,,1.0,False,8,,1.0,False,1.0,False,0,False,,10.084,10.084,0,False,True
C,A,20210101,2021,52,2021,764,,,X,,0,,,748,,,H5,HS,True,3004,,,,C00,,0,0,,8,,1.0,False,8,,1.0,False,1.0,False,0,False,,14.384,14.384,0,False,True
C,A,20210101,2021,52,2021,764,,,X,,0,,,16,,,H5,HS,True,3004,,,,C00,,0,1000,,8,,1.0,False,8,,1.0,False,1.0,False,0,False,,18.191,18.191,0,False,True
C,A,20210101,2021,52,2021,764,,,X,,0,,,208,,,H5,HS,True,3004,,,,C00,,0,3000,,8,,306.474,True,-1,,0.0,False,306.474,True,0,False,,13375.211,13375.211,6,False,True
C,A,20210101,2021,52,2021,764,,,X,,0,,,360,,,H5,HS,True,3004,,,,C00,,0,1000,,8,,7726.868,True,-1,,0.0,False,7726.868,True,0,False,,1194817.414,1194817.414,6,False,True
C,A,20210101,2021,52,2021,764,,,X,,0,,,208,,,H5,HS,True,3004,,,,C00,,0,1000,,8,,168.659,True,-1,,0.0,False,168.659,True,0,False,,5334.133,5334.133,6,False,True
C,A,20210101,2021,52,2021,764,,,X,,0,,,688,,,H5,HS,True,3004,,,,C00,,0,1000,,8,,3.882,True,-1,,0.0,False,3.882,True,0,False,,75.237,75.237,6,False,True
C,A,20210101,2021,52,2021,764,,,X,,0,,,428,,,H5,HS,True,3004,,,,C00,,0,1000,,8,,21.982,True,-1,,0.0,False,21.982,True,0,False,,688.445,688.445,6,False,True
C,A,20210101,2021,52,2021,764,,,X,,0,,,242,,,H5,HS,True,3004,,,,C00,,0,1000,,8,,154.145,True,-1,,0.0,False,154.145,True,0,False,,1102.084,1102.084,6,False,True
C,A,20210101,2021,52,2021,764,,,X,,0,,,826,,,H5,HS,True,3004,,,,C00,,0,1000,,8,,55712.001,True,-1,,0.0,False,55712.001,True,0,False,,1480639.283,1480639.283,6,False,True
C,A,20210101,2021,52,2021,764,,,X,,0,,,90,,,H5,HS,True,3004,,,,C00,,0,1000,,8,,0.572,True,-1,,0.0,False,0.572,True,0,False,,11.998,11.998,6,False,True
C,A,20210101,2021,52,2021,764,,,X,,0,,,251,,,H5,HS,True,3004,,,,C00,,0,1000,,8,,902.543,True,-1,,0.0,False,902.543,True,0,False,,16260.741,16260.741,6,False,True
C,A,20210101,2021,52,2021,764,,,X,,0,,,428,,,H5,HS,True,3004,,,,C00,,0,0,,8,,2086.982,True,-1,,0.0,False,2086.982,True,0,False,,23304.323,23304.323,6,False,True
C,A,20210101,2021,52,2021,764,,,X,,0,,,688,,,H5,HS,True,3004,,,,C00,,0,0,,8,,3.882,True,-1,,0.0,False,3.882,True,0,False,,75.237,75.237,6,False,True
C,A,20210101,2021,52,2021,764,,,X,,0,,,724,,,H5,HS,True,3004,,,,C00,,0,0,,8,,107.599,True,-1,,0.0,False,107.599,True,0,False,,1069.799,1069.799,6,False,True
C,A,20210101,2021,52,2021,764,,,X,,0,,,242,,,H5,HS,True,3004,,,,C00,,0,0,,8,,246.145,True,-1,,0.0,False,246.145,True,0,False,,5227.072,5227.072,6,False,True
C,A,20210101,2021,52,2021,764,,,X,,0,,,604,,,H5,HS,True,3004,,,,C00,,0,0,,8,,67395.0,False,8,,67395.0,False,67395.0,False,0,False,,3556917.524,3556917.524,0,False,True
C,A,20210101,2021,52,2021,764,,,X,,0,,,446,,,H5,HS,True,3004,,,,C00,,0,0,,8,,17436.0,False,8,,17436.0,False,17436.0,False,0,False,,271365.087,271365.087,0,False,True
C,A,20210101,2021,52,2021,764,,,X,,0,,,508,,,H5,HS,True,3004,,,,C00,,0,0,,8,,620.0,False,8,,620.0,False,620.0,False,0,False,,45874.423,45874.423,0,False,True
C,A,20210101,2021,52,2021,764,,,X,,0,,,705,,,H5,HS,True,3004,,,,C00,,0,0,,8,,61326.0,False,8,,61326.0,False,61326.0,False,0,False,,1128816.967,1128816.967,0,False,True
C,A,20210101,2021,52,2021,764,,,X,,0,,,706,,,H5,HS,True,3004,,,,C00,,0,0,,8,,64114.0,False,8,,64114.0,False,64114.0,False,0,False,,725032.255,725032.255,0,False,True
C,A,20210101,2021,52,2021,764,,,X,,0,,,400,,,H5,HS,True,3004,,,,C00,,0,0,,8,,26.0,False,8,,26.0,False,26.0,False,0,False,,900.162,900.162,0,False,True
C,A,20210101,2021,52,2021,764,,,X,,0,,,490,,,H5,HS,True,3004,,,,C00,,0,2000,,8,,123290.0,False,8,,123290.0,False,123290.0,False,0,False,,398243.969,398243.969,0,False,True
C,A,20210101,2021,52,2021,764,,,X,,0,,,768,,,H5,HS,True,3004,,,,C00,,0,2000,,8,,584.0,False,8,,584.0,False,584.0,False,0,False,,7000.003,7000.003,0,False,True
C,A,20210101,2021,52,2021,764,,,X,,0,,,496,,,H5,HS,True,3004,,,,C00,,0,2000,,8,,5758.0,False,8,,5758.0,False,5758.0,False,0,False,,145167.323,145167.323,0,False,True
C,A,20210101,2021,52,2021,764,,,X,,0,,,548,,,H5,HS,True,3004,,,,C00,,0,2000,,8,,8.0,False,8,,8.0,False,8.0,False,0,False,,55.725,55.725,0,False,True
C,A,20210101,2021,52,2021,764,,,X,,0,,,586,,,H5,HS,True,3004,,,,C00,,0,1000,,8,,1752.0,False,8,,1752.0,False,1752.0,False,0,False,,90588.063,90588.063,0,False,True
C,A,20210101,2021,52,2021,764,,,X,,0,,,616,,,H5,HS,True,3004,,,,C00,,0,1000,,8,,410.0,False,8,,410.0,False,410.0,False,0,False,,9420.99,9420.99,0,False,True
C,A,20210101,2021,52,2021,764,,,X,,0,,,28,,,H5,HS,True,3004,,,,C00,,0,1000,,8,,106.0,False,8,,106.0,False,106.0,False,0,False,,3954.014,3954.014,0,False,True
C,A,20210101,2021,52,2021,764,,,X,,0,,,604,,,H5,HS,True,3004,,,,C00,,0,1000,,8,,453.0,False,8,,453.0,False,453.0,False,0,False,,15201.255,15201.255,0,False,True
C,A,20210101,2021,52,2021,764,,,X,,0,,,120,,,H5,HS,True,3004,,,,C00,,0,1000,,8,,9.0,False,8,,9.0,False,9.0,False,0,False,,494.898,494.898,0,False,True
C,A,20210101,2021,52,2021,764,,,X,,0,,,854,,,H5,HS,True,3004,,,,C00,,0,0,,8,,1.0,False,8,,1.0,False,1.0,False,0,False,,49.984,49.984,0,False,True
C,A,20210101,2021,52,2021,764,,,X,,0,,,690,,,H5,HS,True,3004,,,,C00,,0,1000,,8,,1.0,False,8,,1.0,False,1.0,False,0,False,,243.823,243.823,0,False,True
C,A,20210101,2021,52,2021,764,,,X,,0,,,388,,,H5,HS,True,3004,,,,C00,,0,1000,,8,,1.0,False,8,,1.0,False,1.0,False,0,False,,0.101,0.101,0,False,True
C,A,20210101,2021,52,2021,764,,,X,,0,,,414,,,H5,HS,True,3004,,,,C00,,0,1000,,8,,529.38,True,-1,,0.0,False,529.38,True,0,False,,39718.096,39718.096,6,False,True
C,A,20210101,2021,52,2021,764,,,X,,0,,,512,,,H5,HS,True,3004,,,,C00,,0,1000,,8,,1652.581,True,-1,,0.0,False,1652.581,True,0,False,,58435.798,58435.798,6,False,True
C,A,20210101,2021,52,2021,764,,,X,,0,,,470,,,H5,HS,True,3004,,,,C00,,0,1000,,8,,49.799,True,-1,,0.0,False,49.799,True,0,False,,1459.101,1459.101,6,False,True
C,A,20210101,2021,52,2021,764,,,X,,0,,,196,,,H5,HS,True,3004,,,,C00,,0,1000,,8,,24.92,True,-1,,0.0,False,24.92,True,0,False,,362.208,362.208,6,False,True
C,A,20210101,2021,52,2021,764,,,X,,0,,,450,,,H5,HS,True,3004,,,,C00,,0,0,,8,,86.793,True,-1,,0.0,False,86.793,True,0,False,,766.857,766.857,6,False,True
C,A,20210101,2021,52,2021,764,,,X,,0,,,702,,,H5,HS,True,3004,,,,C00,,0,0,,8,,351516.153,True,-1,,0.0,False,351516.153,True,0,False,,28334777.515,28334777.515,6,False,True
C,A,20210101,2021,52,2021,764,,,X,,0,,,686,,,H5,HS,True,3004,,,,C00,,0,0,,8,,14.081,True,-1,,0.0,False,14.081,True,0,False,,839.153,839.153,6,False,True
C,A,20210101,2021,52,2021,764,,,X,,0,,,36,,,H5,HS,True,3004,,,,C00,,0,0,,8,,101218.402,True,-1,,0.0,False,101218.402,True,0,False,,1329538.388,1329538.388,6,False,True
C,A,20210101,2021,52,2021,764,,,X,,0,,,392,,,H5,HS,True,3004,,,,C00,,0,0,,8,,4515806.231,True,-1,,0.0,False,4515806.231,True,0,False,,33123233.459,33123233.459,6,False,True
C,A,20210101,2021,52,2021,764,,,X,,0,,,276,,,H5,HS,True,3004,,,,C00,,0,0,,8,,7216.563,True,-1,,0.0,False,7216.563,True,0,False,,216600.509,216600.509,6,False,True
C,A,20210101,2021,52,2021,764,,,X,,0,,,246,,,H5,HS,True,3004,,,,C00,,0,0,,8,,60.477,True,-1,,0.0,False,60.477,True,0,False,,2484.414,2484.414,6,False,True
C,A,20210101,2021,52,2021,764,,,X,,0,,,0,,,H5,HS,True,3004,,,,C00,,0,1000,,8,,782343.989,True,-1,,0.0,False,782343.989,True,0,False,,56802498.461,56802498.461,6,False,True
C,A,20210101,2021,52,2021,764,,,X,,0,,,191,,,H5,HS,True,3004,,,,C00,,0,0,,8,,5.0,False,8,,5.0,False,5.0,False,0,False,,196.589,196.589,0,False,True
C,A,20210101,2021,52,2021,764,,,X,,0,,,316,,,H5,HS,True,3004,,,,C00,,0,0,,8,,4.0,False,8,,4.0,False,4.0,False,0,False,,64.025,64.025,0,False,True
C,A,20210101,2021,52,2021,764,,,X,,0,,,148,,,H5,HS,True,3004,,,,C00,,0,0,,8,,6.0,False,8,,6.0,False,6.0,False,0,False,,385.425,385.425,0,False,True
C,A,20210101,2021,52,2021,764,,,X,,0,,,894,,,H5,HS,True,3004,,,,C00,,0,0,,8,,8457.0,False,8,,8457.0,False,8457.0,False,0,False,,415335.99,415335.99,0,False,True
C,A,20210101,2021,52,2021,764,,,X,,0,,,404,,,H5,HS,True,3004,,,,C00,,0,0,,8,,36258.0,False,8,,36258.0,False,36258.0,False,0,False,,971650.269,971650.269,0,False,True
C,A,20210101,2021,52,2021,764,,,X,,0,,,887,,,H5,HS,True,3004,,,,C00,,0,0,,8,,44103.0,False,8,,44103.0,False,44103.0,False,0,False,,1098053.542,1098053.542,0,False,True
C,A,20210101,2021,52,2021,764,,,X,,0,,,188,,,H5,HS,True,3004,,,,C00,,0,0,,8,,171.0,False,8,,171.0,False,171.0,False,0,False,,12600.012,12600.012,0,False,True
C,A,20210101,2021,52,2021,764,,,X,,0,,,100,,,H5,HS,True,3004,,,,C00,,0,0,,8,,1442.0,False,8,,1442.0,False,1442.0,False,0,False,,2844.785,2844.785,0,False,True
C,A,20210101,2021,52,2021,764,,,X,,0,,,608,,,H5,HS,True,3004,,,,C00,,0,0,,8,,2457497.0,False,8,,2457497.0,False,2457497.0,False,0,False,,15892798.626,15892798.626,0,False,True
C,A,20210101,2021,52,2021,764,,,X,,0,,,344,,,H5,HS,True,3004,,,,C00,,0,0,,8,,2490156.0,False,8,,2490156.0,False,2490156.0,False,0,False,,19244143.856,19244143.856,0,False,True
C,A,20210101,2021,52,2021,764,,,X,,0,,,586,,,H5,HS,True,3004,,,,C00,,0,2000,,8,,3629.0,False,8,,3629.0,False,3629.0,False,0,False,,124115.619,124115.619,0,False,True
C,A,20210101,2021,52,2021,764,,,X,,0,,,251,,,H5,HS,True,3004,,,,C00,,0,2000,,8,,26.0,False,8,,26.0,False,26.0,False,0,False,,105.748,105.748,0,False,True
C,A,20210101,2021,52,2021,764,,,X,,0,,,757,,,H5,HS,True,3004,,,,C00,,0,2000,,8,,560965.0,False,8,,560965.0,False,560965.0,False,0,False,,6307356.937,6307356.937,0,False,True
C,A,20210101,2021,52,2021,764,,,X,,0,,,480,,,H5,HS,True,3004,,,,C00,,0,2000,,8,,966.0,False,8,,966.0,False,966.0,False,0,False,,19025.808,19025.808,0,False,True
C,A,20210101,2021,52,2021,764,,,X,,0,,,634,,,H5,HS,True,3004,,,,C00,,0,2000,,8,,25.0,False,8,,25.0,False,25.0,False,0,False,,152.822,152.822,0,False,True
C,A,20210101,2021,52,2021,764,,,X,,0,,,670,,,H5,HS,True,3004,,,,C00,,0,2000,,8,,388.0,False,8,,388.0,False,388.0,False,0,False,,12149.677,12149.677,0,False,True
C,A,20210101,2021,52,2021,764,,,X,,0,,,116,,,H5,HS,True,3004,,,,C00,,0,2000,,8,,342266.0,False,8,,342266.0,False,342266.0,False,0,False,,1969041.413,1969041.413,0,False,True
C,A,20210101,2021,52,2021,764,,,X,,0,,,418,,,H5,HS,True,3004,,,,C00,,0,1000,,8,,455.0,False,8,,455.0,False,455.0,False,0,False,,34187.55,34187.55,0,False,True
C,A,20210101,2021,52,2021,764,,,X,,0,,,804,,,H5,HS,True,3004,,,,C00,,0,1000,,8,,14136.0,False,8,,14136.0,False,14136.0,False,0,False,,1209930.28,1209930.28,0,False,True
C,A,20210101,2021,52,2021,764,,,X,,0,,,834,,,H5,HS,True,3004,,,,C00,,0,1000,,8,,16079.0,False,8,,16079.0,False,16079.0,False,0,False,,720621.875,720621.875,0,False,True
C,A,20210101,2021,52,2021,764,,,X,,0,,,531,,,H5,HS,True,3004,,,,C00,,0,1000,,8,,92.0,False,8,,92.0,False,92.0,False,0,False,,696.009,696.009,0,False,True
C,A,20210101,2021,52,2021,764,,,X,,0,,,480,,,H5,HS,True,3004,,,,C00,,0,1000,,8,,71.0,False,8,,71.0,False,71.0,False,0,False,,12408.006,12408.006,0,False,True
C,A,20210101,2021,52,2021,764,,,X,,0,,,170,,,H5,HS,True,3004,,,,C00,,0,1000,,8,,2749.0,False,8,,2749.0,False,2749.0,False,0,False,,156919.606,156919.606,0,False,True
C,A,20210101,2021,52,2021,764,,,X,,0,,,124,,,H5,HS,True,3004,,,,C00,,0,1000,,8,,5678.0,False,8,,5678.0,False,5678.0,False,0,False,,190799.906,190799.906,0,False,True
C,A,20210101,2021,52,2021,764,,,X,,0,,,894,,,H5,HS,True,3004,,,,C00,,0,1000,,8,,8457.0,False,8,,8457.0,False,8457.0,False,0,False,,415335.99,415335.99,0,False,True
C,A,20210101,2021,52,2021,764,,,X,,0,,,716,,,H5,HS,True,3004,,,,C00,,0,1000,,8,,140.0,False,8,,140.0,False,140.0,False,0,False,,5795.429,5795.429,0,False,True
C,A,20210101,2021,52,2021,764,,,X,,0,,,203,,,H5,HS,True,3004,,,,C00,,0,1000,,8,,1421.0,False,8,,1421.0,False,1421.0,False,0,False,,299075.632,299075.632,0,False,True
C,A,20210101,2021,52,2021,764,,,X,,0,,,116,,,H5,HS,True,3004,,,,C00,,0,3000,,8,,5273547.0,False,8,,5273547.0,False,5273547.0,False,0,False,,44346434.575,44346434.575,0,False,True
C,A,20210101,2021,52,2021,764,,,X,,0,,,862,,,H5,HS,True,3004,,,,C00,,0,0,,8,,3.0,False,8,,3.0,False,3.0,False,0,False,,132.999,132.999,0,False,True
C,A,20210101,2021,52,2021,764,,,X,,0,,,352,,,H5,HS,True,3004,,,,C00,,0,0,,8,,3.0,False,8,,3.0,False,3.0,False,0,False,,33.79,33.79,0,False,True
C,A,20210101,2021,52,2021,764,,,X,,0,,,466,,,H5,HS,True,3004,,,,C00,,0,0,,8,,3.0,False,8,,3.0,False,3.0,False,0,False,,621.723,621.723,0,False,True
C,A,20210101,2021,52,2021,764,,,X,,0,,,862,,,H5,HS,True,3004,,,,C00,,0,1000,,8,,3.0,False,8,,3.0,False,3.0,False,0,False,,132.999,132.999,0,False,True
C,A,20210101,2021,52,2021,764,,,X,,0,,,204,,,H5,HS,True,3004,,,,C00,,0,0,,8,,1.0,False,8,,1.0,False,1.0,False,0,False,,50.001,50.001,0,False,True
C,A,20210101,2021,52,2021,764,,,X,,0,,,31,,,H5,HS,True,3004,,,,C00,,0,1000,,8,,1.0,False,8,,1.0,False,1.0,False,0,False,,9.994,9.994,0,False,True
C,A,20210101,2021,52,2021,764,,,X,,0,,,499,,,H5,HS,True,3004,,,,C00,,0,1000,,8,,1.0,False,8,,1.0,False,1.0,False,0,False,,3.998,3.998,0,False,True
C,A,20210101,2021,52,2021,764,,,X,,0,,,72,,,H5,HS,True,3004,,,,C00,,0,1000,,8,,1.0,False,8,,1.0,False,1.0,False,0,False,,10.084,10.084,0,False,True
C,A,20210101,2021,52,2021,764,,,X,,0,,,218,,,H5,HS,True,3004,,,,C00,,0,0,,8,,2.0,False,8,,2.0,False,2.0,False,0,False,,4.392,4.392,0,False,True
C,A,20210101,2021,52,2021,764,,,X,,0,,,376,,,H5,HS,True,3004,,,,C00,,0,0,,8,,1415.866,True,-1,,0.0,False,1415.866,True,0,False,,72023.263,72023.263,6,False,True
C,A,20210101,2021,52,2021,764,,,X,,0,,,251,,,H5,HS,True,3004,,,,C00,,0,0,,8,,928.543,True,-1,,0.0,False,928.543,True,0,False,,16366.489,16366.489,6,False,True
C,A,20210101,2021,52,2021,764,,,X,,0,,,440,,,H5,HS,True,3004,,,,C00,,0,0,,8,,38.644,True,-1,,0.0,False,38.644,True,0,False,,1081.027,1081.027,6,False,True
C,A,20210101,2021,52,2021,764,,,X,,0,,,704,,,H5,HS,True,3004,,,,C00,,0,0,,8,,3042933.007,True,-1,,0.0,False,3042933.007,True,0,False,,62952966.714,62952966.714,6,False,True
C,A,20210101,2021,52,2021,764,,,X,,0,,,642,,,H5,HS,True,3004,,,,C00,,0,0,,8,,9.349,True,-1,,0.0,False,9.349,True,0,False,,166.28,166.28,6,False,True
C,A,20210101,2021,52,2021,764,,,X,,0,,,144,,,H5,HS,True,3004,,,,C00,,0,0,,8,,246814.477,True,-1,,0.0,False,246814.477,True,0,False,,3190026.638,3190026.638,6,False,True
C,A,20210101,2021,52,2021,764,,,X,,0,,,208,,,H5,HS,True,3004,,,,C00,,0,0,,8,,8311.47,True,-1,,0.0,False,8311.47,True,0,False,,663779.54,663779.54,6,False,True
C,A,20210101,2021,52,2021,764,,,X,,0,,,498,,,H5,HS,True,3004,,,,C00,,0,1000,,8,,103.063,True,-1,,0.0,False,103.063,True,0,False,,2500.993,2500.993,6,False,True
C,A,20210101,2021,52,2021,764,,,X,,0,,,450,,,H5,HS,True,3004,,,,C00,,0,1000,,8,,18.793,True,-1,,0.0,False,18.793,True,0,False,,493.85,493.85,6,False,True
C,A,20210101,2021,52,2021,764,,,X,,0,,,233,,,H5,HS,True,3004,,,,C00,,0,1000,,8,,48.477,True,-1,,0.0,False,48.477,True,0,False,,736.753,736.753,6,False,True
C,A,20210101,2021,52,2021,764,,,X,,0,,,583,,,H5,HS,True,3004,,,,C00,,0,1000,,8,,34.436,True,-1,,0.0,False,34.436,True,0,False,,722.58,722.58,6,False,True
C,A,20210101,2021,52,2021,764,,,X,,0,,,528,,,H5,HS,True,3004,,,,C00,,0,3000,,8,,48.0,False,8,,48.0,False,48.0,False,0,False,,637.923,637.923,0,False,True
C,A,20210101,2021,52,2021,764,,,X,,0,,,152,,,H5,HS,True,3004,,,,C00,,0,1000,,8,,759.0,False,8,,759.0,False,759.0,False,0,False,,90050.648,90050.648,0,False,True
C,A,20210101,2021,52,2021,764,,,X,,0,,,48,,,H5,HS,True,3004,,,,C00,,0,1000,,8,,86.0,False,8,,86.0,False,86.0,False,0,False,,7572.623,7572.623,0,False,True
C,A,20210101,2021,52,2021,764,,,X,,0,,,752,,,H5,HS,True,3004,,,,C00,,0,1000,,8,,246.0,False,8,,246.0,False,246.0,False,0,False,,3704.195,3704.195,0,False,True
C,A,20210101,2021,52,2021,764,,,X,,0,,,818,,,H5,HS,True,3004,,,,C00,,0,1000,,8,,11.0,False,8,,11.0,False,11.0,False,0,False,,3063.463,3063.463,0,False,True
C,A,20210101,2021,52,2021,764,,,X,,0,,,484,,,H5,HS,True,3004,,,,C00,,0,1000,,8,,8.0,False,8,,8.0,False,8.0,False,0,False,,245.857,245.857,0,False,True
C,A,20210101,2021,52,2021,764,,,X,,0,,,705,,,H5,HS,True,3004,,,,C00,,0,1000,,8,,1966.0,False,8,,1966.0,False,1966.0,False,0,False,,244517.562,244517.562,0,False,True
C,A,20210101,2021,52,2021,764,,,X,,0,,,410,,,H5,HS,True,3004,,,,C00,,0,1000,,8,,14094.0,False,8,,14094.0,False,14094.0,False,0,False,,138907.506,138907.506,0,False,True
C,A,20210101,2021,52,2021,764,,,X,,0,,,344,,,H5,HS,True,3004,,,,C00,,0,1000,,8,,102602.0,False,8,,102602.0,False,102602.0,False,0,False,,8152902.065,8152902.065,0,False,True
C,A,20210101,2021,52,2021,764,,,X,,0,,,620,,,H5,HS,True,3004,,,,C00,,0,1000,,8,,7.0,False,8,,7.0,False,7.0,False,0,False,,320.283,320.283,0,False,True
C,A,20210101,2021,52,2021,764,,,X,,0,,,288,,,H5,HS,True,3004,,,,C00,,0,2000,,8,,22106.0,False,8,,22106.0,False,22106.0,False,0,False,,742425.376,742425.376,0,False,True
C,A,20210101,2021,52,2021,764,,,X,,0,,,170,,,H5,HS,True,3004,,,,C00,,0,2000,,8,,9973.0,False,8,,9973.0,False,9973.0,False,0,False,,393899.47,393899.47,0,False,True
C,A,20210101,2021,52,2021,764,,,X,,0,,,268,,,H5,HS,True,3004,,,,C00,,0,2000,,8,,7586.0,False,8,,7586.0,False,7586.0,False,0,False,,137573.788,137573.788,0,False,True
C,A,20210101,2021,52,2021,764,,,X,,0,,,528,,,H5,HS,True,3004,,,,C00,,0,2000,,8,,7908.0,False,8,,7908.0,False,7908.0,False,0,False,,121694.797,121694.797,0,False,True
C,A,20210101,2021,52,2021,764,,,X,,0,,,540,,,H5,HS,True,3004,,,,C00,,0,2000,,8,,53.0,False,8,,53.0,False,53.0,False,0,False,,336.398,336.398,0,False,True
C,A,20210101,2021,52,2021,764,,,X,,0,,,50,,,H5,HS,True,3004,,,,C00,,0,2000,,8,,543.0,False,8,,543.0,False,543.0,False,0,False,,22797.984,22797.984,0,False,True
C,A,20210101,2021,52,2021,764,,,X,,0,,,144,,,H5,HS,True,3004,,,,C00,,0,2000,,8,,244084.0,False,8,,244084.0,False,244084.0,False,0,False,,3041695.097,3041695.097,0,False,True
C,A,20210101,2021,52,2021,764,,,X,,0,,,784,,,H5,HS,True,3004,,,,C00,,0,2000,,8,,66082.0,False,8,,66082.0,False,66082.0,False,0,False,,2593172.754,2593172.754,0,False,True
C,A,20210101,2021,52,2021,764,,,X,,0,,,410,,,H5,HS,True,3004,,,,C00,,0,0,,8,,17193.0,False,8,,17193.0,False,17193.0,False,0,False,,254915.334,254915.334,0,False,True
C,A,20210101,2021,52,2021,764,,,X,,0,,,364,,,H5,HS,True,3004,,,,C00,,0,0,,8,,8.0,False,8,,8.0,False,8.0,False,0,False,,21.005,21.005,0,False,True
C,A,20210101,2021,52,2021,764,,,X,,0,,,422,,,H5,HS,True,3004,,,,C00,,0,0,,8,,27.0,False,8,,27.0,False,27.0,False,0,False,,245.299,245.299,0,False,True
C,A,20210101,2021,52,2021,764,,,X,,0,,,48,,,H5,HS,True,3004,,,,C00,,0,0,,8,,3887.0,False,8,,3887.0,False,3887.0,False,0,False,,40048.157,40048.157,0,False,True
C,A,20210101,2021,52,2021,764,,,X,,0,,,524,,,H5,HS,True,3004,,,,C00,,0,0,,8,,51148.0,False,8,,51148.0,False,51148.0,False,0,False,,1111287.255,1111287.255,0,False,True
C,A,20210101,2021,52,2021,764,,,X,,0,,,899,,,H5,HS,True,3004,,,,C00,,0,0,,8,,2953.0,False,8,,2953.0,False,2953.0,False,0,False,,24786.488,24786.488,0,False,True
C,A,20210101,2021,52,2021,764,,,X,,0,,,580,,,H5,HS,True,3004,,,,C00,,0,0,,8,,10.0,False,8,,10.0,False,10.0,False,0,False,,966.971,966.971,0,False,True
C,A,20210101,2021,52,2021,764,,,X,,0,,,818,,,H5,HS,True,3004,,,,C00,,0,0,,8,,11.0,False,8,,11.0,False,11.0,False,0,False,,3063.463,3063.463,0,False,True
C,A,20210101,2021,52,2021,764,,,X,,0,,,64,,,H5,HS,True,3004,,,,C00,,0,0,,8,,562.0,False,8,,562.0,False,562.0,False,0,False,,5788.42,5788.42,0,False,True
C,A,20210101,2021,52,2021,764,,,X,,0,,,368,,,H5,HS,True,3004,,,,C00,,0,0,,8,,10.0,False,8,,10.0,False,10.0,False,0,False,,215.647,215.647,0,False,True
C,A,20210101,2021,52,2021,764,,,X,,0,,,28,,,H5,HS,True,3004,,,,C00,,0,0,,8,,106.0,False,8,,106.0,False,106.0,False,0,False,,3954.014,3954.014,0,False,True
C,A,20210101,2021,52,2021,764,,,X,,0,,,324,,,H5,HS,True,3004,,,,C00,,0,1000,,8,,3.0,False,8,,3.0,False,3.0,False,0,False,,796.88,796.88,0,False,True
C,A,20210101,2021,52,2021,764,,,X,,0,,,364,,,H5,HS,True,3004,,,,C00,,0,1000,,8,,8.0,False,8,,8.0,False,8.0,False,0,False,,21.005,21.005,0,False,True
C,A,20210101,2021,52,2021,764,,,X,,0,,,191,,,H5,HS,True,3004,,,,C00,,0,1000,,8,,5.0,False,8,,5.0,False,5.0,False,0,False,,196.589,196.589,0,False,True
C,A,20210101,2021,52,2021,764,,,X,,0,,,226,,,H5,HS,True,3004,,,,C00,,0,1000,,8,,4.0,False,8,,4.0,False,4.0,False,0,False,,138.015,138.015,0,False,True
C,A,20210101,2021,52,2021,764,,,X,,0,,,702,,,H5,HS,True,3004,,,,C00,,0,3000,,8,,7765.0,False,8,,7765.0,False,7765.0,False,0,False,,751251.707,751251.707,0,False,True
C,A,20210101,2021,52,2021,764,,,X,,0,,,608,,,H5,HS,True,3004,,,,C00,,0,3000,,8,,6900.0,False,8,,6900.0,False,6900.0,False,0,False,,24079.234,24079.234,0,False,True
C,A,20210101,2021,52,2021,764,,,X,,0,,,466,,,H5,HS,True,3004,,,,C00,,0,1000,,8,,3.0,False,8,,3.0,False,3.0,False,0,False,,621.723,621.723,0,False,True
C,A,20210101,2021,52,2021,764,,,X,,0,,,262,,,H5,HS,True,3004,,,,C00,,0,0,,8,,2.0,False,8,,2.0,False,2.0,False,0,False,,451.944,451.944,0,False,True
C,A,20220101,2022,52,2022,764,,,X,,0,,,270,,,H6,HS,True,3004,,,,C00,,0,0,,8,,1.0,False,8,,1.0,False,1.0,False,0,False,,49.997,49.997,0,False,True
C,A,20220101,2022,52,2022,764,,,X,,0,,,242,,,H6,HS,True,3004,,,,C00,,0,0,,8,,1.0,False,8,,1.0,False,1.0,False,0,False,,136.999,136.999,0,False,True
C,A,20220101,2022,52,2022,764,,,X,,0,,,156,,,H6,HS,True,3004,,,,C00,,0,2000,,8,,390559.233,True,-1,,0.0,False,390559.233,True,0,False,,4112035.716,4112035.716,6,False,True
C,A,20220101,2022,52,2022,764,,,X,,0,,,156,,,H6,HS,True,3004,,,,C00,,0,1000,,8,,57241.295,True,-1,,0.0,False,57241.295,True,0,False,,1813412.716,1813412.716,6,False,True
C,A,20220101,2022,52,2022,764,,,X,,0,,,203,,,H6,HS,True,3004,,,,C00,,0,1000,,8,,96.709,True,-1,,0.0,False,96.709,True,0,False,,1166.031,1166.031,6,False,True
C,A,20220101,2022,52,2022,764,,,X,,0,,,104,,,H6,HS,True,3004,,,,C00,,0,1000,,8,,24307.111,True,-1,,0.0,False,24307.111,True,0,False,,4392122.405,4392122.405,6,False,True
C,A,20220101,2022,52,2022,764,,,X,,0,,,704,,,H6,HS,True,3004,,,,C00,,0,1000,,8,,22899.106,True,-1,,0.0,False,22899.106,True,0,False,,2317165.014,2317165.014,6,False,True
C,A,20220101,2022,52,2022,764,,,X,,0,,,380,,,H6,HS,True,3004,,,,C00,,0,1000,,8,,1188.986,True,-1,,0.0,False,1188.986,True,0,False,,9158.614,9158.614,6,False,True
C,A,20220101,2022,52,2022,764,,,X,,0,,,807,,,H6,HS,True,3004,,,,C00,,0,0,,8,,1.376,True,-1,,0.0,False,1.376,True,0,False,,27.265,27.265,6,False,True
C,A,20220101,2022,52,2022,764,,,X,,0,,,50,,,H6,HS,True,3004,,,,C00,,0,0,,8,,41400.175,True,-1,,0.0,False,41400.175,True,0,False,,261240.722,261240.722,6,False,True
C,A,20220101,2022,52,2022,764,,,X,,0,,,418,,,H6,HS,True,3004,,,,C00,,0,0,,8,,1876117.003,True,-1,,0.0,False,1876117.003,True,0,False,,20817836.783,20817836.783,6,False,True
C,A,20220101,2022,52,2022,764,,,X,,0,,,842,,,H6,HS,True,3004,,,,C00,,0,0,,8,,72624.684,True,-1,,0.0,False,72624.684,True,0,False,,1126740.742,1126740.742,6,False,True
C,A,20220101,2022,52,2022,764,,,X,,0,,,554,,,H6,HS,True,3004,,,,C00,,0,0,,8,,29824.317,True,-1,,0.0,False,29824.317,True,0,False,,70887.589,70887.589,6,False,True
C,A,20220101,2022,52,2022,764,,,X,,0,,,702,,,H6,HS,True,3004,,,,C00,,0,0,,8,,530132.963,True,-1,,0.0,False,530132.963,True,0,False,,25793808.971,25793808.971,6,False,True
C,A,20220101,2022,52,2022,764,,,X,,0,,,0,,,H6,HS,True,3004,,,,C00,,0,3000,,8,,16820877.703,True,-1,,0.0,False,16820877.703,True,0,False,,149750767.808,149750767.808,6,False,True
C,A,20220101,2022,52,2022,764,,,X,,0,,,466,,,H6,HS,True,3004,,,,C00,,0,0,,8,,3.0,False,8,,3.0,False,3.0,False,0,False,,1153.605,1153.605,0,False,True
C,A,20220101,2022,52,2022,764,,,X,,0,,,682,,,H6,HS,True,3004,,,,C00,,0,1000,,8,,736.0,False,8,,736.0,False,736.0,False,0,False,,16520.797,16520.797,0,False,True
C,A,20220101,2022,52,2022,764,,,X,,0,,,894,,,H6,HS,True,3004,,,,C00,,0,1000,,8,,3869.0,False,8,,3869.0,False,3869.0,False,0,False,,228603.082,228603.082,0,False,True
C,A,20220101,2022,52,2022,764,,,X,,0,,,440,,,H6,HS,True,3004,,,,C00,,0,1000,,8,,203.0,False,8,,203.0,False,203.0,False,0,False,,6505.364,6505.364,0,False,True
C,A,20220101,2022,52,2022,764,,,X,,0,,,288,,,H6,HS,True,3004,,,,C00,,0,1000,,8,,10466.0,False,8,,10466.0,False,10466.0,False,0,False,,263593.721,263593.721,0,False,True
C,A,20220101,2022,52,2022,764,,,X,,0,,,188,,,H6,HS,True,3004,,,,C00,,0,1000,,8,,828.0,False,8,,828.0,False,828.0,False,0,False,,61688.671,61688.671,0,False,True
C,A,20220101,2022,52,2022,764,,,X,,0,,,634,,,H6,HS,True,3004,,,,C00,,0,1000,,8,,3490.0,False,8,,3490.0,False,3490.0,False,0,False,,52213.117,52213.117,0,False,True
C,A,20220101,2022,52,2022,764,,,X,,0,,,40,,,H6,HS,True,3004,,,,C00,,0,1000,,8,,496.0,False,8,,496.0,False,496.0,False,0,False,,404332.621,404332.621,0,False,True
C,A,20220101,2022,52,2022,764,,,X,,0,,,446,,,H6,HS,True,3004,,,,C00,,0,1000,,8,,131.0,False,8,,131.0,False,131.0,False,0,False,,4994.469,4994.469,0,False,True
C,A,20220101,2022,52,2022,764,,,X,,0,,,262,,,H6,HS,True,3004,,,,C00,,0,0,,8,,1.0,False,8,,1.0,False,1.0,False,0,False,,364.108,364.108,0,False,True
C,A,20220101,2022,52,2022,764,,,X,,0,,,796,,,H6,HS,True,3004,,,,C00,,0,1000,,8,,1.0,False,8,,1.0,False,1.0,False,0,False,,4.01,4.01,0,False,True
C,A,20220101,2022,52,2022,764,,,X,,0,,,422,,,H6,HS,True,3004,,,,C00,,0,1000,,8,,1.0,False,8,,1.0,False,1.0,False,0,False,,1065.894,1065.894,0,False,True
C,A,20220101,2022,52,2022,764,,,X,,0,,,392,,,H6,HS,True,3004,,,,C00,,0,0,,8,,4384655.601,True,-1,,0.0,False,4384655.601,True,0,False,,36940655.084,36940655.084,6,False,True
C,A,20220101,2022,52,2022,764,,,X,,0,,,724,,,H6,HS,True,3004,,,,C00,,0,0,,8,,290.648,True,-1,,0.0,False,290.648,True,0,False,,4149.857,4149.857,6,False,True
C,A,20220101,2022,52,2022,764,,,X,,0,,,116,,,H6,HS,True,3004,,,,C00,,0,0,,8,,6843173.138,True,-1,,0.0,False,6843173.138,True,0,False,,51392722.485,51392722.485,6,False,True
C,A,20220101,2022,52,2022,764,,,X,,0,,,604,,,H6,HS,True,3004,,,,C00,,0,0,,8,,95276.246,True,-1,,0.0,False,95276.246,True,0,False,,4866606.407,4866606.407,6,False,True
C,A,20220101,2022,52,2022,764,,,X,,0,,,620,,,H6,HS,True,3004,,,,C00,,0,0,,8,,15.868,True,-1,,0.0,False,15.868,True,0,False,,290.87,290.87,6,False,True
C,A,20220101,2022,52,2022,764,,,X,,0,,,690,,,H6,HS,True,3004,,,,C00,,0,0,,8,,226.945,True,-1,,0.0,False,226.945,True,0,False,,2378.129,2378.129,6,False,True
C,A,20220101,2022,52,2022,764,,,X,,0,,,826,,,H6,HS,True,3004,,,,C00,,0,0,,8,,1082056.404,True,-1,,0.0,False,1082056.404,True,0,False,,13645871.655,13645871.655,6,False,True
C,A,20220101,2022,52,2022,764,,,X,,0,,,152,,,H6,HS,True,3004,,,,C00,,0,1000,,8,,4193.607,True,-1,,0.0,False,4193.607,True,0,False,,524867.0,524867.0,6,False,True
C,A,20220101,2022,52,2022,764,,,X,,0,,,512,,,H6,HS,True,3004,,,,C00,,0,1000,,8,,325.757,True,-1,,0.0,False,325.757,True,0,False,,42240.893,42240.893,6,False,True
C,A,20220101,2022,52,2022,764,,,X,,0,,,208,,,H6,HS,True,3004,,,,C00,,0,1000,,8,,1865.051,True,-1,,0.0,False,1865.051,True,0,False,,114401.21,114401.21,6,False,True
C,A,20220101,2022,52,2022,764,,,X,,0,,,757,,,H6,HS,True,3004,,,,C00,,0,1000,,8,,106187.685,True,-1,,0.0,False,106187.685,True,0,False,,1675303.481,1675303.481,6,False,True
C,A,20220101,2022,52,2022,764,,,X,,0,,,124,,,H6,HS,True,3004,,,,C00,,0,1000,,8,,1406.475,True,-1,,0.0,False,1406.475,True,0,False,,20199.29,20199.29,6,False,True
C,A,20220101,2022,52,2022,764,,,X,,0,,,690,,,H6,HS,True,3004,,,,C00,,0,1000,,8,,78.945,True,-1,,0.0,False,78.945,True,0,False,,1491.94,1491.94,6,False,True
C,A,20220101,2022,52,2022,764,,,X,,0,,,586,,,H6,HS,True,3004,,,,C00,,0,2000,,8,,23659.928,True,-1,,0.0,False,23659.928,True,0,False,,54916.122,54916.122,6,False,True
C,A,20220101,2022,52,2022,764,,,X,,0,,,418,,,H6,HS,True,3004,,,,C00,,0,3000,,8,,1873113.003,True,-1,,0.0,False,1873113.003,True,0,False,,20618372.892,20618372.892,6,False,True
C,A,20220101,2022,52,2022,764,,,X,,0,,,466,,,H6,HS,True,3004,,,,C00,,0,1000,,8,,3.0,False,8,,3.0,False,3.0,False,0,False,,1153.605,1153.605,0,False,True
C,A,20220101,2022,52,2022,764,,,X,,0,,,368,,,H6,HS,True,3004,,,,C00,,0,1000,,8,,3.0,False,8,,3.0,False,3.0,False,0,False,,31.01,31.01,0,False,True
C,A,20220101,2022,52,2022,764,,,X,,0,,,388,,,H6,HS,True,3004,,,,C00,,0,1000,,8,,3.0,False,8,,3.0,False,3.0,False,0,False,,35.995,35.995,0,False,True
C,A,20220101,2022,52,2022,764,,,X,,0,,,388,,,H6,HS,True,3004,,,,C00,,0,0,,8,,3.0,False,8,,3.0,False,3.0,False,0,False,,35.995,35.995,0,False,True
C,A,20220101,2022,52,2022,764,,,X,,0,,,591,,,H6,HS,True,3004,,,,C00,,0,1000,,8,,5.0,False,8,,5.0,False,5.0,False,0,False,,156.987,156.987,0,False,True
C,A,20220101,2022,52,2022,764,,,X,,0,,,608,,,H6,HS,True,3004,,,,C00,,0,3000,,8,,146.0,False,8,,146.0,False,146.0,False,0,False,,652.514,652.514,0,False,True
C,A,20220101,2022,52,2022,764,,,X,,0,,,616,,,H6,HS,True,3004,,,,C00,,0,1000,,8,,491.0,False,8,,491.0,False,491.0,False,0,False,,7098.443,7098.443,0,False,True
C,A,20220101,2022,52,2022,764,,,X,,0,,,170,,,H6,HS,True,3004,,,,C00,,0,1000,,8,,3352.0,False,8,,3352.0,False,3352.0,False,0,False,,97496.346,97496.346,0,False,True
C,A,20220101,2022,52,2022,764,,,X,,0,,,120,,,H6,HS,True,3004,,,,C00,,0,1000,,8,,8.0,False,8,,8.0,False,8.0,False,0,False,,23.998,23.998,0,False,True
C,A,20220101,2022,52,2022,764,,,X,,0,,,860,,,H6,HS,True,3004,,,,C00,,0,1000,,8,,4151.0,False,8,,4151.0,False,4151.0,False,0,False,,301404.829,301404.829,0,False,True
C,A,20220101,2022,52,2022,764,,,X,,0,,,566,,,H6,HS,True,3004,,,,C00,,0,1000,,8,,18601.0,False,8,,18601.0,False,18601.0,False,0,False,,680487.662,680487.662,0,False,True
C,A,20220101,2022,52,2022,764,,,X,,0,,,116,,,H6,HS,True,3004,,,,C00,,0,1000,,8,,41736.0,False,8,,41736.0,False,41736.0,False,0,False,,2798500.715,2798500.715,0,False,True
C,A,20220101,2022,52,2022,764,,,X,,0,,,428,,,H6,HS,True,3004,,,,C00,,0,1000,,8,,28.0,False,8,,28.0,False,28.0,False,0,False,,866.009,866.009,0,False,True
C,A,20220101,2022,52,2022,764,,,X,,0,,,56,,,H6,HS,True,3004,,,,C00,,0,1000,,8,,88.0,False,8,,88.0,False,88.0,False,0,False,,2890.824,2890.824,0,False,True
C,A,20220101,2022,52,2022,764,,,X,,0,,,144,,,H6,HS,True,3004,,,,C00,,0,1000,,8,,6116.0,False,8,,6116.0,False,6116.0,False,0,False,,150775.08,150775.08,0,False,True
C,A,20220101,2022,52,2022,764,,,X,,0,,,316,,,H6,HS,True,3004,,,,C00,,0,1000,,8,,10.0,False,8,,10.0,False,10.0,False,0,False,,57.626,57.626,0,False,True
C,A,20220101,2022,52,2022,764,,,X,,0,,,499,,,H6,HS,True,3004,,,,C00,,0,1000,,8,,6.0,False,8,,6.0,False,6.0,False,0,False,,184.004,184.004,0,False,True
C,A,20220101,2022,52,2022,764,,,X,,0,,,854,,,H6,HS,True,3004,,,,C00,,0,1000,,8,,4.0,False,8,,4.0,False,4.0,False,0,False,,68.776,68.776,0,False,True
C,A,20220101,2022,52,2022,764,,,X,,0,,,504,,,H6,HS,True,3004,,,,C00,,0,1000,,8,,4.0,False,8,,4.0,False,4.0,False,0,False,,49.047,49.047,0,False,True
C,A,20220101,2022,52,2022,764,,,X,,0,,,531,,,H6,HS,True,3004,,,,C00,,0,2000,,8,,47.0,False,8,,47.0,False,47.0,False,0,False,,850.924,850.924,0,False,True
C,A,20220101,2022,52,2022,764,,,X,,0,,,598,,,H6,HS,True,3004,,,,C00,,0,2000,,8,,39877.0,False,8,,39877.0,False,39877.0,False,0,False,,196118.315,196118.315,0,False,True
C,A,20220101,2022,52,2022,764,,,X,,0,,,84,,,H6,HS,True,3004,,,,C00,,0,2000,,8,,136.0,False,8,,136.0,False,136.0,False,0,False,,3186.009,3186.009,0,False,True
C,A,20220101,2022,52,2022,764,,,X,,0,,,899,,,H6,HS,True,3004,,,,C00,,0,2000,,8,,18123.0,False,8,,18123.0,False,18123.0,False,0,False,,116271.07,116271.07,0,False,True
C,A,20220101,2022,52,2022,764,,,X,,0,,,124,,,H6,HS,True,3004,,,,C00,,0,2000,,8,,701.0,False,8,,701.0,False,701.0,False,0,False,,45246.209,45246.209,0,False,True
C,A,20220101,2022,52,2022,764,,,X,,0,,,4,,,H6,HS,True,3004,,,,C00,,0,2000,,8,,96.0,False,8,,96.0,False,96.0,False,0,False,,990.428,990.428,0,False,True
C,A,20220101,2022,52,2022,764,,,X,,0,,,20,,,H6,HS,True,3004,,,,C00,,0,2000,,8,,325.0,False,8,,325.0,False,325.0,False,0,False,,3342.107,3342.107,0,False,True
C,A,20220101,2022,52,2022,764,,,X,,0,,,446,,,H6,HS,True,3004,,,,C00,,0,2000,,8,,35576.0,False,8,,35576.0,False,35576.0,False,0,False,,822821.808,822821.808,0,False,True
C,A,20220101,2022,52,2022,764,,,X,,0,,,804,,,H6,HS,True,3004,,,,C00,,0,2000,,8,,36505.0,False,8,,36505.0,False,36505.0,False,0,False,,2647839.195,2647839.195,0,False,True
C,A,20220101,2022,52,2022,764,,,X,,0,,,887,,,H6,HS,True,3004,,,,C00,,0,2000,,8,,27971.0,False,8,,27971.0,False,27971.0,False,0,False,,1033474.144,1033474.144,0,False,True
C,A,20220101,2022,52,2022,764,,,X,,0,,,626,,,H6,HS,True,3004,,,,C00,,0,2000,,8,,566.0,False,8,,566.0,False,566.0,False,0,False,,4112.002,4112.002,0,False,True
C,A,20220101,2022,52,2022,764,,,X,,0,,,834,,,H6,HS,True,3004,,,,C00,,0,2000,,8,,105604.0,False,8,,105604.0,False,105604.0,False,0,False,,2001227.709,2001227.709,0,False,True
C,A,20220101,2022,52,2022,764,,,X,,0,,,496,,,H6,HS,True,3004,,,,C00,,0,2000,,8,,787.0,False,8,,787.0,False,787.0,False,0,False,,44726.809,44726.809,0,False,True
C,A,20220101,2022,52,2022,764,,,X,,0,,,462,,,H6,HS,True,3004,,,,C00,,0,2000,,8,,3313.0,False,8,,3313.0,False,3313.0,False,0,False,,34222.449,34222.449,0,False,True
C,A,20220101,2022,52,2022,764,,,X,,0,,,842,,,H6,HS,True,3004,,,,C00,,0,2000,,8,,37788.0,False,8,,37788.0,False,37788.0,False,0,False,,371204.607,371204.607,0,False,True
C,A,20220101,2022,52,2022,764,,,X,,0,,,251,,,H6,HS,True,3004,,,,C00,,0,0,,8,,5364.0,False,8,,5364.0,False,5364.0,False,0,False,,200035.686,200035.686,0,False,True
C,A,20220101,2022,52,2022,764,,,X,,0,,,12,,,H6,HS,True,3004,,,,C00,,0,0,,8,,31.0,False,8,,31.0,False,31.0,False,0,False,,605.127,605.127,0,False,True
C,A,20220101,2022,52,2022,764,,,X,,0,,,48,,,H6,HS,True,3004,,,,C00,,0,0,,8,,3068.0,False,8,,3068.0,False,3068.0,False,0,False,,35942.852,35942.852,0,False,True
C,A,20220101,2022,52,2022,764,,,X,,0,,,40,,,H6,HS,True,3004,,,,C00,,0,0,,8,,767.0,False,8,,767.0,False,767.0,False,0,False,,412623.887,412623.887,0,False,True
C,A,20220101,2022,52,2022,764,,,X,,0,,,417,,,H6,HS,True,3004,,,,C00,,0,0,,8,,453.0,False,8,,453.0,False,453.0,False,0,False,,13043.344,13043.344,0,False,True
C,A,20220101,2022,52,2022,764,,,X,,0,,,64,,,H6,HS,True,3004,,,,C00,,0,0,,8,,221.0,False,8,,221.0,False,221.0,False,0,False,,1276.083,1276.083,0,False,True
C,A,20220101,2022,52,2022,764,,,X,,0,,,860,,,H6,HS,True,3004,,,,C00,,0,0,,8,,4151.0,False,8,,4151.0,False,4151.0,False,0,False,,301404.829,301404.829,0,False,True
C,A,20220101,2022,52,2022,764,,,X,,0,,,4,,,H6,HS,True,3004,,,,C00,,0,0,,8,,96.0,False,8,,96.0,False,96.0,False,0,False,,990.428,990.428,0,False,True
C,A,20220101,2022,52,2022,764,,,X,,0,,,800,,,H6,HS,True,3004,,,,C00,,0,0,,8,,31650.0,False,8,,31650.0,False,31650.0,False,0,False,,1542117.183,1542117.183,0,False,True
C,A,20220101,2022,52,2022,764,,,X,,0,,,499,,,H6,HS,True,3004,,,,C00,,0,0,,8,,6.0,False,8,,6.0,False,6.0,False,0,False,,184.004,184.004,0,False,True
C,A,20220101,2022,52,2022,764,,,X,,0,,,608,,,H6,HS,True,3004,,,,C00,,0,1000,,8,,24918.0,False,8,,24918.0,False,24918.0,False,0,False,,1221956.276,1221956.276,0,False,True
C,A,20220101,2022,52,2022,764,,,X,,0,,,642,,,H6,HS,True,3004,,,,C00,,0,2000,,8,,250.0,False,8,,250.0,False,250.0,False,0,False,,5351.343,5351.343,0,False,True
C,A,20220101,2022,52,2022,764,,,X,,0,,,508,,,H6,HS,True,3004,,,,C00,,0,2000,,8,,5.0,False,8,,5.0,False,5.0,False,0,False,,80.015,80.015,0,False,True
C,A,20220101,2022,52,2022,764,,,X,,0,,,152,,,H6,HS,True,3004,,,,C00,,0,2000,,8,,7053.0,False,8,,7053.0,False,7053.0,False,0,False,,1064675.505,1064675.505,0,False,True
C,A,20220101,2022,52,2022,764,,,X,,0,,,579,,,H6,HS,True,3004,,,,C00,,0,0,,8,,61.0,False,8,,61.0,False,61.0,False,0,False,,1806.115,1806.115,0,False,True
C,A,20220101,2022,52,2022,764,,,X,,0,,,428,,,H6,HS,True,3004,,,,C00,,0,0,,8,,4333.0,False,8,,4333.0,False,4333.0,False,0,False,,46697.221,46697.221,0,False,True
C,A,20220101,2022,52,2022,764,,,X,,0,,,446,,,H6,HS,True,3004,,,,C00,,0,0,,8,,35707.0,False,8,,35707.0,False,35707.0,False,0,False,,827816.277,827816.277,0,False,True
C,A,20220101,2022,52,2022,764,,,X,,0,,,524,,,H6,HS,True,3004,,,,C00,,0,0,,8,,501.0,False,8,,501.0,False,501.0,False,0,False,,12348.892,12348.892,0,False,True
C,A,20220101,2022,52,2022,764,,,X,,0,,,706,,,H6,HS,True,3004,,,,C00,,0,0,,8,,54586.0,False,8,,54586.0,False,54586.0,False,0,False,,779428.143,779428.143,0,False,True
C,A,20220101,2022,52,2022,764,,,X,,0,,,470,,,H6,HS,True,3004,,,,C00,,0,0,,8,,10.0,False,8,,10.0,False,10.0,False,0,False,,2562.978,2562.978,0,False,True
C,A,20220101,2022,52,2022,764,,,X,,0,,,768,,,H6,HS,True,3004,,,,C00,,0,0,,8,,2.0,False,8,,2.0,False,2.0,False,0,False,,247.745,247.745,0,False,True
C,A,20220101,2022,52,2022,764,,,X,,0,,,24,,,H6,HS,True,3004,,,,C00,,0,0,,8,,2.0,False,8,,2.0,False,2.0,False,0,False,,108.236,108.236,0,False,True
C,A,20220101,2022,52,2022,764,,,X,,0,,,60,,,H6,HS,True,3004,,,,C00,,0,0,,8,,2.0,False,8,,2.0,False,2.0,False,0,False,,9.994,9.994,0,False,True
C,A,20220101,2022,52,2022,764,,,X,,0,,,31,,,H6,HS,True,3004,,,,C00,,0,1000,,8,,1.0,False,8,,1.0,False,1.0,False,0,False,,12.186,12.186,0,False,True
C,A,20220101,2022,52,2022,764,,,X,,0,,,242,,,H6,HS,True,3004,,,,C00,,0,1000,,8,,1.0,False,8,,1.0,False,1.0,False,0,False,,136.999,136.999,0,False,True
C,A,20220101,2022,52,2022,764,,,X,,0,,,266,,,H6,HS,True,3004,,,,C00,,0,0,,8,,1.0,False,8,,1.0,False,1.0,False,0,False,,189.459,189.459,0,False,True
C,A,20220101,2022,52,2022,764,,,X,,0,,,422,,,H6,HS,True,3004,,,,C00,,0,0,,8,,1.0,False,8,,1.0,False,1.0,False,0,False,,1065.894,1065.894,0,False,True
C,A,20220101,2022,52,2022,764,,,X,,0,,,360,,,H6,HS,True,3004,,,,C00,,0,0,,8,,457653.726,True,-1,,0.0,False,457653.726,True,0,False,,5557442.555,5557442.555,6,False,True
C,A,20220101,2022,52,2022,764,,,X,,0,,,96,,,H6,HS,True,3004,,,,C00,,0,0,,8,,9047.988,True,-1,,0.0,False,9047.988,True,0,False,,508587.849,508587.849,6,False,True
C,A,20220101,2022,52,2022,764,,,X,,0,,,842,,,H6,HS,True,3004,,,,C00,,0,1000,,8,,34836.684,True,-1,,0.0,False,34836.684,True,0,False,,755536.135,755536.135,6,False,True
C,A,20220101,2022,52,2022,764,,,X,,0,,,36,,,H6,HS,True,3004,,,,C00,,0,1000,,8,,9192.661,True,-1,,0.0,False,9192.661,True,0,False,,419412.335,419412.335,6,False,True
C,A,20220101,2022,52,2022,764,,,X,,0,,,699,,,H6,HS,True,3004,,,,C00,,0,9000,,8,,11.338,True,-1,,0.0,False,11.338,True,0,False,,119.906,119.906,6,False,True
C,A,20220101,2022,52,2022,764,,,X,,0,,,344,,,H6,HS,True,3004,,,,C00,,0,3000,,8,,1887.0,False,8,,1887.0,False,1887.0,False,0,False,,24673.926,24673.926,0,False,True
C,A,20220101,2022,52,2022,764,,,X,,0,,,104,,,H6,HS,True,3004,,,,C00,,0,3000,,8,,7342598.0,False,8,,7342598.0,False,7342598.0,False,0,False,,62189869.98,62189869.98,0,False,True
C,A,20220101,2022,52,2022,764,,,X,,0,,,251,,,H6,HS,True,3004,,,,C00,,0,1000,,8,,1577.0,False,8,,1577.0,False,1577.0,False,0,False,,66747.494,66747.494,0,False,True
C,A,20220101,2022,52,2022,764,,,X,,0,,,470,,,H6,HS,True,3004,,,,C00,,0,1000,,8,,10.0,False,8,,10.0,False,10.0,False,0,False,,2562.978,2562.978,0,False,True
C,A,20220101,2022,52,2022,764,,,X,,0,,,834,,,H6,HS,True,3004,,,,C00,,0,1000,,8,,6732.0,False,8,,6732.0,False,6732.0,False,0,False,,332415.169,332415.169,0,False,True
C,A,20220101,2022,52,2022,764,,,X,,0,,,352,,,H6,HS,True,3004,,,,C00,,0,1000,,8,,35.0,False,8,,35.0,False,35.0,False,0,False,,1316.403,1316.403,0,False,True
C,A,20220101,2022,52,2022,764,,,X,,0,,,586,,,H6,HS,True,3004,,,,C00,,0,1000,,8,,2195.0,False,8,,2195.0,False,2195.0,False,0,False,,209467.547,209467.547,0,False,True
C,A,20220101,2022,52,2022,764,,,X,,0,,,800,,,H6,HS,True,3004,,,,C00,,0,2000,,8,,15893.0,False,8,,15893.0,False,15893.0,False,0,False,,808098.131,808098.131,0,False,True
C,A,20220101,2022,52,2022,764,,,X,,0,,,404,,,H6,HS,True,3004,,,,C00,,0,2000,,8,,9851.0,False,8,,9851.0,False,9851.0,False,0,False,,329379.01,329379.01,0,False,True
C,A,20220101,2022,52,2022,764,,,X,,0,,,854,,,H6,HS,True,3004,,,,C00,,0,0,,8,,4.0,False,8,,4.0,False,4.0,False,0,False,,68.776,68.776,0,False,True
C,A,20220101,2022,52,2022,764,,,X,,0,,,768,,,H6,HS,True,3004,,,,C00,,0,1000,,8,,2.0,False,8,,2.0,False,2.0,False,0,False,,247.745,247.745,0,False,True
C,A,20220101,2022,52,2022,764,,,X,,0,,,16,,,H6,HS,True,3004,,,,C00,,0,1000,,8,,1.0,False,8,,1.0,False,1.0,False,0,False,,6.987,6.987,0,False,True
C,A,20220101,2022,52,2022,764,,,X,,0,,,308,,,H6,HS,True,3004,,,,C00,,0,1000,,8,,1.0,False,8,,1.0,False,1.0,False,0,False,,969.995,969.995,0,False,True
C,A,20220101,2022,52,2022,764,,,X,,0,,,262,,,H6,HS,True,3004,,,,C00,,0,1000,,8,,1.0,False,8,,1.0,False,1.0,False,0,False,,364.108,364.108,0,False,True
C,A,20220101,2022,52,2022,764,,,X,,0,,,776,,,H6,HS,True,3004,,,,C00,,0,1000,,8,,1.0,False,8,,1.0,False,1.0,False,0,False,,9.014,9.014,0,False,True
C,A,20220101,2022,52,2022,764,,,X,,0,,,222,,,H6,HS,True,3004,,,,C00,,0,1000,,8,,1.0,False,8,,1.0,False,1.0,False,0,False,,43.466,43.466,0,False,True
C,A,20220101,2022,52,2022,764,,,X,,0,,,104,,,H6,HS,True,3004,,,,C00,,0,0,,8,,8012578.111,True,-1,,0.0,False,8012578.111,True,0,False,,73654674.912,73654674.912,6,False,True
C,A,20220101,2022,52,2022,764,,,X,,0,,,705,,,H6,HS,True,3004,,,,C00,,0,0,,8,,44148.655,True,-1,,0.0,False,44148.655,True,0,False,,602608.636,602608.636,6,False,True
C,A,20220101,2022,52,2022,764,,,X,,0,,,380,,,H6,HS,True,3004,,,,C00,,0,0,,8,,2950.986,True,-1,,0.0,False,2950.986,True,0,False,,13198.546,13198.546,6,False,True
C,A,20220101,2022,52,2022,764,,,X,,0,,,752,,,H6,HS,True,3004,,,,C00,,0,0,,8,,363.896,True,-1,,0.0,False,363.896,True,0,False,,12048.595,12048.595,6,False,True
C,A,20220101,2022,52,2022,764,,,X,,0,,,784,,,H6,HS,True,3004,,,,C00,,0,0,,8,,90008.947,True,-1,,0.0,False,90008.947,True,0,False,,2407538.106,2407538.106,6,False,True
C,A,20220101,2022,52,2022,764,,,X,,0,,,724,,,H6,HS,True,3004,,,,C00,,0,1000,,8,,286.648,True,-1,,0.0,False,286.648,True,0,False,,4072.229,4072.229,6,False,True
C,A,20220101,2022,52,2022,764,,,X,,0,,,702,,,H6,HS,True,3004,,,,C00,,0,9000,,8,,14.647,True,-1,,0.0,False,14.647,True,0,False,,154.898,154.898,6,False,True
C,A,20220101,2022,52,2022,764,,,X,,0,,,462,,,H6,HS,True,3004,,,,C00,,0,1000,,8,,310.0,False,8,,310.0,False,310.0,False,0,False,,74434.482,74434.482,0,False,True
C,A,20220101,2022,52,2022,764,,,X,,0,,,729,,,H6,HS,True,3004,,,,C00,,0,1000,,8,,2181.0,False,8,,2181.0,False,2181.0,False,0,False,,176028.535,176028.535,0,False,True
C,A,20220101,2022,52,2022,764,,,X,,0,,,524,,,H6,HS,True,3004,,,,C00,,0,1000,,8,,475.0,False,8,,475.0,False,475.0,False,0,False,,12219.296,12219.296,0,False,True
C,A,20220101,2022,52,2022,764,,,X,,0,,,417,,,H6,HS,True,3004,,,,C00,,0,1000,,8,,453.0,False,8,,453.0,False,453.0,False,0,False,,13043.344,13043.344,0,False,True
C,A,20220101,2022,52,2022,764,,,X,,0,,,458,,,H6,HS,True,3004,,,,C00,,0,1000,,8,,7986.0,False,8,,7986.0,False,7986.0,False,0,False,,576498.097,576498.097,0,False,True
C,A,20220101,2022,52,2022,764,,,X,,0,,,50,,,H6,HS,True,3004,,,,C00,,0,1000,,8,,1575.0,False,8,,1575.0,False,1575.0,False,0,False,,100314.448,100314.448,0,False,True
C,A,20220101,2022,52,2022,764,,,X,,0,,,442,,,H6,HS,True,3004,,,,C00,,0,1000,,8,,45.0,False,8,,45.0,False,45.0,False,0,False,,802.888,802.888,0,False,True
C,A,20220101,2022,52,2022,764,,,X,,0,,,233,,,H6,HS,True,3004,,,,C00,,0,1000,,8,,44.0,False,8,,44.0,False,44.0,False,0,False,,1597.959,1597.959,0,False,True
C,A,20220101,2022,52,2022,764,,,X,,0,,,344,,,H6,HS,True,3004,,,,C00,,0,1000,,8,,159247.0,False,8,,159247.0,False,159247.0,False,0,False,,7630295.662,7630295.662,0,False,True
C,A,20220101,2022,52,2022,764,,,X,,0,,,148,,,H6,HS,True,3004,,,,C00,,0,1000,,8,,4.0,False,8,,4.0,False,4.0,False,0,False,,229.752,229.752,0,False,True
C,A,20220101,2022,52,2022,764,,,X,,0,,,340,,,H6,HS,True,3004,,,,C00,,0,2000,,8,,1362.0,False,8,,1362.0,False,1362.0,False,0,False,,6190.007,6190.007,0,False,True
C,A,20220101,2022,52,2022,764,,,X,,0,,,690,,,H6,HS,True,3004,,,,C00,,0,2000,,8,,148.0,False,8,,148.0,False,148.0,False,0,False,,886.189,886.189,0,False,True
C,A,20220101,2022,52,2022,764,,,X,,0,,,203,,,H6,HS,True,3004,,,,C00,,0,2000,,8,,3050.0,False,8,,3050.0,False,3050.0,False,0,False,,29852.743,29852.743,0,False,True
C,A,20220101,2022,52,2022,764,,,X,,0,,,484,,,H6,HS,True,3004,,,,C00,,0,2000,,8,,36710.0,False,8,,36710.0,False,36710.0,False,0,False,,301638.921,301638.921,0,False,True
C,A,20220101,2022,52,2022,764,,,X,,0,,,174,,,H6,HS,True,3004,,,,C00,,0,2000,,8,,32.0,False,8,,32.0,False,32.0,False,0,False,,168.969,168.969,0,False,True
C,A,20220101,2022,52,2022,764,,,X,,0,,,670,,,H6,HS,True,3004,,,,C00,,0,2000,,8,,388.0,False,8,,388.0,False,388.0,False,0,False,,13890.463,13890.463,0,False,True
C,A,20220101,2022,52,2022,764,,,X,,0,,,40,,,H6,HS,True,3004,,,,C00,,0,2000,,8,,271.0,False,8,,271.0,False,271.0,False,0,False,,8291.266,8291.266,0,False,True
C,A,20220101,2022,52,2022,764,,,X,,0,,,188,,,H6,HS,True,3004,,,,C00,,0,2000,,8,,6373.0,False,8,,6373.0,False,6373.0,False,0,False,,23975.988,23975.988,0,False,True
C,A,20220101,2022,52,2022,764,,,X,,0,,,268,,,H6,HS,True,3004,,,,C00,,0,2000,,8,,12046.0,False,8,,12046.0,False,12046.0,False,0,False,,250994.006,250994.006,0,False,True
C,A,20220101,2022,52,2022,764,,,X,,0,,,643,,,H6,HS,True,3004,,,,C00,,0,2000,,8,,27631.0,False,8,,27631.0,False,27631.0,False,0,False,,257300.631,257300.631,0,False,True
C,A,20220101,2022,52,2022,764,,,X,,0,,,784,,,H6,HS,True,3004,,,,C00,,0,2000,,8,,69101.0,False,8,,69101.0,False,69101.0,False,0,False,,1941140.27,1941140.27,0,False,True
C,A,20220101,2022,52,2022,764,,,X,,0,,,490,,,H6,HS,True,3004,,,,C00,,0,0,,8,,104431.0,False,8,,104431.0,False,104431.0,False,0,False,,702398.613,702398.613,0,False,True
C,A,20220101,2022,52,2022,764,,,X,,0,,,528,,,H6,HS,True,3004,,,,C00,,0,0,,8,,8476.0,False,8,,8476.0,False,8476.0,False,0,False,,77228.567,77228.567,0,False,True
C,A,20220101,2022,52,2022,764,,,X,,0,,,414,,,H6,HS,True,3004,,,,C00,,0,0,,8,,613.0,False,8,,613.0,False,613.0,False,0,False,,30284.412,30284.412,0,False,True
C,A,20220101,2022,52,2022,764,,,X,,0,,,188,,,H6,HS,True,3004,,,,C00,,0,0,,8,,7201.0,False,8,,7201.0,False,7201.0,False,0,False,,85664.658,85664.658,0,False,True
C,A,20220101,2022,52,2022,764,,,X,,0,,,642,,,H6,HS,True,3004,,,,C00,,0,0,,8,,299.0,False,8,,299.0,False,299.0,False,0,False,,5990.008,5990.008,0,False,True
C,A,20220101,2022,52,2022,764,,,X,,0,,,316,,,H6,HS,True,3004,,,,C00,,0,0,,8,,10.0,False,8,,10.0,False,10.0,False,0,False,,57.626,57.626,0,False,True
C,A,20220101,2022,52,2022,764,,,X,,0,,,450,,,H6,HS,True,3004,,,,C00,,0,0,,8,,177.0,False,8,,177.0,False,177.0,False,0,False,,759.684,759.684,0,False,True
C,A,20220101,2022,52,2022,764,,,X,,0,,,780,,,H6,HS,True,3004,,,,C00,,0,0,,8,,4956.0,False,8,,4956.0,False,4956.0,False,0,False,,169860.187,169860.187,0,False,True
C,A,20220101,2022,52,2022,764,,,X,,0,,,352,,,H6,HS,True,3004,,,,C00,,0,0,,8,,35.0,False,8,,35.0,False,35.0,False,0,False,,1316.403,1316.403,0,False,True
C,A,20220101,2022,52,2022,764,,,X,,0,,,899,,,H6,HS,True,3004,,,,C00,,0,0,,8,,19030.0,False,8,,19030.0,False,19030.0,False,0,False,,140250.734,140250.734,0,False,True
C,A,20220101,2022,52,2022,764,,,X,,0,,,348,,,H6,HS,True,3004,,,,C00,,0,0,,8,,6246.0,False,8,,6246.0,False,6246.0,False,0,False,,60056.119,60056.119,0,False,True
C,A,20220101,2022,52,2022,764,,,X,,0,,,364,,,H6,HS,True,3004,,,,C00,,0,0,,8,,3.0,False,8,,3.0,False,3.0,False,0,False,,3.991,3.991,0,False,True
C,A,20220101,2022,52,2022,764,,,X,,0,,,384,,,H6,HS,True,3004,,,,C00,,0,0,,8,,3.0,False,8,,3.0,False,3.0,False,0,False,,97.853,97.853,0,False,True
C,A,20220101,2022,52,2022,764,,,X,,0,,,0,,,H6,HS,True,3004,,,,C00,,0,0,,-1,,0.0,False,-1,,0.0,False,,False,0,False,,418976671.55,418976671.55,0,False,True
C,A,20220101,2022,52,2022,764,,,X,,0,,,31,,,H6,HS,True,3004,,,,C00,,0,0,,8,,1.0,False,8,,1.0,False,1.0,False,0,False,,12.186,12.186,0,False,True
C,A,20220101,2022,52,2022,764,,,X,,0,,,208,,,H6,HS,True,3004,,,,C00,,0,3000,,8,,276.7,True,-1,,0.0,False,276.7,True,0,False,,24304.348,24304.348,6,False,True
C,A,20220101,2022,52,2022,764,,,X,,0,,,360,,,H6,HS,True,3004,,,,C00,,0,9000,,8,,15.833,True,-1,,0.0,False,15.833,True,0,False,,167.44,167.44,6,False,True
C,A,20220101,2022,52,2022,764,,,X,,0,,,191,,,H6,HS,True,3004,,,,C00,,0,1000,,8,,54.367,True,-1,,0.0,False,54.367,True,0,False,,880.863,880.863,6,False,True
C,A,20220101,2022,52,2022,764,,,X,,0,,,458,,,H6,HS,True,3004,,,,C00,,0,0,,8,,1513587.372,True,-1,,0.0,False,1513587.372,True,0,False,,23171098.971,23171098.971,6,False,True
C,A,20220101,2022,52,2022,764,,,X,,0,,,757,,,H6,HS,True,3004,,,,C00,,0,0,,8,,1032333.685,True,-1,,0.0,False,1032333.685,True,0,False,,10569741.533,10569741.533,6,False,True
C,A,20220101,2022,52,2022,764,,,X,,0,,,203,,,H6,HS,True,3004,,,,C00,,0,0,,8,,3146.709,True,-1,,0.0,False,3146.709,True,0,False,,31018.774,31018.774,6,False,True
C,A,20220101,2022,52,2022,764,,,X,,0,,,76,,,H6,HS,True,3004,,,,C00,,0,0,,8,,5.111,True,-1,,0.0,False,5.111,True,0,False,,329.024,329.024,6,False,True
C,A,20220101,2022,52,2022,764,,,X,,0,,,276,,,H6,HS,True,3004,,,,C00,,0,0,,8,,7543.16,True,-1,,0.0,False,7543.16,True,0,False,,409852.001,409852.001,6,False,True
C,A,20220101,2022,52,2022,764,,,X,,0,,,152,,,H6,HS,True,3004,,,,C00,,0,0,,8,,11246.607,True,-1,,0.0,False,11246.607,True,0,False,,1589542.505,1589542.505,6,False,True
C,A,20220101,2022,52,2022,764,,,X,,0,,,384,,,H6,HS,True,3004,,,,C00,,0,1000,,8,,3.0,False,8,,3.0,False,3.0,False,0,False,,97.853,97.853,0,False,True
C,A,20220101,2022,52,2022,764,,,X,,0,,,364,,,H6,HS,True,3004,,,,C00,,0,1000,,8,,3.0,False,8,,3.0,False,3.0,False,0,False,,3.991,3.991,0,False,True
C,A,20220101,2022,52,2022,764,,,X,,0,,,156,,,H6,HS,True,3004,,,,C00,,0,3000,,8,,17678.0,False,8,,17678.0,False,17678.0,False,0,False,,452501.739,452501.739,0,False,True
C,A,20220101,2022,52,2022,764,,,X,,0,,,116,,,H6,HS,True,3004,,,,C00,,0,3000,,8,,6456392.0,False,8,,6456392.0,False,6456392.0,False,0,False,,45359463.366,45359463.366,0,False,True
C,A,20220101,2022,52,2022,764,,,X,,0,,,646,,,H6,HS,True,3004,,,,C00,,0,1000,,8,,3976.0,False,8,,3976.0,False,3976.0,False,0,False,,192199.146,192199.146,0,False,True
C,A,20220101,2022,52,2022,764,,,X,,0,,,728,,,H6,HS,True,3004,,,,C00,,0,1000,,8,,4915.0,False,8,,4915.0,False,4915.0,False,0,False,,51944.906,51944.906,0,False,True
C,A,20220101,2022,52,2022,764,,,X,,0,,,100,,,H6,HS,True,3004,,,,C00,,0,1000,,8,,696.0,False,8,,696.0,False,696.0,False,0,False,,2035.892,2035.892,0,False,True
C,A,20210101,2021,52,2021,764,,,X,,0,,,124,,,H5,HS,True,8703,,,,C00,,0,0,,-1,,0.0,False,-1,,0.0,False,35.774,True,0,False,,119.103,119.103,4,False,True
C,A,20210101,2021,52,2021,764,,,X,,0,,,642,,,H5,HS,True,8703,,,,C00,,0,1000,,5,,0.794,True,-1,,0.0,False,1.0,False,0,False,,3699.995,3699.995,2,False,True
C,A,20210101,2021,52,2021,764,,,X,,0,,,842,,,H5,HS,True,8703,,,,C00,,0,1000,,5,,7.406,True,-1,,0.0,False,15445.0,False,0,False,,184116.404,184116.404,2,False,True
C,A,20210101,2021,52,2021,764,,,X,,0,,,170,,,H5,HS,True,8703,,,,C00,,0,2000,,5,,0.653,True,-1,,0.0,False,1950.0,False,0,False,,15000.015,15000.015,2,False,True
C,A,20210101,2021,52,2021,764,,,X,,0,,,729,,,H5,HS,True,8703,,,,C00,,0,2000,,5,,2.736,True,-1,,0.0,False,21804.0,False,0,False,,58457.284,58457.284,2,False,True
C,A,20210101,2021,52,2021,764,,,X,,0,,,554,,,H5,HS,True,8703,,,,C00,,0,2000,,5,,691.612,True,-1,,0.0,False,1277606.0,False,0,False,,17171492.737,17171492.737,2,False,True
C,A,20210101,2021,52,2021,764,,,X,,0,,,120,,,H5,HS,True,8703,,,,C00,,0,2000,,5,,2.673,True,-1,,0.0,False,2590.0,False,0,False,,61412.016,61412.016,2,False,True
C,A,20210101,2021,52,2021,764,,,X,,0,,,818,,,H5,HS,True,8703,,,,C00,,0,2000,,5,,7.79,True,-1,,0.0,False,29360.0,False,0,False,,150302.916,150302.916,2,False,True
C,A,20210101,2021,52,2021,764,,,X,,0,,,662,,,H5,HS,True,8703,,,,C00,,0,0,,5,,8.284,True,-1,,0.0,False,12580.0,False,0,False,,229199.616,229199.616,2,False,True
C,A,20210101,2021,52,2021,764,,,X,,0,,,716,,,H5,HS,True,8703,,,,C00,,0,0,,5,,152.947,True,-1,,0.0,False,300610.0,False,0,False,,3901142.974,3901142.974,2,False,True
C,A,20210101,2021,52,2021,764,,,X,,0,,,8,,,H5,HS,True,8703,,,,C00,,0,0,,5,,0.72,True,-1,,0.0,False,1500.0,False,0,False,,15000.016,15000.016,2,False,True
C,A,20210101,2021,52,2021,764,,,X,,0,,,620,,,H5,HS,True,8703,,,,C00,,0,0,,5,,6.435,True,-1,,0.0,False,14100.0,False,0,False,,153311.976,153311.976,2,False,True
C,A,20210101,2021,52,2021,764,,,X,,0,,,96,,,H5,HS,True,8703,,,,C00,,0,2000,,5,,635.0,False,5,,635.0,False,726919.0,False,0,False,,8104334.786,8104334.786,0,False,True
C,A,20210101,2021,52,2021,764,,,X,,0,,,212,,,H5,HS,True,8703,,,,C00,,0,2000,,5,,9.0,False,5,,9.0,False,18675.0,False,0,False,,288020.977,288020.977,0,False,True
C,A,20210101,2021,52,2021,764,,,X,,0,,,124,,,H5,HS,True,8703,,,,C00,,0,2000,,-1,,0.0,False,-1,,0.0,False,35.0,False,0,False,,109.038,109.038,0,False,True
C,A,20210101,2021,52,2021,764,,,X,,0,,,704,,,H5,HS,True,8703,,,,C00,,0,1000,,5,,1.0,False,5,,1.0,False,1265.0,False,0,False,,39993.609,39993.609,0,False,True
C,A,20210101,2021,52,2021,764,,,X,,0,,,320,,,H5,HS,True,8703,,,,C00,,0,0,,5,,1.0,False,5,,1.0,False,1500.0,False,0,False,,14000.0,14000.0,0,False,True
C,A,20210101,2021,52,2021,764,,,X,,0,,,320,,,H5,HS,True,8703,,,,C00,,0,2000,,5,,1.0,False,5,,1.0,False,1500.0,False,0,False,,14000.0,14000.0,0,False,True
C,A,20210101,2021,52,2021,764,,,X,,0,,,792,,,H5,HS,True,8703,,,,C00,,0,2000,,5,,2.0,False,5,,2.0,False,2648.0,False,0,False,,94220.998,94220.998,0,False,True
C,A,20210101,2021,52,2021,764,,,X,,0,,,882,,,H5,HS,True,8703,,,,C00,,0,2000,,5,,2.0,False,5,,2.0,False,4320.0,False,0,False,,56200.008,56200.008,0,False,True
C,A,20210101,2021,52,2021,764,,,X,,0,,,392,,,H5,HS,True,8703,,,,C00,,0,0,,5,,247298.427,True,-1,,0.0,False,300239701.0,False,0,False,,3426441364.635,3426441364.635,2,False,True
C,A,20210101,2021,52,2021,764,,,X,,0,,,40,,,H5,HS,True,8703,,,,C00,,0,0,,5,,1.435,True,-1,,0.0,False,5023.0,False,0,False,,38241.608,38241.608,2,False,True
C,A,20210101,2021,52,2021,764,,,X,,0,,,100,,,H5,HS,True,8703,,,,C00,,0,0,,5,,0.87,True,-1,,0.0,False,4000.0,False,0,False,,20000.016,20000.016,2,False,True
C,A,20210101,2021,52,2021,764,,,X,,0,,,368,,,H5,HS,True,8703,,,,C00,,0,0,,5,,19.384,True,-1,,0.0,False,87235.0,False,0,False,,414149.112,414149.112,2,False,True
C,A,20210101,2021,52,2021,764,,,X,,0,,,528,,,H5,HS,True,8703,,,,C00,,0,0,,5,,2.4,True,-1,,0.0,False,1800.0,False,0,False,,50000.0,50000.0,2,False,True
C,A,20210101,2021,52,2021,764,,,X,,0,,,56,,,H5,HS,True,8703,,,,C00,,0,0,,5,,0.435,True,-1,,0.0,False,1450.0,False,0,False,,10000.0,10000.0,2,False,True
C,A,20210101,2021,52,2021,764,,,X,,0,,,586,,,H5,HS,True,8703,,,,C00,,0,0,,5,,12.812,True,-1,,0.0,False,31173.0,False,0,False,,279770.059,279770.059,2,False,True
C,A,20210101,2021,52,2021,764,,,X,,0,,,52,,,H5,HS,True,8703,,,,C00,,0,0,,5,,48.162,True,-1,,0.0,False,90410.0,False,0,False,,1422427.125,1422427.125,2,False,True
C,A,20210101,2021,52,2021,764,,,X,,0,,,591,,,H5,HS,True,8703,,,,C00,,0,2000,,5,,152.389,True,-1,,0.0,False,202230.0,False,0,False,,1757225.811,1757225.811,2,False,True
C,A,20210101,2021,52,2021,764,,,X,,0,,,834,,,H5,HS,True,8703,,,,C00,,0,2000,,5,,11.208,True,-1,,0.0,False,16485.0,False,0,False,,274268.441,274268.441,2,False,True
C,A,20210101,2021,52,2021,764,,,X,,0,,,608,,,H5,HS,True,8703,,,,C00,,0,2000,,5,,6318.009,True,-1,,0.0,False,10895543.0,False,0,False,,127647838.18,127647838.18,2,False,True
C,A,20210101,2021,52,2021,764,,,X,,0,,,528,,,H5,HS,True,8703,,,,C00,,0,2000,,5,,2.4,True,-1,,0.0,False,1800.0,False,0,False,,50000.0,50000.0,2,False,True
C,A,20210101,2021,52,2021,764,,,X,,0,,,36,,,H5,HS,True,8703,,,,C00,,0,2000,,5,,11444.416,True,-1,,0.0,False,23508424.0,False,0,False,,287832627.331,287832627.331,2,False,True
C,A,20210101,2021,52,2021,764,,,X,,0,,,380,,,H5,HS,True,8703,,,,C00,,0,2000,,5,,85.621,True,-1,,0.0,False,171014.0,False,0,False,,2201261.192,2201261.192,2,False,True
C,A,20210101,2021,52,2021,764,,,X,,0,,,404,,,H5,HS,True,8703,,,,C00,,0,2000,,5,,167.224,True,-1,,0.0,False,347187.0,False,0,False,,3892994.958,3892994.958,2,False,True
C,A,20210101,2021,52,2021,764,,,X,,0,,,788,,,H5,HS,True,8703,,,,C00,,0,2000,,5,,3.433,True,-1,,0.0,False,22147.0,False,0,False,,84963.318,84963.318,2,False,True
C,A,20210101,2021,52,2021,764,,,X,,0,,,276,,,H5,HS,True,8703,,,,C00,,0,2000,,5,,17189.222,True,-1,,0.0,False,37714340.0,False,0,False,,934530690.134,934530690.134,2,False,True
C,A,20210101,2021,52,2021,764,,,X,,0,,,826,,,H5,HS,True,8703,,,,C00,,0,1000,,5,,5.004,True,-1,,0.0,False,11046.0,False,0,False,,113883.726,113883.726,2,False,True
C,A,20210101,2021,52,2021,764,,,X,,0,,,116,,,H5,HS,True,8703,,,,C00,,0,3000,,5,,2804.84,True,-1,,0.0,False,4738912.0,False,0,False,,71361240.857,71361240.857,2,False,True
C,A,20210101,2021,52,2021,764,,,X,,0,,,50,,,H5,HS,True,8703,,,,C00,,0,0,,5,,5.0,False,5,,5.0,False,6976.0,False,0,False,,49280.011,49280.011,0,False,True
C,A,20210101,2021,52,2021,764,,,X,,0,,,608,,,H5,HS,True,8703,,,,C00,,0,3000,,5,,9.0,False,5,,9.0,False,18710.0,False,0,False,,189807.696,189807.696,0,False,True
C,A,20210101,2021,52,2021,764,,,X,,0,,,796,,,H5,HS,True,8703,,,,C00,,0,2000,,5,,51.0,False,5,,51.0,False,75000.0,False,0,False,,881324.784,881324.784,0,False,True
C,A,20210101,2021,52,2021,764,,,X,,0,,,757,,,H5,HS,True,8703,,,,C00,,0,0,,5,,25.0,False,5,,25.0,False,56120.0,False,0,False,,683040.312,683040.312,0,False,True
C,A,20210101,2021,52,2021,764,,,X,,0,,,540,,,H5,HS,True,8703,,,,C00,,0,0,,5,,14.0,False,5,,14.0,False,28834.0,False,0,False,,411055.947,411055.947,0,False,True
C,A,20210101,2021,52,2021,764,,,X,,0,,,796,,,H5,HS,True,8703,,,,C00,,0,0,,5,,51.0,False,5,,51.0,False,75000.0,False,0,False,,881324.784,881324.784,0,False,True
C,A,20210101,2021,52,2021,764,,,X,,0,,,258,,,H5,HS,True,8703,,,,C00,,0,0,,5,,7.0,False,5,,7.0,False,15127.0,False,0,False,,197400.054,197400.054,0,False,True
C,A,20210101,2021,52,2021,764,,,X,,0,,,208,,,H5,HS,True,8703,,,,C00,,0,2000,,5,,4.0,False,5,,4.0,False,9234.0,False,0,False,,107299.98,107299.98,0,False,True
C,A,20210101,2021,52,2021,764,,,X,,0,,,266,,,H5,HS,True,8703,,,,C00,,0,2000,,5,,3.0,False,5,,3.0,False,6300.0,False,0,False,,71656.018,71656.018,0,False,True
C,A,20210101,2021,52,2021,764,,,X,,0,,,12,,,H5,HS,True,8703,,,,C00,,0,2000,,5,,7.591,True,-1,,0.0,False,19325.0,False,0,False,,162181.822,162181.822,2,False,True
C,A,20210101,2021,52,2021,764,,,X,,0,,,780,,,H5,HS,True,8703,,,,C00,,0,2000,,5,,55.011,True,-1,,0.0,False,114490.0,False,0,False,,1990381.864,1990381.864,2,False,True
C,A,20210101,2021,52,2021,764,,,X,,0,,,104,,,H5,HS,True,8703,,,,C00,,0,2000,,5,,71.865,True,-1,,0.0,False,79694.0,False,0,False,,2069549.305,2069549.305,2,False,True
C,A,20210101,2021,52,2021,764,,,X,,0,,,490,,,H5,HS,True,8703,,,,C00,,0,0,,5,,2.228,True,-1,,0.0,False,23367.0,False,0,False,,77830.341,77830.341,2,False,True
C,A,20210101,2021,52,2021,764,,,X,,0,,,826,,,H5,HS,True,8703,,,,C00,,0,0,,5,,44.11,True,-1,,0.0,False,61246.0,False,0,False,,787411.9,787411.9,2,False,True
C,A,20210101,2021,52,2021,764,,,X,,0,,,422,,,H5,HS,True,8703,,,,C00,,0,0,,5,,4.73,True,-1,,0.0,False,16947.0,False,0,False,,101066.747,101066.747,2,False,True
C,A,20210101,2021,52,2021,764,,,X,,0,,,566,,,H5,HS,True,8703,,,,C00,,0,0,,5,,2.084,True,-1,,0.0,False,6289.0,False,0,False,,44527.321,44527.321,2,False,True
C,A,20210101,2021,52,2021,764,,,X,,0,,,710,,,H5,HS,True,8703,,,,C00,,0,0,,5,,849.129,True,-1,,0.0,False,1778538.0,False,0,False,,19993480.018,19993480.018,2,False,True
C,A,20210101,2021,52,2021,764,,,X,,0,,,188,,,H5,HS,True,8703,,,,C00,,0,0,,5,,122.562,True,-1,,0.0,False,130443.0,False,0,False,,1271288.254,1271288.254,2,False,True
C,A,20210101,2021,52,2021,764,,,X,,0,,,480,,,H5,HS,True,8703,,,,C00,,0,0,,5,,8.031,True,-1,,0.0,False,16915.0,False,0,False,,216018.992,216018.992,2,False,True
C,A,20210101,2021,52,2021,764,,,X,,0,,,702,,,H5,HS,True,8703,,,,C00,,0,0,,5,,256206.707,True,-1,,0.0,False,471123799.0,False,0,False,,4956629502.624,4956629502.624,2,False,True
C,A,20210101,2021,52,2021,764,,,X,,0,,,392,,,H5,HS,True,8703,,,,C00,,0,1000,,5,,292.173,True,-1,,0.0,False,396879.0,False,0,False,,11365346.783,11365346.783,2,False,True
C,A,20210101,2021,52,2021,764,,,X,,0,,,392,,,H5,HS,True,8703,,,,C00,,0,3000,,5,,289.094,True,-1,,0.0,False,357895.0,False,0,False,,4454902.105,4454902.105,2,False,True
C,A,20210101,2021,52,2021,764,,,X,,0,,,450,,,H5,HS,True,8703,,,,C00,,0,2000,,5,,11.0,False,5,,11.0,False,23250.0,False,0,False,,292744.971,292744.971,0,False,True
C,A,20210101,2021,52,2021,764,,,X,,0,,,757,,,H5,HS,True,8703,,,,C00,,0,2000,,5,,25.0,False,5,,25.0,False,56120.0,False,0,False,,683040.312,683040.312,0,False,True
C,A,20210101,2021,52,2021,764,,,X,,0,,,520,,,H5,HS,True,8703,,,,C00,,0,0,,5,,7.0,False,5,,7.0,False,13548.0,False,0,False,,82566.946,82566.946,0,False,True
C,A,20210101,2021,52,2021,764,,,X,,0,,,296,,,H5,HS,True,8703,,,,C00,,0,2000,,5,,5.0,False,5,,5.0,False,9900.0,False,0,False,,123769.986,123769.986,0,False,True
C,A,20210101,2021,52,2021,764,,,X,,0,,,899,,,H5,HS,True,8703,,,,C00,,0,3000,,5,,3.0,False,5,,3.0,False,5570.0,False,0,False,,42391.84,42391.84,0,False,True
C,A,20210101,2021,52,2021,764,,,X,,0,,,410,,,H5,HS,True,8703,,,,C00,,0,0,,5,,3.0,False,5,,3.0,False,4870.0,False,0,False,,72683.258,72683.258,0,False,True
C,A,20210101,2021,52,2021,764,,,X,,0,,,208,,,H5,HS,True,8703,,,,C00,,0,3000,,5,,1.0,False,5,,1.0,False,2423.0,False,0,False,,32999.991,32999.991,0,False,True
C,A,20210101,2021,52,2021,764,,,X,,0,,,231,,,H5,HS,True,8703,,,,C00,,0,2000,,5,,1.0,False,5,,1.0,False,2105.0,False,0,False,,18899.985,18899.985,0,False,True
C,A,20210101,2021,52,2021,764,,,X,,0,,,90,,,H5,HS,True,8703,,,,C00,,0,2000,,5,,1.0,False,5,,1.0,False,2175.0,False,0,False,,29869.992,29869.992,0,False,True
C,A,20210101,2021,52,2021,764,,,X,,0,,,184,,,H5,HS,True,8703,,,,C00,,0,0,,5,,1.0,False,5,,1.0,False,2175.0,False,0,False,,29870.002,29870.002,0,False,True
C,A,20210101,2021,52,2021,764,,,X,,0,,,156,,,H5,HS,True,8703,,,,C00,,0,3000,,5,,482.53,True,-1,,0.0,False,842160.0,False,0,False,,4906306.175,4906306.175,2,False,True
C,A,20210101,2021,52,2021,764,,,X,,0,,,104,,,H5,HS,True,8703,,,,C00,,0,3000,,5,,25115.096,True,-1,,0.0,False,39321122.0,False,0,False,,95183357.031,95183357.031,2,False,True
C,A,20210101,2021,52,2021,764,,,X,,0,,,246,,,H5,HS,True,8703,,,,C00,,0,2000,,5,,3.055,True,-1,,0.0,False,2050.0,False,0,False,,45289.012,45289.012,2,False,True
C,A,20210101,2021,52,2021,764,,,X,,0,,,100,,,H5,HS,True,8703,,,,C00,,0,2000,,5,,0.87,True,-1,,0.0,False,4000.0,False,0,False,,20000.016,20000.016,2,False,True
C,A,20210101,2021,52,2021,764,,,X,,0,,,116,,,H5,HS,True,8703,,,,C00,,0,2000,,5,,2.793,True,-1,,0.0,False,3151.0,False,0,False,,34393.276,34393.276,2,False,True
C,A,20210101,2021,52,2021,764,,,X,,0,,,414,,,H5,HS,True,8703,,,,C00,,0,2000,,5,,3.551,True,-1,,0.0,False,12135.0,False,0,False,,80924.198,80924.198,2,False,True
C,A,20210101,2021,52,2021,764,,,X,,0,,,422,,,H5,HS,True,8703,,,,C00,,0,2000,,5,,4.73,True,-1,,0.0,False,16947.0,False,0,False,,101066.747,101066.747,2,False,True
C,A,20210101,2021,52,2021,764,,,X,,0,,,44,,,H5,HS,True,8703,,,,C00,,0,2000,,5,,0.653,True,-1,,0.0,False,1600.0,False,0,False,,15000.015,15000.015,2,False,True
C,A,20210101,2021,52,2021,764,,,X,,0,,,699,,,H5,HS,True,8703,,,,C00,,0,2000,,5,,2.09,True,-1,,0.0,False,3867.0,False,0,False,,36778.699,36778.699,2,False,True
C,A,20210101,2021,52,2021,764,,,X,,0,,,372,,,H5,HS,True,8703,,,,C00,,0,2000,,5,,1.997,True,-1,,0.0,False,3000.0,False,0,False,,21685.661,21685.661,2,False,True
C,A,20210101,2021,52,2021,764,,,X,,0,,,788,,,H5,HS,True,8703,,,,C00,,0,0,,5,,3.433,True,-1,,0.0,False,22147.0,False,0,False,,84963.318,84963.318,2,False,True
C,A,20210101,2021,52,2021,764,,,X,,0,,,634,,,H5,HS,True,8703,,,,C00,,0,0,,5,,11.183,True,-1,,0.0,False,13915.0,False,0,False,,149503.971,149503.971,2,False,True
C,A,20210101,2021,52,2021,764,,,X,,0,,,780,,,H5,HS,True,8703,,,,C00,,0,0,,5,,55.011,True,-1,,0.0,False,114490.0,False,0,False,,1990381.864,1990381.864,2,False,True
C,A,20210101,2021,52,2021,764,,,X,,0,,,499,,,H5,HS,True,8703,,,,C00,,0,0,,5,,0.435,True,-1,,0.0,False,2000.0,False,0,False,,10000.0,10000.0,2,False,True
C,A,20210101,2021,52,2021,764,,,X,,0,,,682,,,H5,HS,True,8703,,,,C00,,0,0,,5,,570.949,True,-1,,0.0,False,1281092.0,False,0,False,,12641088.765,12641088.765,2,False,True
C,A,20210101,2021,52,2021,764,,,X,,0,,,380,,,H5,HS,True,8703,,,,C00,,0,0,,5,,85.621,True,-1,,0.0,False,171014.0,False,0,False,,2201261.192,2201261.192,2,False,True
C,A,20210101,2021,52,2021,764,,,X,,0,,,842,,,H5,HS,True,8703,,,,C00,,0,0,,5,,16931.619,True,-1,,0.0,False,40562814.0,False,0,False,,443683493.378,443683493.378,2,False,True
C,A,20210101,2021,52,2021,764,,,X,,0,,,276,,,H5,HS,True,8703,,,,C00,,0,0,,5,,17190.222,True,-1,,0.0,False,37715730.0,False,0,False,,934576438.871,934576438.871,2,False,True
C,A,20210101,2021,52,2021,764,,,X,,0,,,218,,,H5,HS,True,8703,,,,C00,,0,0,,5,,0.88,True,-1,,0.0,False,2608.0,False,0,False,,18802.641,18802.641,2,False,True
C,A,20210101,2021,52,2021,764,,,X,,0,,,894,,,H5,HS,True,8703,,,,C00,,0,0,,5,,1.478,True,-1,,0.0,False,2095.0,False,0,False,,36449.077,36449.077,2,False,True
C,A,20210101,2021,52,2021,764,,,X,,0,,,899,,,H5,HS,True,8703,,,,C00,,0,0,,5,,819.152,True,-1,,0.0,False,1780242.0,False,0,False,,22696166.036,22696166.036,2,False,True
C,A,20210101,2021,52,2021,764,,,X,,0,,,591,,,H5,HS,True,8703,,,,C00,,0,0,,5,,152.389,True,-1,,0.0,False,202230.0,False,0,False,,1757225.811,1757225.811,2,False,True
C,A,20210101,2021,52,2021,764,,,X,,0,,,104,,,H5,HS,True,8703,,,,C00,,0,0,,5,,25186.961,True,-1,,0.0,False,39400816.0,False,0,False,,97252906.336,97252906.336,2,False,True
C,A,20210101,2021,52,2021,764,,,X,,0,,,36,,,H5,HS,True,8703,,,,C00,,0,0,,5,,11459.416,True,-1,,0.0,False,23541499.0,False,0,False,,288193716.199,288193716.199,2,False,True
C,A,20210101,2021,52,2021,764,,,X,,0,,,222,,,H5,HS,True,8703,,,,C00,,0,0,,5,,0.618,True,-1,,0.0,False,2316.0,False,0,False,,13202.147,13202.147,2,False,True
C,A,20210101,2021,52,2021,764,,,X,,0,,,600,,,H5,HS,True,8703,,,,C00,,0,0,,5,,35.0,False,5,,35.0,False,73430.0,False,0,False,,899954.979,899954.979,0,False,True
C,A,20210101,2021,52,2021,764,,,X,,0,,,548,,,H5,HS,True,8703,,,,C00,,0,0,,5,,7.0,False,5,,7.0,False,15173.0,False,0,False,,205160.039,205160.039,0,False,True
C,A,20210101,2021,52,2021,764,,,X,,0,,,548,,,H5,HS,True,8703,,,,C00,,0,2000,,5,,7.0,False,5,,7.0,False,15173.0,False,0,False,,205160.039,205160.039,0,False,True
C,A,20210101,2021,52,2021,764,,,X,,0,,,258,,,H5,HS,True,8703,,,,C00,,0,2000,,5,,7.0,False,5,,7.0,False,15127.0,False,0,False,,197400.054,197400.054,0,False,True
C,A,20210101,2021,52,2021,764,,,X,,0,,,702,,,H5,HS,True,8703,,,,C00,,0,3000,,5,,7763.0,False,5,,7763.0,False,15600825.0,False,0,False,,186642291.037,186642291.037,0,False,True
C,A,20210101,2021,52,2021,764,,,X,,0,,,203,,,H5,HS,True,8703,,,,C00,,0,0,,5,,3.0,False,5,,3.0,False,2850.0,False,0,False,,4838.101,4838.101,0,False,True
C,A,20210101,2021,52,2021,764,,,X,,0,,,724,,,H5,HS,True,8703,,,,C00,,0,1000,,5,,3.0,False,5,,3.0,False,5571.0,False,0,False,,117190.052,117190.052,0,False,True
C,A,20210101,2021,52,2021,764,,,X,,0,,,36,,,H5,HS,True,8703,,,,C00,,0,3000,,5,,1.0,False,5,,1.0,False,2205.0,False,0,False,,19618.624,19618.624,0,False,True
C,A,20210101,2021,52,2021,764,,,X,,0,,,276,,,H5,HS,True,8703,,,,C00,,0,1000,,5,,1.0,False,5,,1.0,False,1390.0,False,0,False,,45748.738,45748.738,0,False,True
C,A,20210101,2021,52,2021,764,,,X,,0,,,882,,,H5,HS,True,8703,,,,C00,,0,0,,5,,2.0,False,5,,2.0,False,4320.0,False,0,False,,56200.008,56200.008,0,False,True
C,A,20210101,2021,52,2021,764,,,X,,0,,,400,,,H5,HS,True,8703,,,,C00,,0,0,,5,,1.358,True,-1,,0.0,False,1928.0,False,0,False,,25847.908,25847.908,2,False,True
C,A,20210101,2021,52,2021,764,,,X,,0,,,740,,,H5,HS,True,8703,,,,C00,,0,0,,5,,104.461,True,-1,,0.0,False,209785.0,False,0,False,,3351667.266,3351667.266,2,False,True
C,A,20210101,2021,52,2021,764,,,X,,0,,,120,,,H5,HS,True,8703,,,,C00,,0,0,,5,,2.673,True,-1,,0.0,False,2590.0,False,0,False,,61412.016,61412.016,2,False,True
C,A,20210101,2021,52,2021,764,,,X,,0,,,404,,,H5,HS,True,8703,,,,C00,,0,0,,5,,167.224,True,-1,,0.0,False,347187.0,False,0,False,,3892994.958,3892994.958,2,False,True
C,A,20210101,2021,52,2021,764,,,X,,0,,,642,,,H5,HS,True,8703,,,,C00,,0,0,,5,,0.794,True,-1,,0.0,False,1.0,False,0,False,,3699.995,3699.995,2,False,True
C,A,20210101,2021,52,2021,764,,,X,,0,,,598,,,H5,HS,True,8703,,,,C00,,0,0,,5,,16.829,True,-1,,0.0,False,28185.0,False,0,False,,408278.138,408278.138,2,False,True
C,A,20210101,2021,52,2021,764,,,X,,0,,,40,,,H5,HS,True,8703,,,,C00,,0,2000,,5,,1.435,True,-1,,0.0,False,5023.0,False,0,False,,38241.608,38241.608,2,False,True
C,A,20210101,2021,52,2021,764,,,X,,0,,,499,,,H5,HS,True,8703,,,,C00,,0,2000,,5,,0.435,True,-1,,0.0,False,2000.0,False,0,False,,10000.0,10000.0,2,False,True
C,A,20210101,2021,52,2021,764,,,X,,0,,,586,,,H5,HS,True,8703,,,,C00,,0,2000,,5,,12.812,True,-1,,0.0,False,31173.0,False,0,False,,279770.059,279770.059,2,False,True
C,A,20210101,2021,52,2021,764,,,X,,0,,,682,,,H5,HS,True,8703,,,,C00,,0,2000,,5,,570.949,True,-1,,0.0,False,1281092.0,False,0,False,,12641088.765,12641088.765,2,False,True
C,A,20210101,2021,52,2021,764,,,X,,0,,,800,,,H5,HS,True,8703,,,,C00,,0,2000,,5,,42.811,True,-1,,0.0,False,85445.0,False,0,False,,1254009.374,1254009.374,2,False,True
C,A,20210101,2021,52,2021,764,,,X,,0,,,344,,,H5,HS,True,8703,,,,C00,,0,2000,,5,,1662.68,True,-1,,0.0,False,3732400.0,False,0,False,,52733569.461,52733569.461,2,False,True
C,A,20210101,2021,52,2021,764,,,X,,0,,,458,,,H5,HS,True,8703,,,,C00,,0,3000,,5,,27.482,True,-1,,0.0,False,54822.0,False,0,False,,950867.546,950867.546,2,False,True
C,A,20210101,2021,52,2021,764,,,X,,0,,,643,,,H5,HS,True,8703,,,,C00,,0,0,,5,,150.0,False,5,,150.0,False,322305.0,False,0,False,,3878457.146,3878457.146,0,False,True
C,A,20210101,2021,52,2021,764,,,X,,0,,,84,,,H5,HS,True,8703,,,,C00,,0,0,,5,,8.0,False,5,,8.0,False,16927.0,False,0,False,,222417.004,222417.004,0,False,True
C,A,20210101,2021,52,2021,764,,,X,,0,,,600,,,H5,HS,True,8703,,,,C00,,0,2000,,5,,35.0,False,5,,35.0,False,73430.0,False,0,False,,899954.979,899954.979,0,False,True
C,A,20210101,2021,52,2021,764,,,X,,0,,,50,,,H5,HS,True,8703,,,,C00,,0,2000,,5,,5.0,False,5,,5.0,False,6976.0,False,0,False,,49280.011,49280.011,0,False,True
C,A,20210101,2021,52,2021,764,,,X,,0,,,266,,,H5,HS,True,8703,,,,C00,,0,0,,5,,3.0,False,5,,3.0,False,6300.0,False,0,False,,71656.018,71656.018,0,False,True
C,A,20210101,2021,52,2021,764,,,X,,0,,,76,,,H5,HS,True,8703,,,,C00,,0,0,,5,,3.0,False,5,,3.0,False,4404.0,False,0,False,,465265.326,465265.326,0,False,True
C,A,20210101,2021,52,2021,764,,,X,,0,,,490,,,H5,HS,True,8703,,,,C00,,0,1000,,5,,0.0,True,-1,,0.0,False,2.0,False,0,False,,4.998,4.998,2,False,True
C,A,20210101,2021,52,2021,764,,,X,,0,,,90,,,H5,HS,True,8703,,,,C00,,0,0,,5,,1.0,False,5,,1.0,False,2175.0,False,0,False,,29869.992,29869.992,0,False,True
C,A,20210101,2021,52,2021,764,,,X,,0,,,8,,,H5,HS,True,8703,,,,C00,,0,2000,,5,,0.72,True,-1,,0.0,False,1500.0,False,0,False,,15000.016,15000.016,2,False,True
C,A,20210101,2021,52,2021,764,,,X,,0,,,328,,,H5,HS,True,8703,,,,C00,,0,2000,,5,,39.772,True,-1,,0.0,False,80195.0,False,0,False,,1367454.916,1367454.916,2,False,True
C,A,20210101,2021,52,2021,764,,,X,,0,,,392,,,H5,HS,True,8703,,,,C00,,0,2000,,5,,246717.16,True,-1,,0.0,False,299484927.0,False,0,False,,3410621115.747,3410621115.747,2,False,True
C,A,20210101,2021,52,2021,764,,,X,,0,,,716,,,H5,HS,True,8703,,,,C00,,0,2000,,5,,152.947,True,-1,,0.0,False,300610.0,False,0,False,,3901142.974,3901142.974,2,False,True
C,A,20210101,2021,52,2021,764,,,X,,0,,,188,,,H5,HS,True,8703,,,,C00,,0,2000,,5,,122.562,True,-1,,0.0,False,130443.0,False,0,False,,1271288.254,1271288.254,2,False,True
C,A,20210101,2021,52,2021,764,,,X,,0,,,710,,,H5,HS,True,8703,,,,C00,,0,2000,,5,,849.129,True,-1,,0.0,False,1778538.0,False,0,False,,19993480.018,19993480.018,2,False,True
C,A,20210101,2021,52,2021,764,,,X,,0,,,894,,,H5,HS,True,8703,,,,C00,,0,2000,,5,,1.478,True,-1,,0.0,False,2095.0,False,0,False,,36449.077,36449.077,2,False,True
C,A,20210101,2021,52,2021,764,,,X,,0,,,388,,,H5,HS,True,8703,,,,C00,,0,0,,5,,120.827,True,-1,,0.0,False,218043.0,False,0,False,,3908816.234,3908816.234,2,False,True
C,A,20210101,2021,52,2021,764,,,X,,0,,,418,,,H5,HS,True,8703,,,,C00,,0,0,,5,,2005.187,True,-1,,0.0,False,3077342.0,False,0,False,,61988701.039,61988701.039,2,False,True
C,A,20210101,2021,52,2021,764,,,X,,0,,,372,,,H5,HS,True,8703,,,,C00,,0,0,,5,,1.997,True,-1,,0.0,False,3000.0,False,0,False,,21685.661,21685.661,2,False,True
C,A,20210101,2021,52,2021,764,,,X,,0,,,64,,,H5,HS,True,8703,,,,C00,,0,0,,5,,3.465,True,-1,,0.0,False,6930.0,False,0,False,,99603.682,99603.682,2,False,True
C,A,20210101,2021,52,2021,764,,,X,,0,,,344,,,H5,HS,True,8703,,,,C00,,0,0,,5,,1662.68,True,-1,,0.0,False,3732400.0,False,0,False,,52733569.461,52733569.461,2,False,True
C,A,20210101,2021,52,2021,764,,,X,,0,,,156,,,H5,HS,True,8703,,,,C00,,0,0,,5,,522.737,True,-1,,0.0,False,917066.0,False,0,False,,7224683.861,7224683.861,2,False,True
C,A,20210101,2021,52,2021,764,,,X,,0,,,818,,,H5,HS,True,8703,,,,C00,,0,0,,5,,7.79,True,-1,,0.0,False,29360.0,False,0,False,,150302.916,150302.916,2,False,True
C,A,20210101,2021,52,2021,764,,,X,,0,,,554,,,H5,HS,True,8703,,,,C00,,0,0,,5,,691.638,True,-1,,0.0,False,1277607.0,False,0,False,,17171617.394,17171617.394,2,False,True
C,A,20210101,2021,52,2021,764,,,X,,0,,,508,,,H5,HS,True,8703,,,,C00,,0,0,,5,,46.397,True,-1,,0.0,False,76795.0,False,0,False,,1403535.228,1403535.228,2,False,True
C,A,20210101,2021,52,2021,764,,,X,,0,,,124,,,H5,HS,True,8703,,,,C00,,0,1000,,5,,0.002,True,-1,,0.0,False,0.774,True,0,False,,10.065,10.065,6,False,True
C,A,20210101,2021,52,2021,764,,,X,,0,,,136,,,H5,HS,True,8703,,,,C00,,0,2000,,5,,29.0,False,5,,29.0,False,59510.0,False,0,False,,927906.133,927906.133,0,False,True
C,A,20210101,2021,52,2021,764,,,X,,0,,,136,,,H5,HS,True,8703,,,,C00,,0,0,,5,,29.0,False,5,,29.0,False,59510.0,False,0,False,,927906.133,927906.133,0,False,True
C,A,20210101,2021,52,2021,764,,,X,,0,,,332,,,H5,HS,True,8703,,,,C00,,0,0,,5,,42.0,False,5,,42.0,False,88074.0,False,0,False,,1030511.897,1030511.897,0,False,True
C,A,20210101,2021,52,2021,764,,,X,,0,,,242,,,H5,HS,True,8703,,,,C00,,0,0,,5,,7.0,False,5,,7.0,False,11363.0,False,0,False,,155862.444,155862.444,0,False,True
C,A,20210101,2021,52,2021,764,,,X,,0,,,450,,,H5,HS,True,8703,,,,C00,,0,0,,5,,11.0,False,5,,11.0,False,23250.0,False,0,False,,292744.971,292744.971,0,False,True
C,A,20210101,2021,52,2021,764,,,X,,0,,,96,,,H5,HS,True,8703,,,,C00,,0,0,,5,,635.0,False,5,,635.0,False,726919.0,False,0,False,,8104334.786,8104334.786,0,False,True
C,A,20210101,2021,52,2021,764,,,X,,0,,,534,,,H5,HS,True,8703,,,,C00,,0,2000,,5,,6.0,False,5,,6.0,False,6060.0,False,0,False,,59143.982,59143.982,0,False,True
C,A,20210101,2021,52,2021,764,,,X,,0,,,208,,,H5,HS,True,8703,,,,C00,,0,0,,5,,5.0,False,5,,5.0,False,11657.0,False,0,False,,140299.971,140299.971,0,False,True
C,A,20210101,2021,52,2021,764,,,X,,0,,,792,,,H5,HS,True,8703,,,,C00,,0,1000,,5,,3.0,False,5,,3.0,False,4362.0,False,0,False,,201088.637,201088.637,0,False,True
C,A,20210101,2021,52,2021,764,,,X,,0,,,724,,,H5,HS,True,8703,,,,C00,,0,0,,5,,3.0,False,5,,3.0,False,5571.0,False,0,False,,117190.052,117190.052,0,False,True
C,A,20210101,2021,52,2021,764,,,X,,0,,,231,,,H5,HS,True,8703,,,,C00,,0,0,,5,,1.0,False,5,,1.0,False,2105.0,False,0,False,,18899.985,18899.985,0,False,True
C,A,20210101,2021,52,2021,764,,,X,,0,,,184,,,H5,HS,True,8703,,,,C00,,0,2000,,5,,1.0,False,5,,1.0,False,2175.0,False,0,False,,29870.002,29870.002,0,False,True
C,A,20210101,2021,52,2021,764,,,X,,0,,,222,,,H5,HS,True,8703,,,,C00,,0,2000,,5,,0.618,True,-1,,0.0,False,2316.0,False,0,False,,13202.147,13202.147,2,False,True
C,A,20210101,2021,52,2021,764,,,X,,0,,,662,,,H5,HS,True,8703,,,,C00,,0,2000,,5,,8.284,True,-1,,0.0,False,12580.0,False,0,False,,229199.616,229199.616,2,False,True
C,A,20210101,2021,52,2021,764,,,X,,0,,,620,,,H5,HS,True,8703,,,,C00,,0,2000,,5,,6.435,True,-1,,0.0,False,14100.0,False,0,False,,153311.976,153311.976,2,False,True
C,A,20210101,2021,52,2021,764,,,X,,0,,,156,,,H5,HS,True,8703,,,,C00,,0,2000,,5,,40.152,True,-1,,0.0,False,74889.0,False,0,False,,2318119.688,2318119.688,2,False,True
C,A,20210101,2021,52,2021,764,,,X,,0,,,56,,,H5,HS,True,8703,,,,C00,,0,2000,,5,,0.435,True,-1,,0.0,False,1450.0,False,0,False,,10000.0,10000.0,2,False,True
C,A,20210101,2021,52,2021,764,,,X,,0,,,740,,,H5,HS,True,8703,,,,C00,,0,2000,,5,,104.461,True,-1,,0.0,False,209785.0,False,0,False,,3351667.266,3351667.266,2,False,True
C,A,20210101,2021,52,2021,764,,,X,,0,,,300,,,H5,HS,True,8703,,,,C00,,0,2000,,5,,6.398,True,-1,,0.0,False,11682.0,False,0,False,,136687.814,136687.814,2,False,True
C,A,20210101,2021,52,2021,764,,,X,,0,,,634,,,H5,HS,True,8703,,,,C00,,0,2000,,5,,11.183,True,-1,,0.0,False,13915.0,False,0,False,,149503.971,149503.971,2,False,True
C,A,20210101,2021,52,2021,764,,,X,,0,,,566,,,H5,HS,True,8703,,,,C00,,0,2000,,5,,2.084,True,-1,,0.0,False,6289.0,False,0,False,,44527.321,44527.321,2,False,True
C,A,20210101,2021,52,2021,764,,,X,,0,,,784,,,H5,HS,True,8703,,,,C00,,0,2000,,5,,5890.727,True,-1,,0.0,False,11383085.0,False,0,False,,125075688.758,125075688.758,2,False,True
C,A,20210101,2021,52,2021,764,,,X,,0,,,598,,,H5,HS,True,8703,,,,C00,,0,2000,,5,,16.829,True,-1,,0.0,False,28185.0,False,0,False,,408278.138,408278.138,2,False,True
C,A,20210101,2021,52,2021,764,,,X,,0,,,704,,,H5,HS,True,8703,,,,C00,,0,2000,,5,,7849.347,True,-1,,0.0,False,9819451.0,False,0,False,,107642167.517,107642167.517,2,False,True
C,A,20210101,2021,52,2021,764,,,X,,0,,,170,,,H5,HS,True,8703,,,,C00,,0,0,,5,,0.653,True,-1,,0.0,False,1950.0,False,0,False,,15000.015,15000.015,2,False,True
C,A,20210101,2021,52,2021,764,,,X,,0,,,116,,,H5,HS,True,8703,,,,C00,,0,0,,5,,2807.633,True,-1,,0.0,False,4742063.0,False,0,False,,71395634.133,71395634.133,2,False,True
C,A,20210101,2021,52,2021,764,,,X,,0,,,246,,,H5,HS,True,8703,,,,C00,,0,0,,5,,3.055,True,-1,,0.0,False,2050.0,False,0,False,,45289.012,45289.012,2,False,True
C,A,20210101,2021,52,2021,764,,,X,,0,,,300,,,H5,HS,True,8703,,,,C00,,0,0,,5,,6.398,True,-1,,0.0,False,11682.0,False,0,False,,136687.814,136687.814,2,False,True
C,A,20210101,2021,52,2021,764,,,X,,0,,,608,,,H5,HS,True,8703,,,,C00,,0,0,,5,,6327.009,True,-1,,0.0,False,10914253.0,False,0,False,,127837645.876,127837645.876,2,False,True
C,A,20210101,2021,52,2021,764,,,X,,0,,,12,,,H5,HS,True,8703,,,,C00,,0,0,,5,,7.591,True,-1,,0.0,False,19325.0,False,0,False,,162181.822,162181.822,2,False,True
C,A,20210101,2021,52,2021,764,,,X,,0,,,729,,,H5,HS,True,8703,,,,C00,,0,0,,5,,2.736,True,-1,,0.0,False,21804.0,False,0,False,,58457.284,58457.284,2,False,True
C,A,20210101,2021,52,2021,764,,,X,,0,,,800,,,H5,HS,True,8703,,,,C00,,0,0,,5,,42.811,True,-1,,0.0,False,85445.0,False,0,False,,1254009.374,1254009.374,2,False,True
C,A,20210101,2021,52,2021,764,,,X,,0,,,308,,,H5,HS,True,8703,,,,C00,,0,0,,5,,5.524,True,-1,,0.0,False,10480.0,False,0,False,,135205.427,135205.427,2,False,True
C,A,20210101,2021,52,2021,764,,,X,,0,,,414,,,H5,HS,True,8703,,,,C00,,0,0,,5,,3.551,True,-1,,0.0,False,12135.0,False,0,False,,80924.198,80924.198,2,False,True
C,A,20210101,2021,52,2021,764,,,X,,0,,,418,,,H5,HS,True,8703,,,,C00,,0,3000,,5,,2005.187,True,-1,,0.0,False,3077342.0,False,0,False,,61988701.039,61988701.039,2,False,True
C,A,20210101,2021,52,2021,764,,,X,,0,,,0,,,H5,HS,True,8703,,,,C00,,0,3000,,5,,38501.229,True,-1,,0.0,False,64021986.0,False,0,False,,425772483.942,425772483.942,2,False,True
C,A,20210101,2021,52,2021,764,,,X,,0,,,752,,,H5,HS,True,8703,,,,C00,,0,0,,5,,45.0,False,5,,45.0,False,102555.0,False,0,False,,1276349.343,1276349.343,0,False,True
C,A,20210101,2021,52,2021,764,,,X,,0,,,626,,,H5,HS,True,8703,,,,C00,,0,0,,5,,78.0,False,5,,78.0,False,168540.0,False,0,False,,2251352.702,2251352.702,0,False,True
C,A,20210101,2021,52,2021,764,,,X,,0,,,643,,,H5,HS,True,8703,,,,C00,,0,2000,,5,,150.0,False,5,,150.0,False,322305.0,False,0,False,,3878457.146,3878457.146,0,False,True
C,A,20210101,2021,52,2021,764,,,X,,0,,,340,,,H5,HS,True,8703,,,,C00,,0,2000,,5,,22.0,False,5,,22.0,False,45350.0,False,0,False,,535816.018,535816.018,0,False,True
C,A,20210101,2021,52,2021,764,,,X,,0,,,626,,,H5,HS,True,8703,,,,C00,,0,2000,,5,,78.0,False,5,,78.0,False,168540.0,False,0,False,,2251352.702,2251352.702,0,False,True
C,A,20210101,2021,52,2021,764,,,X,,0,,,36,,,H5,HS,True,8703,,,,C00,,0,1000,,5,,14.0,False,5,,14.0,False,30870.0,False,0,False,,341470.244,341470.244,0,False,True
C,A,20210101,2021,52,2021,764,,,X,,0,,,76,,,H5,HS,True,8703,,,,C00,,0,1000,,5,,3.0,False,5,,3.0,False,4404.0,False,0,False,,465265.326,465265.326,0,False,True
C,A,20210101,2021,52,2021,764,,,X,,0,,,203,,,H5,HS,True,8703,,,,C00,,0,2000,,5,,3.0,False,5,,3.0,False,2850.0,False,0,False,,4838.101,4838.101,0,False,True
C,A,20210101,2021,52,2021,764,,,X,,0,,,0,,,H5,HS,True,8703,,,,C00,,0,2000,,-1,,0.0,False,-1,,0.0,False,907229184.0,False,0,False,,10437081811.712,10437081811.712,0,False,True
C,A,20210101,2021,52,2021,764,,,X,,0,,,0,,,H5,HS,True,8703,,,,C00,,0,0,,-1,,0.0,False,-1,,0.0,False,971723873.774,True,0,False,,10875748558.288,10875748558.288,4,False,True
C,A,20210101,2021,52,2021,764,,,X,,0,,,554,,,H5,HS,True,8703,,,,C00,,0,1000,,5,,0.027,True,-1,,0.0,False,1.0,False,0,False,,124.657,124.657,2,False,True
C,A,20210101,2021,52,2021,764,,,X,,0,,,328,,,H5,HS,True,8703,,,,C00,,0,0,,5,,39.772,True,-1,,0.0,False,80195.0,False,0,False,,1367454.916,1367454.916,2,False,True
C,A,20210101,2021,52,2021,764,,,X,,0,,,512,,,H5,HS,True,8703,,,,C00,,0,0,,5,,25.435,True,-1,,0.0,False,54490.0,False,0,False,,535725.039,535725.039,2,False,True
C,A,20210101,2021,52,2021,764,,,X,,0,,,699,,,H5,HS,True,8703,,,,C00,,0,0,,5,,3.273,True,-1,,0.0,False,5317.0,False,0,False,,52840.101,52840.101,2,False,True
C,A,20210101,2021,52,2021,764,,,X,,0,,,458,,,H5,HS,True,8703,,,,C00,,0,0,,5,,97.323,True,-1,,0.0,False,162934.0,False,0,False,,2876911.168,2876911.168,2,False,True
C,A,20210101,2021,52,2021,764,,,X,,0,,,360,,,H5,HS,True,8703,,,,C00,,0,0,,5,,2061.426,True,-1,,0.0,False,3078451.0,False,0,False,,36259126.088,36259126.088,2,False,True
C,A,20210101,2021,52,2021,764,,,X,,0,,,842,,,H5,HS,True,8703,,,,C00,,0,2000,,5,,16924.213,True,-1,,0.0,False,40547369.0,False,0,False,,443499376.974,443499376.974,2,False,True
C,A,20210101,2021,52,2021,764,,,X,,0,,,826,,,H5,HS,True,8703,,,,C00,,0,2000,,5,,39.106,True,-1,,0.0,False,50200.0,False,0,False,,673528.174,673528.174,2,False,True
C,A,20210101,2021,52,2021,764,,,X,,0,,,480,,,H5,HS,True,8703,,,,C00,,0,2000,,5,,8.031,True,-1,,0.0,False,16915.0,False,0,False,,216018.992,216018.992,2,False,True
C,A,20210101,2021,52,2021,764,,,X,,0,,,512,,,H5,HS,True,8703,,,,C00,,0,2000,,5,,25.435,True,-1,,0.0,False,54490.0,False,0,False,,535725.039,535725.039,2,False,True
C,A,20210101,2021,52,2021,764,,,X,,0,,,52,,,H5,HS,True,8703,,,,C00,,0,2000,,5,,48.162,True,-1,,0.0,False,90410.0,False,0,False,,1422427.125,1422427.125,2,False,True
C,A,20210101,2021,52,2021,764,,,X,,0,,,490,,,H5,HS,True,8703,,,,C00,,0,2000,,5,,2.227,True,-1,,0.0,False,23365.0,False,0,False,,77825.344,77825.344,2,False,True
C,A,20210101,2021,52,2021,764,,,X,,0,,,400,,,H5,HS,True,8703,,,,C00,,0,2000,,5,,1.358,True,-1,,0.0,False,1928.0,False,0,False,,25847.908,25847.908,2,False,True
C,A,20210101,2021,52,2021,764,,,X,,0,,,388,,,H5,HS,True,8703,,,,C00,,0,2000,,5,,120.827,True,-1,,0.0,False,218043.0,False,0,False,,3908816.234,3908816.234,2,False,True
C,A,20210101,2021,52,2021,764,,,X,,0,,,458,,,H5,HS,True,8703,,,,C00,,0,2000,,5,,69.841,True,-1,,0.0,False,108112.0,False,0,False,,1926043.622,1926043.622,2,False,True
C,A,20210101,2021,52,2021,764,,,X,,0,,,508,,,H5,HS,True,8703,,,,C00,,0,2000,,5,,46.397,True,-1,,0.0,False,76795.0,False,0,False,,1403535.228,1403535.228,2,False,True
C,A,20210101,2021,52,2021,764,,,X,,0,,,702,,,H5,HS,True,8703,,,,C00,,0,2000,,5,,248443.707,True,-1,,0.0,False,455522974.0,False,0,False,,4769987211.587,4769987211.587,2,False,True
C,A,20210101,2021,52,2021,764,,,X,,0,,,360,,,H5,HS,True,8703,,,,C00,,0,2000,,5,,2061.426,True,-1,,0.0,False,3078451.0,False,0,False,,36259126.088,36259126.088,2,False,True
C,A,20210101,2021,52,2021,764,,,X,,0,,,242,,,H5,HS,True,8703,,,,C00,,0,2000,,5,,7.0,False,5,,7.0,False,11363.0,False,0,False,,155862.444,155862.444,0,False,True
C,A,20210101,2021,52,2021,764,,,X,,0,,,540,,,H5,HS,True,8703,,,,C00,,0,2000,,5,,14.0,False,5,,14.0,False,28834.0,False,0,False,,411055.947,411055.947,0,False,True
C,A,20210101,2021,52,2021,764,,,X,,0,,,484,,,H5,HS,True,8703,,,,C00,,0,2000,,5,,618.0,False,5,,618.0,False,641052.0,False,0,False,,6432235.079,6432235.079,0,False,True
C,A,20210101,2021,52,2021,764,,,X,,0,,,212,,,H5,HS,True,8703,,,,C00,,0,0,,5,,9.0,False,5,,9.0,False,18675.0,False,0,False,,288020.977,288020.977,0,False,True
C,A,20210101,2021,52,2021,764,,,X,,0,,,768,,,H5,HS,True,8703,,,,C00,,0,0,,5,,14.0,False,5,,14.0,False,29400.0,False,0,False,,335691.989,335691.989,0,False,True
C,A,20210101,2021,52,2021,764,,,X,,0,,,340,,,H5,HS,True,8703,,,,C00,,0,0,,5,,22.0,False,5,,22.0,False,45350.0,False,0,False,,535816.018,535816.018,0,False,True
C,A,20210101,2021,52,2021,764,,,X,,0,,,296,,,H5,HS,True,8703,,,,C00,,0,0,,5,,5.0,False,5,,5.0,False,9900.0,False,0,False,,123769.986,123769.986,0,False,True
C,A,20210101,2021,52,2021,764,,,X,,0,,,792,,,H5,HS,True,8703,,,,C00,,0,0,,5,,5.0,False,5,,5.0,False,7010.0,False,0,False,,295309.635,295309.635,0,False,True
C,A,20210101,2021,52,2021,764,,,X,,0,,,534,,,H5,HS,True,8703,,,,C00,,0,0,,5,,6.0,False,5,,6.0,False,6060.0,False,0,False,,59143.982,59143.982,0,False,True
C,A,20210101,2021,52,2021,764,,,X,,0,,,410,,,H5,HS,True,8703,,,,C00,,0,2000,,5,,3.0,False,5,,3.0,False,4870.0,False,0,False,,72683.258,72683.258,0,False,True
C,A,20210101,2021,52,2021,764,,,X,,0,,,0,,,H5,HS,True,8703,,,,C00,,0,1000,,5,,331.645,True,-1,,0.0,False,472703.774,True,0,False,,12894262.634,12894262.634,6,False,True
C,A,20210101,2021,52,2021,764,,,X,,0,,,218,,,H5,HS,True,8703,,,,C00,,0,2000,,5,,0.88,True,-1,,0.0,False,2608.0,False,0,False,,18802.641,18802.641,2,False,True
C,A,20210101,2021,52,2021,764,,,X,,0,,,368,,,H5,HS,True,8703,,,,C00,,0,2000,,5,,19.384,True,-1,,0.0,False,87235.0,False,0,False,,414149.112,414149.112,2,False,True
C,A,20210101,2021,52,2021,764,,,X,,0,,,308,,,H5,HS,True,8703,,,,C00,,0,2000,,5,,5.524,True,-1,,0.0,False,10480.0,False,0,False,,135205.427,135205.427,2,False,True
C,A,20210101,2021,52,2021,764,,,X,,0,,,64,,,H5,HS,True,8703,,,,C00,,0,2000,,5,,3.465,True,-1,,0.0,False,6930.0,False,0,False,,99603.682,99603.682,2,False,True
C,A,20210101,2021,52,2021,764,,,X,,0,,,899,,,H5,HS,True,8703,,,,C00,,0,2000,,5,,816.152,True,-1,,0.0,False,1774672.0,False,0,False,,22653774.197,22653774.197,2,False,True
C,A,20210101,2021,52,2021,764,,,X,,0,,,156,,,H5,HS,True,8703,,,,C00,,0,1000,,5,,0.055,True,-1,,0.0,False,17.0,False,0,False,,257.998,257.998,2,False,True
C,A,20210101,2021,52,2021,764,,,X,,0,,,699,,,H5,HS,True,8703,,,,C00,,0,1000,,5,,1.183,True,-1,,0.0,False,1450.0,False,0,False,,16061.402,16061.402,2,False,True
C,A,20210101,2021,52,2021,764,,,X,,0,,,44,,,H5,HS,True,8703,,,,C00,,0,0,,5,,0.653,True,-1,,0.0,False,1600.0,False,0,False,,15000.015,15000.015,2,False,True
C,A,20210101,2021,52,2021,764,,,X,,0,,,834,,,H5,HS,True,8703,,,,C00,,0,0,,5,,11.208,True,-1,,0.0,False,16485.0,False,0,False,,274268.441,274268.441,2,False,True
C,A,20210101,2021,52,2021,764,,,X,,0,,,784,,,H5,HS,True,8703,,,,C00,,0,0,,5,,5890.727,True,-1,,0.0,False,11383085.0,False,0,False,,125075688.758,125075688.758,2,False,True
C,A,20210101,2021,52,2021,764,,,X,,0,,,704,,,H5,HS,True,8703,,,,C00,,0,0,,5,,7850.347,True,-1,,0.0,False,9820716.0,False,0,False,,107682161.126,107682161.126,2,False,True
C,A,20210101,2021,52,2021,764,,,X,,0,,,752,,,H5,HS,True,8703,,,,C00,,0,2000,,5,,45.0,False,5,,45.0,False,102555.0,False,0,False,,1276349.343,1276349.343,0,False,True
C,A,20210101,2021,52,2021,764,,,X,,0,,,520,,,H5,HS,True,8703,,,,C00,,0,2000,,5,,7.0,False,5,,7.0,False,13548.0,False,0,False,,82566.946,82566.946,0,False,True
C,A,20210101,2021,52,2021,764,,,X,,0,,,332,,,H5,HS,True,8703,,,,C00,,0,2000,,5,,42.0,False,5,,42.0,False,88074.0,False,0,False,,1030511.897,1030511.897,0,False,True
C,A,20210101,2021,52,2021,764,,,X,,0,,,84,,,H5,HS,True,8703,,,,C00,,0,2000,,5,,8.0,False,5,,8.0,False,16927.0,False,0,False,,222417.004,222417.004,0,False,True
C,A,20210101,2021,52,2021,764,,,X,,0,,,768,,,H5,HS,True,8703,,,,C00,,0,2000,,5,,14.0,False,5,,14.0,False,29400.0,False,0,False,,335691.989,335691.989,0,False,True
C,A,20210101,2021,52,2021,764,,,X,,0,,,484,,,H5,HS,True,8703,,,,C00,,0,0,,5,,618.0,False,5,,618.0,False,641052.0,False,0,False,,6432235.079,6432235.079,0,False,True
C,A,20220101,2022,52,2022,764,,,X,,0,,,454,,,H6,HS,True,8703,,,,C00,,0,2000,,5,,1.0,False,5,,1.0,False,2332.0,False,0,False,,39000.003,39000.003,0,False,True
C,A,20220101,2022,52,2022,764,,,X,,0,,,268,,,H6,HS,True,8703,,,,C00,,0,0,,5,,1.0,False,5,,1.0,False,2320.0,False,0,False,,109663.472,109663.472,0,False,True
C,A,20220101,2022,52,2022,764,,,X,,0,,,360,,,H6,HS,True,8703,,,,C00,,0,1000,,5,,2.01,True,-1,,0.0,False,3473.0,False,0,False,,108524.945,108524.945,2,False,True
C,A,20220101,2022,52,2022,764,,,X,,0,,,392,,,H6,HS,True,8703,,,,C00,,0,1000,,5,,134.0,True,-1,,0.0,False,200955.0,False,0,False,,7373984.949,7373984.949,2,False,True
C,A,20220101,2022,52,2022,764,,,X,,0,,,410,,,H6,HS,True,8703,,,,C00,,0,1000,,5,,1.05,True,-1,,0.0,False,3.0,False,0,False,,270.028,270.028,2,False,True
C,A,20220101,2022,52,2022,764,,,X,,0,,,818,,,H6,HS,True,8703,,,,C00,,0,2000,,5,,1.364,True,-1,,0.0,False,10483.0,False,0,False,,26174.5,26174.5,2,False,True
C,A,20220101,2022,52,2022,764,,,X,,0,,,328,,,H6,HS,True,8703,,,,C00,,0,2000,,5,,60.171,True,-1,,0.0,False,123152.0,False,0,False,,1791063.475,1791063.475,2,False,True
C,A,20220101,2022,52,2022,764,,,X,,0,,,566,,,H6,HS,True,8703,,,,C00,,0,2000,,5,,6.374,True,-1,,0.0,False,3813.0,False,0,False,,67323.56,67323.56,2,False,True
C,A,20220101,2022,52,2022,764,,,X,,0,,,388,,,H6,HS,True,8703,,,,C00,,0,2000,,5,,265.53,True,-1,,0.0,False,438890.0,False,0,False,,6939911.336,6939911.336,2,False,True
C,A,20220101,2022,52,2022,764,,,X,,0,,,634,,,H6,HS,True,8703,,,,C00,,0,2000,,5,,48.655,True,-1,,0.0,False,100572.0,False,0,False,,1164525.135,1164525.135,2,False,True
C,A,20220101,2022,52,2022,764,,,X,,0,,,740,,,H6,HS,True,8703,,,,C00,,0,0,,5,,163.048,True,-1,,0.0,False,337290.0,False,0,False,,5222172.521,5222172.521,2,False,True
C,A,20220101,2022,52,2022,764,,,X,,0,,,899,,,H6,HS,True,8703,,,,C00,,0,0,,5,,860.643,True,-1,,0.0,False,1884780.0,False,0,False,,18716984.006,18716984.006,2,False,True
C,A,20220101,2022,52,2022,764,,,X,,0,,,418,,,H6,HS,True,8703,,,,C00,,0,0,,5,,1374.915,True,-1,,0.0,False,2322249.0,False,0,False,,46420354.489,46420354.489,2,False,True
C,A,20220101,2022,52,2022,764,,,X,,0,,,388,,,H6,HS,True,8703,,,,C00,,0,0,,5,,265.53,True,-1,,0.0,False,438890.0,False,0,False,,6939911.336,6939911.336,2,False,True
C,A,20220101,2022,52,2022,764,,,X,,0,,,422,,,H6,HS,True,8703,,,,C00,,0,0,,5,,4.948,True,-1,,0.0,False,13056.0,False,0,False,,101370.805,101370.805,2,False,True
C,A,20220101,2022,52,2022,764,,,X,,0,,,818,,,H6,HS,True,8703,,,,C00,,0,0,,5,,1.364,True,-1,,0.0,False,10483.0,False,0,False,,26174.5,26174.5,2,False,True
C,A,20220101,2022,52,2022,764,,,X,,0,,,716,,,H6,HS,True,8703,,,,C00,,0,0,,5,,475.993,True,-1,,0.0,False,933995.0,False,0,False,,11249716.742,11249716.742,2,False,True
C,A,20220101,2022,52,2022,764,,,X,,0,,,208,,,H6,HS,True,8703,,,,C00,,0,0,,5,,4.462,True,-1,,0.0,False,9941.0,False,0,False,,130789.184,130789.184,2,False,True
C,A,20220101,2022,52,2022,764,,,X,,0,,,300,,,H6,HS,True,8703,,,,C00,,0,0,,5,,2.772,True,-1,,0.0,False,10669.0,False,0,False,,56786.147,56786.147,2,False,True
C,A,20220101,2022,52,2022,764,,,X,,0,,,608,,,H6,HS,True,8703,,,,C00,,0,3000,,5,,5.0,False,5,,5.0,False,8750.0,False,0,False,,91495.407,91495.407,0,False,True
C,A,20220101,2022,52,2022,764,,,X,,0,,,699,,,H6,HS,True,8703,,,,C00,,0,3000,,5,,13.0,False,5,,13.0,False,17504.0,False,0,False,,4027.976,4027.976,0,False,True
C,A,20220101,2022,52,2022,764,,,X,,0,,,508,,,H6,HS,True,8703,,,,C00,,0,2000,,5,,2055.0,False,5,,2055.0,False,131892.0,False,0,False,,2002592.169,2002592.169,0,False,True
C,A,20220101,2022,52,2022,764,,,X,,0,,,796,,,H6,HS,True,8703,,,,C00,,0,2000,,5,,129.0,False,5,,129.0,False,206624.0,False,0,False,,2772468.3,2772468.3,0,False,True
C,A,20220101,2022,52,2022,764,,,X,,0,,,450,,,H6,HS,True,8703,,,,C00,,0,0,,5,,22.0,False,5,,22.0,False,46400.0,False,0,False,,583574.912,583574.912,0,False,True
C,A,20220101,2022,52,2022,764,,,X,,0,,,214,,,H6,HS,True,8703,,,,C00,,0,0,,5,,95.0,False,5,,95.0,False,202540.0,False,0,False,,2894382.985,2894382.985,0,False,True
C,A,20220101,2022,52,2022,764,,,X,,0,,,242,,,H6,HS,True,8703,,,,C00,,0,0,,5,,44.0,False,5,,44.0,False,90828.0,False,0,False,,1297320.695,1297320.695,0,False,True
C,A,20220101,2022,52,2022,764,,,X,,0,,,768,,,H6,HS,True,8703,,,,C00,,0,0,,5,,10.0,False,5,,10.0,False,21400.0,False,0,False,,279598.045,279598.045,0,False,True
C,A,20220101,2022,52,2022,764,,,X,,0,,,332,,,H6,HS,True,8703,,,,C00,,0,0,,5,,36.0,False,5,,36.0,False,76860.0,False,0,False,,1103447.983,1103447.983,0,False,True
C,A,20220101,2022,52,2022,764,,,X,,0,,,882,,,H6,HS,True,8703,,,,C00,,0,0,,5,,4.0,False,5,,4.0,False,8700.0,False,0,False,,119480.004,119480.004,0,False,True
C,A,20220101,2022,52,2022,764,,,X,,0,,,724,,,H6,HS,True,8703,,,,C00,,0,0,,5,,1.0,False,5,,1.0,False,1990.0,False,0,False,,19355.796,19355.796,0,False,True
C,A,20220101,2022,52,2022,764,,,X,,0,,,520,,,H6,HS,True,8703,,,,C00,,0,2000,,5,,2.0,False,5,,2.0,False,3700.0,False,0,False,,33482.284,33482.284,0,False,True
C,A,20220101,2022,52,2022,764,,,X,,0,,,626,,,H6,HS,True,8703,,,,C00,,0,0,,5,,131.74,True,-1,,0.0,False,225550.0,False,0,False,,3107365.709,3107365.709,2,False,True
C,A,20220101,2022,52,2022,764,,,X,,0,,,36,,,H6,HS,True,8703,,,,C00,,0,0,,5,,11593.95,True,-1,,0.0,False,24306960.0,False,0,False,,301536664.186,301536664.186,2,False,True
C,A,20220101,2022,52,2022,764,,,X,,0,,,360,,,H6,HS,True,8703,,,,C00,,0,0,,5,,1644.456,True,-1,,0.0,False,2380781.0,False,0,False,,23543992.851,23543992.851,2,False,True
C,A,20220101,2022,52,2022,764,,,X,,0,,,56,,,H6,HS,True,8703,,,,C00,,0,2000,,5,,5.026,True,-1,,0.0,False,10658.0,False,0,False,,105988.105,105988.105,2,False,True
C,A,20220101,2022,52,2022,764,,,X,,0,,,591,,,H6,HS,True,8703,,,,C00,,0,2000,,5,,153.523,True,-1,,0.0,False,266018.0,False,0,False,,3114625.481,3114625.481,2,False,True
C,A,20220101,2022,52,2022,764,,,X,,0,,,344,,,H6,HS,True,8703,,,,C00,,0,2000,,5,,928.231,True,-1,,0.0,False,2114991.0,False,0,False,,29414301.462,29414301.462,2,False,True
C,A,20220101,2022,52,2022,764,,,X,,0,,,662,,,H6,HS,True,8703,,,,C00,,0,2000,,5,,8.264,True,-1,,0.0,False,12310.0,False,0,False,,158072.55,158072.55,2,False,True
C,A,20220101,2022,52,2022,764,,,X,,0,,,842,,,H6,HS,True,8703,,,,C00,,0,2000,,5,,34374.62,True,-1,,0.0,False,64623086.0,False,0,False,,677376359.49,677376359.49,2,False,True
C,A,20220101,2022,52,2022,764,,,X,,0,,,490,,,H6,HS,True,8703,,,,C00,,0,2000,,5,,10.175,True,-1,,0.0,False,13748.0,False,0,False,,253193.315,253193.315,2,False,True
C,A,20220101,2022,52,2022,764,,,X,,0,,,706,,,H6,HS,True,8703,,,,C00,,0,2000,,5,,5.188,True,-1,,0.0,False,4200.0,False,0,False,,15676.304,15676.304,2,False,True
C,A,20220101,2022,52,2022,764,,,X,,0,,,36,,,H6,HS,True,8703,,,,C00,,0,1000,,5,,1.014,True,-1,,0.0,False,1713.0,False,0,False,,104484.231,104484.231,2,False,True
C,A,20220101,2022,52,2022,764,,,X,,0,,,104,,,H6,HS,True,8703,,,,C00,,0,3000,,5,,29639.466,True,-1,,0.0,False,45905063.0,False,0,False,,128754914.826,128754914.826,2,False,True
C,A,20220101,2022,52,2022,764,,,X,,0,,,458,,,H6,HS,True,8703,,,,C00,,0,3000,,5,,12.73,True,-1,,0.0,False,15038.0,False,0,False,,1075294.152,1075294.152,2,False,True
C,A,20220101,2022,52,2022,764,,,X,,0,,,418,,,H6,HS,True,8703,,,,C00,,0,3000,,5,,1374.915,True,-1,,0.0,False,2322249.0,False,0,False,,46420354.489,46420354.489,2,False,True
C,A,20220101,2022,52,2022,764,,,X,,0,,,392,,,H6,HS,True,8703,,,,C00,,0,3000,,5,,483.0,False,5,,483.0,False,542050.0,False,0,False,,5730895.17,5730895.17,0,False,True
C,A,20220101,2022,52,2022,764,,,X,,0,,,214,,,H6,HS,True,8703,,,,C00,,0,2000,,5,,95.0,False,5,,95.0,False,202540.0,False,0,False,,2894382.985,2894382.985,0,False,True
C,A,20220101,2022,52,2022,764,,,X,,0,,,266,,,H6,HS,True,8703,,,,C00,,0,2000,,5,,15.0,False,5,,15.0,False,32250.0,False,0,False,,426824.796,426824.796,0,False,True
C,A,20220101,2022,52,2022,764,,,X,,0,,,534,,,H6,HS,True,8703,,,,C00,,0,2000,,5,,10.0,False,5,,10.0,False,10100.0,False,0,False,,93698.124,93698.124,0,False,True
C,A,20220101,2022,52,2022,764,,,X,,0,,,757,,,H6,HS,True,8703,,,,C00,,0,0,,5,,14.0,False,5,,14.0,False,31832.0,False,0,False,,280704.949,280704.949,0,False,True
C,A,20220101,2022,52,2022,764,,,X,,0,,,558,,,H6,HS,True,8703,,,,C00,,0,2000,,5,,6.0,False,5,,6.0,False,12780.0,False,0,False,,181995.058,181995.058,0,False,True
C,A,20220101,2022,52,2022,764,,,X,,0,,,558,,,H6,HS,True,8703,,,,C00,,0,0,,5,,6.0,False,5,,6.0,False,12780.0,False,0,False,,181995.058,181995.058,0,False,True
C,A,20220101,2022,52,2022,764,,,X,,0,,,548,,,H6,HS,True,8703,,,,C00,,0,2000,,5,,4.0,False,5,,4.0,False,8716.0,False,0,False,,119520.01,119520.01,0,False,True
C,A,20220101,2022,52,2022,764,,,X,,0,,,826,,,H6,HS,True,8703,,,,C00,,0,1000,,5,,3.0,False,5,,3.0,False,6615.0,False,0,False,,59828.355,59828.355,0,False,True
C,A,20220101,2022,52,2022,764,,,X,,0,,,344,,,H6,HS,True,8703,,,,C00,,0,1000,,-1,,0.0,False,-1,,0.0,False,2.0,False,0,False,,9.993,9.993,0,False,True
C,A,20220101,2022,52,2022,764,,,X,,0,,,144,,,H6,HS,True,8703,,,,C00,,0,0,,5,,1.0,False,5,,1.0,False,2115.0,False,0,False,,15231.69,15231.69,0,False,True
C,A,20220101,2022,52,2022,764,,,X,,0,,,458,,,H6,HS,True,8703,,,,C00,,0,1000,,5,,1.0,False,5,,1.0,False,1200.0,False,0,False,,80000.0,80000.0,0,False,True
C,A,20220101,2022,52,2022,764,,,X,,0,,,268,,,H6,HS,True,8703,,,,C00,,0,2000,,5,,1.0,False,5,,1.0,False,2320.0,False,0,False,,109663.472,109663.472,0,False,True
C,A,20220101,2022,52,2022,764,,,X,,0,,,76,,,H6,HS,True,8703,,,,C00,,0,2000,,5,,2.0,False,5,,2.0,False,3233.0,False,0,False,,139510.018,139510.018,0,False,True
C,A,20220101,2022,52,2022,764,,,X,,0,,,520,,,H6,HS,True,8703,,,,C00,,0,0,,5,,2.0,False,5,,2.0,False,3700.0,False,0,False,,33482.284,33482.284,0,False,True
C,A,20220101,2022,52,2022,764,,,X,,0,,,608,,,H6,HS,True,8703,,,,C00,,0,2000,,5,,6339.454,True,-1,,0.0,False,12047348.0,False,0,False,,128590360.14,128590360.14,2,False,True
C,A,20220101,2022,52,2022,764,,,X,,0,,,380,,,H6,HS,True,8703,,,,C00,,0,2000,,5,,11.983,True,-1,,0.0,False,4156.0,False,0,False,,82853.815,82853.815,2,False,True
C,A,20220101,2022,52,2022,764,,,X,,0,,,702,,,H6,HS,True,8703,,,,C00,,0,2000,,5,,326442.545,True,-1,,0.0,False,590111917.0,False,0,False,,6116994609.139,6116994609.139,2,False,True
C,A,20220101,2022,52,2022,764,,,X,,0,,,784,,,H6,HS,True,8703,,,,C00,,0,2000,,5,,3649.634,True,-1,,0.0,False,7174979.0,False,0,False,,81069325.274,81069325.274,2,False,True
C,A,20220101,2022,52,2022,764,,,X,,0,,,36,,,H6,HS,True,8703,,,,C00,,0,2000,,5,,11592.937,True,-1,,0.0,False,24305247.0,False,0,False,,301432179.955,301432179.955,2,False,True
C,A,20220101,2022,52,2022,764,,,X,,0,,,380,,,H6,HS,True,8703,,,,C00,,0,1000,,5,,0.167,True,-1,,0.0,False,40.0,False,0,False,,815.166,815.166,2,False,True
C,A,20220101,2022,52,2022,764,,,X,,0,,,251,,,H6,HS,True,8703,,,,C00,,0,1000,,5,,1.786,True,-1,,0.0,False,1200.0,False,0,False,,30000.0,30000.0,2,False,True
C,A,20220101,2022,52,2022,764,,,X,,0,,,662,,,H6,HS,True,8703,,,,C00,,0,0,,5,,8.264,True,-1,,0.0,False,12310.0,False,0,False,,158072.55,158072.55,2,False,True
C,A,20220101,2022,52,2022,764,,,X,,0,,,340,,,H6,HS,True,8703,,,,C00,,0,0,,5,,66.464,True,-1,,0.0,False,129115.0,False,0,False,,1732906.489,1732906.489,2,False,True
C,A,20220101,2022,52,2022,764,,,X,,0,,,480,,,H6,HS,True,8703,,,,C00,,0,0,,5,,65.41,True,-1,,0.0,False,108550.0,False,0,False,,1385072.103,1385072.103,2,False,True
C,A,20220101,2022,52,2022,764,,,X,,0,,,116,,,H6,HS,True,8703,,,,C00,,0,0,,5,,4845.116,True,-1,,0.0,False,7595672.0,False,0,False,,108761452.724,108761452.724,2,False,True
C,A,20220101,2022,52,2022,764,,,X,,0,,,710,,,H6,HS,True,8703,,,,C00,,0,2000,,5,,1815.0,False,5,,1815.0,False,3801341.0,False,0,False,,41494170.619,41494170.619,0,False,True
C,A,20220101,2022,52,2022,764,,,X,,0,,,48,,,H6,HS,True,8703,,,,C00,,0,2000,,5,,87.0,False,5,,87.0,False,182428.0,False,0,False,,2115070.186,2115070.186,0,False,True
C,A,20220101,2022,52,2022,764,,,X,,0,,,533,,,H6,HS,True,8703,,,,C00,,0,0,,5,,4.0,False,5,,4.0,False,8528.0,False,0,False,,121304.04,121304.04,0,False,True
C,A,20220101,2022,52,2022,764,,,X,,0,,,258,,,H6,HS,True,8703,,,,C00,,0,0,,5,,4.0,False,5,,4.0,False,8590.0,False,0,False,,107760.012,107760.012,0,False,True
C,A,20220101,2022,52,2022,764,,,X,,0,,,76,,,H6,HS,True,8703,,,,C00,,0,1000,,5,,3.0,False,5,,3.0,False,5803.0,False,0,False,,263414.513,263414.513,0,False,True
C,A,20220101,2022,52,2022,764,,,X,,0,,,90,,,H6,HS,True,8703,,,,C00,,0,0,,5,,2.0,False,5,,2.0,False,4350.0,False,0,False,,59740.001,59740.001,0,False,True
C,A,20220101,2022,52,2022,764,,,X,,0,,,90,,,H6,HS,True,8703,,,,C00,,0,2000,,5,,2.0,False,5,,2.0,False,4350.0,False,0,False,,59740.001,59740.001,0,False,True
C,A,20220101,2022,52,2022,764,,,X,,0,,,702,,,H6,HS,True,8703,,,,C00,,0,1000,,5,,1.099,True,-1,,0.0,False,2322.0,False,0,False,,35969.969,35969.969,2,False,True
C,A,20220101,2022,52,2022,764,,,X,,0,,,410,,,H6,HS,True,8703,,,,C00,,0,2000,,5,,9.147,True,-1,,0.0,False,8215.0,False,0,False,,59547.227,59547.227,2,False,True
C,A,20220101,2022,52,2022,764,,,X,,0,,,690,,,H6,HS,True,8703,,,,C00,,0,2000,,5,,68.131,True,-1,,0.0,False,133850.0,False,0,False,,1606100.076,1606100.076,2,False,True
C,A,20220101,2022,52,2022,764,,,X,,0,,,528,,,H6,HS,True,8703,,,,C00,,0,2000,,5,,0.586,True,-1,,0.0,False,400.0,False,0,False,,2797.649,2797.649,2,False,True
C,A,20220101,2022,52,2022,764,,,X,,0,,,788,,,H6,HS,True,8703,,,,C00,,0,2000,,5,,1.198,True,-1,,0.0,False,3527.0,False,0,False,,24549.699,24549.699,2,False,True
C,A,20220101,2022,52,2022,764,,,X,,0,,,834,,,H6,HS,True,8703,,,,C00,,0,2000,,5,,15.927,True,-1,,0.0,False,33192.0,False,0,False,,549816.604,549816.604,2,False,True
C,A,20220101,2022,52,2022,764,,,X,,0,,,52,,,H6,HS,True,8703,,,,C00,,0,0,,5,,88.109,True,-1,,0.0,False,123570.0,False,0,False,,1805599.638,1805599.638,2,False,True
C,A,20220101,2022,52,2022,764,,,X,,0,,,842,,,H6,HS,True,8703,,,,C00,,0,0,,5,,34382.62,True,-1,,0.0,False,64637329.0,False,0,False,,677779265.143,677779265.143,2,False,True
C,A,20220101,2022,52,2022,764,,,X,,0,,,780,,,H6,HS,True,8703,,,,C00,,0,0,,5,,302.58,True,-1,,0.0,False,605963.0,False,0,False,,8935714.159,8935714.159,2,False,True
C,A,20220101,2022,52,2022,764,,,X,,0,,,414,,,H6,HS,True,8703,,,,C00,,0,0,,5,,5.0,False,5,,5.0,False,10306.0,False,0,False,,113589.996,113589.996,0,False,True
C,A,20220101,2022,52,2022,764,,,X,,0,,,586,,,H6,HS,True,8703,,,,C00,,0,1000,,5,,3480.0,False,5,,3480.0,False,3676.0,False,0,False,,347932.069,347932.069,0,False,True
C,A,20220101,2022,52,2022,764,,,X,,0,,,600,,,H6,HS,True,8703,,,,C00,,0,2000,,5,,63.0,False,5,,63.0,False,134505.0,False,0,False,,1919987.395,1919987.395,0,False,True
C,A,20220101,2022,52,2022,764,,,X,,0,,,796,,,H6,HS,True,8703,,,,C00,,0,0,,5,,129.0,False,5,,129.0,False,206624.0,False,0,False,,2772468.3,2772468.3,0,False,True
C,A,20220101,2022,52,2022,764,,,X,,0,,,600,,,H6,HS,True,8703,,,,C00,,0,0,,5,,63.0,False,5,,63.0,False,134505.0,False,0,False,,1919987.395,1919987.395,0,False,True
C,A,20220101,2022,52,2022,764,,,X,,0,,,48,,,H6,HS,True,8703,,,,C00,,0,0,,5,,87.0,False,5,,87.0,False,182428.0,False,0,False,,2115070.186,2115070.186,0,False,True
C,A,20220101,2022,52,2022,764,,,X,,0,,,188,,,H6,HS,True,8703,,,,C00,,0,0,,5,,275.0,False,5,,275.0,False,511660.0,False,0,False,,5961594.917,5961594.917,0,False,True
C,A,20220101,2022,52,2022,764,,,X,,0,,,204,,,H6,HS,True,8703,,,,C00,,0,2000,,5,,1.0,False,5,,1.0,False,2423.0,False,0,False,,43465.003,43465.003,0,False,True
C,A,20220101,2022,52,2022,764,,,X,,0,,,724,,,H6,HS,True,8703,,,,C00,,0,2000,,5,,1.0,False,5,,1.0,False,1990.0,False,0,False,,19355.796,19355.796,0,False,True
C,A,20220101,2022,52,2022,764,,,X,,0,,,288,,,H6,HS,True,8703,,,,C00,,0,1000,,5,,2.0,False,5,,2.0,False,2530.0,False,0,False,,58232.259,58232.259,0,False,True
C,A,20220101,2022,52,2022,764,,,X,,0,,,372,,,H6,HS,True,8703,,,,C00,,0,0,,5,,2.0,False,5,,2.0,False,3000.0,False,0,False,,21130.375,21130.375,0,False,True
C,A,20220101,2022,52,2022,764,,,X,,0,,,554,,,H6,HS,True,8703,,,,C00,,0,2000,,5,,286.506,True,-1,,0.0,False,578234.0,False,0,False,,7286275.696,7286275.696,2,False,True
C,A,20220101,2022,52,2022,764,,,X,,0,,,208,,,H6,HS,True,8703,,,,C00,,0,2000,,5,,4.462,True,-1,,0.0,False,9941.0,False,0,False,,130789.184,130789.184,2,False,True
C,A,20220101,2022,52,2022,764,,,X,,0,,,0,,,H6,HS,True,8703,,,,C00,,0,2000,,5,,612982.499,True,-1,,0.0,False,995468466.0,False,0,False,,10692007985.562,10692007985.562,2,False,True
C,A,20220101,2022,52,2022,764,,,X,,0,,,620,,,H6,HS,True,8703,,,,C00,,0,2000,,5,,6.288,True,-1,,0.0,False,1800.0,False,0,False,,18999.987,18999.987,2,False,True
C,A,20220101,2022,52,2022,764,,,X,,0,,,276,,,H6,HS,True,8703,,,,C00,,0,0,,5,,3841.367,True,-1,,0.0,False,8343580.0,False,0,False,,181664748.909,181664748.909,2,False,True
C,A,20220101,2022,52,2022,764,,,X,,0,,,699,,,H6,HS,True,8703,,,,C00,,0,0,,5,,30.466,True,-1,,0.0,False,37037.0,False,0,False,,324611.505,324611.505,2,False,True
C,A,20220101,2022,52,2022,764,,,X,,0,,,784,,,H6,HS,True,8703,,,,C00,,0,0,,5,,3649.634,True,-1,,0.0,False,7174979.0,False,0,False,,81069325.274,81069325.274,2,False,True
C,A,20220101,2022,52,2022,764,,,X,,0,,,528,,,H6,HS,True,8703,,,,C00,,0,0,,5,,0.586,True,-1,,0.0,False,400.0,False,0,False,,2797.649,2797.649,2,False,True
C,A,20220101,2022,52,2022,764,,,X,,0,,,788,,,H6,HS,True,8703,,,,C00,,0,0,,5,,1.198,True,-1,,0.0,False,3527.0,False,0,False,,24549.699,24549.699,2,False,True
C,A,20220101,2022,52,2022,764,,,X,,0,,,28,,,H6,HS,True,8703,,,,C00,,0,0,,5,,7.533,True,-1,,0.0,False,11070.0,False,0,False,,86055.934,86055.934,2,False,True
C,A,20220101,2022,52,2022,764,,,X,,0,,,400,,,H6,HS,True,8703,,,,C00,,0,0,,5,,0.77,True,-1,,0.0,False,2301.0,False,0,False,,16933.005,16933.005,2,False,True
C,A,20220101,2022,52,2022,764,,,X,,0,,,834,,,H6,HS,True,8703,,,,C00,,0,0,,5,,15.927,True,-1,,0.0,False,33192.0,False,0,False,,549816.604,549816.604,2,False,True
C,A,20220101,2022,52,2022,764,,,X,,0,,,620,,,H6,HS,True,8703,,,,C00,,0,0,,5,,6.288,True,-1,,0.0,False,1800.0,False,0,False,,18999.987,18999.987,2,False,True
C,A,20220101,2022,52,2022,764,,,X,,0,,,368,,,H6,HS,True,8703,,,,C00,,0,0,,5,,7.698,True,-1,,0.0,False,62805.0,False,0,False,,157708.981,157708.981,2,False,True
C,A,20220101,2022,52,2022,764,,,X,,0,,,591,,,H6,HS,True,8703,,,,C00,,0,0,,5,,153.523,True,-1,,0.0,False,266018.0,False,0,False,,3114625.481,3114625.481,2,False,True
C,A,20220101,2022,52,2022,764,,,X,,0,,,404,,,H6,HS,True,8703,,,,C00,,0,0,,5,,109.532,True,-1,,0.0,False,225170.0,False,0,False,,2788630.765,2788630.765,2,False,True
C,A,20220101,2022,52,2022,764,,,X,,0,,,76,,,H6,HS,True,8703,,,,C00,,0,0,,5,,5.0,False,5,,5.0,False,9036.0,False,0,False,,402924.531,402924.531,0,False,True
C,A,20220101,2022,52,2022,764,,,X,,0,,,266,,,H6,HS,True,8703,,,,C00,,0,0,,5,,15.0,False,5,,15.0,False,32250.0,False,0,False,,426824.796,426824.796,0,False,True
C,A,20220101,2022,52,2022,764,,,X,,0,,,296,,,H6,HS,True,8703,,,,C00,,0,2000,,5,,7.0,False,5,,7.0,False,14100.0,False,0,False,,190186.997,190186.997,0,False,True
C,A,20220101,2022,52,2022,764,,,X,,0,,,262,,,H6,HS,True,8703,,,,C00,,0,2000,,5,,25.0,False,5,,25.0,False,53800.0,False,0,False,,688303.004,688303.004,0,False,True
C,A,20220101,2022,52,2022,764,,,X,,0,,,524,,,H6,HS,True,8703,,,,C00,,0,0,,5,,6.0,False,5,,6.0,False,11682.0,False,0,False,,219562.988,219562.988,0,False,True
C,A,20220101,2022,52,2022,764,,,X,,0,,,842,,,H6,HS,True,8703,,,,C00,,0,3000,,5,,4.0,False,5,,4.0,False,7148.0,False,0,False,,143327.232,143327.232,0,False,True
C,A,20220101,2022,52,2022,764,,,X,,0,,,212,,,H6,HS,True,8703,,,,C00,,0,2000,,5,,4.0,False,5,,4.0,False,8065.0,False,0,False,,117997.006,117997.006,0,False,True
C,A,20220101,2022,52,2022,764,,,X,,0,,,258,,,H6,HS,True,8703,,,,C00,,0,2000,,5,,4.0,False,5,,4.0,False,8590.0,False,0,False,,107760.012,107760.012,0,False,True
C,A,20220101,2022,52,2022,764,,,X,,0,,,344,,,H6,HS,True,8703,,,,C00,,0,0,,-1,,0.0,False,-1,,0.0,False,2114993.0,False,0,False,,29414311.454,29414311.454,0,False,True
C,A,20220101,2022,52,2022,764,,,X,,0,,,0,,,H6,HS,True,8703,,,,C00,,0,0,,-1,,0.0,False,-1,,0.0,False,1068793287.0,False,0,False,,11201802875.375,11201802875.375,0,False,True
C,A,20220101,2022,52,2022,764,,,X,,0,,,144,,,H6,HS,True,8703,,,,C00,,0,2000,,5,,1.0,False,5,,1.0,False,2115.0,False,0,False,,15231.69,15231.69,0,False,True
C,A,20220101,2022,52,2022,764,,,X,,0,,,184,,,H6,HS,True,8703,,,,C00,,0,2000,,5,,1.0,False,5,,1.0,False,2175.0,False,0,False,,29870.004,29870.004,0,False,True
C,A,20220101,2022,52,2022,764,,,X,,0,,,454,,,H6,HS,True,8703,,,,C00,,0,0,,5,,1.0,False,5,,1.0,False,2332.0,False,0,False,,39000.003,39000.003,0,False,True
C,A,20220101,2022,52,2022,764,,,X,,0,,,184,,,H6,HS,True,8703,,,,C00,,0,0,,5,,1.0,False,5,,1.0,False,2175.0,False,0,False,,29870.004,29870.004,0,False,True
C,A,20220101,2022,52,2022,764,,,X,,0,,,288,,,H6,HS,True,8703,,,,C00,,0,0,,5,,2.0,False,5,,2.0,False,2530.0,False,0,False,,58232.259,58232.259,0,False,True
C,A,20220101,2022,52,2022,764,,,X,,0,,,104,,,H6,HS,True,8703,,,,C00,,0,0,,5,,29642.536,True,-1,,0.0,False,45908071.0,False,0,False,,128874997.847,128874997.847,2,False,True
C,A,20220101,2022,52,2022,764,,,X,,0,,,566,,,H6,HS,True,8703,,,,C00,,0,0,,5,,6.374,True,-1,,0.0,False,3813.0,False,0,False,,67323.56,67323.56,2,False,True
C,A,20220101,2022,52,2022,764,,,X,,0,,,634,,,H6,HS,True,8703,,,,C00,,0,0,,5,,48.655,True,-1,,0.0,False,100572.0,False,0,False,,1164525.135,1164525.135,2,False,True
C,A,20220101,2022,52,2022,764,,,X,,0,,,800,,,H6,HS,True,8703,,,,C00,,0,0,,5,,108.234,True,-1,,0.0,False,218687.0,False,0,False,,2835324.522,2835324.522,2,False,True
C,A,20220101,2022,52,2022,764,,,X,,0,,,124,,,H6,HS,True,8703,,,,C00,,0,0,,5,,3.976,True,-1,,0.0,False,2999.0,False,0,False,,77527.988,77527.988,2,False,True
C,A,20220101,2022,52,2022,764,,,X,,0,,,702,,,H6,HS,True,8703,,,,C00,,0,0,,5,,334744.644,True,-1,,0.0,False,606653433.0,False,0,False,,6325682937.627,6325682937.627,2,False,True
C,A,20220101,2022,52,2022,764,,,X,,0,,,554,,,H6,HS,True,8703,,,,C00,,0,0,,5,,286.506,True,-1,,0.0,False,578234.0,False,0,False,,7286275.696,7286275.696,2,False,True
C,A,20220101,2022,52,2022,764,,,X,,0,,,490,,,H6,HS,True,8703,,,,C00,,0,0,,5,,10.175,True,-1,,0.0,False,13748.0,False,0,False,,253193.315,253193.315,2,False,True
C,A,20220101,2022,52,2022,764,,,X,,0,,,308,,,H6,HS,True,8703,,,,C00,,0,0,,5,,7.401,True,-1,,0.0,False,14905.0,False,0,False,,213344.671,213344.671,2,False,True
C,A,20220101,2022,52,2022,764,,,X,,0,,,56,,,H6,HS,True,8703,,,,C00,,0,0,,5,,5.026,True,-1,,0.0,False,10658.0,False,0,False,,105988.105,105988.105,2,False,True
C,A,20220101,2022,52,2022,764,,,X,,0,,,579,,,H6,HS,True,8703,,,,C00,,0,0,,5,,0.97,True,-1,,0.0,False,724.0,False,0,False,,4634.999,4634.999,2,False,True
C,A,20220101,2022,52,2022,764,,,X,,0,,,826,,,H6,HS,True,8703,,,,C00,,0,2000,,5,,30.996,True,-1,,0.0,False,34985.0,False,0,False,,412974.384,412974.384,2,False,True
C,A,20220101,2022,52,2022,764,,,X,,0,,,480,,,H6,HS,True,8703,,,,C00,,0,2000,,5,,65.41,True,-1,,0.0,False,108550.0,False,0,False,,1385072.103,1385072.103,2,False,True
C,A,20220101,2022,52,2022,764,,,X,,0,,,276,,,H6,HS,True,8703,,,,C00,,0,2000,,5,,3841.367,True,-1,,0.0,False,8343580.0,False,0,False,,181664748.909,181664748.909,2,False,True
C,A,20220101,2022,52,2022,764,,,X,,0,,,392,,,H6,HS,True,8703,,,,C00,,0,2000,,5,,201061.673,True,-1,,0.0,False,250220822.0,False,0,False,,2739844526.402,2739844526.402,2,False,True
C,A,20220101,2022,52,2022,764,,,X,,0,,,104,,,H6,HS,True,8703,,,,C00,,0,2000,,5,,3.069,True,-1,,0.0,False,3008.0,False,0,False,,120083.021,120083.021,2,False,True
C,A,20220101,2022,52,2022,764,,,X,,0,,,28,,,H6,HS,True,8703,,,,C00,,0,2000,,5,,7.533,True,-1,,0.0,False,11070.0,False,0,False,,86055.934,86055.934,2,False,True
C,A,20220101,2022,52,2022,764,,,X,,0,,,626,,,H6,HS,True,8703,,,,C00,,0,2000,,5,,131.74,True,-1,,0.0,False,225550.0,False,0,False,,3107365.709,3107365.709,2,False,True
C,A,20220101,2022,52,2022,764,,,X,,0,,,400,,,H6,HS,True,8703,,,,C00,,0,2000,,5,,0.77,True,-1,,0.0,False,2301.0,False,0,False,,16933.005,16933.005,2,False,True
C,A,20220101,2022,52,2022,764,,,X,,0,,,84,,,H6,HS,True,8703,,,,C00,,0,2000,,5,,7.0,False,5,,7.0,False,14595.0,False,0,False,,203993.968,203993.968,0,False,True
C,A,20220101,2022,52,2022,764,,,X,,0,,,332,,,H6,HS,True,8703,,,,C00,,0,2000,,5,,36.0,False,5,,36.0,False,76860.0,False,0,False,,1103447.983,1103447.983,0,False,True
C,A,20220101,2022,52,2022,764,,,X,,0,,,894,,,H6,HS,True,8703,,,,C00,,0,2000,,5,,67.0,False,5,,67.0,False,130790.0,False,0,False,,1426190.07,1426190.07,0,False,True
C,A,20220101,2022,52,2022,764,,,X,,0,,,96,,,H6,HS,True,8703,,,,C00,,0,2000,,5,,273.0,False,5,,273.0,False,423057.0,False,0,False,,4765922.341,4765922.341,0,False,True
C,A,20220101,2022,52,2022,764,,,X,,0,,,598,,,H6,HS,True,8703,,,,C00,,0,2000,,5,,23.0,False,5,,23.0,False,44833.0,False,0,False,,693494.899,693494.899,0,False,True
C,A,20220101,2022,52,2022,764,,,X,,0,,,899,,,H6,HS,True,8703,,,,C00,,0,3000,,5,,19.0,False,5,,19.0,False,39460.0,False,0,False,,161006.673,161006.673,0,False,True
C,A,20220101,2022,52,2022,764,,,X,,0,,,136,,,H6,HS,True,8703,,,,C00,,0,0,,5,,26.0,False,5,,26.0,False,50093.0,False,0,False,,771551.531,771551.531,0,False,True
C,A,20220101,2022,52,2022,764,,,X,,0,,,643,,,H6,HS,True,8703,,,,C00,,0,0,,5,,90.0,False,5,,90.0,False,193360.0,False,0,False,,2252124.033,2252124.033,0,False,True
C,A,20220101,2022,52,2022,764,,,X,,0,,,320,,,H6,HS,True,8703,,,,C00,,0,0,,5,,74.0,False,5,,74.0,False,157990.0,False,0,False,,2261098.051,2261098.051,0,False,True
C,A,20220101,2022,52,2022,764,,,X,,0,,,533,,,H6,HS,True,8703,,,,C00,,0,2000,,5,,4.0,False,5,,4.0,False,8528.0,False,0,False,,121304.04,121304.04,0,False,True
C,A,20220101,2022,52,2022,764,,,X,,0,,,710,,,H6,HS,True,8703,,,,C00,,0,1000,,5,,3.0,False,5,,3.0,False,5675.0,False,0,False,,85473.875,85473.875,0,False,True
C,A,20220101,2022,52,2022,764,,,X,,0,,,372,,,H6,HS,True,8703,,,,C00,,0,2000,,5,,2.0,False,5,,2.0,False,3000.0,False,0,False,,21130.375,21130.375,0,False,True
C,A,20220101,2022,52,2022,764,,,X,,0,,,608,,,H6,HS,True,8703,,,,C00,,0,1000,,5,,2.0,False,5,,2.0,False,3393.0,False,0,False,,124408.828,124408.828,0,False,True
C,A,20220101,2022,52,2022,764,,,X,,0,,,706,,,H6,HS,True,8703,,,,C00,,0,0,,5,,5.188,True,-1,,0.0,False,4200.0,False,0,False,,15676.304,15676.304,2,False,True
C,A,20220101,2022,52,2022,764,,,X,,0,,,218,,,H6,HS,True,8703,,,,C00,,0,0,,5,,0.213,True,-1,,0.0,False,449.0,False,0,False,,4370.416,4370.416,2,False,True
C,A,20220101,2022,52,2022,764,,,X,,0,,,682,,,H6,HS,True,8703,,,,C00,,0,0,,5,,2311.464,True,-1,,0.0,False,4624830.0,False,0,False,,56436634.748,56436634.748,2,False,True
C,A,20220101,2022,52,2022,764,,,X,,0,,,462,,,H6,HS,True,8703,,,,C00,,0,0,,5,,1.504,True,-1,,0.0,False,2320.0,False,0,False,,26722.6,26722.6,2,False,True
C,A,20220101,2022,52,2022,764,,,X,,0,,,716,,,H6,HS,True,8703,,,,C00,,0,2000,,5,,475.993,True,-1,,0.0,False,933995.0,False,0,False,,11249716.742,11249716.742,2,False,True
C,A,20220101,2022,52,2022,764,,,X,,0,,,800,,,H6,HS,True,8703,,,,C00,,0,2000,,5,,108.234,True,-1,,0.0,False,218687.0,False,0,False,,2835324.522,2835324.522,2,False,True
C,A,20220101,2022,52,2022,764,,,X,,0,,,422,,,H6,HS,True,8703,,,,C00,,0,2000,,5,,4.948,True,-1,,0.0,False,13056.0,False,0,False,,101370.805,101370.805,2,False,True
C,A,20220101,2022,52,2022,764,,,X,,0,,,251,,,H6,HS,True,8703,,,,C00,,0,2000,,5,,1.786,True,-1,,0.0,False,1000.0,False,0,False,,30000.0,30000.0,2,False,True
C,A,20220101,2022,52,2022,764,,,X,,0,,,0,,,H6,HS,True,8703,,,,C00,,0,3000,,5,,44745.5,True,-1,,0.0,False,73076657.0,False,0,False,,500830762.748,500830762.748,2,False,True
C,A,20220101,2022,52,2022,764,,,X,,0,,,414,,,H6,HS,True,8703,,,,C00,,0,2000,,5,,5.0,False,5,,5.0,False,10306.0,False,0,False,,113589.996,113589.996,0,False,True
C,A,20220101,2022,52,2022,764,,,X,,0,,,768,,,H6,HS,True,8703,,,,C00,,0,2000,,5,,10.0,False,5,,10.0,False,21400.0,False,0,False,,279598.045,279598.045,0,False,True
C,A,20220101,2022,52,2022,764,,,X,,0,,,136,,,H6,HS,True,8703,,,,C00,,0,2000,,5,,26.0,False,5,,26.0,False,50093.0,False,0,False,,771551.531,771551.531,0,False,True
C,A,20220101,2022,52,2022,764,,,X,,0,,,757,,,H6,HS,True,8703,,,,C00,,0,2000,,5,,14.0,False,5,,14.0,False,31832.0,False,0,False,,280704.949,280704.949,0,False,True
C,A,20220101,2022,52,2022,764,,,X,,0,,,702,,,H6,HS,True,8703,,,,C00,,0,3000,,5,,8301.0,False,5,,8301.0,False,16539194.0,False,0,False,,208652358.518,208652358.518,0,False,True
C,A,20220101,2022,52,2022,764,,,X,,0,,,84,,,H6,HS,True,8703,,,,C00,,0,0,,5,,7.0,False,5,,7.0,False,14595.0,False,0,False,,203993.968,203993.968,0,False,True
C,A,20220101,2022,52,2022,764,,,X,,0,,,96,,,H6,HS,True,8703,,,,C00,,0,0,,5,,273.0,False,5,,273.0,False,423057.0,False,0,False,,4765922.341,4765922.341,0,False,True
C,A,20220101,2022,52,2022,764,,,X,,0,,,586,,,H6,HS,True,8703,,,,C00,,0,0,,5,,3480.0,False,5,,3480.0,False,3676.0,False,0,False,,347932.069,347932.069,0,False,True
C,A,20220101,2022,52,2022,764,,,X,,0,,,262,,,H6,HS,True,8703,,,,C00,,0,0,,5,,25.0,False,5,,25.0,False,53800.0,False,0,False,,688303.004,688303.004,0,False,True
C,A,20220101,2022,52,2022,764,,,X,,0,,,512,,,H6,HS,True,8703,,,,C00,,0,0,,5,,30.0,False,5,,30.0,False,63930.0,False,0,False,,771899.939,771899.939,0,False,True
C,A,20220101,2022,52,2022,764,,,X,,0,,,524,,,H6,HS,True,8703,,,,C00,,0,2000,,5,,6.0,False,5,,6.0,False,11682.0,False,0,False,,219562.988,219562.988,0,False,True
C,A,20220101,2022,52,2022,764,,,X,,0,,,882,,,H6,HS,True,8703,,,,C00,,0,2000,,5,,4.0,False,5,,4.0,False,8700.0,False,0,False,,119480.004,119480.004,0,False,True
C,A,20220101,2022,52,2022,764,,,X,,0,,,212,,,H6,HS,True,8703,,,,C00,,0,0,,5,,4.0,False,5,,4.0,False,8065.0,False,0,False,,117997.006,117997.006,0,False,True
C,A,20220101,2022,52,2022,764,,,X,,0,,,0,,,H6,HS,True,8703,,,,C00,,0,1000,,-1,,0.0,False,-1,,0.0,False,248164.0,False,0,False,,8964127.065,8964127.065,0,False,True
C,A,20220101,2022,52,2022,764,,,X,,0,,,64,,,H6,HS,True,8703,,,,C00,,0,0,,5,,2.0,False,5,,2.0,False,3650.0,False,0,False,,78649.997,78649.997,0,False,True
C,A,20220101,2022,52,2022,764,,,X,,0,,,64,,,H6,HS,True,8703,,,,C00,,0,2000,,5,,2.0,False,5,,2.0,False,3650.0,False,0,False,,78649.997,78649.997,0,False,True
C,A,20220101,2022,52,2022,764,,,X,,0,,,380,,,H6,HS,True,8703,,,,C00,,0,0,,5,,12.15,True,-1,,0.0,False,4196.0,False,0,False,,83668.981,83668.981,2,False,True
C,A,20220101,2022,52,2022,764,,,X,,0,,,251,,,H6,HS,True,8703,,,,C00,,0,0,,5,,3.571,True,-1,,0.0,False,2200.0,False,0,False,,60000.0,60000.0,2,False,True
C,A,20220101,2022,52,2022,764,,,X,,0,,,410,,,H6,HS,True,8703,,,,C00,,0,0,,5,,10.197,True,-1,,0.0,False,8218.0,False,0,False,,59817.255,59817.255,2,False,True
C,A,20220101,2022,52,2022,764,,,X,,0,,,826,,,H6,HS,True,8703,,,,C00,,0,0,,5,,33.996,True,-1,,0.0,False,41600.0,False,0,False,,472802.739,472802.739,2,False,True
C,A,20220101,2022,52,2022,764,,,X,,0,,,608,,,H6,HS,True,8703,,,,C00,,0,0,,5,,6346.454,True,-1,,0.0,False,12059491.0,False,0,False,,128806264.374,128806264.374,2,False,True
C,A,20220101,2022,52,2022,764,,,X,,0,,,740,,,H6,HS,True,8703,,,,C00,,0,2000,,5,,163.048,True,-1,,0.0,False,337290.0,False,0,False,,5222172.521,5222172.521,2,False,True
C,A,20220101,2022,52,2022,764,,,X,,0,,,124,,,H6,HS,True,8703,,,,C00,,0,2000,,5,,3.976,True,-1,,0.0,False,2999.0,False,0,False,,77527.988,77527.988,2,False,True
C,A,20220101,2022,52,2022,764,,,X,,0,,,704,,,H6,HS,True,8703,,,,C00,,0,2000,,5,,9116.194,True,-1,,0.0,False,12321603.0,False,0,False,,140237325.454,140237325.454,2,False,True
C,A,20220101,2022,52,2022,764,,,X,,0,,,156,,,H6,HS,True,8703,,,,C00,,0,2000,,5,,22.07,True,-1,,0.0,False,23120.0,False,0,False,,420184.668,420184.668,2,False,True
C,A,20220101,2022,52,2022,764,,,X,,0,,,300,,,H6,HS,True,8703,,,,C00,,0,2000,,5,,2.772,True,-1,,0.0,False,10669.0,False,0,False,,56786.147,56786.147,2,False,True
C,A,20220101,2022,52,2022,764,,,X,,0,,,682,,,H6,HS,True,8703,,,,C00,,0,2000,,5,,2311.464,True,-1,,0.0,False,4624830.0,False,0,False,,56436634.748,56436634.748,2,False,True
C,A,20220101,2022,52,2022,764,,,X,,0,,,218,,,H6,HS,True,8703,,,,C00,,0,2000,,5,,0.213,True,-1,,0.0,False,449.0,False,0,False,,4370.416,4370.416,2,False,True
C,A,20220101,2022,52,2022,764,,,X,,0,,,579,,,H6,HS,True,8703,,,,C00,,0,2000,,5,,0.97,True,-1,,0.0,False,724.0,False,0,False,,4634.999,4634.999,2,False,True
C,A,20220101,2022,52,2022,764,,,X,,0,,,308,,,H6,HS,True,8703,,,,C00,,0,2000,,5,,7.401,True,-1,,0.0,False,14905.0,False,0,False,,213344.671,213344.671,2,False,True
C,A,20220101,2022,52,2022,764,,,X,,0,,,899,,,H6,HS,True,8703,,,,C00,,0,2000,,5,,841.643,True,-1,,0.0,False,1845320.0,False,0,False,,18555977.333,18555977.333,2,False,True
C,A,20220101,2022,52,2022,764,,,X,,0,,,340,,,H6,HS,True,8703,,,,C00,,0,2000,,5,,66.464,True,-1,,0.0,False,129115.0,False,0,False,,1732906.489,1732906.489,2,False,True
C,A,20220101,2022,52,2022,764,,,X,,0,,,156,,,H6,HS,True,8703,,,,C00,,0,1000,,5,,0.008,True,-1,,0.0,False,6.0,False,0,False,,39.998,39.998,2,False,True
C,A,20220101,2022,52,2022,764,,,X,,0,,,699,,,H6,HS,True,8703,,,,C00,,0,1000,,5,,1.49,True,-1,,0.0,False,2463.0,False,0,False,,31159.467,31159.467,2,False,True
C,A,20220101,2022,52,2022,764,,,X,,0,,,320,,,H6,HS,True,8703,,,,C00,,0,2000,,5,,74.0,False,5,,74.0,False,157990.0,False,0,False,,2261098.051,2261098.051,0,False,True
C,A,20220101,2022,52,2022,764,,,X,,0,,,643,,,H6,HS,True,8703,,,,C00,,0,2000,,5,,90.0,False,5,,90.0,False,193360.0,False,0,False,,2252124.033,2252124.033,0,False,True
C,A,20220101,2022,52,2022,764,,,X,,0,,,242,,,H6,HS,True,8703,,,,C00,,0,2000,,5,,44.0,False,5,,44.0,False,90828.0,False,0,False,,1297320.695,1297320.695,0,False,True
C,A,20220101,2022,52,2022,764,,,X,,0,,,450,,,H6,HS,True,8703,,,,C00,,0,2000,,5,,22.0,False,5,,22.0,False,46400.0,False,0,False,,583574.912,583574.912,0,False,True
C,A,20220101,2022,52,2022,764,,,X,,0,,,598,,,H6,HS,True,8703,,,,C00,,0,0,,5,,23.0,False,5,,23.0,False,44833.0,False,0,False,,693494.899,693494.899,0,False,True
C,A,20220101,2022,52,2022,764,,,X,,0,,,484,,,H6,HS,True,8703,,,,C00,,0,0,,5,,2863.0,False,5,,2863.0,False,3693900.0,False,0,False,,51332025.777,51332025.777,0,False,True
C,A,20220101,2022,52,2022,764,,,X,,0,,,296,,,H6,HS,True,8703,,,,C00,,0,0,,5,,7.0,False,5,,7.0,False,14100.0,False,0,False,,190186.997,190186.997,0,False,True
C,A,20220101,2022,52,2022,764,,,X,,0,,,894,,,H6,HS,True,8703,,,,C00,,0,0,,5,,67.0,False,5,,67.0,False,130790.0,False,0,False,,1426190.07,1426190.07,0,False,True
C,A,20220101,2022,52,2022,764,,,X,,0,,,508,,,H6,HS,True,8703,,,,C00,,0,0,,5,,2055.0,False,5,,2055.0,False,131892.0,False,0,False,,2002592.169,2002592.169,0,False,True
C,A,20220101,2022,52,2022,764,,,X,,0,,,534,,,H6,HS,True,8703,,,,C00,,0,0,,5,,10.0,False,5,,10.0,False,10100.0,False,0,False,,93698.124,93698.124,0,False,True
C,A,20220101,2022,52,2022,764,,,X,,0,,,710,,,H6,HS,True,8703,,,,C00,,0,0,,5,,1818.0,False,5,,1818.0,False,3807016.0,False,0,False,,41579644.494,41579644.494,0,False,True
C,A,20220101,2022,52,2022,764,,,X,,0,,,842,,,H6,HS,True,8703,,,,C00,,0,1000,,5,,4.0,False,5,,4.0,False,7095.0,False,0,False,,259578.421,259578.421,0,False,True
C,A,20220101,2022,52,2022,764,,,X,,0,,,204,,,H6,HS,True,8703,,,,C00,,0,0,,5,,1.0,False,5,,1.0,False,2423.0,False,0,False,,43465.003,43465.003,0,False,True
C,A,20220101,2022,52,2022,764,,,X,,0,,,116,,,H6,HS,True,8703,,,,C00,,0,3000,,5,,4845.116,True,-1,,0.0,False,7595672.0,False,0,False,,108761452.724,108761452.724,2,False,True
C,A,20220101,2022,52,2022,764,,,X,,0,,,156,,,H6,HS,True,8703,,,,C00,,0,3000,,5,,48.273,True,-1,,0.0,False,84529.0,False,0,False,,1035635.581,1035635.581,2,False,True
C,A,20220101,2022,52,2022,764,,,X,,0,,,404,,,H6,HS,True,8703,,,,C00,,0,2000,,5,,109.532,True,-1,,0.0,False,225170.0,False,0,False,,2788630.765,2788630.765,2,False,True
C,A,20220101,2022,52,2022,764,,,X,,0,,,462,,,H6,HS,True,8703,,,,C00,,0,2000,,5,,1.504,True,-1,,0.0,False,2320.0,False,0,False,,26722.6,26722.6,2,False,True
C,A,20220101,2022,52,2022,764,,,X,,0,,,699,,,H6,HS,True,8703,,,,C00,,0,2000,,5,,15.976,True,-1,,0.0,False,17070.0,False,0,False,,289424.062,289424.062,2,False,True
C,A,20220101,2022,52,2022,764,,,X,,0,,,360,,,H6,HS,True,8703,,,,C00,,0,2000,,5,,1642.446,True,-1,,0.0,False,2377308.0,False,0,False,,23435467.906,23435467.906,2,False,True
C,A,20220101,2022,52,2022,764,,,X,,0,,,780,,,H6,HS,True,8703,,,,C00,,0,2000,,5,,302.58,True,-1,,0.0,False,605963.0,False,0,False,,8935714.159,8935714.159,2,False,True
C,A,20220101,2022,52,2022,764,,,X,,0,,,368,,,H6,HS,True,8703,,,,C00,,0,2000,,5,,7.698,True,-1,,0.0,False,62805.0,False,0,False,,157708.981,157708.981,2,False,True
C,A,20220101,2022,52,2022,764,,,X,,0,,,52,,,H6,HS,True,8703,,,,C00,,0,2000,,5,,88.109,True,-1,,0.0,False,123570.0,False,0,False,,1805599.638,1805599.638,2,False,True
C,A,20220101,2022,52,2022,764,,,X,,0,,,328,,,H6,HS,True,8703,,,,C00,,0,0,,5,,60.171,True,-1,,0.0,False,123152.0,False,0,False,,1791063.475,1791063.475,2,False,True
C,A,20220101,2022,52,2022,764,,,X,,0,,,690,,,H6,HS,True,8703,,,,C00,,0,0,,5,,68.131,True,-1,,0.0,False,133850.0,False,0,False,,1606100.076,1606100.076,2,False,True
C,A,20220101,2022,52,2022,764,,,X,,0,,,156,,,H6,HS,True,8703,,,,C00,,0,0,,5,,70.351,True,-1,,0.0,False,107655.0,False,0,False,,1455860.247,1455860.247,2,False,True
C,A,20220101,2022,52,2022,764,,,X,,0,,,704,,,H6,HS,True,8703,,,,C00,,0,0,,5,,9116.194,True,-1,,0.0,False,12321603.0,False,0,False,,140237325.454,140237325.454,2,False,True
C,A,20220101,2022,52,2022,764,,,X,,0,,,458,,,H6,HS,True,8703,,,,C00,,0,0,,5,,54.73,True,-1,,0.0,False,78380.0,False,0,False,,3360021.034,3360021.034,2,False,True
C,A,20220101,2022,52,2022,764,,,X,,0,,,392,,,H6,HS,True,8703,,,,C00,,0,0,,5,,201678.674,True,-1,,0.0,False,250963827.0,False,0,False,,2752949406.521,2752949406.521,2,False,True
C,A,20220101,2022,52,2022,764,,,X,,0,,,458,,,H6,HS,True,8703,,,,C00,,0,2000,,5,,41.0,False,5,,41.0,False,62142.0,False,0,False,,2204726.882,2204726.882,0,False,True
C,A,20220101,2022,52,2022,764,,,X,,0,,,512,,,H6,HS,True,8703,,,,C00,,0,2000,,5,,30.0,False,5,,30.0,False,63930.0,False,0,False,,771899.939,771899.939,0,False,True
C,A,20220101,2022,52,2022,764,,,X,,0,,,188,,,H6,HS,True,8703,,,,C00,,0,2000,,5,,275.0,False,5,,275.0,False,511660.0,False,0,False,,5961594.917,5961594.917,0,False,True
C,A,20220101,2022,52,2022,764,,,X,,0,,,484,,,H6,HS,True,8703,,,,C00,,0,2000,,5,,2863.0,False,5,,2863.0,False,3693900.0,False,0,False,,51332025.777,51332025.777,0,False,True
C,A,20220101,2022,52,2022,764,,,X,,0,,,548,,,H6,HS,True,8703,,,,C00,,0,0,,5,,4.0,False,5,,4.0,False,8716.0,False,0,False,,119520.01,119520.01,0,False,True
C,A,20230101,2023,52,2023,764,,,X,,0,,,528,,,H6,HS,True,8703,,,,C00,,0,1000,,5,,1.0,False,5,,1.0,False,1628.0,False,0,False,,880000.0,880000.0,0,False,True
C,A,20230101,2023,52,2023,764,,,X,,0,,,458,,,H6,HS,True,8703,,,,C00,,0,3000,,5,,42.555,True,-1,,0.0,False,48190.0,False,0,False,,4454365.423,4454365.423,2,False,True
C,A,20230101,2023,52,2023,764,,,X,,0,,,156,,,H6,HS,True,8703,,,,C00,,0,3000,,5,,24.844,True,-1,,0.0,False,47094.0,False,0,False,,681447.189,681447.189,2,False,True
C,A,20230101,2023,52,2023,764,,,X,,0,,,662,,,H6,HS,True,8703,,,,C00,,0,2000,,5,,23.435,True,-1,,0.0,False,43853.0,False,0,False,,682348.688,682348.688,2,False,True
C,A,20230101,2023,52,2023,764,,,X,,0,,,643,,,H6,HS,True,8703,,,,C00,,0,2000,,5,,14.04,True,-1,,0.0,False,24235.0,False,0,False,,275824.089,275824.089,2,False,True
C,A,20230101,2023,52,2023,764,,,X,,0,,,780,,,H6,HS,True,8703,,,,C00,,0,2000,,5,,463.198,True,-1,,0.0,False,922827.0,False,0,False,,14317830.368,14317830.368,2,False,True
C,A,20230101,2023,52,2023,764,,,X,,0,,,276,,,H6,HS,True,8703,,,,C00,,0,2000,,5,,1430.727,True,-1,,0.0,False,3159021.0,False,0,False,,88988124.246,88988124.246,2,False,True
C,A,20230101,2023,52,2023,764,,,X,,0,,,104,,,H6,HS,True,8703,,,,C00,,0,2000,,5,,3.595,True,-1,,0.0,False,7320.0,False,0,False,,106351.387,106351.387,2,False,True
C,A,20230101,2023,52,2023,764,,,X,,0,,,380,,,H6,HS,True,8703,,,,C00,,0,2000,,5,,1.063,True,-1,,0.0,False,2071.0,False,0,False,,29135.276,29135.276,2,False,True
C,A,20230101,2023,52,2023,764,,,X,,0,,,792,,,H6,HS,True,8703,,,,C00,,0,0,,5,,19.681,True,-1,,0.0,False,10374.0,False,0,False,,131039.988,131039.988,2,False,True
C,A,20230101,2023,52,2023,764,,,X,,0,,,328,,,H6,HS,True,8703,,,,C00,,0,0,,5,,93.318,True,-1,,0.0,False,166710.0,False,0,False,,2464623.65,2464623.65,2,False,True
C,A,20230101,2023,52,2023,764,,,X,,0,,,454,,,H6,HS,True,8703,,,,C00,,0,0,,5,,4.411,True,-1,,0.0,False,4330.0,False,0,False,,108799.964,108799.964,2,False,True
C,A,20230101,2023,52,2023,764,,,X,,0,,,60,,,H6,HS,True,8703,,,,C00,,0,0,,5,,4.345,True,-1,,0.0,False,10895.0,False,0,False,,139295.097,139295.097,2,False,True
C,A,20230101,2023,52,2023,764,,,X,,0,,,604,,,H6,HS,True,8703,,,,C00,,0,0,,5,,2.477,True,-1,,0.0,False,1600.0,False,0,False,,39000.012,39000.012,2,False,True
C,A,20230101,2023,52,2023,764,,,X,,0,,,36,,,H6,HS,True,8703,,,,C00,,0,0,,5,,16090.517,True,-1,,0.0,False,33920153.0,False,0,False,,412081823.944,412081823.944,2,False,True
C,A,20230101,2023,52,2023,764,,,X,,0,,,40,,,H6,HS,True,8703,,,,C00,,0,0,,5,,1.768,True,-1,,0.0,False,5929.0,False,0,False,,55900.008,55900.008,2,False,True
C,A,20230101,2023,52,2023,764,,,X,,0,,,508,,,H6,HS,True,8703,,,,C00,,0,0,,5,,57.926,True,-1,,0.0,False,104304.0,False,0,False,,1749623.172,1749623.172,2,False,True
C,A,20230101,2023,52,2023,764,,,X,,0,,,288,,,H6,HS,True,8703,,,,C00,,0,0,,5,,5.779,True,-1,,0.0,False,3723.0,False,0,False,,63373.493,63373.493,2,False,True
C,A,20230101,2023,52,2023,764,,,X,,0,,,0,,,H6,HS,True,8703,,,,C00,,0,1000,,5,,122.186,True,-1,,0.0,False,179425.0,False,0,False,,9977285.145,9977285.145,2,False,True
C,A,20230101,2023,52,2023,764,,,X,,0,,,796,,,H6,HS,True,8703,,,,C00,,0,2000,,5,,60.0,False,5,,60.0,False,117841.0,False,0,False,,1868403.067,1868403.067,0,False,True
C,A,20230101,2023,52,2023,764,,,X,,0,,,320,,,H6,HS,True,8703,,,,C00,,0,2000,,5,,93.0,False,5,,93.0,False,198523.0,False,0,False,,2913737.35,2913737.35,0,False,True
C,A,20230101,2023,52,2023,764,,,X,,0,,,392,,,H6,HS,True,8703,,,,C00,,0,1000,,5,,112.0,False,5,,112.0,False,161934.0,False,0,False,,5249359.159,5249359.159,0,False,True
C,A,20230101,2023,52,2023,764,,,X,,0,,,50,,,H6,HS,True,8703,,,,C00,,0,0,,5,,1.0,False,5,,1.0,False,2000.0,False,0,False,,117139.955,117139.955,0,False,True
C,A,20230101,2023,52,2023,764,,,X,,0,,,124,,,H6,HS,True,8703,,,,C00,,0,0,,5,,1.0,False,5,,1.0,False,1790.0,False,0,False,,41557.693,41557.693,0,False,True
C,A,20230101,2023,52,2023,764,,,X,,0,,,670,,,H6,HS,True,8703,,,,C00,,0,2000,,5,,1.0,False,5,,1.0,False,1990.0,False,0,False,,25000.015,25000.015,0,False,True
C,A,20230101,2023,52,2023,764,,,X,,0,,,703,,,H6,HS,True,8703,,,,C00,,0,3000,,5,,1.0,False,5,,1.0,False,2603.0,False,0,False,,70137.307,70137.307,0,False,True
C,A,20230101,2023,52,2023,764,,,X,,0,,,620,,,H6,HS,True,8703,,,,C00,,0,0,,5,,2.0,False,5,,2.0,False,3150.0,False,0,False,,220062.428,220062.428,0,False,True
C,A,20210101,2021,52,2021,458,,,X,,0,,,0,,,H5,HS,True,8541,,,,C00,,0,2000,,-1,,0.0,False,-1,,0.0,False,0.0,True,0,False,0.0,2404302833.571,2404302833.571,4,False,True
C,A,20210101,2021,52,2021,458,,,X,,0,,,0,,,H5,HS,True,8541,,,,C00,,0,3200,,-1,,0.0,False,-1,,0.0,False,0.0,True,0,False,0.0,1449313042.049,1449313042.049,4,False,True
C,A,20210101,2021,52,2021,458,,,X,,0,,,0,,,H5,HS,True,8541,,,,C00,,0,1000,,-1,,0.0,False,-1,,0.0,False,0.0,True,0,False,0.0,4381532206.411,4381532206.411,4,False,True
C,A,20210101,2021,52,2021,458,,,X,,0,,,0,,,H5,HS,True,8541,,,,C00,,0,0,,-1,,0.0,False,-1,,0.0,False,0.0,True,0,False,0.0,8235148082.032,8235148082.032,4,False,True
C,A,20220101,2022,52,2022,458,,,X,,0,,,0,,,H6,HS,True,8541,,,,C00,,0,1000,,-1,,0.0,False,-1,,0.0,False,0.0,True,0,False,,4321276176.193,4321276176.193,4,False,True
C,A,20220101,2022,52,2022,458,,,X,,0,,,0,,,H6,HS,True,8541,,,,C00,,0,0,,-1,,0.0,False,-1,,0.0,False,,False,0,False,,9449970045.805,9449970045.805,0,False,True
C,A,20220101,2022,52,2022,458,,,X,,0,,,0,,,H6,HS,True,8541,,,,C00,,0,2000,,-1,,0.0,False,-1,,0.0,False,,False,0,False,,3515877957.584,3515877957.584,0,False,True
C,A,20220101,2022,52,2022,458,,,X,,0,,,0,,,H6,HS,True,8541,,,,C00,,0,3200,,-1,,0.0,False,-1,,0.0,False,,False,0,False,,1612815912.029,1612815912.029,0,False,True
C,A,20230101,2023,52,2023,458,,,X,,0,,,0,,,H6,HS,True,8541,,,,C00,,0,0,,-1,,0.0,False,-1,,0.0,False,,False,0,False,,10227791402.919,10227791402.919,0,False,True
C,A,20230101,2023,52,2023,458,,,X,,0,,,0,,,H6,HS,True,8541,,,,C00,,0,1000,,-1,,0.0,False,-1,,0.0,False,,False,0,False,,4419931385.248,4419931385.248,0,False,True
C,A,20230101,2023,52,2023,458,,,X,,0,,,0,,,H6,HS,True,8541,,,,C00,,0,2000,,-1,,0.0,False,-1,,0.0,False,,False,0,False,,4247200750.776,4247200750.776,0,False,True
C,A,20230101,2023,52,2023,458,,,X,,0,,,0,,,H6,HS,True,8541,,,,C00,,0,3200,,-1,,0.0,False,-1,,0.0,False,,False,0,False,,1560659266.895,1560659266.895,0,False,True
C,A,20210101,2021,52,2021,458,,,X,,0,,,0,,,H5,HS,True,8471,,,,C00,,0,3200,,5,,9730342.0,False,5,,9730342.0,False,4164632.816,True,0,False,0.0,1030436542.83,1030436542.83,4,False,True
C,A,20210101,2021,52,2021,458,,,X,,0,,,0,,,H5,HS,True,8471,,,,C00,,0,1000,,5,,14573905.0,False,5,,14573905.0,False,17055071.317,True,0,False,0.0,4816433134.076,4816433134.076,4,False,True
C,A,20210101,2021,52,2021,458,,,X,,0,,,0,,,H5,HS,True,8471,,,,C00,,0,2000,,5,,9247131.0,False,5,,9247131.0,False,2157161.559,True,0,False,0.0,448586085.577,448586085.577,4,False,True
C,A,20210101,2021,52,2021,458,,,X,,0,,,0,,,H5,HS,True,8471,,,,C00,,0,0,,5,,33551378.0,False,5,,33551378.0,False,23376865.692,True,0,False,0.0,6295455762.483,6295455762.483,4,False,True
C,A,20220101,2022,52,2022,458,,,X,,0,,,0,,,H6,HS,True,8471,,,,C00,,0,0,,5,,35547810.0,False,5,,35547810.0,False,,False,0,False,,7433344884.811,7433344884.811,0,False,True
C,A,20220101,2022,52,2022,458,,,X,,0,,,0,,,H6,HS,True,8471,,,,C00,,0,1000,,5,,21761711.0,False,5,,21761711.0,False,,False,0,False,,5470233844.872,5470233844.872,0,False,True
C,A,20220101,2022,52,2022,458,,,X,,0,,,0,,,H6,HS,True,8471,,,,C00,,0,2000,,5,,10506032.0,False,5,,10506032.0,False,,False,0,False,,820919658.657,820919658.657,0,False,True
C,A,20220101,2022,52,2022,458,,,X,,0,,,0,,,H6,HS,True,8471,,,,C00,,0,3200,,5,,3280067.0,False,5,,3280067.0,False,,False,0,False,,1142191381.283,1142191381.283,0,False,True
C,A,20230101,2023,52,2023,458,,,X,,0,,,0,,,H6,HS,True,8471,,,,C00,,0,3200,,5,,4292886.0,False,5,,4292886.0,False,4278236.601,True,0,False,,1053297787.211,1053297787.211,4,False,True
C,A,20230101,2023,52,2023,458,,,X,,0,,,0,,,H6,HS,True,8471,,,,C00,,0,1000,,5,,12901875.0,False,5,,12901875.0,False,15694435.37,True,0,False,,4315559129.53,4315559129.53,4,False,True
C,A,20230101,2023,52,2023,458,,,X,,0,,,0,,,H6,HS,True,8471,,,,C00,,0,2000,,5,,8349997.0,False,5,,8349997.0,False,4370885.469,True,0,False,,1070670511.656,1070670511.656,4,False,True
C,A,20230101,2023,52,2023,458,,,X,,0,,,0,,,H6,HS,True,8471,,,,C00,,0,0,,5,,25544758.0,False,5,,25544758.0,False,24343557.439,True,0,False,,6439527428.397,6439527428.397,4,False,True
C,A,20210101,2021,52,2021,458,,,X,,0,,,0,,,H5,HS,True,3004,,,,C00,,0,1000,,8,,2109607.07,False,8,,2109607.07,False,2109607.07,False,0,False,0.0,37052760.298,37052760.298,0,False,True
C,A,20210101,2021,52,2021,458,,,X,,0,,,0,,,H5,HS,True,3004,,,,C00,,0,3200,,8,,24702734.65,False,8,,24702734.65,False,24702734.65,False,0,False,0.0,96786102.818,96786102.818,0,False,True
C,A,20210101,2021,52,2021,458,,,X,,0,,,0,,,H5,HS,True,3004,,,,C00,,0,2000,,8,,45925072.79,False,8,,45925072.79,False,45925072.79,False,0,False,0.0,158702460.622,158702460.622,0,False,True
C,A,20210101,2021,52,2021,458,,,X,,0,,,0,,,H5,HS,True,3004,,,,C00,,0,0,,8,,72737414.51,False,8,,72737414.51,False,72737414.51,False,0,False,0.0,292541323.737,292541323.737,0,False,True
C,A,20220101,2022,52,2022,458,,,X,,0,,,0,,,H6,HS,True,3004,,,,C00,,0,3200,,8,,16663019.5,False,8,,16663019.5,False,16663019.5,False,0,False,,88284602.625,88284602.625,0,False,True
C,A,20220101,2022,52,2022,458,,,X,,0,,,0,,,H6,HS,True,3004,,,,C00,,0,1000,,8,,1561508.76,False,8,,1561508.76,False,1561508.76,False,0,False,,36391387.299,36391387.299,0,False,True
C,A,20220101,2022,52,2022,458,,,X,,0,,,0,,,H6,HS,True,3004,,,,C00,,0,2000,,8,,28457101.679,False,8,,28457101.679,False,28457101.679,False,0,False,,141739695.166,141739695.166,0,False,True
C,A,20220101,2022,52,2022,458,,,X,,0,,,0,,,H6,HS,True,3004,,,,C00,,0,0,,8,,46681629.939,False,8,,46681629.939,False,46681629.939,False,0,False,,266415685.09,266415685.09,0,False,True
C,A,20230101,2023,52,2023,458,,,X,,0,,,0,,,H6,HS,True,3004,,,,C00,,0,3200,,8,,8108173.41,False,8,,8108173.41,False,8108173.41,False,0,False,,72121513.256,72121513.256,0,False,True
C,A,20230101,2023,52,2023,458,,,X,,0,,,0,,,H6,HS,True,3004,,,,C00,,0,1000,,8,,2178454.53,False,8,,2178454.53,False,2178454.53,False,0,False,,23158008.509,23158008.509,0,False,True
C,A,20230101,2023,52,2023,458,,,X,,0,,,0,,,H6,HS,True,3004,,,,C00,,0,2000,,8,,29143089.74,False,8,,29143089.74,False,29143089.74,False,0,False,,120021041.137,120021041.137,0,False,True
C,A,20230101,2023,52,2023,458,,,X,,0,,,0,,,H6,HS,True,3004,,,,C00,,0,0,,8,,39429717.68,False,8,,39429717.68,False,39429717.68,False,0,False,,215300562.902,215300562.902,0,False,True
C,A,20210101,2021,52,2021,458,,,X,,0,,,0,,,H5,HS,True,8703,,,,C00,,0,3200,,5,,242.0,False,5,,242.0,False,179021.78,True,0,False,0.0,2962721.767,2962721.767,4,False,True
C,A,20210101,2021,52,2021,458,,,X,,0,,,0,,,H5,HS,True,8703,,,,C00,,0,1000,,5,,35.0,False,5,,35.0,False,142901.373,True,0,False,0.0,4715478.554,4715478.554,4,False,True
C,A,20210101,2021,52,2021,458,,,X,,0,,,0,,,H5,HS,True,8703,,,,C00,,0,2000,,5,,13203.0,False,5,,13203.0,False,19541768.587,True,0,False,0.0,354880744.562,354880744.562,4,False,True
C,A,20210101,2021,52,2021,458,,,X,,0,,,0,,,H5,HS,True,8703,,,,C00,,0,0,,5,,13480.0,False,5,,13480.0,False,19863691.739,True,0,False,0.0,362558944.883,362558944.883,4,False,True
C,A,20220101,2022,52,2022,458,,,X,,0,,,0,,,H6,HS,True,8703,,,,C00,,0,3200,,5,,388.0,False,5,,388.0,False,303687.744,True,0,False,,4781293.241,4781293.241,4,False,True
C,A,20220101,2022,52,2022,458,,,X,,0,,,0,,,H6,HS,True,8703,,,,C00,,0,1000,,5,,26.0,False,5,,26.0,False,54687.61,True,0,False,,712955.58,712955.58,4,False,True
C,A,20220101,2022,52,2022,458,,,X,,0,,,0,,,H6,HS,True,8703,,,,C00,,0,2000,,5,,23157.0,False,5,,23157.0,False,32174024.418,True,0,False,,503903978.68,503903978.68,4,False,True
C,A,20220101,2022,52,2022,458,,,X,,0,,,0,,,H6,HS,True,8703,,,,C00,,0,0,,5,,23571.0,False,5,,23571.0,False,32532399.771,True,0,False,,509398227.5,509398227.5,4,False,True
C,A,20230101,2023,52,2023,458,,,X,,0,,,0,,,H6,HS,True,8703,,,,C00,,0,3200,,5,,105.0,False,5,,105.0,False,62095.656,True,0,False,,1287839.235,1287839.235,4,False,True
C,A,20230101,2023,52,2023,458,,,X,,0,,,0,,,H6,HS,True,8703,,,,C00,,0,1000,,5,,24.0,False,5,,24.0,False,68993.778,True,0,False,,929383.211,929383.211,4,False,True
C,A,20230101,2023,52,2023,458,,,X,,0,,,0,,,H6,HS,True,8703,,,,C00,,0,2000,,5,,15672.0,False,5,,15672.0,False,23625413.307,True,0,False,,418497593.061,418497593.061,4,False,True
C,A,20230101,2023,52,2023,458,,,X,,0,,,0,,,H6,HS,True,8703,,,,C00,,0,0,,5,,15801.0,False,5,,15801.0,False,23756502.74,True,0,False,,420714815.507,420714815.507,4,False,True
