year,reporter_code,reporter_iso,flow,product_code,value_usd
2021,156,,X,8541,48695835401.0
2022,156,,X,8541,65880032713.0
2023,156,,X,8541,61319694041.0
2021,156,,X,8471,204222573688.0
2022,156,,X,8471,187904868047.0
2023,156,,X,8471,149274380470.0
2021,156,,X,3004,5347919086.0
2022,156,,X,3004,5836091780.0
2023,156,,X,3004,5592610085.0
2021,156,,X,8703,24385291658.0
2022,156,,X,8703,44687898713.0
2023,156,,X,8703,77648806293.0
2021,276,,X,8541,18418936.721
2021,276,,X,8541,432074.832
2021,276,,X,8541,4326069677.562
2021,276,,X,8541,99565136.503
2021,276,,X,8541,79720706.402
2021,276,,X,8541,79720706.402
2021,276,,X,8541,3904902.042
2021,276,,X,8541,79720706.402
2021,276,,X,8541,4316362700.127
2021,276,,X,8541,560309.585
2021,276,,X,8541,100278675.91
2021,276,,X,8541,56278.749
2021,276,,X,8541,280874.317
2021,276,,X,8541,590.258
2021,276,,X,8541,432074.832
2021,276,,X,8541,99565136.503
2021,276,,X,8541,56278.749
2021,276,,X,8541,4326069677.562
2021,276,,X,8541,8017724.861
2021,276,,X,8541,8064201402.705
2021,276,,X,8541,3535781870.443
2021,276,,X,8541,865788.22
2021,276,,X,8541,3912496.303
2021,276,,X,8541,1128942.989
2021,276,,X,8541,17418958.044
2021,276,,X,8541,79720706.402
2021,276,,X,8541,18418936.721
2021,276,,X,8541,7594.261
2021,276,,X,8541,3554163567.781
2021,276,,X,8541,8115266.193
2021,276,,X,8541,96951.073
2021,276,,X,8541,8035391594.266
2021,276,,X,8541,2275605.526
2021,276,,X,8541,7594.261
2021,276,,X,8541,280874.317
2021,276,,X,8541,100278675.91
2021,276,,X,8541,3554163567.781
2021,276,,X,8541,8035391594.266
2021,276,,X,8541,2275605.526
2021,276,,X,8541,590.258
2021,276,,X,8541,3535781870.443
2021,276,,X,8541,8115266.193
2021,276,,X,8541,3912496.303
2021,276,,X,8541,56278.749
2021,276,,X,8541,3904902.042
2021,276,,X,8541,1128942.989
2021,276,,X,8541,8017724.861
2021,276,,X,8541,17418958.044
2021,276,,X,8541,56278.749
2021,276,,X,8541,560309.585
2021,276,,X,8541,96951.073
2021,276,,X,8541,8064201402.705
2021,276,,X,8541,4316362700.127
2021,276,,X,8541,865788.22
2022,276,,X,8541,844102.833
2022,276,,X,8541,50565.801
2022,276,,X,8541,9590265889.597
2022,276,,X,8541,921676.451
2022,276,,X,8541,27007.818
2022,276,,X,8541,9590265889.597
2022,276,,X,8541,705424.371
2022,276,,X,8541,4993879411.463
2022,276,,X,8541,760024.508
2022,276,,X,8541,119855916.442
2022,276,,X,8541,27007.818
2022,276,,X,8541,151942280.526
2022,276,,X,8541,151186290.354
2022,276,,X,8541,9609963010.901
2022,276,,X,8541,3991539.628
2022,276,,X,8541,1271.716
2022,276,,X,8541,119855916.442
2022,276,,X,8541,4340292591.126
2022,276,,X,8541,1271.716
2022,276,,X,8541,4326058758.671
2022,276,,X,8541,3103171.336
2022,276,,X,8541,1271.716
2022,276,,X,8541,4326058758.671
2022,276,,X,8541,50565.801
2022,276,,X,8541,9609963010.901
2022,276,,X,8541,3109096.834
2022,276,,X,8541,844102.833
2022,276,,X,8541,3103171.336
2022,276,,X,8541,3109096.834
2022,276,,X,8541,151186290.354
2022,276,,X,8541,4989172112.786
2022,276,,X,8541,14200899.14
2022,276,,X,8541,4340292591.126
2022,276,,X,8541,3991539.628
2022,276,,X,8541,5925.498
2022,276,,X,8541,921676.451
2022,276,,X,8541,5925.498
2022,276,,X,8541,14200899.14
2022,276,,X,8541,4993879411.463
2022,276,,X,8541,119855916.442
2022,276,,X,8541,760024.508
2022,276,,X,8541,15666348.019
2022,276,,X,8541,3991539.628
2022,276,,X,8541,705424.371
2022,276,,X,8541,4989172112.786
2022,276,,X,8541,1271.716
2022,276,,X,8541,3991539.628
2022,276,,X,8541,119855916.442
2022,276,,X,8541,151942280.526
2022,276,,X,8541,15666348.019
2023,276,,X,8541,9735330796.146
2023,276,,X,8541,325663460.19
2023,276,,X,8541,159918.343
2023,276,,X,8541,5137955304.237
2023,276,,X,8541,325769233.975
2023,276,,X,8541,381799.825
2023,276,,X,8541,171.178
2023,276,,X,8541,107560010.58
2023,276,,X,8541,107560010.58
2023,276,,X,8541,4159478402.565
2023,276,,X,8541,325769233.975
2023,276,,X,8541,5137573504.412
2023,276,,X,8541,171.178
2023,276,,X,8541,325663460.19
2023,276,,X,8541,381799.825
2023,276,,X,8541,107560010.58
2023,276,,X,8541,4159638320.908
2023,276,,X,8541,171.178
2023,276,,X,8541,647491.953
2023,276,,X,8541,9735330796.146
2023,276,,X,8541,5137955304.237
2023,276,,X,8541,4159638320.908
2023,276,,X,8541,4407755.268
2023,276,,X,8541,4407755.268
2023,276,,X,8541,107560010.58
2023,276,,X,8541,171.178
2023,276,,X,8541,9734683304.194
2023,276,,X,8541,647491.953
2023,276,,X,8541,105773.784
2023,276,,X,8541,4407755.268
2023,276,,X,8541,4159478402.565
2023,276,,X,8541,5137573504.412
2023,276,,X,8541,9734683304.194
2023,276,,X,8541,105773.784
2023,276,,X,8541,4407755.268
2023,276,,X,8541,159918.343
2021,276,,X,8471,6684613131.509
2021,276,,X,8471,6701859989.18
2021,276,,X,8471,568472809.186
2021,276,,X,8471,9760327875.103
2021,276,,X,8471,9544305.844
2021,276,,X,8471,9762572559.368
2021,276,,X,8471,18612556193.355
2021,276,,X,8471,568472809.186
2021,276,,X,8471,371970208.232
2021,276,,X,8471,5862627.61
2021,276,,X,8471,18636141416.039
2021,276,,X,8471,376063888.981
2021,276,,X,8471,6701859989.18
2021,276,,X,8471,568472809.186
2021,276,,X,8471,376063888.981
2021,276,,X,8471,5862627.61
2021,276,,X,8471,9762572559.368
2021,276,,X,8471,568472809.186
2021,276,,X,8471,9760327875.103
2021,276,,X,8471,9544305.844
2021,276,,X,8471,18612556193.355
2021,276,,X,8471,6684613131.509
2021,276,,X,8471,371970208.232
2021,276,,X,8471,18636141416.039
2021,276,,X,8471,16744.442
2021,276,,X,8471,1227155424.883
2021,276,,X,8471,1815413.159
2021,276,,X,8471,1866265.075
2021,276,,X,8471,2210642.9
2021,276,,X,8471,11011982.609
2021,276,,X,8471,3028934.231
2021,276,,X,8471,382399.891
2021,276,,X,8471,435891.441
2021,276,,X,8471,10948338.62
2021,276,,X,8471,46871.215
2021,276,,X,8471,16772.774
2021,276,,X,8471,1227155424.883
2021,276,,X,8471,16744.442
2021,276,,X,8471,16744.442
2021,276,,X,8471,1227155424.883
2021,276,,X,8471,1815413.159
2021,276,,X,8471,1866265.075
2021,276,,X,8471,382399.891
2021,276,,X,8471,2210642.9
2021,276,,X,8471,435891.441
2021,276,,X,8471,16772.774
2021,276,,X,8471,10948338.62
2021,276,,X,8471,11011982.609
2021,276,,X,8471,46871.215
2021,276,,X,8471,3028934.231
2021,276,,X,8471,1227155424.883
2021,276,,X,8471,16744.442
2022,276,,X,8471,8806818024.97
2022,276,,X,8471,15358.009
2022,276,,X,8471,9762073.374
2022,276,,X,8471,7560660.938
2022,276,,X,8471,15358.009
2022,276,,X,8471,1615613680.17
2022,276,,X,8471,1165516.615
2022,276,,X,8471,9762073.374
2022,276,,X,8471,7581721.021
2022,276,,X,8471,454591314.932
2022,276,,X,8471,454591314.932
2022,276,,X,8471,1615613680.17
2022,276,,X,8471,239368.51
2022,276,,X,8471,8807909720.641
2022,276,,X,8471,126555.333
2022,276,,X,8471,5669900.877
2022,276,,X,8471,368520093.26
2022,276,,X,8471,1957556.389
2022,276,,X,8471,8806818024.97
2022,276,,X,8471,5324991833.959
2022,276,,X,8471,454716209.94
2022,276,,X,8471,16571771383.517
2022,276,,X,8471,124895.008
2022,276,,X,8471,1957556.389
2022,276,,X,8471,7560660.938
2022,276,,X,8471,5311965879.71
2022,276,,X,8471,368524580.797
2022,276,,X,8471,16571771383.517
2022,276,,X,8471,368520093.26
2022,276,,X,8471,16548757688.245
2022,276,,X,8471,5311965879.71
2022,276,,X,8471,368524580.797
2022,276,,X,8471,15358.009
2022,276,,X,8471,7289785.425
2022,276,,X,8471,725771.827
2022,276,,X,8471,126555.333
2022,276,,X,8471,4487.537
2022,276,,X,8471,1606847017.363
2022,276,,X,8471,5324991833.959
2022,276,,X,8471,7581721.021
2022,276,,X,8471,8807909720.641
2022,276,,X,8471,5669900.877
2022,276,,X,8471,40485.254
2022,276,,X,8471,1165516.615
2022,276,,X,8471,40485.254
2022,276,,X,8471,239368.51
2022,276,,X,8471,124895.008
2022,276,,X,8471,1606847017.363
2022,276,,X,8471,3778612.435
2022,276,,X,8471,725771.827
2022,276,,X,8471,15358.009
2022,276,,X,8471,7289785.425
2022,276,,X,8471,16548757688.245
2022,276,,X,8471,454716209.94
2022,276,,X,8471,4487.537
2022,276,,X,8471,3778612.435
2023,276,,X,8471,8093970686.903
2023,276,,X,8471,486555986.979
2023,276,,X,8471,9189.093
2023,276,,X,8471,1100961.904
2023,276,,X,8471,9189.093
2023,276,,X,8471,486555986.979
2023,276,,X,8471,533074.228
2023,276,,X,8471,4805017.803
2023,276,,X,8471,5227672195.571
2023,276,,X,8471,5232477213.373
2023,276,,X,8471,1100961.904
2023,276,,X,8471,1383599750.715
2023,276,,X,8471,15231157453.802
2023,276,,X,8471,34011552.51
2023,276,,X,8471,1382498788.812
2023,276,,X,8471,1383599750.715
2023,276,,X,8471,15224718399.867
2023,276,,X,8471,486555986.979
2023,276,,X,8471,9189.093
2023,276,,X,8471,486555986.979
2023,276,,X,8471,8094503761.131
2023,276,,X,8471,6439053.935
2023,276,,X,8471,533074.228
2023,276,,X,8471,5232477213.373
2023,276,,X,8471,34011552.51
2023,276,,X,8471,8093970686.903
2023,276,,X,8471,34011552.51
2023,276,,X,8471,34011552.51
2023,276,,X,8471,4805017.803
2023,276,,X,8471,1382498788.812
2023,276,,X,8471,15224718399.867
2023,276,,X,8471,9189.093
2023,276,,X,8471,8094503761.131
2023,276,,X,8471,15231157453.802
2023,276,,X,8471,5227672195.571
2023,276,,X,8471,6439053.935
2021,276,,X,3004,50072796.388
2021,276,,X,3004,282770636.722
2021,276,,X,3004,12536399189.751
2021,276,,X,3004,37031955447.762
2021,276,,X,3004,31600268.954
2021,276,,X,3004,14225682831.869
2021,276,,X,3004,64108408375.057
2021,276,,X,3004,31600268.954
2021,276,,X,3004,282770636.722
2021,276,,X,3004,12699106451.04
2021,276,,X,3004,37083083906.596
2021,276,,X,3004,50072796.388
2021,276,,X,3004,31600268.954
2021,276,,X,3004,12536399189.751
2021,276,,X,3004,37031955447.762
2021,276,,X,3004,282770636.722
2021,276,,X,3004,14225682831.869
2021,276,,X,3004,64108408375.057
2021,276,,X,3004,12699106451.04
2021,276,,X,3004,282770636.722
2021,276,,X,3004,31600268.954
2021,276,,X,3004,37083083906.596
2021,276,,X,3004,40963.912
2021,276,,X,3004,40963.912
2021,276,,X,3004,4413953.613
2021,276,,X,3004,1014698.534
2021,276,,X,3004,76871575.413
2021,276,,X,3004,82300227.559
2021,276,,X,3004,158293307.676
2021,276,,X,3004,40963.912
2022,276,,X,3004,6532146276.006
2022,276,,X,3004,41421433.127
2022,276,,X,3004,67087143.388
2022,276,,X,3004,42499072749.933
2022,276,,X,3004,42624635365.482
2022,276,,X,3004,1629.618
2022,276,,X,3004,1629.618
2022,276,,X,3004,1629.618
2022,276,,X,3004,58475472.162
2022,276,,X,3004,42499072749.933
2022,276,,X,3004,6590621748.168
2022,276,,X,3004,41421433.127
2022,276,,X,3004,67087143.388
2022,276,,X,3004,41421433.127
2022,276,,X,3004,200576115.0
2022,276,,X,3004,244801308.168
2022,276,,X,3004,10759458351.527
2022,276,,X,3004,42624635365.482
2023,276,,X,3004,168436510.248
2023,276,,X,3004,93689094.728
2023,276,,X,3004,40634735082.964
2023,276,,X,3004,68308281492.622
2023,276,,X,3004,14579976672.486
2023,276,,X,3004,14411540162.239
2023,276,,X,3004,12733752723.114
2023,276,,X,3004,56695916.042
2023,276,,X,3004,56695916.042
2023,276,,X,3004,455977464.467
2023,276,,X,3004,56695916.042
2023,276,,X,3004,68308281492.622
2023,276,,X,3004,790480.036
2023,276,,X,3004,790480.036
2023,276,,X,3004,208641523.252
2023,276,,X,3004,14579976672.486
2023,276,,X,3004,455977464.467
2023,276,,X,3004,40728424177.692
2023,276,,X,3004,12733752723.114
2023,276,,X,3004,12539900863.622
2023,276,,X,3004,40728424177.692
2023,276,,X,3004,208641523.252
2023,276,,X,3004,67852304028.155
2023,276,,X,3004,12539900863.622
2023,276,,X,3004,40634735082.964
2023,276,,X,3004,790480.036
2023,276,,X,3004,193851859.492
2023,276,,X,3004,193851859.492
2021,276,,X,3004,40963.912
2021,276,,X,3004,76871575.413
2021,276,,X,3004,1014698.534
2021,276,,X,3004,4413953.613
2021,276,,X,3004,82300227.559
2021,276,,X,3004,158293307.676
2022,276,,X,3004,244801308.168
2022,276,,X,3004,14699854548.638
2022,276,,X,3004,462603295.285
2022,276,,X,3004,194940036.898
2022,276,,X,3004,68244608391.392
2023,276,,X,3004,56695916.042
2023,276,,X,3004,208641523.252
2023,276,,X,3004,168436510.248
2023,276,,X,3004,14411540162.239
2023,276,,X,3004,93689094.728
2023,276,,X,3004,790480.036
2023,276,,X,3004,208641523.252
2023,276,,X,3004,67852304028.155
2022,276,,X,3004,21432578569.261
2022,276,,X,3004,75297835064.463
2022,276,,X,3004,68244608391.392
2022,276,,X,3004,244801308.168
2022,276,,X,3004,14699854548.638
2022,276,,X,3004,75297835064.463
2022,276,,X,3004,10954398388.425
2022,276,,X,3004,6532146276.006
2022,276,,X,3004,21432578569.261
2022,276,,X,3004,10759458351.527
2022,276,,X,3004,6590621748.168
2022,276,,X,3004,462603295.285
2022,276,,X,3004,200576115.0
2022,276,,X,3004,1629.618
2022,276,,X,3004,244801308.168
2022,276,,X,3004,194940036.898
2022,276,,X,3004,41421433.127
2022,276,,X,3004,10954398388.425
2022,276,,X,3004,58475472.162
2021,276,,X,3004,377366666.522
2021,276,,X,3004,14471554969.739
2021,276,,X,3004,169000562.458
2021,276,,X,3004,64568116233.051
2021,276,,X,3004,64568116233.051
2021,276,,X,3004,377366666.522
2021,276,,X,3004,14471554969.739
2021,276,,X,3004,169000562.458
2021,276,,X,8703,8853.872
2021,276,,X,8703,1729386046.59
2021,276,,X,8703,451416.409
2021,276,,X,8703,1036679.745
2021,276,,X,8703,17674494932.299
2021,276,,X,8703,189040763.463
2021,276,,X,8703,22413602671.143
2021,276,,X,8703,24370039.298
2021,276,,X,8703,7782018.275
2021,276,,X,8703,1878637944.781
2021,276,,X,8703,451416.409
2021,276,,X,8703,17674494932.299
2021,276,,X,8703,400888377.434
2021,276,,X,8703,24887610.654
2021,276,,X,8703,775990819.787
2021,276,,X,8703,4577933670.608
2021,276,,X,8703,4099730.894
2021,276,,X,8703,1036679.745
2021,276,,X,8703,140320723649.224
2021,276,,X,8703,35484147040.382
2021,276,,X,8703,825990278.968
2021,276,,X,8703,77048530162.131
2021,276,,X,8703,18986911.397
2021,276,,X,8703,776732629.015
2021,276,,X,8703,41374305678.541
2021,276,,X,8703,35993404770.947
2021,276,,X,8703,77048530162.131
2021,276,,X,8703,825990278.968
2021,276,,X,8703,38130415679.629
2021,276,,X,8703,18986911.397
2021,276,,X,8703,41374305678.541
2021,276,,X,8703,1882746529.547
2021,276,,X,8703,1878637944.781
2021,276,,X,8703,4577933670.608
2021,276,,X,8703,6736484.658
2021,276,,X,8703,451416.409
2021,276,,X,8703,161174068.235
2021,276,,X,8703,400888377.434
2021,276,,X,8703,24887610.654
2021,276,,X,8703,775990819.787
2021,276,,X,8703,4099730.894
2021,276,,X,8703,1882746529.547
2021,276,,X,8703,24370039.298
2021,276,,X,8703,189040763.463
2021,276,,X,8703,8853.872
2021,276,,X,8703,1729386046.59
2021,276,,X,8703,451416.409
2021,276,,X,8703,161174068.235
2021,276,,X,8703,22413602671.143
2021,276,,X,8703,7782018.275
2021,276,,X,8703,6736484.658
2021,276,,X,8703,18986911.397
2021,276,,X,8703,38130415679.629
2021,276,,X,8703,41819936527.772
2021,276,,X,8703,97717014283.39
2021,276,,X,8703,35993404770.947
2021,276,,X,8703,35484147040.382
2021,276,,X,8703,776732629.015
2021,276,,X,8703,18986911.397
2021,276,,X,8703,41819936527.772
2021,276,,X,8703,140320723649.224
2021,276,,X,8703,97717014283.39
2022,276,,X,8703,800802.014
2022,276,,X,8703,3322152.152
2022,276,,X,8703,2285000469.772
2022,276,,X,8703,8726589.457
2022,276,,X,8703,2552172.045
2022,276,,X,8703,585511232.76
2022,276,,X,8703,56371776128.253
2022,276,,X,8703,8726589.457
2022,276,,X,8703,478935406.231
2022,276,,X,8703,3322152.152
2022,276,,X,8703,8194904.155
2022,276,,X,8703,107748445482.369
2022,276,,X,8703,585511232.76
2022,276,,X,8703,4190521.36
2022,276,,X,8703,8726589.457
2022,276,,X,8703,2285000469.772
2022,276,,X,8703,800802.014
2022,276,,X,8703,54118093218.875
2022,276,,X,8703,14887.866
2022,276,,X,8703,800802.014
2022,276,,X,8703,87889473126.726
2022,276,,X,8703,2552172.045
2022,276,,X,8703,640806453.405
2022,276,,X,8703,800802.014
2022,276,,X,8703,44243941526.593
2022,276,,X,8703,478935406.231
2022,276,,X,8703,4278443405.663
2022,276,,X,8703,69572.714
2022,276,,X,8703,69572.714
2022,276,,X,8703,14887.866
2022,276,,X,8703,158186958670.867
2022,276,,X,8703,49511563157.856
2022,276,,X,8703,44243941526.593
2022,276,,X,8703,8194904.155
2022,276,,X,8703,922759509.282
2022,276,,X,8703,4278443405.663
2022,276,,X,8703,798796.493
2022,276,,X,8703,47100316.491
2022,276,,X,8703,232690890.978
2022,276,,X,8703,1771425350.995
2022,276,,X,8703,640806453.405
2022,276,,X,8703,6506371642.897
2022,276,,X,8703,10987738468.613
2022,276,,X,8703,87889473126.726
2022,276,,X,8703,6506371642.897
2022,276,,X,8703,202923420.053
2022,276,,X,8703,107748445482.369
2022,276,,X,8703,8726589.457
2022,276,,X,8703,158186958670.867
2022,276,,X,8703,2287637102.398
2022,276,,X,8703,56371776128.253
2022,276,,X,8703,4190521.36
2022,276,,X,8703,49511563157.856
2022,276,,X,8703,1771425350.995
2022,276,,X,8703,43412041912.661
2022,276,,X,8703,10987738468.613
2022,276,,X,8703,202923420.053
2022,276,,X,8703,47100316.491
2022,276,,X,8703,43412041912.661
2022,276,,X,8703,798796.493
2022,276,,X,8703,2287637102.398
2022,276,,X,8703,54118093218.875
2022,276,,X,8703,922759509.282
2022,276,,X,8703,232690890.978
2023,276,,X,8703,92745154538.206
2023,276,,X,8703,92533303945.649
2023,276,,X,8703,2600632994.45
2023,276,,X,8703,487513.642
2023,276,,X,8703,670483814.944
2023,276,,X,8703,487513.642
2023,276,,X,8703,2600622571.132
2023,276,,X,8703,593909252.785
2023,276,,X,8703,6783640.551
2023,276,,X,8703,1008731035.473
2023,276,,X,8703,18889794.851
2023,276,,X,8703,2600622571.132
2023,276,,X,8703,92533303945.649
2023,276,,X,8703,180713070858.301
2023,276,,X,8703,677267455.495
2023,276,,X,8703,670483814.944
2023,276,,X,8703,10423.318
2023,276,,X,8703,211850592.556
2023,276,,X,8703,14270416544.523
2023,276,,X,8703,14270416544.523
2023,276,,X,8703,196177126.262
2023,276,,X,8703,179704339822.828
2023,276,,X,8703,14074239418.261
2023,276,,X,8703,487513.642
2023,276,,X,8703,10423.318
2023,276,,X,8703,70400222017.135
2023,276,,X,8703,69806312764.349
2023,276,,X,8703,2600632994.45
2023,276,,X,8703,487513.642
2023,276,,X,8703,18889794.851
2023,276,,X,8703,92745154538.206
2023,276,,X,8703,211850592.556
2023,276,,X,8703,69806312764.349
2023,276,,X,8703,179704339822.828
2023,276,,X,8703,18889794.851
2023,276,,X,8703,18889794.851
2023,276,,X,8703,180713070858.301
2023,276,,X,8703,6783640.551
2023,276,,X,8703,196177126.262
2023,276,,X,8703,70400222017.135
2023,276,,X,8703,677267455.495
2023,276,,X,8703,593909252.785
2023,276,,X,8703,1008731035.473
2023,276,,X,8703,14074239418.261
2021,392,,X,8541,10253644701.621
2022,392,,X,8541,9209345462.525
2023,392,,X,8541,7954464893.187
2021,392,,X,8471,1624558470.9
2022,392,,X,8471,1476582210.929
2023,392,,X,8471,1505087014.958
2022,392,,X,3004,4544348074.312
2021,392,,X,3004,4499275135.021
2023,392,,X,3004,4487908220.719
2021,392,,X,8703,85544977953.198
2022,392,,X,8703,86572809829.902
2023,392,,X,8703,110654497401.223
2021,410,,X,8541,5042955017.0
2022,410,,X,8541,4583602231.0
2023,410,,X,8541,3878216723.0
2021,410,,X,8471,740346123.0
2022,410,,X,8471,776260912.0
2023,410,,X,8471,805282869.0
2021,410,,X,3004,865413439.0
2022,410,,X,3004,907530033.0
2023,410,,X,3004,842396969.0
2021,410,,X,8703,44317180103.0
2022,410,,X,8703,51680333532.0
2023,410,,X,8703,68260793413.0
2021,826,,X,8541,32045699.837
2021,826,,X,8541,32644140.186
2021,826,,X,8541,704991572.337
2021,826,,X,8541,10852754.009
2021,826,,X,8541,629448978.305
2021,826,,X,8541,704991572.337
2021,826,,X,8541,629448978.305
2021,826,,X,8541,32644140.186
2021,826,,X,8541,10852754.009
2021,826,,X,8541,32045699.837
2022,826,,X,8541,1618.687
2022,826,,X,8541,112705.064
2022,826,,X,8541,1463937.772
2022,826,,X,8541,10958.488
2022,826,,X,8541,258.795
2022,826,,X,8541,503603.373
2022,826,,X,8541,781413.31
2022,826,,X,8541,560816.519
2022,826,,X,8541,1543753.944
2022,826,,X,8541,2357416.483
2022,826,,X,8541,243744.262
2022,826,,X,8541,37967.126
2022,826,,X,8541,1226.833
2022,826,,X,8541,3143959.298
2022,826,,X,8541,7103563.6
2022,826,,X,8541,3595348.412
2022,826,,X,8541,10732602.923
2022,826,,X,8541,12185.321
2022,826,,X,8541,7348926.549
2022,826,,X,8541,5229542.535
2022,826,,X,8541,13871432.716
2022,826,,X,8541,5732807.766
2022,826,,X,8541,46.388
2022,826,,X,8541,181.889
2022,826,,X,8541,739.762
2022,826,,X,8541,2597909.943
2022,826,,X,8541,2588108.706
2022,826,,X,8541,810898.808
2022,826,,X,8541,80660.916
2022,826,,X,8541,52267.971
2022,826,,X,8541,16340.684
2022,826,,X,8541,306250.491
2022,826,,X,8541,2658788.939
2022,826,,X,8541,6895460.975
2022,826,,X,8541,5039711.788
2022,826,,X,8541,216041.029
2022,826,,X,8541,41205.721
2022,826,,X,8541,10770.496
2022,826,,X,8541,11644.538
2022,826,,X,8541,218781.566
2022,826,,X,8541,75919.603
2022,826,,X,8541,11804.453
2022,826,,X,8541,207055.24
2022,826,,X,8541,1164.576
2022,826,,X,8541,9204.3
2022,826,,X,8541,37539.871
2022,826,,X,8541,69969.768
2022,826,,X,8541,11430.91
2022,826,,X,8541,27686.143
2022,826,,X,8541,34267.095
2022,826,,X,8541,2866.273
2022,826,,X,8541,24714868.103
2022,826,,X,8541,37419157.768
2022,826,,X,8541,27211.279
2022,826,,X,8541,731258.421
2022,826,,X,8541,8949389.477
2022,826,,X,8541,3320701.385
2022,826,,X,8541,91430.191
2022,826,,X,8541,6974204.125
2022,826,,X,8541,4355575.963
2022,826,,X,8541,492563.096
2022,826,,X,8541,6384.415
2022,826,,X,8541,1315.946
2022,826,,X,8541,200600.022
2022,826,,X,8541,1627.232
2022,826,,X,8541,1149.927
2022,826,,X,8541,17900.776
2022,826,,X,8541,6224.499
2022,826,,X,8541,69209.254
2022,826,,X,8541,7028.96
2022,826,,X,8541,2204.637
2022,826,,X,8541,278929.346
2022,826,,X,8541,3745.198
2022,826,,X,8541,161.136
2022,826,,X,8541,21575.172
2022,826,,X,8541,1647.985
2022,826,,X,8541,96958.875
2022,826,,X,8541,2492014.108
2022,826,,X,8541,17493314.902
2022,826,,X,8541,204206.057
2022,826,,X,8541,3271.555
2022,826,,X,8541,120147.851
2022,826,,X,8541,1636756.434
2022,826,,X,8541,268172.278
2022,826,,X,8541,235760.692
2022,826,,X,8541,7856645.001
2022,826,,X,8541,425192.261
2022,826,,X,8541,63725051.34
2022,826,,X,8541,46039.81
2022,826,,X,8541,179666.955
2022,826,,X,8541,9058854.725
2022,826,,X,8541,2419004.723
2022,826,,X,8541,15027037.432
2022,826,,X,8541,10283013.164
2022,826,,X,8541,57573.261
2022,826,,X,8541,985439.92
2022,826,,X,8541,1562942.589
2022,826,,X,8541,8321227.758
2022,826,,X,8541,18766604.038
2022,826,,X,8541,1275003.04
2022,826,,X,8541,550799.213
2022,826,,X,8541,77057.323
2022,826,,X,8541,1986480.762
2022,826,,X,8541,9926135.362
2022,826,,X,8541,155318.286
2022,826,,X,8541,582643.161
2022,826,,X,8541,3387.524
2022,826,,X,8541,9801077.738
2022,826,,X,8541,14745754.52
2022,826,,X,8541,96741370.165
2022,826,,X,8541,10295855.237
2022,826,,X,8541,2736033.034
2022,826,,X,8541,2662496.294
2022,826,,X,8541,235295532.741
2022,826,,X,8541,14918.534
2022,826,,X,8541,4461.766
2022,826,,X,8541,19683.041
2022,826,,X,8541,318659.205
2022,826,,X,8541,795850230.895
2022,826,,X,8541,3527.908
2022,826,,X,8541,8038.503
2022,826,,X,8541,245161.529
2022,826,,X,8541,5345.574
2022,826,,X,8541,2100.875
2022,826,,X,8541,5964.484
2022,826,,X,8541,362242.907
2022,826,,X,8541,47944.148
2022,826,,X,8541,6308.73
2022,826,,X,8541,122777.302
2022,826,,X,8541,16943.724
2022,826,,X,8541,65421.331
2022,826,,X,8541,1170.68
2022,826,,X,8541,1717.566
2022,826,,X,8541,8311.947
2022,826,,X,8541,51413.461
2022,826,,X,8541,273742.467
2022,826,,X,8541,14918.534
2022,826,,X,8541,7965248.414
2022,826,,X,8541,64148038.964
2022,826,,X,8541,52424.225
2022,826,,X,8541,2501953.287
2022,826,,X,8541,19158637.625
2022,826,,X,8541,10461422.767
2022,826,,X,8541,336591.72
2022,826,,X,8541,59777.898
2022,826,,X,8541,1576374.275
2022,826,,X,8541,4461.766
2022,826,,X,8541,8652425.075
2022,826,,X,8541,1482058.279
2022,826,,X,8541,554544.411
2022,826,,X,8541,78221.899
2022,826,,X,8541,3632441.496
2022,826,,X,8541,10200662.758
2022,826,,X,8541,225334.442
2022,826,,X,8541,1325332.492
2022,826,,X,8541,65269.96
2022,826,,X,8541,9822652.91
2022,826,,X,8541,24790533.795
2022,826,,X,8541,2752373.718
2022,826,,X,8541,3152934.101
2022,826,,X,8541,235298399.014
2022,826,,X,8541,318659.205
2022,826,,X,8541,109061597.605
2022,826,,X,8541,20902603.4
2022,826,,X,8541,878075481.611
2022,826,,X,8541,16025.736
2022,826,,X,8541,461980.162
2022,826,,X,8541,441132.545
2022,826,,X,8541,248876.208
2022,826,,X,8541,985439.92
2022,826,,X,8541,18927957.61
2022,826,,X,8541,3387.524
2022,826,,X,8541,18320144.229
2022,826,,X,8541,3527.908
2022,826,,X,8541,8038.503
2022,826,,X,8541,1315.946
2022,826,,X,8541,5345.574
2022,826,,X,8541,200600.022
2022,826,,X,8541,5372.43
2022,826,,X,8541,5964.484
2022,826,,X,8541,362242.907
2022,826,,X,8541,49094.075
2022,826,,X,8541,6308.73
2022,826,,X,8541,161.136
2022,826,,X,8541,122777.302
2022,826,,X,8541,1647.985
2022,826,,X,8541,58302.037
2022,826,,X,8541,34267.095
2022,826,,X,8541,65421.331
2022,826,,X,8541,1170.68
2022,826,,X,8541,1717.566
2022,826,,X,8541,411604.322
2022,826,,X,8541,1068450.74
2022,826,,X,8541,410566.702
2022,826,,X,8541,41358.312
2022,826,,X,8541,2551.324
2022,826,,X,8541,2551.324
2022,826,,X,8541,8944.284
2022,826,,X,8541,8944.284
2022,826,,X,8541,236987.525
2022,826,,X,8541,7713.789
2022,826,,X,8541,15940.285
2022,826,,X,8541,97748.687
2022,826,,X,8541,1380.645
2022,826,,X,8541,1380.645
2022,826,,X,8541,13.428
2022,826,,X,8541,5703.248
2022,826,,X,8541,63.478
2022,826,,X,8541,90.334
2022,826,,X,8541,164902.232
2022,826,,X,8541,101825.923
2022,826,,X,8541,35550.082
2022,826,,X,8541,1333966.712
2022,826,,X,8541,755461.823
2022,826,,X,8541,952782.967
2022,826,,X,8541,179019.968
2022,826,,X,8541,5256.461
2022,826,,X,8541,14701.244
2022,826,,X,8541,20189.644
2022,826,,X,8541,7544.108
2022,826,,X,8541,1843.301
2022,826,,X,8541,24205.843
2022,826,,X,8541,144564.88
2022,826,,X,8541,1201.198
2022,826,,X,8541,42945.261
2022,826,,X,8541,1308.622
2022,826,,X,8541,59497.131
2022,826,,X,8541,437069.958
2022,826,,X,8541,555431.882
2022,826,,X,8541,925203.027
2022,826,,X,8541,493644.662
2022,826,,X,8541,1078659.701
2022,826,,X,8541,204243.9
2022,826,,X,8541,26227.371
2022,826,,X,8541,24348.669
2022,826,,X,8541,2548.883
2022,826,,X,8541,3125411.535
2022,826,,X,8541,13956.599
2022,826,,X,8541,1418.488
2022,826,,X,8541,92116.241
2022,826,,X,8541,939043.657
2022,826,,X,8541,519098.091
2022,826,,X,8541,30960.139
2022,826,,X,8541,188525.788
2022,826,,X,8541,47197.061
2022,826,,X,8541,237568.592
2022,826,,X,8541,256305.568
2022,826,,X,8541,5173.451
2022,826,,X,8541,5293037.555
2022,826,,X,8541,1277855.884
2022,826,,X,8541,756471.367
2022,826,,X,8541,4150917.015
2022,826,,X,8541,812118.317
2022,826,,X,8541,2495772.734
2022,826,,X,8541,403420.552
2022,826,,X,8541,73746840.618
2022,826,,X,8541,1051937.934
2022,826,,X,8541,385455.077
2022,826,,X,8541,4674442.692
2022,826,,X,8541,7142.488
2022,826,,X,8541,41039.702
2022,826,,X,8541,122303718.674
2022,826,,X,8541,29312.155
2022,826,,X,8541,3031405.605
2022,826,,X,8541,5385399.163
2022,826,,X,8541,55468.724
2022,826,,X,8541,13801.567
2022,826,,X,8541,13518.357
2022,826,,X,8541,472532.147
2022,826,,X,8541,22158.68
2022,826,,X,8541,38907.088
2022,826,,X,8541,2148.484
2022,826,,X,8541,1845.743
2022,826,,X,8541,2544.0
2022,826,,X,8541,5788.699
2022,826,,X,8541,28875.133
2022,826,,X,8541,314330.499
2022,826,,X,8541,4406.833
2022,826,,X,8541,3455.885
2022,826,,X,8541,3939.294
2022,826,,X,8541,1533.236
2022,826,,X,8541,41200.838
2022,826,,X,8541,188097.312
2022,826,,X,8541,479699.05
2022,826,,X,8541,23914.089
2022,826,,X,8541,4930.526
2022,826,,X,8541,5482145.631
2022,826,,X,8541,3048905.982
2022,826,,X,8541,13801.567
2022,826,,X,8541,759020.25
2022,826,,X,8541,5498474.107
2022,826,,X,8541,1058572.598
2022,826,,X,8541,4465874.969
2022,826,,X,8541,561046.016
2022,826,,X,8541,13518.357
2022,826,,X,8541,472532.147
2022,826,,X,8541,1567349.422
2022,826,,X,8541,899289.383
2022,826,,X,8541,23467.302
2022,826,,X,8541,123448849.533
2022,826,,X,8541,124359.367
2022,826,,X,8541,3045362.204
2022,826,,X,8541,5392074.111
2022,826,,X,8541,909975.648
2022,826,,X,8541,479699.05
2022,826,,X,8541,23914.089
2022,826,,X,8541,193456.314
2022,826,,X,8541,47197.061
2022,826,,X,8541,74182166.154
2022,826,,X,8541,5962406.216
2022,826,,X,8541,7142.488
2022,826,,X,8541,402182.732
2022,826,,X,8541,455950.98
2022,826,,X,8541,55468.724
2022,826,,X,8541,26227.371
2022,826,,X,8541,65549.507
2022,826,,X,8541,38907.088
2022,826,,X,8541,521246.575
2022,826,,X,8541,1845.743
2022,826,,X,8541,2544.0
2022,826,,X,8541,243357.291
2022,826,,X,8541,28875.133
2022,826,,X,8541,3140370.353
2022,826,,X,8541,1201.198
2022,826,,X,8541,364819.867
2022,826,,X,8541,4406.833
2022,826,,X,8541,3455.885
2022,826,,X,8541,3939.294
2022,826,,X,8541,1533.236
2022,826,,X,8541,450777.529
2022,826,,X,8541,23960.477
2022,826,,X,8541,209303.823
2022,826,,X,8541,133574.654
2022,826,,X,8541,721878.337
2022,826,,X,8541,500710.244
2022,826,,X,8541,361143.03
2022,826,,X,8541,14958.818
2022,826,,X,8541,9792.691
2022,826,,X,8541,5642628.822
2022,826,,X,8541,4859587.06
2022,826,,X,8541,499.278
2022,826,,X,8541,400980.314
2022,826,,X,8541,340924.089
2022,826,,X,8541,40638.082
2022,826,,X,8541,1046.165
2022,826,,X,8541,146834.216
2022,826,,X,8541,2288611.291
2022,826,,X,8541,501180.225
2022,826,,X,8541,3215183.976
2022,826,,X,8541,25093.314
2022,826,,X,8541,14673.168
2022,826,,X,8541,6146.373
2022,826,,X,8541,4965.927
2022,826,,X,8541,33085.429
2022,826,,X,8541,19408.377
2022,826,,X,8541,16341.905
2022,826,,X,8541,4965.927
2022,826,,X,8541,16341.905
2022,826,,X,8541,33085.429
2022,826,,X,8541,25093.314
2022,826,,X,8541,19408.377
2022,826,,X,8541,30612.231
2022,826,,X,8541,277512.079
2022,826,,X,8541,24730.757
2022,826,,X,8541,5034.288
2022,826,,X,8541,79644.049
2022,826,,X,8541,2364478.403
2022,826,,X,8541,63365.622
2022,826,,X,8541,2362271.324
2022,826,,X,8541,6319.716
2022,826,,X,8541,5034.288
2022,826,,X,8541,2207.079
2022,826,,X,8541,16278.427
2022,826,,X,8541,18411.041
2022,826,,X,8541,17478.404
2022,826,,X,8541,17478.404
2022,826,,X,8541,52329.008
2022,826,,X,8541,208413.911
2022,826,,X,8541,73935.918
2022,826,,X,8541,47411.91
2022,826,,X,8541,152172.466
2022,826,,X,8541,3912.438
2022,826,,X,8541,121347.828
2022,826,,X,8541,62490.359
2022,826,,X,8541,6065.804
2022,826,,X,8541,1414.825
2022,826,,X,8541,2380.422
2022,826,,X,8541,1875222.262
2022,826,,X,8541,3615854.225
2022,826,,X,8541,601841.572
2022,826,,X,8541,18256.008
2022,826,,X,8541,143762.861
2022,826,,X,8541,301844.878
2022,826,,X,8541,644969.942
2022,826,,X,8541,3168730.339
2022,826,,X,8541,8507.263
2022,826,,X,8541,2034.956
2022,826,,X,8541,267703.518
2022,826,,X,8541,1053605.45
2022,826,,X,8541,33081.767
2022,826,,X,8541,1158.472
2022,826,,X,8541,18256.008
2022,826,,X,8541,143762.861
2022,826,,X,8541,3089740.601
2022,826,,X,8541,7839348.486
2022,826,,X,8541,643430.603
2022,826,,X,8541,2034.956
2022,826,,X,8541,62490.359
2022,826,,X,8541,6065.804
2022,826,,X,8541,1414.825
2022,826,,X,8541,2380.422
2023,826,,X,8541,1201.931
2023,826,,X,8541,1139.783
2023,826,,X,8541,183364.655
2023,826,,X,8541,180141.691
2023,826,,X,8541,222634.353
2023,826,,X,8541,1367.243
2023,826,,X,8541,7050.001
2023,826,,X,8541,2605484.915
2023,826,,X,8541,14937783.386
2023,826,,X,8541,44379.457
2023,826,,X,8541,509291.712
2023,826,,X,8541,37041.092
2023,826,,X,8541,207582.253
2023,826,,X,8541,536197.806
2023,826,,X,8541,5083.657
2023,826,,X,8541,240432.125
2023,826,,X,8541,105148.426
2023,826,,X,8541,1501758.313
2023,826,,X,8541,474956.517
2023,826,,X,8541,3951.332
2023,826,,X,8541,2999.233
2023,826,,X,8541,15617.641
2023,826,,X,8541,3083.754
2023,826,,X,8541,7527330.134
2023,826,,X,8541,53479.079
2023,826,,X,8541,6162486.268
2023,826,,X,8541,2474.709
2023,826,,X,8541,63610.348
2023,826,,X,8541,8102.778
2023,826,,X,8541,1628.262
2023,826,,X,8541,2815.277
2023,826,,X,8541,12954.004
2023,826,,X,8541,45153.813
2023,826,,X,8541,80669619.572
2023,826,,X,8541,232597.824
2023,826,,X,8541,2190581.428
2023,826,,X,8541,1236152.764
2023,826,,X,8541,724549.168
2023,826,,X,8541,125101.469
2023,826,,X,8541,1527491.065
2023,826,,X,8541,602125.009
2023,826,,X,8541,1410905.032
2023,826,,X,8541,7852.945
2023,826,,X,8541,8821.202
2023,826,,X,8541,1986.231
2023,826,,X,8541,5954945.032
2023,826,,X,8541,32951.793
2023,826,,X,8541,8598.714
2023,826,,X,8541,172993.497
2023,826,,X,8541,428574.671
2023,826,,X,8541,9555618.604
2023,826,,X,8541,2795970.419
2023,826,,X,8541,3122609.685
2023,826,,X,8541,3562111.112
2023,826,,X,8541,17977.999
2023,826,,X,8541,7709552.52
2023,826,,X,8541,28688.482
2023,826,,X,8541,80104502.095
2023,826,,X,8541,6343386.157
2023,826,,X,8541,898938.496
2023,826,,X,8541,428574.671
2023,826,,X,8541,6714.405
2023,826,,X,8541,1723.969
2023,826,,X,8541,1515.154
2023,826,,X,8541,13016.151
2023,826,,X,8541,18394.387
2023,826,,X,8541,892639.236
2023,826,,X,8541,5841.855
2023,826,,X,8541,655432.561
2023,826,,X,8541,91467.297
2023,826,,X,8541,16096.176
2023,826,,X,8541,1322546.347
2023,826,,X,8541,9683.808
2023,826,,X,8541,239949.861
2023,826,,X,8541,8821.202
2023,826,,X,8541,18672.807
2023,826,,X,8541,150709.926
2023,826,,X,8541,39369.134
2023,826,,X,8541,181083.845
2021,826,,X,8471,220428652.253
2021,826,,X,8471,4639398119.333
2021,826,,X,8471,4639398119.333
2021,826,,X,8471,220428652.253
2021,826,,X,8471,2433316897.427
2021,826,,X,8471,371955642.665
2021,826,,X,8471,1613696926.987
2021,826,,X,8471,371955642.665
2021,826,,X,8471,2433316897.427
2021,826,,X,8471,1613696926.987
2022,826,,X,8471,4024.745
2022,826,,X,8471,2453.666
2022,826,,X,8471,4576.515
2022,826,,X,8471,52896.647
2022,826,,X,8471,1102.319
2022,826,,X,8471,6532.123
2022,826,,X,8471,5380.975
2022,826,,X,8471,3024.967
2022,826,,X,8471,19799.01
2022,826,,X,8471,2813.781
2022,826,,X,8471,4853.62
2022,826,,X,8471,5380.975
2022,826,,X,8471,8820.991
2022,826,,X,8471,2813.781
2022,826,,X,8471,63803.864
2022,826,,X,8471,14996467.927
2022,826,,X,8471,3782702.3
2022,826,,X,8471,2309.62
2022,826,,X,8471,38262.543
2022,826,,X,8471,485608.601
2022,826,,X,8471,459239.625
2022,826,,X,8471,70666.805
2022,826,,X,8471,68042.237
2022,826,,X,8471,50685.906
2022,826,,X,8471,98612.963
2022,826,,X,8471,7791.916
2022,826,,X,8471,2599195.371
2022,826,,X,8471,100809.055
2022,826,,X,8471,6792266.614
2022,826,,X,8471,71825.277
2022,826,,X,8471,6714.012
2022,826,,X,8471,28546893.975
2022,826,,X,8471,9508.261
2022,826,,X,8471,25066.458
2022,826,,X,8471,50295.272
2022,826,,X,8471,387753.711
2022,826,,X,8471,457561.122
2022,826,,X,8471,117439.052
2022,826,,X,8471,13934.626
2022,826,,X,8471,34108.4
2022,826,,X,8471,16589.713
2022,826,,X,8471,236928.93
2022,826,,X,8471,1463.655
2022,826,,X,8471,102945.332
2022,826,,X,8471,205690.464
2022,826,,X,8471,14712.231
2022,826,,X,8471,2601622.181
2022,826,,X,8471,417418.656
2022,826,,X,8471,89339.082
2022,826,,X,8471,10350.565
2022,826,,X,8471,279072.171
2022,826,,X,8471,1667092.781
2022,826,,X,8471,71654.375
2022,826,,X,8471,28167.11
2022,826,,X,8471,38203.948
2022,826,,X,8471,21498899.198
2022,826,,X,8471,1218007.183
2022,826,,X,8471,6453338.418
2022,826,,X,8471,2368986.556
2022,826,,X,8471,3685.382
2022,826,,X,8471,11338.135
2022,826,,X,8471,2698460.203
2022,826,,X,8471,13928.523
2022,826,,X,8471,35782.02
2022,826,,X,8471,898086.965
2022,826,,X,8471,44117.161
2022,826,,X,8471,27517.682
2022,826,,X,8471,2376.76
2022,826,,X,8471,165018.202
2022,826,,X,8471,69327.665
2022,826,,X,8471,20192.085
2022,826,,X,8471,1063471.385
2022,826,,X,8471,358661.287
2022,826,,X,8471,395091.515
2022,826,,X,8471,6478.411
2022,826,,X,8471,406317.343
2022,826,,X,8471,21726.542
2022,826,,X,8471,310873.393
2022,826,,X,8471,20092076.914
2022,826,,X,8471,18172609.314
2022,826,,X,8471,1861031.283
2022,826,,X,8471,1889233.795
2022,826,,X,8471,3976546.805
2022,826,,X,8471,1379.424
2022,826,,X,8471,429040.0
2022,826,,X,8471,39878.788
2022,826,,X,8471,607475.238
2022,826,,X,8471,36407273.187
2022,826,,X,8471,2924.868
2022,826,,X,8471,3021324.821
2022,826,,X,8471,17364.876
2022,826,,X,8471,284129955.836
2022,826,,X,8471,54276.071
2022,826,,X,8471,1373260.771
2022,826,,X,8471,18290.189
2022,826,,X,8471,45728.524
2022,826,,X,8471,4682316.397
2022,826,,X,8471,62695.442
2022,826,,X,8471,1851732.987
2022,826,,X,8471,5324849.763
2022,826,,X,8471,2301.075
2022,826,,X,8471,496717.238
2022,826,,X,8471,6473479.232
2022,826,,X,8471,19993.106
2022,826,,X,8471,88020.694
2022,826,,X,8471,45785.898
2022,826,,X,8471,3825995.468
2022,826,,X,8471,7167448.032
2022,826,,X,8471,69155.542
2022,826,,X,8471,461925.229
2022,826,,X,8471,20846.396
2022,826,,X,8471,7357583.962
2022,826,,X,8471,296094.022
2022,826,,X,8471,1823106.882
2022,826,,X,8471,1731720.637
2022,826,,X,8471,1928281.266
2022,826,,X,8471,95081554.152
2022,826,,X,8471,426206.687
2022,826,,X,8471,408792.982
2022,826,,X,8471,5262564.487
2022,826,,X,8471,54741399.65
2022,826,,X,8471,145220.412
2022,826,,X,8471,10510.48
2022,826,,X,8471,3542.557
2022,826,,X,8471,3091389.807
2022,826,,X,8471,35056.907
2022,826,,X,8471,14059880.377
2022,826,,X,8471,2310691.844
2022,826,,X,8471,30282.634
2022,826,,X,8471,355322.592
2022,826,,X,8471,240157.759
2022,826,,X,8471,423812.837
2022,826,,X,8471,246787.54
2022,826,,X,8471,386888.213
2022,826,,X,8471,1103029.122
2022,826,,X,8471,11812.999
2022,826,,X,8471,466499.303
2022,826,,X,8471,81321.331
2022,826,,X,8471,102153.078
2022,826,,X,8471,2125062.847
2022,826,,X,8471,187428.352
2022,826,,X,8471,771242.192
2022,826,,X,8471,1409.942
2022,826,,X,8471,590750.025
2022,826,,X,8471,18183747.249
2022,826,,X,8471,5370102.202
2022,826,,X,8471,1343296.746
2022,826,,X,8471,50419.787
2022,826,,X,8471,207013331.966
2022,826,,X,8471,9414.265
2022,826,,X,8471,77345.415
2022,826,,X,8471,24058.135
2022,826,,X,8471,1144489.975
2022,826,,X,8471,798425.395
2022,826,,X,8471,28943.494
2022,826,,X,8471,9613.244
2022,826,,X,8471,28258.665
2022,826,,X,8471,305361.8
2022,826,,X,8471,146090.792
2022,826,,X,8471,717607.004
2022,826,,X,8471,11025.628
2022,826,,X,8471,4994260.369
2022,826,,X,8471,45700.447
2022,826,,X,8471,169296.858
2022,826,,X,8471,19213632.706
2022,826,,X,8471,111165.724
2022,826,,X,8471,2046024.28
2022,826,,X,8471,385346.432
2022,826,,X,8471,24879.686
2022,826,,X,8471,23567839.011
2022,826,,X,8471,535747.62
2022,826,,X,8471,307338.161
2022,826,,X,8471,313913.009
2022,826,,X,8471,2067849.701
2022,826,,X,8471,5421.259
2022,826,,X,8471,506723.557
2022,826,,X,8471,3288.645
2022,826,,X,8471,69363.066
2022,826,,X,8471,80665.799
2022,826,,X,8471,445534.496
2022,826,,X,8471,636908.245
2022,826,,X,8471,39827.518
2022,826,,X,8471,14663.402
2022,826,,X,8471,28340.454
2022,826,,X,8471,734400.579
2022,826,,X,8471,1169296.418
2022,826,,X,8471,273620.394
2022,826,,X,8471,143244.051
2022,826,,X,8471,5032317.83
2022,826,,X,8471,10925.528
2022,826,,X,8471,537715.436
2022,826,,X,8471,1312.284
2022,826,,X,8471,377063.783
2022,826,,X,8471,852451.216
2022,826,,X,8471,6672576.537
2022,826,,X,8471,156101.994
2022,826,,X,8471,55572.486
2022,826,,X,8471,486778.06
2022,826,,X,8471,330119.413
2022,826,,X,8471,92486.122
2022,826,,X,8471,1113824.032
2022,826,,X,8471,8984130.216
2022,826,,X,8471,38788.677
2022,826,,X,8471,28166387.735
2022,826,,X,8471,30894.22
2022,826,,X,8471,42108486.034
2022,826,,X,8471,36560.846
2022,826,,X,8471,78403.788
2022,826,,X,8471,42396619.68
2022,826,,X,8471,84193.707
2022,826,,X,8471,1452384.789
2022,826,,X,8471,3352548.994
2022,826,,X,8471,3509731.334
2022,826,,X,8471,65692122.504
2022,826,,X,8471,293438.936
2022,826,,X,8471,513507.151
2022,826,,X,8471,3190732.766
2022,826,,X,8471,890464.73
2022,826,,X,8471,64622.974
2022,826,,X,8471,45905.529
2022,826,,X,8471,28175.656
2022,826,,X,8471,12000.991
2022,826,,X,8471,9880.584
2022,826,,X,8471,889696.892
2022,826,,X,8471,439444.277
2022,826,,X,8471,24332899.429
2022,826,,X,8471,2940640.711
2022,826,,X,8471,456313.536
2022,826,,X,8471,239372.83
2022,826,,X,8471,60013.499
2022,826,,X,8471,16507501.439
2022,826,,X,8471,11513542.59
2022,826,,X,8471,4584366.29
2022,826,,X,8471,167914.993
2022,826,,X,8471,261938.013
2022,826,,X,8471,468772.301
2022,826,,X,8471,5284817.163
2022,826,,X,8471,808465.894
2022,826,,X,8471,166215.737
2022,826,,X,8471,134768.527
2022,826,,X,8471,936071.181
2022,826,,X,8471,4273793.196
2022,826,,X,8471,122769.977
2022,826,,X,8471,63297.261
2022,826,,X,8471,115289.348
2022,826,,X,8471,11231749.413
2022,826,,X,8471,407033.911
2022,826,,X,8471,120593.417
2022,826,,X,8471,560095.068
2022,826,,X,8471,1494842.978
2022,826,,X,8471,270943.334
2022,826,,X,8471,368941.05
2022,826,,X,8471,2128756.774
2022,826,,X,8471,9786.588
2022,826,,X,8471,19767.271
2022,826,,X,8471,2133057.404
2022,826,,X,8471,4114813.943
2022,826,,X,8471,3717464.078
2022,826,,X,8471,1149967.388
2022,826,,X,8471,59250547.035
2022,826,,X,8471,316957.508
2022,826,,X,8471,2239614.874
2022,826,,X,8471,30088.538
2022,826,,X,8471,202135.7
2022,826,,X,8471,274108.685
2022,826,,X,8471,189094.648
2022,826,,X,8471,59771.795
2022,826,,X,8471,2421044.562
2022,826,,X,8471,5714772.71
2022,826,,X,8471,635516.614
2022,826,,X,8471,361625.218
2022,826,,X,8471,15043.049
2022,826,,X,8471,1591895.849
2022,826,,X,8471,15555216.53
2022,826,,X,8471,726969.999
2022,826,,X,8471,170602118.265
2022,826,,X,8471,557551.068
2022,826,,X,8471,3903804.761
2022,826,,X,8471,16481.068
2022,826,,X,8471,4984559.233
2022,826,,X,8471,13391266.127
2022,826,,X,8471,16444691.249
2022,826,,X,8471,1037264.766
2022,826,,X,8471,547810.868
2022,826,,X,8471,102385.017
2022,826,,X,8471,334571.413
2022,826,,X,8471,3058702.335
2022,826,,X,8471,14399.724
2022,826,,X,8471,5044182.099
2022,826,,X,8471,1931563.808
2022,826,,X,8471,735050.007
2022,826,,X,8471,307303.98
2022,826,,X,8471,7204.745
2022,826,,X,8471,69795.204
2022,826,,X,8471,71517468.884
2022,826,,X,8471,4909368.405
2022,826,,X,8471,9942.841
2022,826,,X,8471,1595536.064
2022,826,,X,8471,2768.614
2022,826,,X,8471,346239.145
2022,826,,X,8471,180348.122
2022,826,,X,8471,297887.274
2022,826,,X,8471,25378549.386
2022,826,,X,8471,393398.363
2022,826,,X,8471,12438268.312
2022,826,,X,8471,738667.028
2022,826,,X,8471,20702.35
2022,826,,X,8471,31489.936
2022,826,,X,8471,44533.43
2022,826,,X,8471,37847431.15
2022,826,,X,8471,490021.538
2022,826,,X,8471,51955.464
2022,826,,X,8471,151936.865
2022,826,,X,8471,28751.84
2022,826,,X,8471,54924.278
2022,826,,X,8471,3453641.259
2022,826,,X,8471,349969.694
2022,826,,X,8471,21378.634
2022,826,,X,8471,4633969.409
2022,826,,X,8471,223597.344
2022,826,,X,8471,202168.66
2022,826,,X,8471,897718.304
2022,826,,X,8471,19672771.01
2022,826,,X,8471,2497994.461
2022,826,,X,8471,70534.966
2022,826,,X,8471,41127617.746
2022,826,,X,8471,2033710.782
2022,826,,X,8471,119246.952
2022,826,,X,8471,321499.843
2022,826,,X,8471,6159.801
2022,826,,X,8471,1113824.032
2022,826,,X,8471,9471746.916
2022,826,,X,8471,349662.07
2022,826,,X,8471,63501720.115
2022,826,,X,8471,37699.786
2022,826,,X,8471,38870.466
2022,826,,X,8471,78403.788
2022,826,,X,8471,43537911.344
2022,826,,X,8471,84193.707
2022,826,,X,8471,3799024.672
2022,826,,X,8471,3364361.993
2022,826,,X,8471,5858204.753
2022,826,,X,8471,70205835.417
2022,826,,X,8471,376139.691
2022,826,,X,8471,513507.151
2022,826,,X,8471,3687815.003
2022,826,,X,8471,1032496.597
2022,826,,X,8471,64622.974
2022,826,,X,8471,233333.882
2022,826,,X,8471,28175.656
2022,826,,X,8471,12000.991
2022,826,,X,8471,9880.584
2022,826,,X,8471,1595785.093
2022,826,,X,8471,449689.859
2022,826,,X,8471,64275628.381
2022,826,,X,8471,2942050.654
2022,826,,X,8471,456313.536
2022,826,,X,8471,239372.83
2022,826,,X,8471,60013.499
2022,826,,X,8471,31691195.077
2022,826,,X,8471,12946029.489
2022,826,,X,8471,4641500.088
2022,826,,X,8471,167914.993
2022,826,,X,8471,261938.013
2022,826,,X,8471,495751.641
2022,826,,X,8471,5348601.495
2022,826,,X,8471,808465.894
2022,826,,X,8471,184505.926
2022,826,,X,8471,230792.323
2022,826,,X,8471,936071.181
2022,826,,X,8471,9343863.303
2022,826,,X,8471,209523.554
2022,826,,X,8471,63297.261
2022,826,,X,8471,115289.348
2022,826,,X,8471,12377529.699
2022,826,,X,8471,407033.911
2022,826,,X,8471,120593.417
2022,826,,X,8471,1358520.463
2022,826,,X,8471,3873464.752
2022,826,,X,8471,299886.828
2022,826,,X,8471,378554.294
2022,826,,X,8471,2157015.439
2022,826,,X,8471,5334636.351
2022,826,,X,8471,19767.271
2022,826,,X,8471,2442443.949
2022,826,,X,8471,4848656.648
2022,826,,X,8471,3762598.107
2022,826,,X,8471,64481736.335
2022,826,,X,8471,316957.508
2022,826,,X,8471,2286778.976
2022,826,,X,8471,30088.538
2022,826,,X,8471,207430.004
2022,826,,X,8471,443405.544
2022,826,,X,8471,189094.648
2022,826,,X,8471,59771.795
2022,826,,X,8471,2552203.392
2022,826,,X,8471,8054508.148
2022,826,,X,8471,696014.743
2022,826,,X,8471,4189908.333
2022,826,,X,8471,15043.049
2022,826,,X,8471,1591895.849
2022,826,,X,8471,25709633.175
2022,826,,X,8471,822836.321
2022,826,,X,8471,194599586.887
2022,826,,X,8471,557551.068
2022,826,,X,8471,4459645.587
2022,826,,X,8471,37327.464
2022,826,,X,8471,5520306.853
2022,826,,X,8471,13708954.852
2022,826,,X,8471,1042686.026
2022,826,,X,8471,1056117.711
2022,826,,X,8471,105673.662
2022,826,,X,8471,334571.413
2022,826,,X,8471,14399.724
2022,826,,X,8471,83690.767
2022,826,,X,8471,7293091.607
2022,826,,X,8471,2596639.163
2022,826,,X,8471,774877.525
2022,826,,X,8471,321967.382
2022,826,,X,8471,7204.745
2022,826,,X,8471,98135.658
2022,826,,X,8471,9942.841
2022,826,,X,8471,5455104.033
2022,826,,X,8471,2768.614
2022,826,,X,8471,346239.145
2022,826,,X,8471,323592.173
2022,826,,X,8471,297887.274
2022,826,,X,8471,42485431.407
2022,826,,X,8471,393398.363
2022,826,,X,8471,69943746.034
2022,826,,X,8471,749592.556
2022,826,,X,8471,20702.35
2022,826,,X,8471,31489.936
2022,826,,X,8471,44533.43
2022,826,,X,8471,38538246.806
2022,826,,X,8471,501634.336
2022,826,,X,8471,51955.464
2022,826,,X,8471,151936.865
2022,826,,X,8471,32294.397
2022,826,,X,8471,54924.278
2022,826,,X,8471,349969.694
2022,826,,X,8471,22690.918
2022,826,,X,8471,5011033.192
2022,826,,X,8471,227282.726
2022,826,,X,8471,202168.66
2022,826,,X,8471,944113.346
2022,826,,X,8471,37689880.15
2022,826,,X,8471,2689878.476
2022,826,,X,8471,70534.966
2022,826,,X,8471,41658512.967
2022,826,,X,8471,2394112.83
2022,826,,X,8471,120345.609
2022,826,,X,8471,704340.117
2022,826,,X,8471,6159.801
2022,826,,X,8471,21464.085
2022,826,,X,8471,54630.083
2022,826,,X,8471,54630.083
2022,826,,X,8471,1762862.665
2022,826,,X,8471,1707107.07
2022,826,,X,8471,46917.514
2022,826,,X,8471,62165784.367
2022,826,,X,8471,59990035.614
2022,826,,X,8471,1545189.521
2022,826,,X,8471,954439.497
2022,826,,X,8471,21203883.08
2022,826,,X,8471,2916401.908
2022,826,,X,8471,622139296.912
2022,826,,X,8471,102323254.271
2022,826,,X,8471,125860.864
2022,826,,X,8471,118003.029
2022,826,,X,8471,118003.029
2022,826,,X,8471,4643481.332
2022,826,,X,8471,3167808.688
2022,826,,X,8471,36901105.842
2022,826,,X,8471,36637575.997
2022,826,,X,8471,1664503.614
2022,826,,X,8471,26438.558
2022,826,,X,8471,26438.558
2022,826,,X,8471,459904667.167
2022,826,,X,8471,434114609.897
2022,826,,X,8471,26255649.571
2022,826,,X,8471,2119269.265
2022,826,,X,8471,75243764.94
2022,826,,X,8471,72600749.045
2022,826,,X,8471,30712.331
2022,826,,X,8471,30712.331
2022,826,,X,8471,557418.008
2022,826,,X,8471,488054.942
2022,826,,X,8471,6638086.048
2022,826,,X,8471,36287.402
2022,826,,X,3004,34035367.866
2022,826,,X,3004,2013546.774
2022,826,,X,3004,8336934.884
2022,826,,X,3004,229296767.1
2022,826,,X,3004,86141952.483
2022,826,,X,3004,23573256.608
2022,826,,X,3004,22432974.487
2022,826,,X,3004,1162846443.681
2022,826,,X,3004,3002597117.146
2022,826,,X,3004,34023471.858
2022,826,,X,3004,6365510.599
2022,826,,X,3004,4109627.064
2022,826,,X,3004,91036374.277
2022,826,,X,3004,14332360.609
2022,826,,X,3004,4806.012
2022,826,,X,3004,15951870.579
2022,826,,X,3004,1218392.934
2022,826,,X,3004,129818.469
2022,826,,X,3004,48038700.395
2022,826,,X,3004,407647.938
2022,826,,X,3004,19543059.965
2022,826,,X,3004,1337406.727
2022,826,,X,3004,1147870.175
2022,826,,X,3004,12138193.491
2022,826,,X,3004,226258.534
2022,826,,X,3004,8613673.02
2022,826,,X,3004,1373159.45
2022,826,,X,3004,56553.952
2022,826,,X,3004,2557251.108
2022,826,,X,3004,17949351.333
2022,826,,X,3004,134530426.034
2022,826,,X,3004,3088767994.812
2022,826,,X,3004,1956624.162
2022,826,,X,3004,76974474.813
2022,826,,X,3004,1783906.82
2022,826,,X,3004,2602924.699
2022,826,,X,3004,26384904.063
2022,826,,X,3004,308543.021
2022,826,,X,3004,19803840.727
2022,826,,X,3004,4201228.157
2022,826,,X,3004,9824563.351
2022,826,,X,3004,385254.877
2022,826,,X,3004,3219368.637
2022,826,,X,3004,122135.198
2022,826,,X,3004,2271.777
2022,826,,X,3004,4848277.002
2022,826,,X,3004,68266.851
2022,826,,X,3004,156303264.236
2022,826,,X,3004,50116094.979
2022,826,,X,3004,3118454.598
2022,826,,X,3004,36480.278
2022,826,,X,3004,69193.384
2022,826,,X,3004,200075.109
2022,826,,X,3004,44227171.791
2022,826,,X,3004,188641967.152
2022,826,,X,3004,1222899.867
2022,826,,X,3004,425762.341
2022,826,,X,3004,54859616.307
2022,826,,X,3004,407647.938
2022,826,,X,3004,39553238.143
2022,826,,X,3004,31335091.218
2022,826,,X,3004,4826436.932
2022,826,,X,3004,1065981496.637
2022,826,,X,3004,1147870.175
2022,826,,X,3004,22281619.909
2022,826,,X,3004,339853.509
2022,826,,X,3004,16417394.518
2022,826,,X,3004,1385079.873
2022,826,,X,3004,150918.777
2022,826,,X,3004,17790380.625
2022,826,,X,3004,23394480.786
2022,826,,X,3004,161543585.812
2022,826,,X,3004,437519186.379
2022,826,,X,3004,3599095764.302
2022,826,,X,3004,2571565.381
2022,826,,X,3004,168047274.435
2022,826,,X,3004,4818411.857
2022,826,,X,3004,4785946.558
2022,826,,X,3004,1639992649.089
2022,826,,X,3004,14413420.704
2022,826,,X,3004,16905024.647
2022,826,,X,3004,3267315732.162
2022,826,,X,3004,5618737.927
2022,826,,X,3004,882843683.646
2022,826,,X,3004,7291855.008
2022,826,,X,3004,85091523.371
2022,826,,X,3004,9514288.116
2022,826,,X,3004,2271.777
2022,826,,X,3004,8996801.387
2022,826,,X,3004,68266.851
2022,826,,X,3004,184627472.752
2022,826,,X,3004,3319749353.849
2022,826,,X,3004,3530067.465
2022,826,,X,3004,106064326.035
2022,826,,X,3004,36480.278
2022,826,,X,3004,674528.684
2022,826,,X,3004,200075.109
2022,826,,X,3004,2689.267
2022,826,,X,3004,16264.999
2022,826,,X,3004,13409.713
2022,826,,X,3004,200175.209
2022,826,,X,3004,134990.7
2022,826,,X,3004,2183668.845
2022,826,,X,3004,724972.886
2022,826,,X,3004,876702.227
2022,826,,X,3004,1228168.535
2022,826,,X,3004,57713.645
2022,826,,X,3004,1069871.67
2022,826,,X,3004,1071612.43
2022,826,,X,3004,750274.944
2022,826,,X,3004,19032.392
2022,826,,X,3004,45187.741
2022,826,,X,3004,937814.383
2022,826,,X,3004,36696.347
2022,826,,X,3004,357030.393
2022,826,,X,3004,11591028.389
2022,826,,X,3004,50244.002
2022,826,,X,3004,41586.589
2022,826,,X,3004,37934.166
2022,826,,X,3004,711846.382
2022,826,,X,3004,212701.113
2022,826,,X,3004,359642.754
2022,826,,X,3004,36789.122
2022,826,,X,3004,41075.103
2022,826,,X,3004,23596.699
2022,826,,X,3004,3343651.098
2022,826,,X,3004,10989.006
2022,826,,X,3004,1438.019
2022,826,,X,3004,836418.156
2022,826,,X,3004,145788.051
2022,826,,X,3004,1044274.195
2022,826,,X,3004,144671.084
2022,826,,X,3004,8221119.402
2022,826,,X,3004,69577.914
2022,826,,X,3004,1567.417
2022,826,,X,3004,571931.26
2022,826,,X,3004,501929.753
2022,826,,X,3004,1223135.468
2022,826,,X,3004,208716.652
2022,826,,X,3004,352400.166
2022,826,,X,3004,28914011.254
2022,826,,X,3004,2611.14
2022,826,,X,3004,1022219.276
2022,826,,X,3004,38386970.355
2022,826,,X,3004,1759030.796
2022,826,,X,3004,5264000.064
2022,826,,X,3004,1455647.798
2022,826,,X,3004,2366.994
2022,826,,X,3004,81516219.336
2022,826,,X,3004,1181918.76
2022,826,,X,3004,214827.624
2022,826,,X,3004,122914.024
2022,826,,X,3004,2049267.758
2022,826,,X,3004,24734.419
2022,826,,X,3004,895112.047
2022,826,,X,3004,226061.997
2022,826,,X,3004,79755.135
2022,826,,X,3004,439849.559
2022,826,,X,3004,4239.593
2022,826,,X,3004,222988.2
2022,826,,X,3004,208664.161
2022,826,,X,3004,1499879.708
2022,826,,X,3004,409322.778
2022,826,,X,3004,618362.924
2022,826,,X,3004,20963.586
2022,826,,X,3004,682028.846
2022,826,,X,3004,173646.317
2022,826,,X,3004,98404.218
2022,826,,X,3004,8899770.489
2022,826,,X,3004,522947.051
2022,826,,X,3004,288762.321
2022,826,,X,3004,36014449.787
2022,826,,X,3004,73767.458
2022,826,,X,3004,9810103.811
2022,826,,X,3004,765061.639
2022,826,,X,3004,61182.958
2022,826,,X,3004,2142676.752
2022,826,,X,3004,322535.021
2022,826,,X,3004,1415446.737
2022,826,,X,3004,525255.451
2022,826,,X,3004,60964.447
2022,826,,X,3004,724830.06
2022,826,,X,3004,9592.492
2022,826,,X,3004,1074570.257
2022,826,,X,3004,398122.586
2022,826,,X,3004,462735.794
2022,826,,X,3004,1132309.537
2022,826,,X,3004,3411207.484
2022,826,,X,3004,1177679.167
2022,826,,X,3004,16979.125
2022,826,,X,3004,903189.614
2022,826,,X,3004,109776.534
2022,826,,X,3004,4224.944
2022,826,,X,3004,8685802.259
2022,826,,X,3004,6425962.34
2022,826,,X,3004,13669979.403
2022,826,,X,3004,12471258.524
2022,826,,X,3004,6654330.294
2022,826,,X,3004,30045882.55
2022,826,,X,3004,34329140.061
2022,826,,X,3004,7953625.849
2022,826,,X,3004,690405.491
2022,826,,X,3004,78426580.055
2022,826,,X,3004,21250246.383
2022,826,,X,3004,714895.764
2022,826,,X,3004,44388696.265
2022,826,,X,3004,84168336.988
2022,826,,X,3004,1980689.621
2022,826,,X,3004,73307457.378
2022,826,,X,3004,28464752.313
2022,826,,X,3004,32335459.437
2022,826,,X,3004,13808849.581
2022,826,,X,3004,120478370.533
2022,826,,X,3004,300598871.239
2022,826,,X,3004,527864760.869
2022,826,,X,3004,288576192.931
2022,826,,X,3004,224700477.946
2022,826,,X,3004,121939153.94
2022,826,,X,3004,328774370.498
2022,826,,X,3004,235694725.907
2022,826,,X,3004,5638722.488
2022,826,,X,3004,7373553.544
2022,826,,X,3004,207626149.116
2022,826,,X,3004,117633911.092
2022,826,,X,3004,69810099.357
2022,826,,X,3004,47769971.464
2022,826,,X,3004,4001895.252
2022,826,,X,3004,18079473.764
2022,826,,X,3004,19218464.353
2022,826,,X,3004,789246.731
2022,826,,X,3004,33052321.797
2022,826,,X,3004,1283599.416
2022,826,,X,3004,43588596.029
2022,826,,X,3004,13402.388
2022,826,,X,3004,13409.713
2022,826,,X,3004,30213.053
2022,826,,X,3004,134990.7
2022,826,,X,3004,481830.443
2022,826,,X,3004,283559.572
2022,826,,X,3004,84017.922
2022,826,,X,3004,211246.004
2022,826,,X,3004,1161126.076
2022,826,,X,3004,4562543.31
2022,826,,X,3004,34311.042
2022,826,,X,3004,190012.636
2022,826,,X,3004,205972.453
2022,826,,X,3004,516703.02
2022,826,,X,3004,19032.392
2022,826,,X,3004,45187.741
2022,826,,X,3004,464751.218
2022,826,,X,3004,20317959.463
2022,826,,X,3004,5760.622
2022,826,,X,3004,85033.569
2022,826,,X,3004,9530146.611
2022,826,,X,3004,4450764.78
2022,826,,X,3004,28388234.552
2022,826,,X,3004,31292.178
2022,826,,X,3004,3426.587
2022,826,,X,3004,670103.54
2022,826,,X,3004,212701.113
2022,826,,X,3004,15359.217
2022,826,,X,3004,34899.433
2022,826,,X,3004,3678524.031
2022,826,,X,3004,1757.85
2022,826,,X,3004,23596.699
2022,826,,X,3004,2135688.076
2022,826,,X,3004,6915.432
2022,826,,X,3004,1438.019
2022,826,,X,3004,836418.156
2022,826,,X,3004,490558.659
2022,826,,X,3004,100160.848
2022,826,,X,3004,130616.826
2022,826,,X,3004,144671.084
2022,826,,X,3004,5808187.807
2022,826,,X,3004,12833507.535
2022,826,,X,3004,11443266.418
2022,826,,X,3004,36732.969
2022,826,,X,3004,34372.078
2022,826,,X,3004,1567.417
2022,826,,X,3004,13288.86
2022,826,,X,3004,375857.702
2022,826,,X,3004,515041.608
2022,826,,X,3004,208716.652
2022,826,,X,3004,352400.166
2022,826,,X,3004,20655889.103
2022,826,,X,3004,2611.14
2022,826,,X,3004,725621.093
2022,826,,X,3004,8816062.632
2022,826,,X,3004,1491279.669
2022,826,,X,3004,5089131.797
2022,826,,X,3004,2366.994
2022,826,,X,3004,76833679.545
2022,826,,X,3004,1056361.857
2022,826,,X,3004,73691183.902
2022,826,,X,3004,206066.449
2022,826,,X,3004,116688.304
2022,826,,X,3004,762465.148
2022,826,,X,3004,24734.419
2022,826,,X,3004,614584.767
2022,826,,X,3004,226061.997
2022,826,,X,3004,8247543.31
2022,826,,X,3004,241896.078
2022,826,,X,3004,4239.593
2022,826,,X,3004,222988.2
2022,826,,X,3004,208664.161
2022,826,,X,3004,595484.013
2022,826,,X,3004,71767.903
2022,826,,X,3004,228055.448
2022,826,,X,3004,20963.586
2022,826,,X,3004,682028.846
2022,826,,X,3004,173646.317
2022,826,,X,3004,93139.213
2022,826,,X,3004,8625163.746
2022,826,,X,3004,92757.124
2022,826,,X,3004,288762.321
2022,826,,X,3004,27717364.394
2022,826,,X,3004,28845.836
2022,826,,X,3004,9093683.356
2022,826,,X,3004,765061.639
2022,826,,X,3004,61182.958
2022,826,,X,3004,833329.711
2022,826,,X,3004,73618.529
2022,826,,X,3004,221801.651
2022,826,,X,3004,1320954.957
2022,826,,X,3004,337679.39
2022,826,,X,3004,2369.436
2022,826,,X,3004,672646.319
2022,826,,X,3004,673044.277
2022,826,,X,3004,398122.586
2022,826,,X,3004,462735.794
2022,826,,X,3004,983857.855
2022,826,,X,3004,3016025.635
2022,826,,X,3004,776471.797
2022,826,,X,3004,16979.125
2022,826,,X,3004,163278.662
2022,826,,X,3004,109776.534
2022,826,,X,3004,23181.651
2022,826,,X,3004,2689.267
2022,826,,X,3004,2862.61
2022,826,,X,3004,169962.156
2022,826,,X,3004,2693424.695
2022,826,,X,3004,1701838.402
2022,826,,X,3004,4506.933
2022,826,,X,3004,441413.313
2022,826,,X,3004,665456.223
2022,826,,X,3004,51180.301
2022,826,,X,3004,122179.144
2022,826,,X,3004,23402.604
2022,826,,X,3004,879859.033
2022,826,,X,3004,865639.977
2022,826,,X,3004,233571.924
2022,826,,X,3004,473063.165
2022,826,,X,3004,14011180.598
2022,826,,X,3004,30935.725
2022,826,,X,3004,271996.823
2022,826,,X,3004,2060881.778
2022,826,,X,3004,11298003.281
2022,826,,X,3004,27062.35
2022,826,,X,3004,1657647.998
2022,826,,X,3004,10294.411
2022,826,,X,3004,34507.579
2022,826,,X,3004,41742.842
2022,826,,X,3004,9808189.708
2022,826,,X,3004,344283.536
2022,826,,X,3004,1889.689
2022,826,,X,3004,2732884.773
2022,826,,X,3004,1207963.022
2022,826,,X,3004,1744.422
2022,826,,X,3004,4073.574
2022,826,,X,3004,94364.825
2022,826,,X,3004,45627.203
2022,826,,X,3004,14930679.157
2022,826,,X,3004,2806.457
2022,826,,X,3004,2311978.493
2022,826,,X,3004,5280593.439
2022,826,,X,3004,8416738.848
2022,826,,X,3004,1700905.765
2022,826,,X,3004,35205.836
2022,826,,X,3004,558642.4
2022,826,,X,3004,126072.051
2022,826,,X,3004,708093.86
2022,826,,X,3004,8258122.152
2022,826,,X,3004,296598.183
2022,826,,X,3004,266432.739
2022,826,,X,3004,267751.127
2022,826,,X,3004,174868.267
2022,826,,X,3004,1014868.044
2022,826,,X,3004,17622863.59
2022,826,,X,3004,890686.903
2022,826,,X,3004,2183021.859
2022,826,,X,3004,597040.443
2022,826,,X,3004,75920.824
2022,826,,X,3004,8761.175
2022,826,,X,3004,6225.72
2022,826,,X,3004,1286802.61
2022,826,,X,3004,280527.281
2022,826,,X,3004,408718.517
2022,826,,X,3004,302617.6
2022,826,,X,3004,79755.135
2022,826,,X,3004,197953.481
2022,826,,X,3004,904395.694
2022,826,,X,3004,337554.876
2022,826,,X,3004,60245.438
2022,826,,X,3004,5608.031
2022,826,,X,3004,5265.006
2022,826,,X,3004,274606.743
2022,826,,X,3004,430189.927
2022,826,,X,3004,8297085.393
2022,826,,X,3004,4148524.385
2022,826,,X,3004,716420.455
2022,826,,X,3004,1309347.041
2022,826,,X,3004,248916.493
2022,826,,X,3004,49992.532
2022,826,,X,3004,187576.06
2022,826,,X,3004,58595.012
2022,826,,X,3004,52183.741
2022,826,,X,3004,9592.492
2022,826,,X,3004,148451.683
2022,826,,X,3004,368424.681
2022,826,,X,3004,395181.849
2022,826,,X,3004,4800766.213
2022,826,,X,3004,401207.369
2022,826,,X,3004,405522.648
2022,826,,X,3004,21327.364
2022,826,,X,3004,4224.944
2022,826,,X,3004,3502861.069
2022,826,,X,3004,4735396.153
2022,826,,X,3004,7167715.372
2022,826,,X,3004,40579740.959
2022,826,,X,3004,25532826.389
2022,826,,X,3004,28257271.039
2022,826,,X,3004,11336374.468
2022,826,,X,3004,506917.653
2022,826,,X,3004,10247591.259
2022,826,,X,3004,27013159.778
2022,826,,X,3004,97348950.386
2022,826,,X,3004,13116995.084
2022,826,,X,3004,27283669.753
2022,826,,X,3004,68504.893
2022,826,,X,3004,108685926.674
2022,826,,X,3004,2838297.199
2022,826,,X,3004,15352076.17
2022,826,,X,3004,92972722.123
2022,826,,X,3004,15447742.292
2022,826,,X,3004,49198067.4
2022,826,,X,3004,6820915.912
2022,826,,X,3004,876790373.374
2022,826,,X,3004,5763232.005
2022,826,,X,3004,1373899.212
2022,826,,X,3004,102671453.907
2022,826,,X,3004,509331015.85
2022,826,,X,3004,139455898.301
2022,826,,X,3004,142244970.807
2022,826,,X,3004,898143001.112
2022,826,,X,3004,741521048.373
2022,826,,X,3004,443020630.521
2022,826,,X,3004,2301670128.888
2022,826,,X,3004,5279310.453
2022,826,,X,3004,455179964.604
2022,826,,X,3004,3909844.93
2022,826,,X,3004,12658020.358
2022,826,,X,3004,72711574.186
2022,826,,X,3004,69713763.054
2022,826,,X,3004,6439986.079
2022,826,,X,3004,418306.126
2022,826,,X,3004,8205.743
2022,826,,X,3004,5410789.114
2022,826,,X,3004,237784.661
2022,826,,X,3004,1700794.679
2022,826,,X,3004,12208303.643
2022,826,,X,3004,289315.312
2022,826,,X,3004,991631.459
2022,826,,X,3004,2606.257
2022,826,,X,3004,494027.971
2022,826,,X,3004,137687.291
2022,826,,X,3004,335236.711
2022,826,,X,3004,242921.49
2022,826,,X,3004,39317.253
2022,826,,X,3004,113594.975
2022,826,,X,3004,11920.423
2022,826,,X,3004,302450.36
2022,826,,X,3004,236362.511
2022,826,,X,3004,100953.101
2022,826,,X,3004,164536.014
2022,826,,X,3004,525807.22
2022,826,,X,3004,8649069.29
2022,826,,X,3004,54083.196
2022,826,,X,3004,996753.64
2022,826,,X,3004,614941.22
2022,826,,X,3004,29304474.984
2022,826,,X,3004,440779.755
2022,826,,X,3004,2143818.134
2022,826,,X,3004,89870.099
2022,826,,X,3004,3624547.039
2022,826,,X,3004,108347.06
2022,826,,X,3004,1140908.355
2022,826,,X,3004,558117.486
2022,826,,X,3004,44921.622
2022,826,,X,3004,3683399.624
2022,826,,X,3004,66937.476
2021,826,,X,8703,27637958590.975
2021,826,,X,8703,1928322638.856
2021,826,,X,8703,596627709.513
2021,826,,X,8703,23464576.458
2021,826,,X,8703,30186373515.803
2021,826,,X,8703,596627709.513
2021,826,,X,8703,23464576.458
2021,826,,X,8703,30186373515.803
2021,826,,X,8703,1928322638.856
2021,826,,X,8703,27637958590.975
2022,826,,X,8703,417443710.165
2022,826,,X,8703,852940283.413
2022,826,,X,8703,7707144.712
2022,826,,X,8703,101784.418
2022,826,,X,8703,356490.83
2022,826,,X,8703,685755.733
2022,826,,X,8703,65564.156
2022,826,,X,8703,15941.505
2022,826,,X,8703,29435.448
2022,826,,X,8703,386578913.497
2022,826,,X,8703,811751796.436
2022,826,,X,8703,7707144.712
2022,826,,X,8703,101784.418
2022,826,,X,8703,356490.83
2022,826,,X,8703,685755.733
2022,826,,X,8703,65564.156
2022,826,,X,8703,178211543.587
2022,826,,X,8703,41105022.045
2022,826,,X,8703,30808110.876
2022,826,,X,8703,160686582.496
2022,826,,X,8703,27250.343
2022,826,,X,8703,4744.975
2022,826,,X,8703,9892.791
2022,826,,X,8703,280767.764
2022,826,,X,8703,20947.717
2022,826,,X,8703,20947.717
2022,826,,X,8703,57630.635
2022,826,,X,8703,84413.439
2022,826,,X,8703,84413.439
2022,826,,X,8703,216595619.593
2022,826,,X,8703,11504.154
2022,826,,X,8703,3429640.498
2022,826,,X,8703,338914375.212
2022,826,,X,8703,220306027.855
2022,826,,X,8703,1057767673.535
2022,826,,X,8703,300987.926
2022,826,,X,8703,29097545800.776
2022,826,,X,8703,21801052.921
2022,826,,X,8703,6950.833
2022,826,,X,8703,247302.688
2022,826,,X,8703,25923.41
2022,826,,X,8703,17090.212
2022,826,,X,8703,25923.41
2022,826,,X,8703,1464875.292
2022,826,,X,8703,7324.376
2022,826,,X,8703,2038.618
2022,826,,X,8703,8545.106
2022,826,,X,8703,2286.426
2022,826,,X,8703,1464.875
2022,826,,X,8703,3601.152
2022,826,,X,8703,3021.305
2022,826,,X,8703,15533.782
2022,826,,X,8703,49183.188
2022,826,,X,8703,7299.962
2022,826,,X,8703,178226.494
2022,826,,X,8703,8545.106
2022,826,,X,8703,2860.169
2022,826,,X,8703,826756.083
2022,826,,X,8703,4250500.458
2022,826,,X,8703,23187949.239
2022,826,,X,8703,305944616.228
2022,826,,X,8703,536830956.129
2022,826,,X,8703,853978.349
2022,826,,X,8703,319725099.719
2022,826,,X,8703,347162.016
2022,826,,X,8703,2618.465
2022,826,,X,8703,6121.958
2022,826,,X,8703,14746.411
2022,826,,X,8703,14501.045
2022,826,,X,8703,9387.409
2022,826,,X,8703,24696.577
2022,826,,X,8703,118118.998
2022,826,,X,8703,965744.672
2022,826,,X,8703,90833.255
2022,826,,X,8703,2680736.433
2022,826,,X,8703,28119.502
2022,826,,X,8703,20549233.974
2022,826,,X,8703,6511384.101
2022,826,,X,8703,1041888.889
2022,826,,X,8703,1268961.65
2022,826,,X,8703,79064.202
2022,826,,X,8703,1028729.426
2022,826,,X,8703,11238661.183
2022,826,,X,8703,21101.529
2022,826,,X,8703,129547.467
2022,826,,X,8703,61500859.161
2022,826,,X,8703,635655419.243
2022,826,,X,8703,214431050.28
2022,826,,X,8703,288496959.047
2022,826,,X,8703,127767542.377
2022,826,,X,8703,4030509682.503
2022,826,,X,8703,447315799.91
2022,826,,X,8703,87015347.754
2022,826,,X,8703,52536498.658
2022,826,,X,8703,1160300370.792
2022,826,,X,8703,190927800.062
2022,826,,X,8703,696550425.515
2022,826,,X,8703,375790855.279
2022,826,,X,8703,1114381795.394
2022,826,,X,8703,646688402.168
2022,826,,X,8703,85017.7
2022,826,,X,8703,20477334.233
2022,826,,X,8703,538677.37
2022,826,,X,8703,1300714.042
2022,826,,X,8703,2565635.078
2022,826,,X,8703,3785407.436
2022,826,,X,8703,3992170.921
2022,826,,X,8703,1763579.234
2022,826,,X,8703,21941771.283
2022,826,,X,8703,1565531.756
2022,826,,X,8703,5127764.221
2022,826,,X,8703,1177684.05
2022,826,,X,8703,221177146.466
2022,826,,X,8703,2742720.19
2022,826,,X,8703,296537150.481
2022,826,,X,8703,2058054.568
2022,826,,X,8703,1123454.366
2022,826,,X,8703,1263392.682
2022,826,,X,8703,3319512.394
2022,826,,X,8703,19981762.039
2022,826,,X,8703,25535247.096
2022,826,,X,8703,30420958.986
2022,826,,X,8703,16291626.429
2022,826,,X,8703,155630163.805
2022,826,,X,8703,2363144.145
2022,826,,X,8703,28508248.123
2022,826,,X,8703,35104920.926
2022,826,,X,8703,38777965.102
2022,826,,X,8703,10572748.407
2022,826,,X,8703,863188.752
2022,826,,X,8703,33182538.224
2022,826,,X,8703,1844401.286
2022,826,,X,8703,5527632.45
2022,826,,X,8703,185952.49
2022,826,,X,8703,8605723.63
2022,826,,X,8703,28611289.892
2022,826,,X,8703,2511772.834
2022,826,,X,8703,4653558.453
2022,826,,X,8703,17259772.276
2022,826,,X,8703,3822585.971
2022,826,,X,8703,4944269.059
2022,826,,X,8703,2614641.26
2022,826,,X,8703,6582822.407
2022,826,,X,8703,532495187.721
2022,826,,X,8703,156560067.861
2022,826,,X,8703,1749448187.061
2022,826,,X,8703,659575.97
2022,826,,X,8703,12260565.511
2022,826,,X,8703,15782773.92
2022,826,,X,8703,7448960.441
2022,826,,X,8703,3144995.697
2022,826,,X,8703,30117.836
2022,826,,X,8703,59306.697
2022,826,,X,8703,12954.38
2022,826,,X,8703,25183.648
2022,826,,X,8703,10187204.216
2022,826,,X,8703,40634648.147
2022,826,,X,8703,6899870.249
2022,826,,X,8703,10735543.66
2022,826,,X,8703,22548245.523
2022,826,,X,8703,2189651.64
2022,826,,X,8703,6023.079
2022,826,,X,8703,1578726.62
2022,826,,X,8703,21528460.381
2022,826,,X,8703,590057.871
2022,826,,X,8703,14826200.588
2022,826,,X,8703,3785407.436
2022,826,,X,8703,3993635.796
2022,826,,X,8703,1763579.234
2022,826,,X,8703,21941771.283
2022,826,,X,8703,5127764.221
2022,826,,X,8703,1177684.05
2022,826,,X,8703,236980183.273
2022,826,,X,8703,2964264.267
2022,826,,X,8703,2058054.568
2022,826,,X,8703,1263392.682
2022,826,,X,8703,3326836.771
2022,826,,X,8703,2363144.145
2022,826,,X,8703,28508248.123
2022,826,,X,8703,21814269.758
2022,826,,X,8703,878014.511
2022,826,,X,8703,33203639.752
2022,826,,X,8703,1859935.068
2022,826,,X,8703,5527632.45
2022,826,,X,8703,8605723.63
2022,826,,X,8703,28617500.964
2022,826,,X,8703,2511772.834
2022,826,,X,8703,4653558.453
2022,826,,X,8703,3822585.971
2022,826,,X,8703,4944269.059
2022,826,,X,8703,2744188.727
2022,826,,X,8703,6782821.83
2022,826,,X,8703,85017.7
2022,826,,X,8703,45295895.975
2022,826,,X,8703,17262030.625
2022,826,,X,8703,2098922.148
2022,826,,X,8703,16291626.429
2022,826,,X,8703,22114765.731
2022,826,,X,8703,26224435.52
2022,826,,X,8703,383239815.72
2022,826,,X,8703,30514813.545
2022,826,,X,8703,37785657.359
2022,826,,X,8703,159803888.929
2022,826,,X,8703,87074654.451
2022,826,,X,8703,231925004.844
2022,826,,X,8703,657423945.828
2022,826,,X,8703,458970497.883
2022,826,,X,8703,59436368.908
2022,826,,X,8703,130036258.22
2022,826,,X,8703,719098671.038
2022,826,,X,8703,185952.49
2022,826,,X,8703,1300714.042
2022,826,,X,8703,659575.97
2022,826,,X,8703,1578726.62
2022,826,,X,8703,25670.719
2022,826,,X,8703,186501.819
2022,826,,X,8703,15259.118
2022,826,,X,8703,125222.423
2022,826,,X,8703,18370.757
2022,826,,X,8703,186501.819
2022,826,,X,8703,15259.118
2022,826,,X,8703,125222.423
2022,826,,X,8703,6211.071
2022,826,,X,8703,20681.598
2022,826,,X,8703,14825.759
2022,826,,X,8703,2258.349
2022,826,,X,8703,21772.93
2022,826,,X,8703,248281.713
2022,826,,X,8703,20681.598
2022,826,,X,8703,6546.772
2022,826,,X,8703,512182.659
2022,826,,X,8703,8789.252
2022,826,,X,8703,27222.266
2022,826,,X,8703,689188.424
2022,826,,X,8703,8789.252
2022,826,,X,8703,133425.725
2022,826,,X,8703,272099.365
2022,826,,X,8703,51380.501
2022,826,,X,8703,85267.949
2022,826,,X,8703,20262.887
2022,826,,X,8703,362556.635
2022,826,,X,8703,54932.823
2022,826,,X,8703,197758.164
2022,826,,X,8703,10681.382
2022,826,,X,8703,221544.077
2022,826,,X,8703,54932.823
2022,826,,X,8703,197758.164
2022,826,,X,8703,10681.382
2022,826,,X,8703,4034822010.464
2022,826,,X,8703,7748595.799
2022,826,,X,8703,377887572.789
2022,826,,X,8703,1176376412.746
2022,826,,X,8703,6282516.868
2022,826,,X,8703,802903.03
2022,826,,X,8703,2385444374.139
2022,826,,X,8703,29939373.909
2022,826,,X,8703,424791968.975
2022,826,,X,8703,203901409.491
2022,826,,X,8703,159861121.606
2022,826,,X,8703,13377596.399
2022,826,,X,8703,3800145.302
2022,826,,X,8703,137208.765
2022,826,,X,8703,89223.113
2022,826,,X,8703,7748595.799
2022,826,,X,8703,37408862.136
2022,826,,X,8703,6282516.868
2022,826,,X,8703,26087019627.402
2022,826,,X,8703,802903.03
2022,826,,X,8703,29911254.407
2022,826,,X,8703,327484478.222
2022,826,,X,8703,203876225.843
2022,826,,X,8703,13328413.211
2022,826,,X,8703,96990772.508
2022,826,,X,8703,3273352.953
2022,826,,X,8703,280228.202
2022,826,,X,8703,1075758.027
2022,826,,X,8703,54240701.613
2022,826,,X,8703,51951031.951
2022,826,,X,8703,1681230470.624
2022,826,,X,8703,1897399026.578
2022,826,,X,8703,181924041.738
2022,826,,X,8703,713657683.52
2022,826,,X,8703,66242.881
2022,826,,X,8703,234336.1
2022,826,,X,8703,66957.008
2022,826,,X,8703,32489.713
2022,826,,X,8703,3842.856
2022,826,,X,8703,11455.325
2022,826,,X,8703,2294070.392
2022,826,,X,8703,329578.63
2022,826,,X,8703,1904354.97
2022,826,,X,8703,164389.526
2022,826,,X,8703,18133.935
2022,826,,X,8703,483364.9
2022,826,,X,8703,22334379.834
2022,826,,X,8703,10991.448
2022,826,,X,8703,9712.123
2022,826,,X,8703,21122481.181
2022,826,,X,8703,706742.513
2022,826,,X,8703,10946811.637
2022,826,,X,8703,17073869.835
2022,826,,X,8703,15092263.446
2022,826,,X,8703,26488410.93
2022,826,,X,8703,65917542.397
2022,826,,X,8703,529796797.099
2022,826,,X,8703,13858033.99
2022,826,,X,8703,1283039034.135
2022,826,,X,8703,71222128.052
2022,826,,X,8703,99261232.773
2022,826,,X,8703,163181360.335
2022,826,,X,8703,118812832.961
2022,826,,X,8703,166081616.875
2022,826,,X,8703,992642.223
2022,826,,X,8703,37608846.911
2022,826,,X,8703,3470954.864
2022,826,,X,8703,11334177.155
2022,826,,X,8703,912402.459
2022,826,,X,8703,395629.857
2022,826,,X,8703,151297675.498
2022,826,,X,8703,48951.249
2022,826,,X,8703,247532044.999
2022,826,,X,8703,55793633.001
2022,826,,X,8703,51158444.084
2022,826,,X,8703,905758.028
2022,826,,X,8703,409564.483
2022,826,,X,8703,222194.726
2022,826,,X,8703,364998.094
2022,826,,X,8703,96425937.347
2022,826,,X,8703,23438.005
2022,826,,X,8703,5404958.91
2022,826,,X,8703,1616235.973
2022,826,,X,8703,1432820.158
2022,826,,X,8703,89777061.272
2022,826,,X,8703,44756416.585
2022,826,,X,8703,15525274.479
2022,826,,X,8703,256430752.233
2022,826,,X,8703,457644.131
2022,826,,X,8703,3572320.572
2022,826,,X,8703,38722650.19
2022,826,,X,8703,296466.345
2022,826,,X,8703,109573099.097
2022,826,,X,8703,61395.365
2022,826,,X,8703,114001.478
2022,826,,X,8703,7443058.215
2022,826,,X,8703,2777202.133
2022,826,,X,8703,1397069.877
2022,826,,X,8703,39732634.096
2022,826,,X,8703,128940.765
2022,826,,X,8703,169188.213
2022,826,,X,8703,73854.129
2022,826,,X,8703,27771.594
2022,826,,X,8703,21765.605
2022,826,,X,8703,169307.845
2022,826,,X,8703,5848.515
2022,826,,X,8703,2744.2
2022,826,,X,8703,6880375.2
2022,826,,X,8703,57265.637
2022,826,,X,8703,19002286.603
2022,826,,X,8703,3519893.906
2022,826,,X,8703,34978045.635
2022,826,,X,8703,1761439.295
2022,826,,X,8703,4027.186
2022,826,,X,8703,3977.136
2022,826,,X,8703,1504688.161
2022,826,,X,8703,96117288.123
2022,826,,X,8703,920470.259
2022,826,,X,8703,9226596.374
2022,826,,X,8703,9601675.251
2022,826,,X,8703,3927.087
2022,826,,X,8703,157008931.286
2022,826,,X,8703,117285.24
2022,826,,X,8703,1755.409
2022,826,,X,8703,682048.377
2022,826,,X,8703,4809.674
2022,826,,X,8703,223172.53
2022,826,,X,8703,169307.845
2022,826,,X,8703,169188.213
2022,826,,X,8703,73854.129
2022,826,,X,8703,27771.594
2022,826,,X,8703,21765.605
2022,826,,X,8703,128940.765
2022,826,,X,8703,63177.63
2022,826,,X,8703,992642.223
2022,826,,X,8703,3470954.864
2022,826,,X,8703,11334177.155
2022,826,,X,8703,912402.459
2022,826,,X,8703,26509.36
2022,826,,X,8703,2378618.111
2022,826,,X,8703,395629.857
2022,826,,X,8703,48951.249
2022,826,,X,8703,905758.028
2022,826,,X,8703,409564.483
2022,826,,X,8703,223950.135
2022,826,,X,8703,364998.094
2022,826,,X,8703,23438.005
2022,826,,X,8703,5404958.91
2022,826,,X,8703,1616235.973
2022,826,,X,8703,1435564.358
2022,826,,X,8703,15525274.479
2022,826,,X,8703,457644.131
2022,826,,X,8703,4657180.358
2022,826,,X,8703,314600.28
2022,826,,X,8703,114001.478
2022,826,,X,8703,2788044.652
2022,826,,X,8703,10991.448
2022,826,,X,8703,1397069.877
2022,826,,X,8703,51305814.2
2022,826,,X,8703,282510090.634
2022,826,,X,8703,45400976.363
2022,826,,X,8703,43252528.002
2022,826,,X,8703,56611133.514
2022,826,,X,8703,109849062.07
2022,826,,X,8703,101022672.067
2022,826,,X,8703,128414508.212
2022,826,,X,8703,187442361.243
2022,826,,X,8703,164686048.496
2022,826,,X,8703,97134134.969
2022,826,,X,8703,18447135.489
2022,826,,X,8703,70952139.329
2022,826,,X,8703,13873466.451
2022,826,,X,8703,168598745.049
2022,826,,X,8703,1445077707.511
2022,826,,X,8703,81135582.477
2022,826,,X,8703,12207.294
2022,826,,X,8703,61646.835
2022,826,,X,8703,124791.505
2022,826,,X,8703,275962.973
2022,826,,X,8703,61036.47
2022,826,,X,8703,20660.845
2022,826,,X,8703,17590.711
2022,826,,X,8703,12207.294
2022,826,,X,8703,1455.109
2022,826,,X,8703,190189.642
2022,826,,X,8703,30084.876
2022,826,,X,8703,61646.835
2022,826,,X,8703,1782.265
2022,826,,X,8703,10842.519
2022,826,,X,8703,6681335.27
2022,826,,X,8703,13965300.704
2022,826,,X,8703,6658999288.722
2022,826,,X,8703,97668097.883
2022,826,,X,8703,41375208.527
2022,826,,X,8703,196420.245
2022,826,,X,8703,131152269.799
2022,826,,X,8703,283115583.408
2022,826,,X,8703,52284360.661
2022,826,,X,8703,14448665.604
2022,826,,X,8703,6838342599.842
2022,826,,X,8703,97738846.477
2022,826,,X,8703,174014.977
2022,826,,X,8703,5590286.387
2022,826,,X,8703,3400709.211
2022,826,,X,8703,35645.299
2022,826,,X,8703,2256410.89
2022,826,,X,8703,174014.977
2022,826,,X,8703,5590286.387
2022,826,,X,8703,3400709.211
2022,826,,X,8703,35645.299
2022,826,,X,8703,124930089.923
2022,826,,X,8703,118713573.011
2022,826,,X,8703,479125.307
2022,826,,X,8703,5730658.062
2022,826,,X,8703,1619137.647
2022,826,,X,8703,42679733.686
2022,826,,X,8703,6605.367
2022,826,,X,8703,276077.722
2022,826,,X,8703,276077.722
2022,826,,X,8703,382441.096
2022,826,,X,8703,382441.096
2022,826,,X,8703,1556.43
2022,826,,X,8703,1556.43
2022,826,,X,8703,12658.964
2022,826,,X,8703,1464.875
2022,826,,X,8703,5268.668
2022,826,,X,8703,12658.964
2022,826,,X,8703,98278.483
2022,826,,X,8703,1922.649
2022,826,,X,8703,1755.409
2022,826,,X,8703,2258166.299
2022,826,,X,8703,67882.321
2022,826,,X,8703,79618494.147
2022,826,,X,8703,105773606.885
2022,826,,X,8703,122304833.2
2022,826,,X,8703,107560827.985
2022,826,,X,8703,6714.012
2022,826,,X,8703,16180386.241
2022,826,,X,8703,6714.012
2022,826,,X,8703,6714.012
2022,826,,X,8703,2842671.072
2022,826,,X,8703,35502524.702
2021,764,,X,8541,164593631.519
2021,764,,X,8541,216458.683
2021,764,,X,8541,84937135.613
2021,764,,X,8541,20822530.571
2021,764,,X,8541,2286.264
2021,764,,X,8541,4.0
2021,764,,X,8541,49.602
2021,764,,X,8541,226.89
2021,764,,X,8541,227.989
2021,764,,X,8541,110.72
2021,764,,X,8541,88.118
2021,764,,X,8541,88.118
2021,764,,X,8541,471.901
2021,764,,X,8541,33.745
2021,764,,X,8541,1.076
2021,764,,X,8541,343.1
2021,764,,X,8541,4502.515
2021,764,,X,8541,44888499.572
2021,764,,X,8541,418529.675
2021,764,,X,8541,157205.9
2021,764,,X,8541,1420800.028
2021,764,,X,8541,4754.988
2021,764,,X,8541,166805.242
2021,764,,X,8541,67034.961
2021,764,,X,8541,5359314.098
2021,764,,X,8541,18754.707
2021,764,,X,8541,94667.913
2021,764,,X,8541,17472.075
2021,764,,X,8541,100.014
2021,764,,X,8541,2704665745.571
2021,764,,X,8541,12787323.785
2021,764,,X,8541,552372358.732
2021,764,,X,8541,5637308.918
2021,764,,X,8541,1948865.593
2021,764,,X,8541,5638288.127
2021,764,,X,8541,296.638
2021,764,,X,8541,15.007
2021,764,,X,8541,2.992
2021,764,,X,8541,104.898
2021,764,,X,8541,247586.333
2021,764,,X,8541,521790.077
2021,764,,X,8541,10463.058
2021,764,,X,8541,8712388.236
2021,764,,X,8541,10463.058
2021,764,,X,8541,10280.684
2021,764,,X,8541,247799.739
2021,764,,X,8541,111182.615
2021,764,,X,8541,94042.244
2021,764,,X,8541,305807844.224
2021,764,,X,8541,31348.439
2021,764,,X,8541,67034.961
2021,764,,X,8541,94667.913
2021,764,,X,8541,137184.126
2021,764,,X,8541,147522.507
2021,764,,X,8541,6415603.973
2021,764,,X,8541,105.12
2021,764,,X,8541,3509391.358
2021,764,,X,8541,590.512
2021,764,,X,8541,1318578.689
2021,764,,X,8541,459.948
2021,764,,X,8541,15839420.349
2021,764,,X,8541,739874058.294
2021,764,,X,8541,29.884
2021,764,,X,8541,106.46
2021,764,,X,8541,63924.793
2021,764,,X,8541,5871.482
2021,764,,X,8541,2265242.902
2021,764,,X,8541,108887641.905
2021,764,,X,8541,58978301.737
2021,764,,X,8541,57684.199
2021,764,,X,8541,2909860.818
2021,764,,X,8541,124898.754
2021,764,,X,8541,3577157.814
2021,764,,X,8541,537045.648
2021,764,,X,8541,519.55
2021,764,,X,8541,12090.263
2021,764,,X,8541,110207135.693
2021,764,,X,8541,13875201.306
2021,764,,X,8541,4271754.089
2021,764,,X,8541,268.897
2021,764,,X,8541,6112.901
2021,764,,X,8541,490.498
2021,764,,X,8541,2231.395
2021,764,,X,8541,1303.708
2021,764,,X,8541,241.704
2021,764,,X,8541,1140.288
2021,764,,X,8541,248301.103
2021,764,,X,8541,742499.999
2021,764,,X,8541,144.656
2021,764,,X,8541,536471.407
2021,764,,X,8541,4370.268
2021,764,,X,8541,108.112
2021,764,,X,8541,16589.772
2021,764,,X,8541,1225.847
2021,764,,X,8541,112.365
2021,764,,X,8541,459.948
2021,764,,X,8541,8.542
2021,764,,X,8541,1094.441
2021,764,,X,8541,4689343.963
2021,764,,X,8541,5405.209
2021,764,,X,8541,82644.847
2021,764,,X,8541,334847051.836
2021,764,,X,8541,980730.744
2021,764,,X,8541,1195773.407
2021,764,,X,8541,458940.666
2021,764,,X,8541,238168831.541
2021,764,,X,8541,49.602
2021,764,,X,8541,104.898
2021,764,,X,8541,979.209
2021,764,,X,8541,4392.915
2021,764,,X,8541,256019.219
2021,764,,X,8541,94042.244
2021,764,,X,8541,2104.7
2021,764,,X,8541,2104.7
2021,764,,X,8541,464.838
2021,764,,X,8541,464.838
2021,764,,X,8541,418529.675
2021,764,,X,8541,601403.644
2021,764,,X,8541,102766.313
2021,764,,X,8541,1726559.986
2021,764,,X,8541,2019381.197
2021,764,,X,8541,1919.94
2021,764,,X,8541,167745.146
2021,764,,X,8541,144.656
2021,764,,X,8541,16589.772
2021,764,,X,8541,12030.819
2021,764,,X,8541,3556960.992
2021,764,,X,8541,6701566.922
2021,764,,X,8541,12515167.277
2021,764,,X,8541,1033633674.077
2021,764,,X,8541,2503212.036
2021,764,,X,8541,610609910.399
2021,764,,X,8541,78677358.83
2021,764,,X,8541,60844293.228
2021,764,,X,8541,1242673636.383
2021,764,,X,8541,36.994
2021,764,,X,8541,226.89
2021,764,,X,8541,143.014
2021,764,,X,8541,106.46
2021,764,,X,8541,177.056
2021,764,,X,8541,0.246
2021,764,,X,8541,33.745
2021,764,,X,8541,108566.369
2021,764,,X,8541,3681.273
2021,764,,X,8541,11609958.404
2021,764,,X,8541,10493.681
2021,764,,X,8541,96758.975
2021,764,,X,8541,44888499.572
2021,764,,X,8541,213.406
2021,764,,X,8541,305.279
2021,764,,X,8541,102766.313
2021,764,,X,8541,1726559.986
2021,764,,X,8541,1068480.017
2021,764,,X,8541,13199787.263
2021,764,,X,8541,79967.995
2021,764,,X,8541,1140.288
2021,764,,X,8541,18754.707
2021,764,,X,8541,537008.654
2021,764,,X,8541,450.005
2021,764,,X,8541,411.342
2021,764,,X,8541,394385.382
2021,764,,X,8541,76647196.344
2021,764,,X,8541,2508238.612
2021,764,,X,8541,398887.897
2021,764,,X,8541,110.72
2021,764,,X,8541,73.132
2021,764,,X,8541,704.706
2021,764,,X,8541,1.076
2021,764,,X,8541,3925.774
2021,764,,X,8541,97867.584
2021,764,,X,8541,97867.584
2021,764,,X,8541,168088.245
2021,764,,X,8541,100.789
2021,764,,X,8541,6011.824
2021,764,,X,8541,112959.284
2021,764,,X,8541,100.789
2021,764,,X,8541,19927.925
2021,764,,X,8541,281977.84
2021,764,,X,8541,182765.981
2021,764,,X,8541,1029370.411
2021,764,,X,8541,8040.393
2021,764,,X,8541,67077.969
2021,764,,X,8541,8040.393
2021,764,,X,8541,147522.507
2021,764,,X,8541,79967.995
2021,764,,X,8541,2374350.538
2021,764,,X,8541,450.005
2021,764,,X,8541,112.365
2021,764,,X,8541,15677421.518
2021,764,,X,8541,399753163.498
2021,764,,X,8541,227.989
2021,764,,X,8541,73.132
2021,764,,X,8541,774525.902
2021,764,,X,8541,46023.285
2021,764,,X,8541,256019.219
2021,764,,X,8541,187148.118
2021,764,,X,8541,519.55
2021,764,,X,8541,3696539.475
2021,764,,X,8541,65393905.71
2021,764,,X,8541,7916726.385
2021,764,,X,8541,6292397.358
2021,764,,X,8541,188264.187
2021,764,,X,8541,12030.819
2021,764,,X,8541,2158.284
2021,764,,X,8541,1068480.263
2021,764,,X,8541,4329943.686
2021,764,,X,8541,6007.824
2021,764,,X,8541,601403.644
2021,764,,X,8541,6641.199
2021,764,,X,8541,204538.03
2021,764,,X,8541,1225.847
2021,764,,X,8541,1690.978
2021,764,,X,8541,8.542
2021,764,,X,8541,3118.945
2021,764,,X,8541,58237551.667
2021,764,,X,8541,3562151.793
2021,764,,X,8541,60051793.323
2021,764,,X,8541,210345.781
2021,764,,X,8541,1095843.731
2021,764,,X,8541,3215567.808
2021,764,,X,8541,8101928.717
2021,764,,X,8541,428340963.036
2021,764,,X,8541,143.014
2021,764,,X,8541,296.638
2021,764,,X,8541,15.007
2021,764,,X,8541,471.901
2021,764,,X,8541,10493.681
2021,764,,X,8541,5046279.991
2021,764,,X,8541,305.279
2021,764,,X,8541,96758.975
2021,764,,X,8541,6290477.418
2021,764,,X,8541,413.203
2021,764,,X,8541,124898.754
2021,764,,X,8541,106711.579
2021,764,,X,8541,12500.461
2021,764,,X,8541,8605312.045
2021,764,,X,8541,149767.842
2021,764,,X,8541,4370.268
2021,764,,X,8541,1318578.689
2021,764,,X,8541,49027.381
2021,764,,X,8541,534240.013
2021,764,,X,8541,1303.708
2021,764,,X,8541,6641.199
2021,764,,X,8541,1094.441
2021,764,,X,8541,411.342
2021,764,,X,8541,6012063.113
2021,764,,X,8541,722775836.747
2021,764,,X,8541,95924222.268
2021,764,,X,8541,8424.603
2021,764,,X,8541,53374867.768
2021,764,,X,8541,1942994.112
2021,764,,X,8541,2025940.812
2021,764,,X,8541,33320195.735
2021,764,,X,8541,704.706
2021,764,,X,8541,12303.883
2021,764,,X,8541,70294.47
2021,764,,X,8541,12090.263
2021,764,,X,8541,281977.84
2021,764,,X,8541,12323.405
2021,764,,X,8541,3681.273
2021,764,,X,8541,8931418.468
2021,764,,X,8541,193046.665
2021,764,,X,8541,166805.242
2021,764,,X,8541,111116.976
2021,764,,X,8541,5006865.566
2021,764,,X,8541,14492.202
2021,764,,X,8541,2307272.569
2021,764,,X,8541,1318914.069
2021,764,,X,8541,188264.187
2021,764,,X,8541,2158.284
2021,764,,X,8541,579.719
2021,764,,X,8541,592732.157
2021,764,,X,8541,1690.978
2022,764,,X,8541,2425406.374
2022,764,,X,8541,1917141.338
2022,764,,X,8541,5030370.922
2022,764,,X,8541,12521119.373
2022,764,,X,8541,98026413.345
2022,764,,X,8541,1494410.063
2022,764,,X,8541,13823580.923
2022,764,,X,8541,287.591
2022,764,,X,8541,3.734
2022,764,,X,8541,73.288
2022,764,,X,8541,5.763
2022,764,,X,8541,5.763
2022,764,,X,8541,39.27
2022,764,,X,8541,5655.735
2022,764,,X,8541,30648.008
2022,764,,X,8541,1973.564
2022,764,,X,8541,292905.897
2022,764,,X,8541,19886.635
2022,764,,X,8541,941479.351
2022,764,,X,8541,1004.812
2022,764,,X,8541,184287.603
2022,764,,X,8541,9515397.493
2022,764,,X,8541,1190.477
2022,764,,X,8541,183.513
2022,764,,X,8541,106146.395
2022,764,,X,8541,217.918
2022,764,,X,8541,215406.396
2022,764,,X,8541,187341.982
2022,764,,X,8541,49.958
2022,764,,X,8541,12151686.135
2022,764,,X,8541,1176155340.192
2022,764,,X,8541,16162415.332
2022,764,,X,8541,131313068.317
2022,764,,X,8541,217.918
2022,764,,X,8541,187341.982
2022,764,,X,8541,49.958
2022,764,,X,8541,58470378.336
2022,764,,X,8541,6452596.624
2022,764,,X,8541,451054537.526
2022,764,,X,8541,67.99
2022,764,,X,8541,344.847
2022,764,,X,8541,147.996
2022,764,,X,8541,74.033
2022,764,,X,8541,90.82
2022,764,,X,8541,148975.57
2022,764,,X,8541,219861.077
2022,764,,X,8541,217490.229
2022,764,,X,8541,148975.57
2022,764,,X,8541,113670.788
2022,764,,X,8541,1396122.878
2022,764,,X,8541,643.375
2022,764,,X,8541,3850.76
2022,764,,X,8541,1844.74
2022,764,,X,8541,598.086
2022,764,,X,8541,5394.656
2022,764,,X,8541,9515397.493
2022,764,,X,8541,92181.438
2022,764,,X,8541,1536.899
2022,764,,X,8541,569.694
2022,764,,X,8541,263.361
2022,764,,X,8541,204543.916
2022,764,,X,8541,649.617
2022,764,,X,8541,483350.894
2022,764,,X,8541,48550012.154
2022,764,,X,8541,1122036.557
2022,764,,X,8541,2025797.288
2022,764,,X,8541,1010887974.106
2022,764,,X,8541,272.148
2022,764,,X,8541,739969.632
2022,764,,X,8541,215690.094
2022,764,,X,8541,1405516.494
2022,764,,X,8541,135345.363
2022,764,,X,8541,113455.29
2022,764,,X,8541,17915.887
2022,764,,X,8541,1973.564
2022,764,,X,8541,4336047.89
2022,764,,X,8541,5384.056
2022,764,,X,8541,3037333.549
2022,764,,X,8541,2230.583
2022,764,,X,8541,569.694
2022,764,,X,8541,62.819
2022,764,,X,8541,508431.126
2022,764,,X,8541,94668.881
2022,764,,X,8541,1407.265
2022,764,,X,8541,613.158
2022,764,,X,8541,13.392
2022,764,,X,8541,183.513
2022,764,,X,8541,115991.035
2022,764,,X,8541,3463.833
2022,764,,X,8541,117060936.781
2022,764,,X,8541,13646.534
2022,764,,X,8541,99.931
2022,764,,X,8541,100.992
2022,764,,X,8541,6544667.619
2022,764,,X,8541,57223709.06
2022,764,,X,8541,287.591
2022,764,,X,8541,1831738258.276
2022,764,,X,8541,30543210.731
2022,764,,X,8541,299.992
2022,764,,X,8541,344.847
2022,764,,X,8541,147.996
2022,764,,X,8541,1.01
2022,764,,X,8541,83666.727
2022,764,,X,8541,65979.313
2022,764,,X,8541,62483.511
2022,764,,X,8541,17250.835
2022,764,,X,8541,39122.724
2022,764,,X,8541,12863415.761
2022,764,,X,8541,5398.39
2022,764,,X,8541,4913660.959
2022,764,,X,8541,138690.91
2022,764,,X,8541,1536.899
2022,764,,X,8541,274.615
2022,764,,X,8541,214355.019
2022,764,,X,8541,2391.513
2022,764,,X,8541,613.158
2022,764,,X,8541,1231.352
2022,764,,X,8541,9645989.647
2022,764,,X,8541,49.963
2022,764,,X,8541,256137540.723
2022,764,,X,8541,532501967.887
2022,764,,X,8541,99.931
2022,764,,X,8541,108655.95
2022,764,,X,8541,3463.833
2022,764,,X,8541,283994117.0
2022,764,,X,8541,6055303.809
2022,764,,X,8541,272.148
2022,764,,X,8541,1289.996
2022,764,,X,8541,1.01
2022,764,,X,8541,273735.599
2022,764,,X,8541,113455.29
2022,764,,X,8541,3767.497
2022,764,,X,8541,1009876.55
2022,764,,X,8541,1063.621
2022,764,,X,8541,109725.616
2022,764,,X,8541,56224.027
2022,764,,X,8541,241.272
2022,764,,X,8541,2230.583
2022,764,,X,8541,57085.816
2022,764,,X,8541,2904.591
2022,764,,X,8541,184287.603
2022,764,,X,8541,2091.284
2022,764,,X,8541,92181.438
2022,764,,X,8541,131390.953
2022,764,,X,8541,102358049.008
2022,764,,X,8541,27.704
2022,764,,X,8541,5939680.57
2022,764,,X,8541,10017583.754
2022,764,,X,8541,106146.395
2022,764,,X,8541,205.217
2022,764,,X,8541,924.232
2022,764,,X,8541,2654086.751
2022,764,,X,8541,581162122.805
2022,764,,X,8541,6617023.138
2022,764,,X,8541,141336036.127
2022,764,,X,8541,30546.138
2022,764,,X,8541,205.217
2022,764,,X,8541,5.793
2022,764,,X,8541,5.793
2022,764,,X,8541,50951.79
2022,764,,X,8541,17117450.048
2022,764,,X,8541,866931.334
2022,764,,X,8541,3767.497
2022,764,,X,8541,66327.66
2022,764,,X,8541,66327.66
2022,764,,X,8541,9238445.215
2022,764,,X,8541,2788590.282
2022,764,,X,8541,4281963.271
2022,764,,X,8541,56426.171
2022,764,,X,8541,4301701.096
2022,764,,X,8541,8900300.426
2022,764,,X,8541,409.265
2022,764,,X,8541,4051.886
2022,764,,X,8541,3781.816
2022,764,,X,8541,12863415.761
2022,764,,X,8541,118459.992
2022,764,,X,8541,19089349.662
2022,764,,X,8541,5137281.176
2022,764,,X,8541,4129437.285
2022,764,,X,8541,14088.774
2022,764,,X,8541,76161.253
2022,764,,X,8541,176030.486
2022,764,,X,8541,107.082
2022,764,,X,8541,709.94
2022,764,,X,8541,37186191.129
2022,764,,X,8541,7190528.867
2022,764,,X,8541,49.963
2022,764,,X,8541,472473688.67
2022,764,,X,8541,13646.534
2022,764,,X,8541,2214384.397
2022,764,,X,8541,30546.138
2022,764,,X,8541,226589.094
2022,764,,X,8541,67.99
2022,764,,X,8541,90.82
2022,764,,X,8541,44.263
2022,764,,X,8541,1570644.449
2022,764,,X,8541,1633093.438
2022,764,,X,8541,9393.616
2022,764,,X,8541,8017.012
2022,764,,X,8541,1570644.449
2022,764,,X,8541,113670.788
2022,764,,X,8541,83666.727
2022,764,,X,8541,276640.189
2022,764,,X,8541,643.375
2022,764,,X,8541,30580.119
2022,764,,X,8541,3850.76
2022,764,,X,8541,241.272
2022,764,,X,8541,409.265
2022,764,,X,8541,94629.612
2022,764,,X,8541,417.148
2022,764,,X,8541,95072.725
2022,764,,X,8541,1004.812
2022,764,,X,8541,228443.793
2022,764,,X,8541,1231.352
2022,764,,X,8541,1407.265
2022,764,,X,8541,263.361
2022,764,,X,8541,83609654.647
2022,764,,X,8541,6591056.291
2022,764,,X,8541,3478269.348
2022,764,,X,8541,37054800.176
2022,764,,X,8541,154.948
2022,764,,X,8541,4391453.516
2022,764,,X,8541,918022.633
2022,764,,X,8541,374170604.863
2022,764,,X,8541,10499172.682
2022,764,,X,8541,154.948
2022,764,,X,8541,84278783.315
2021,764,,X,8471,39602.028
2021,764,,X,8471,3347733.047
2021,764,,X,8471,1000.003
2021,764,,X,8471,6663.348
2021,764,,X,8471,249.995
2021,764,,X,8471,1837458.858
2021,764,,X,8471,279898219.54
2021,764,,X,8471,15086.679
2021,764,,X,8471,997.529
2021,764,,X,8471,20918.34
2021,764,,X,8471,7514.388
2021,764,,X,8471,249.995
2021,764,,X,8471,370.99
2021,764,,X,8471,29.289
2021,764,,X,8471,39672123.744
2021,764,,X,8471,3763231.401
2021,764,,X,8471,4192021.966
2021,764,,X,8471,1823.303
2021,764,,X,8471,83413.01
2021,764,,X,8471,803620.403
2021,764,,X,8471,13874508.726
2021,764,,X,8471,2453.847
2021,764,,X,8471,2147685.288
2021,764,,X,8471,174098.868
2021,764,,X,8471,150.004
2021,764,,X,8471,3080.009
2021,764,,X,8471,135878.344
2021,764,,X,8471,20112549.294
2021,764,,X,8471,136496.411
2021,764,,X,8471,762946.884
2021,764,,X,8471,178022.737
2021,764,,X,8471,18391617.839
2021,764,,X,8471,721585.344
2021,764,,X,8471,1468245.379
2021,764,,X,8471,2400.005
2021,764,,X,8471,677955.629
2021,764,,X,8471,240.012
2021,764,,X,8471,766.302
2021,764,,X,8471,23926155.679
2021,764,,X,8471,1240.01
2021,764,,X,8471,3328385328.765
2021,764,,X,8471,6000.012
2021,764,,X,8471,35.241
2021,764,,X,8471,67901.28
2021,764,,X,8471,4506946.263
2021,764,,X,8471,949555.506
2021,764,,X,8471,14521203.611
2021,764,,X,8471,3615934986.347
2021,764,,X,8471,2089.792
2021,764,,X,8471,1582775.828
2021,764,,X,8471,386255.121
2021,764,,X,8471,883993.45
2021,764,,X,8471,3193933.384
2021,764,,X,8471,3080.009
2021,764,,X,8471,5.457
2021,764,,X,8471,840.383
2021,764,,X,8471,24925690.777
2021,764,,X,8471,17889.402
2021,764,,X,8471,1660.397
2021,764,,X,8471,1286.167
2021,764,,X,8471,1948.008
2021,764,,X,8471,484.613
2021,764,,X,8471,270.365
2021,764,,X,8471,404.24
2021,764,,X,8471,2453.847
2021,764,,X,8471,7902.813
2021,764,,X,8471,55839.591
2021,764,,X,8471,53.507
2021,764,,X,8471,124898776.391
2021,764,,X,8471,65666.669
2021,764,,X,8471,26779.994
2021,764,,X,8471,1358.003
2021,764,,X,8471,2273.484
2021,764,,X,8471,699.982
2021,764,,X,8471,1003206.87
2021,764,,X,8471,24348780.992
2021,764,,X,8471,4408927.647
2021,764,,X,8471,1831062.637
2021,764,,X,8471,21451.53
2021,764,,X,8471,1540.548
2021,764,,X,8471,25.001
2021,764,,X,8471,18842.179
2021,764,,X,8471,60321.841
2021,764,,X,8471,14546.489
2021,764,,X,8471,5041483.973
2021,764,,X,8471,26873.247
2021,764,,X,8471,335.973
2021,764,,X,8471,655.002
2021,764,,X,8471,491447623.801
2021,764,,X,8471,17682.926
2021,764,,X,8471,136646.411
2021,764,,X,8471,21616910.035
2021,764,,X,8471,672907504.249
2021,764,,X,8471,89.996
2021,764,,X,8471,29041.954
2021,764,,X,8471,21663.926
2021,764,,X,8471,339.821
2021,764,,X,8471,132.875
2021,764,,X,8471,122624.958
2021,764,,X,8471,871.159
2021,764,,X,8471,41399.38
2021,764,,X,8471,4970434385.34
2021,764,,X,8471,80.011
2021,764,,X,8471,1286.167
2021,764,,X,8471,1246.233
2021,764,,X,8471,500.0
2021,764,,X,8471,42057.949
2021,764,,X,8471,347.916
2021,764,,X,8471,15.376
2021,764,,X,8471,4326.452
2021,764,,X,8471,347.916
2021,764,,X,8471,669488897.298
2021,764,,X,8471,18906342.182
2021,764,,X,8471,67250.752
2021,764,,X,8471,14546.489
2021,764,,X,8471,57.035
2021,764,,X,8471,10000.0
2021,764,,X,8471,1661164.925
2021,764,,X,8471,1478.537
2021,764,,X,8471,335.973
2021,764,,X,8471,441761.831
2021,764,,X,8471,655.002
2021,764,,X,8471,19104.327
2021,764,,X,8471,526.979
2021,764,,X,8471,72728.541
2021,764,,X,8471,1315259.987
2021,764,,X,8471,58094.103
2021,764,,X,8471,13776.109
2021,764,,X,8471,24939.837
2021,764,,X,8471,3523297.647
2021,764,,X,8471,20019.299
2021,764,,X,8471,339.821
2021,764,,X,8471,10000.0
2021,764,,X,8471,57.035
2021,764,,X,8471,850.017
2021,764,,X,8471,1000.003
2021,764,,X,8471,871.159
2021,764,,X,8471,34117.016
2021,764,,X,8471,117381.313
2021,764,,X,8471,4.999
2021,764,,X,8471,89.996
2021,764,,X,8471,18037772.798
2021,764,,X,8471,26502.372
2021,764,,X,8471,2253.225
2021,764,,X,8471,238390804.416
2021,764,,X,8471,6035.253
2021,764,,X,8471,195914.695
2021,764,,X,8471,117338.709
2021,764,,X,8471,1099.174
2021,764,,X,8471,484.613
2021,764,,X,8471,6922.779
2021,764,,X,8471,563.391
2021,764,,X,8471,679439.909
2021,764,,X,8471,23705.251
2021,764,,X,8471,36793.43
2021,764,,X,8471,5969.005
2021,764,,X,8471,17397.413
2021,764,,X,8471,39602.028
2021,764,,X,8471,943.248
2021,764,,X,8471,917704.666
2021,764,,X,8471,2965581760.812
2021,764,,X,8471,1836100.855
2021,764,,X,8471,8687470.559
2021,764,,X,8471,2864772.774
2021,764,,X,8471,362779615.997
2021,764,,X,8471,526.979
2021,764,,X,8471,1603.351
2021,764,,X,8471,150.003
2021,764,,X,8471,302379420.762
2021,764,,X,8471,242786.572
2021,764,,X,8471,44355.978
2021,764,,X,8471,298.163
2021,764,,X,8471,624.02
2021,764,,X,8471,37077.929
2021,764,,X,8471,341.412
2021,764,,X,8471,1004920.82
2021,764,,X,8471,1540.548
2021,764,,X,8471,2305.273
2021,764,,X,8471,107118.261
2021,764,,X,8471,56012.927
2021,764,,X,8471,803.109
2021,764,,X,8471,1099.174
2021,764,,X,8471,108031.005
2021,764,,X,8471,17889.402
2021,764,,X,8471,9427.085
2021,764,,X,8471,1660.397
2021,764,,X,8471,7427365415.675
2021,764,,X,8471,3840341081.016
2021,764,,X,8471,624.02
2021,764,,X,8471,41399.38
2021,764,,X,8471,723.297
2021,764,,X,8471,6658.349
2021,764,,X,8471,2305.273
2021,764,,X,8471,132.875
2021,764,,X,8471,44295.983
2021,764,,X,8471,169746.791
2021,764,,X,8471,2089.792
2021,764,,X,8471,1119139048.983
2021,764,,X,8471,637304.358
2021,764,,X,8471,244326.756
2021,764,,X,8471,17298.381
2021,764,,X,8471,32691.623
2021,764,,X,8471,215.992
2021,764,,X,8471,18626.327
2021,764,,X,8471,150.0
2021,764,,X,8471,49.99
2021,764,,X,8471,4089583.383
2021,764,,X,8471,20947.63
2021,764,,X,8471,23630497.413
2021,764,,X,8471,16690.031
2021,764,,X,8471,1163003194.693
2021,764,,X,8471,18895.686
2021,764,,X,8471,136328.339
2021,764,,X,8471,12450.01
2021,764,,X,8471,86824.213
2021,764,,X,8471,6726.456
2021,764,,X,8471,17397.413
2021,764,,X,8471,723066352.28
2021,764,,X,8471,80.011
2021,764,,X,8471,404.24
2021,764,,X,8471,9383.994
2021,764,,X,8471,3329106.72
2021,764,,X,8471,35129.921
2021,764,,X,8471,1004920.82
2021,764,,X,8471,298.163
2021,764,,X,8471,8540.104
2021,764,,X,8471,650.528
2021,764,,X,8471,221335.042
2021,764,,X,8471,2480.967
2021,764,,X,8471,258639005.894
2021,764,,X,8471,1278.531
2021,764,,X,8471,59.995
2021,764,,X,8471,1023646.354
2021,764,,X,8471,99476.318
2021,764,,X,8471,344517609.204
2021,764,,X,8471,72068.644
2021,764,,X,8471,7514.388
2021,764,,X,8471,1150.381
2021,764,,X,8471,2400.25
2021,764,,X,8471,16.127
2021,764,,X,8471,53653.241
2021,764,,X,8471,723.297
2021,764,,X,8471,8811.168
2021,764,,X,8471,9477.075
2021,764,,X,8471,98.437
2021,764,,X,8471,200.006
2021,764,,X,8471,19692.909
2021,764,,X,8471,4075032.032
2021,764,,X,8471,30027.537
2021,764,,X,8471,56012.927
2021,764,,X,8471,15.376
2021,764,,X,8471,8680318004.634
2021,764,,X,8471,174098.868
2021,764,,X,8471,176899307.165
2021,764,,X,8471,1254839.742
2021,764,,X,8471,432.215
2021,764,,X,8471,411962421.119
2021,764,,X,8471,312608766.442
2021,764,,X,8471,208232.385
2021,764,,X,8471,7560061.769
2021,764,,X,8471,23072.949
2021,764,,X,8471,16728.617
2021,764,,X,8471,1580487.363
2021,764,,X,8471,66784.695
2021,764,,X,8471,14204767.198
2021,764,,X,8471,18338.025
2021,764,,X,8471,516370.176
2021,764,,X,8471,3352940.282
2021,764,,X,8471,841935.501
2021,764,,X,8471,39.992
2021,764,,X,8471,94717.114
2021,764,,X,8471,16.127
2021,764,,X,8471,4506382.872
2021,764,,X,8471,8661.165
2021,764,,X,8471,21447.934
2021,764,,X,8471,2166675.987
2021,764,,X,8471,5.457
2021,764,,X,8471,120351.473
2021,764,,X,8471,207352.095
2021,764,,X,8471,1484532.227
2021,764,,X,8471,7433287.34
2021,764,,X,8471,4411408.613
2021,764,,X,8471,95813.935
2021,764,,X,8471,711122.493
2021,764,,X,8471,20019.299
2021,764,,X,8471,13776.109
2021,764,,X,8471,150.004
2021,764,,X,8471,5158865.286
2021,764,,X,8471,50845.632
2021,764,,X,8471,2166675.987
2021,764,,X,8471,9383.994
2021,764,,X,8471,36793.43
2021,764,,X,8471,7679.646
2021,764,,X,8471,6922.779
2021,764,,X,8471,4668.099
2021,764,,X,8471,803.109
2021,764,,X,8471,2664.081
2021,764,,X,8471,1246.233
2021,764,,X,8471,98.437
2021,764,,X,8471,19023680.891
2021,764,,X,8471,664.607
2021,764,,X,8471,316436.413
2021,764,,X,8471,14634.438
2021,764,,X,8471,4568514.566
2021,764,,X,8471,2494301.765
2021,764,,X,8471,449.995
2021,764,,X,8471,190053.713
2021,764,,X,8471,92690.531
2021,764,,X,8471,710882.481
2021,764,,X,8471,422068.922
2021,764,,X,8471,7679.646
2021,764,,X,8471,12450.01
2021,764,,X,8471,341.412
2021,764,,X,8471,2400.25
2021,764,,X,8471,1150.381
2021,764,,X,8471,840.383
2021,764,,X,8471,1661164.925
2021,764,,X,8471,72068.644
2021,764,,X,8471,93190.531
2021,764,,X,8471,186589984.594
2021,764,,X,8471,18119287.549
2021,764,,X,8471,39.992
2021,764,,X,8471,760696.933
2021,764,,X,8471,25310.826
2021,764,,X,8471,25.001
2021,764,,X,8471,5368.081
2021,764,,X,8471,943.248
2021,764,,X,8471,850.017
2021,764,,X,8471,997.529
2021,764,,X,8471,14373824777.507
2021,764,,X,8471,2664.081
2021,764,,X,8471,270.365
2022,764,,X,8471,2925505.586
2022,764,,X,8471,5967.146
2022,764,,X,8471,17466.165
2022,764,,X,8471,3499.999
2022,764,,X,8471,6731.335
2022,764,,X,8471,812.517
2022,764,,X,8471,505.542
2022,764,,X,8471,1195.243
2022,764,,X,8471,1293629.034
2022,764,,X,8471,184.986
2022,764,,X,8471,414.539
2022,764,,X,8471,1064.258
2022,764,,X,8471,10841.545
2022,764,,X,8471,35675.967
2022,764,,X,8471,568.024
2022,764,,X,8471,337949.003
2022,764,,X,8471,30760.436
2022,764,,X,8471,14927198.426
2022,764,,X,8471,1099.992
2022,764,,X,8471,260496.372
2022,764,,X,8471,721.053
2022,764,,X,8471,3004.539
2022,764,,X,8471,350.003
2022,764,,X,8471,2769.231
2022,764,,X,8471,33168.072
2022,764,,X,8471,41433.301
2022,764,,X,8471,8417.969
2022,764,,X,8471,172276.457
2022,764,,X,8471,310254.716
2022,764,,X,8471,356514.199
2022,764,,X,8471,29.991
2022,764,,X,8471,588785.193
2022,764,,X,8471,4200.023
2022,764,,X,8471,5568938.143
2022,764,,X,8471,651862.488
2022,764,,X,8471,14605.342
2022,764,,X,8471,5268425.305
2022,764,,X,8471,190754.988
2022,764,,X,8471,8733.879
2022,764,,X,8471,35175.979
2022,764,,X,8471,5711.423
2022,764,,X,8471,400.003
2022,764,,X,8471,5471.74
2022,764,,X,8471,12961157.372
2022,764,,X,8471,948966157.108
2022,764,,X,8471,25262.75
2022,764,,X,8471,1807914190.947
2022,764,,X,8471,335562315.783
2022,764,,X,8471,54.937
2022,764,,X,8471,5.163
2022,764,,X,8471,14847.237
2022,764,,X,8471,721.053
2022,764,,X,8471,574.015
2022,764,,X,8471,505663.009
2022,764,,X,8471,833.322
2022,764,,X,8471,86910.793
2022,764,,X,8471,38770.08
2022,764,,X,8471,15852.179
2022,764,,X,8471,3260.738
2022,764,,X,8471,6247.079
2022,764,,X,8471,568.024
2022,764,,X,8471,4200.023
2022,764,,X,8471,82374.114
2022,764,,X,8471,818571.716
2022,764,,X,8471,377485.143
2022,764,,X,8471,277685.938
2022,764,,X,8471,44801.077
2022,764,,X,8471,971669.336
2022,764,,X,8471,3126.469
2022,764,,X,8471,40.0
2022,764,,X,8471,240.021
2022,764,,X,8471,396369.307
2022,764,,X,8471,471.996
2022,764,,X,8471,400.004
2022,764,,X,8471,1664406.474
2022,764,,X,8471,3220.936
2022,764,,X,8471,35232172.411
2022,764,,X,8471,19581095.208
2022,764,,X,8471,499.999
2022,764,,X,8471,99512690.043
2022,764,,X,8471,125088.095
2022,764,,X,8471,1441369.376
2022,764,,X,8471,6639235954.767
2022,764,,X,8471,106750.843
2022,764,,X,8471,3252.012
2022,764,,X,8471,343.568
2022,764,,X,8471,10238.305
2022,764,,X,8471,1423021.464
2022,764,,X,8471,990508417.487
2022,764,,X,8471,833855305.039
2022,764,,X,8471,3113121.004
2022,764,,X,8471,2079.624
2022,764,,X,8471,8045.344
2022,764,,X,8471,1017946.623
2022,764,,X,8471,780.852
2022,764,,X,8471,105.854
2022,764,,X,8471,1052.429
2022,764,,X,8471,77979.996
2022,764,,X,8471,936.182
2022,764,,X,8471,17253.587
2022,764,,X,8471,65337.701
2022,764,,X,8471,28666527.127
2022,764,,X,8471,77979.996
2022,764,,X,8471,3456.039
2022,764,,X,8471,38.145
2022,764,,X,8471,52842894.923
2022,764,,X,8471,804865.677
2022,764,,X,8471,695.203
2022,764,,X,8471,40.0
2022,764,,X,8471,150.008
2022,764,,X,8471,661088.558
2022,764,,X,8471,156007245.795
2022,764,,X,8471,3607.586
2022,764,,X,8471,1750.706
2022,764,,X,8471,1873900.568
2022,764,,X,8471,41833.754
2022,764,,X,8471,2766.559
2022,764,,X,8471,727087884.019
2022,764,,X,8471,3541.491
2022,764,,X,8471,2769.231
2022,764,,X,8471,7403.404
2022,764,,X,8471,1999.995
2022,764,,X,8471,10841.545
2022,764,,X,8471,83150.126
2022,764,,X,8471,1966817.394
2022,764,,X,8471,23224.208
2022,764,,X,8471,666845.423
2022,764,,X,8471,653375.928
2022,764,,X,8471,639340.504
2022,764,,X,8471,400.003
2022,764,,X,8471,3260.738
2022,764,,X,8471,42075.749
2022,764,,X,8471,3315.079
2022,764,,X,8471,2668055407.642
2022,764,,X,8471,29278.16
2022,764,,X,8471,62479247.548
2022,764,,X,8471,1796251.281
2022,764,,X,8471,1122.023
2022,764,,X,8471,150.001
2022,764,,X,8471,2081.002
2022,764,,X,8471,2255.47
2022,764,,X,8471,192.098
2022,764,,X,8471,4372.259
2022,764,,X,8471,38348.656
2022,764,,X,8471,3036.322
2022,764,,X,8471,328.178
2022,764,,X,8471,364.657
2022,764,,X,8471,171.423
2022,764,,X,8471,118.428
2022,764,,X,8471,73.289
2022,764,,X,8471,400.024
2022,764,,X,8471,1335980867.993
2022,764,,X,8471,499.988
2022,764,,X,8471,8367.954
2022,764,,X,8471,30.465
2022,764,,X,8471,1620.152
2022,764,,X,8471,10944.507
2022,764,,X,8471,27105766.809
2022,764,,X,8471,306421.315
2022,764,,X,8471,125088.095
2022,764,,X,8471,9.999
2022,764,,X,8471,201603225.022
2022,764,,X,8471,1423903.211
2022,764,,X,8471,12944.72
2022,764,,X,8471,499.999
2022,764,,X,8471,356364.191
2022,764,,X,8471,628378.64
2022,764,,X,8471,414.539
2021,764,,X,3004,3.998
2021,764,,X,3004,100.842
2021,764,,X,3004,48.381
2021,764,,X,3004,19.352
2021,764,,X,3004,41716.804
2021,764,,X,3004,2932.089
2021,764,,X,3004,753807.136
2021,764,,X,3004,839.153
2021,764,,X,3004,166.28
2021,764,,X,3004,72023.263
2021,764,,X,3004,52611.213
2021,764,,X,3004,17631.426
2021,764,,X,3004,3505240.992
2021,764,,X,3004,197.238
2021,764,,X,3004,1141275.215
2021,764,,X,3004,362.208
2021,764,,X,3004,272236.665
2021,764,,X,3004,736.753
2021,764,,X,3004,26985.012
2021,764,,X,3004,18171.85
2021,764,,X,3004,5241.777
2021,764,,X,3004,81255.999
2021,764,,X,3004,531.334
2021,764,,X,3004,150850.173
2021,764,,X,3004,159441.367
2021,764,,X,3004,163932.698
2021,764,,X,3004,150169.395
2021,764,,X,3004,20301725.841
2021,764,,X,3004,15559.2
2021,764,,X,3004,1162028.239
2021,764,,X,3004,45083.668
2021,764,,X,3004,9.994
2021,764,,X,3004,49.984
2021,764,,X,3004,50.001
2021,764,,X,3004,184118.954
2021,764,,X,3004,33.447
2021,764,,X,3004,23901.265
2021,764,,X,3004,501668.639
2021,764,,X,3004,40818.108
2021,764,,X,3004,426131.961
2021,764,,X,3004,100845.013
2021,764,,X,3004,56706.256
2021,764,,X,3004,144394.438
2021,764,,X,3004,11.998
2021,764,,X,3004,11434332.727
2021,764,,X,3004,50142.02
2021,764,,X,3004,22061.718
2021,764,,X,3004,9501.667
2021,764,,X,3004,1276.8
2021,764,,X,3004,3692.118
2021,764,,X,3004,1043859.41
2021,764,,X,3004,119955.236
2021,764,,X,3004,912068.238
2021,764,,X,3004,1081.027
2021,764,,X,3004,581.536
2021,764,,X,3004,244724.015
2021,764,,X,3004,2101436.199
2021,764,,X,3004,150850.173
2021,764,,X,3004,192372.77
2021,764,,X,3004,10000.0
2021,764,,X,3004,11646.377
2021,764,,X,3004,1162.686
2021,764,,X,3004,43.312
2021,764,,X,3004,5526.999
2021,764,,X,3004,581.536
2021,764,,X,3004,1276.8
2021,764,,X,3004,1911.364
2021,764,,X,3004,1659485.117
2021,764,,X,3004,142876.346
2021,764,,X,3004,393.238
2021,764,,X,3004,7281799.966
2021,764,,X,3004,7527.545
2021,764,,X,3004,138554605.425
2021,764,,X,3004,195177546.293
2021,764,,X,3004,161732.798
2021,764,,X,3004,73099.983
2021,764,,X,3004,236174.804
2021,764,,X,3004,14196411.373
2021,764,,X,3004,20638873.199
2021,764,,X,3004,12600.012
2021,764,,X,3004,22.941
2021,764,,X,3004,53450.005
2021,764,,X,3004,55189.654
2021,764,,X,3004,82995.01
2021,764,,X,3004,401686.087
2021,764,,X,3004,8750.86
2021,764,,X,3004,1100.012
2021,764,,X,3004,3541716.268
2021,764,,X,3004,12118.611
2021,764,,X,3004,125683.156
2021,764,,X,3004,4725.692
2021,764,,X,3004,11018141.808
2021,764,,X,3004,152281.429
2021,764,,X,3004,19.352
2021,764,,X,3004,243.823
2021,764,,X,3004,47.945
2021,764,,X,3004,9501.667
2021,764,,X,3004,142876.346
2021,764,,X,3004,393.238
2021,764,,X,3004,521.6
2021,764,,X,3004,1459.101
2021,764,,X,3004,1521472.59
2021,764,,X,3004,200768.165
2021,764,,X,3004,1516.602
2021,764,,X,3004,17531.497
2021,764,,X,3004,1069.799
2021,764,,X,3004,27887.992
2021,764,,X,3004,23901.265
2021,764,,X,3004,73.504
2021,764,,X,3004,11044.92
2021,764,,X,3004,900.162
2021,764,,X,3004,569964.181
2021,764,,X,3004,60966.185
2021,764,,X,3004,4002.524
2021,764,,X,3004,210693.615
2021,764,,X,3004,3159367.29
2021,764,,X,3004,23647.12
2021,764,,X,3004,49506.525
2021,764,,X,3004,245.299
2021,764,,X,3004,884299.405
2021,764,,X,3004,863334.376
2021,764,,X,3004,22615.878
2021,764,,X,3004,109934.842
2021,764,,X,3004,18840.134
2021,764,,X,3004,14.384
2021,764,,X,3004,18.191
2021,764,,X,3004,32.415
2021,764,,X,3004,0.101
2021,764,,X,3004,48.381
2021,764,,X,3004,66363.331
2021,764,,X,3004,722.58
2021,764,,X,3004,9226935.393
2021,764,,X,3004,33.447
2021,764,,X,3004,9818667.151
2021,764,,X,3004,148331.541
2021,764,,X,3004,277940.839
2021,764,,X,3004,197.238
2021,764,,X,3004,645070.197
2021,764,,X,3004,2339927.658
2021,764,,X,3004,23.163
2021,764,,X,3004,531.334
2021,764,,X,3004,5998158.369
2021,764,,X,3004,133991.953
2021,764,,X,3004,587.027
2021,764,,X,3004,385.425
2021,764,,X,3004,24484.019
2021,764,,X,3004,2257.758
2021,764,,X,3004,2095278.961
2021,764,,X,3004,10007.64
2021,764,,X,3004,259718.71
2021,764,,X,3004,183234.059
2021,764,,X,3004,55860.625
2021,764,,X,3004,2963274.729
2021,764,,X,3004,567831.221
2021,764,,X,3004,9530050.092
2021,764,,X,3004,32.415
2021,764,,X,3004,43.312
2021,764,,X,3004,6576909.987
2021,764,,X,3004,3740.063
2021,764,,X,3004,6741751.515
2021,764,,X,3004,2641595.394
2021,764,,X,3004,521.6
2021,764,,X,3004,579650.798
2021,764,,X,3004,2072.226
2021,764,,X,3004,390534723.683
2021,764,,X,3004,1530438.039
2021,764,,X,3004,1341940.768
2021,764,,X,3004,187236.583
2021,764,,X,3004,22.941
2021,764,,X,3004,336.398
2021,764,,X,3004,295053.891
2021,764,,X,3004,99.987
2021,764,,X,3004,209640.04
2021,764,,X,3004,347.785
2021,764,,X,3004,138.015
2021,764,,X,3004,531077.326
2021,764,,X,3004,22227.303
2021,764,,X,3004,1333821.707
2021,764,,X,3004,149923.539
2021,764,,X,3004,4124.988
2021,764,,X,3004,477613.18
2021,764,,X,3004,60159398.722
2021,764,,X,3004,2838.789
2021,764,,X,3004,215.647
2021,764,,X,3004,99.987
2021,764,,X,3004,5641.034
2021,764,,X,3004,10.084
2021,764,,X,3004,14.384
2021,764,,X,3004,18.191
2021,764,,X,3004,13375.211
2021,764,,X,3004,1194817.414
2021,764,,X,3004,5334.133
2021,764,,X,3004,75.237
2021,764,,X,3004,688.445
2021,764,,X,3004,1102.084
2021,764,,X,3004,1480639.283
2021,764,,X,3004,11.998
2021,764,,X,3004,16260.741
2021,764,,X,3004,23304.323
2021,764,,X,3004,75.237
2021,764,,X,3004,1069.799
2021,764,,X,3004,5227.072
2021,764,,X,3004,3556917.524
2021,764,,X,3004,271365.087
2021,764,,X,3004,45874.423
2021,764,,X,3004,1128816.967
2021,764,,X,3004,725032.255
2021,764,,X,3004,900.162
2021,764,,X,3004,398243.969
2021,764,,X,3004,7000.003
2021,764,,X,3004,145167.323
2021,764,,X,3004,55.725
2021,764,,X,3004,90588.063
2021,764,,X,3004,9420.99
2021,764,,X,3004,3954.014
2021,764,,X,3004,15201.255
2021,764,,X,3004,494.898
2021,764,,X,3004,49.984
2021,764,,X,3004,243.823
2021,764,,X,3004,0.101
2021,764,,X,3004,39718.096
2021,764,,X,3004,58435.798
2021,764,,X,3004,1459.101
2021,764,,X,3004,362.208
2021,764,,X,3004,766.857
2021,764,,X,3004,28334777.515
2021,764,,X,3004,839.153
2021,764,,X,3004,1329538.388
2021,764,,X,3004,33123233.459
2021,764,,X,3004,216600.509
2021,764,,X,3004,2484.414
2021,764,,X,3004,56802498.461
2021,764,,X,3004,196.589
2021,764,,X,3004,64.025
2021,764,,X,3004,385.425
2021,764,,X,3004,415335.99
2021,764,,X,3004,971650.269
2021,764,,X,3004,1098053.542
2021,764,,X,3004,12600.012
2021,764,,X,3004,2844.785
2021,764,,X,3004,15892798.626
2021,764,,X,3004,19244143.856
2021,764,,X,3004,124115.619
2021,764,,X,3004,105.748
2021,764,,X,3004,6307356.937
2021,764,,X,3004,19025.808
2021,764,,X,3004,152.822
2021,764,,X,3004,12149.677
2021,764,,X,3004,1969041.413
2021,764,,X,3004,34187.55
2021,764,,X,3004,1209930.28
2021,764,,X,3004,720621.875
2021,764,,X,3004,696.009
2021,764,,X,3004,12408.006
2021,764,,X,3004,156919.606
2021,764,,X,3004,190799.906
2021,764,,X,3004,415335.99
2021,764,,X,3004,5795.429
2021,764,,X,3004,299075.632
2021,764,,X,3004,44346434.575
2021,764,,X,3004,132.999
2021,764,,X,3004,33.79
2021,764,,X,3004,621.723
2021,764,,X,3004,132.999
2021,764,,X,3004,50.001
2021,764,,X,3004,9.994
2021,764,,X,3004,3.998
2021,764,,X,3004,10.084
2021,764,,X,3004,4.392
2021,764,,X,3004,72023.263
2021,764,,X,3004,16366.489
2021,764,,X,3004,1081.027
2021,764,,X,3004,62952966.714
2021,764,,X,3004,166.28
2021,764,,X,3004,3190026.638
2021,764,,X,3004,663779.54
2021,764,,X,3004,2500.993
2021,764,,X,3004,493.85
2021,764,,X,3004,736.753
2021,764,,X,3004,722.58
2021,764,,X,3004,637.923
2021,764,,X,3004,90050.648
2021,764,,X,3004,7572.623
2021,764,,X,3004,3704.195
2021,764,,X,3004,3063.463
2021,764,,X,3004,245.857
2021,764,,X,3004,244517.562
2021,764,,X,3004,138907.506
2021,764,,X,3004,8152902.065
2021,764,,X,3004,320.283
2021,764,,X,3004,742425.376
2021,764,,X,3004,393899.47
2021,764,,X,3004,137573.788
2021,764,,X,3004,121694.797
2021,764,,X,3004,336.398
2021,764,,X,3004,22797.984
2021,764,,X,3004,3041695.097
2021,764,,X,3004,2593172.754
2021,764,,X,3004,254915.334
2021,764,,X,3004,21.005
2021,764,,X,3004,245.299
2021,764,,X,3004,40048.157
2021,764,,X,3004,1111287.255
2021,764,,X,3004,24786.488
2021,764,,X,3004,966.971
2021,764,,X,3004,3063.463
2021,764,,X,3004,5788.42
2021,764,,X,3004,215.647
2021,764,,X,3004,3954.014
2021,764,,X,3004,796.88
2021,764,,X,3004,21.005
2021,764,,X,3004,196.589
2021,764,,X,3004,138.015
2021,764,,X,3004,751251.707
2021,764,,X,3004,24079.234
2021,764,,X,3004,621.723
2021,764,,X,3004,451.944
2022,764,,X,3004,49.997
2022,764,,X,3004,136.999
2022,764,,X,3004,4112035.716
2022,764,,X,3004,1813412.716
2022,764,,X,3004,1166.031
2022,764,,X,3004,4392122.405
2022,764,,X,3004,2317165.014
2022,764,,X,3004,9158.614
2022,764,,X,3004,27.265
2022,764,,X,3004,261240.722
2022,764,,X,3004,20817836.783
2022,764,,X,3004,1126740.742
2022,764,,X,3004,70887.589
2022,764,,X,3004,25793808.971
2022,764,,X,3004,149750767.808
2022,764,,X,3004,1153.605
2022,764,,X,3004,16520.797
2022,764,,X,3004,228603.082
2022,764,,X,3004,6505.364
2022,764,,X,3004,263593.721
2022,764,,X,3004,61688.671
2022,764,,X,3004,52213.117
2022,764,,X,3004,404332.621
2022,764,,X,3004,4994.469
2022,764,,X,3004,364.108
2022,764,,X,3004,4.01
2022,764,,X,3004,1065.894
2022,764,,X,3004,36940655.084
2022,764,,X,3004,4149.857
2022,764,,X,3004,51392722.485
2022,764,,X,3004,4866606.407
2022,764,,X,3004,290.87
2022,764,,X,3004,2378.129
2022,764,,X,3004,13645871.655
2022,764,,X,3004,524867.0
2022,764,,X,3004,42240.893
2022,764,,X,3004,114401.21
2022,764,,X,3004,1675303.481
2022,764,,X,3004,20199.29
2022,764,,X,3004,1491.94
2022,764,,X,3004,54916.122
2022,764,,X,3004,20618372.892
2022,764,,X,3004,1153.605
2022,764,,X,3004,31.01
2022,764,,X,3004,35.995
2022,764,,X,3004,35.995
2022,764,,X,3004,156.987
2022,764,,X,3004,652.514
2022,764,,X,3004,7098.443
2022,764,,X,3004,97496.346
2022,764,,X,3004,23.998
2022,764,,X,3004,301404.829
2022,764,,X,3004,680487.662
2022,764,,X,3004,2798500.715
2022,764,,X,3004,866.009
2022,764,,X,3004,2890.824
2022,764,,X,3004,150775.08
2022,764,,X,3004,57.626
2022,764,,X,3004,184.004
2022,764,,X,3004,68.776
2022,764,,X,3004,49.047
2022,764,,X,3004,850.924
2022,764,,X,3004,196118.315
2022,764,,X,3004,3186.009
2022,764,,X,3004,116271.07
2022,764,,X,3004,45246.209
2022,764,,X,3004,990.428
2022,764,,X,3004,3342.107
2022,764,,X,3004,822821.808
2022,764,,X,3004,2647839.195
2022,764,,X,3004,1033474.144
2022,764,,X,3004,4112.002
2022,764,,X,3004,2001227.709
2022,764,,X,3004,44726.809
2022,764,,X,3004,34222.449
2022,764,,X,3004,371204.607
2022,764,,X,3004,200035.686
2022,764,,X,3004,605.127
2022,764,,X,3004,35942.852
2022,764,,X,3004,412623.887
2022,764,,X,3004,13043.344
2022,764,,X,3004,1276.083
2022,764,,X,3004,301404.829
2022,764,,X,3004,990.428
2022,764,,X,3004,1542117.183
2022,764,,X,3004,184.004
2022,764,,X,3004,1221956.276
2022,764,,X,3004,5351.343
2022,764,,X,3004,80.015
2022,764,,X,3004,1064675.505
2022,764,,X,3004,1806.115
2022,764,,X,3004,46697.221
2022,764,,X,3004,827816.277
2022,764,,X,3004,12348.892
2022,764,,X,3004,779428.143
2022,764,,X,3004,2562.978
2022,764,,X,3004,247.745
2022,764,,X,3004,108.236
2022,764,,X,3004,9.994
2022,764,,X,3004,12.186
2022,764,,X,3004,136.999
2022,764,,X,3004,189.459
2022,764,,X,3004,1065.894
2022,764,,X,3004,5557442.555
2022,764,,X,3004,508587.849
2022,764,,X,3004,755536.135
2022,764,,X,3004,419412.335
2022,764,,X,3004,119.906
2022,764,,X,3004,24673.926
2022,764,,X,3004,62189869.98
2022,764,,X,3004,66747.494
2022,764,,X,3004,2562.978
2022,764,,X,3004,332415.169
2022,764,,X,3004,1316.403
2022,764,,X,3004,209467.547
2022,764,,X,3004,808098.131
2022,764,,X,3004,329379.01
2022,764,,X,3004,68.776
2022,764,,X,3004,247.745
2022,764,,X,3004,6.987
2022,764,,X,3004,969.995
2022,764,,X,3004,364.108
2022,764,,X,3004,9.014
2022,764,,X,3004,43.466
2022,764,,X,3004,73654674.912
2022,764,,X,3004,602608.636
2022,764,,X,3004,13198.546
2022,764,,X,3004,12048.595
2022,764,,X,3004,2407538.106
2022,764,,X,3004,4072.229
2022,764,,X,3004,154.898
2022,764,,X,3004,74434.482
2022,764,,X,3004,176028.535
2022,764,,X,3004,12219.296
2022,764,,X,3004,13043.344
2022,764,,X,3004,576498.097
2022,764,,X,3004,100314.448
2022,764,,X,3004,802.888
2022,764,,X,3004,1597.959
2022,764,,X,3004,7630295.662
2022,764,,X,3004,229.752
2022,764,,X,3004,6190.007
2022,764,,X,3004,886.189
2022,764,,X,3004,29852.743
2022,764,,X,3004,301638.921
2022,764,,X,3004,168.969
2022,764,,X,3004,13890.463
2022,764,,X,3004,8291.266
2022,764,,X,3004,23975.988
2022,764,,X,3004,250994.006
2022,764,,X,3004,257300.631
2022,764,,X,3004,1941140.27
2022,764,,X,3004,702398.613
2022,764,,X,3004,77228.567
2022,764,,X,3004,30284.412
2022,764,,X,3004,85664.658
2022,764,,X,3004,5990.008
2022,764,,X,3004,57.626
2022,764,,X,3004,759.684
2022,764,,X,3004,169860.187
2022,764,,X,3004,1316.403
2022,764,,X,3004,140250.734
2022,764,,X,3004,60056.119
2022,764,,X,3004,3.991
2022,764,,X,3004,97.853
2022,764,,X,3004,418976671.55
2022,764,,X,3004,12.186
2022,764,,X,3004,24304.348
2022,764,,X,3004,167.44
2022,764,,X,3004,880.863
2022,764,,X,3004,23171098.971
2022,764,,X,3004,10569741.533
2022,764,,X,3004,31018.774
2022,764,,X,3004,329.024
2022,764,,X,3004,409852.001
2022,764,,X,3004,1589542.505
2022,764,,X,3004,97.853
2022,764,,X,3004,3.991
2022,764,,X,3004,452501.739
2022,764,,X,3004,45359463.366
2022,764,,X,3004,192199.146
2022,764,,X,3004,51944.906
2022,764,,X,3004,2035.892
2021,764,,X,8703,119.103
2021,764,,X,8703,3699.995
2021,764,,X,8703,184116.404
2021,764,,X,8703,15000.015
2021,764,,X,8703,58457.284
2021,764,,X,8703,17171492.737
2021,764,,X,8703,61412.016
2021,764,,X,8703,150302.916
2021,764,,X,8703,229199.616
2021,764,,X,8703,3901142.974
2021,764,,X,8703,15000.016
2021,764,,X,8703,153311.976
2021,764,,X,8703,8104334.786
2021,764,,X,8703,288020.977
2021,764,,X,8703,109.038
2021,764,,X,8703,39993.609
2021,764,,X,8703,14000.0
2021,764,,X,8703,14000.0
2021,764,,X,8703,94220.998
2021,764,,X,8703,56200.008
2021,764,,X,8703,3426441364.635
2021,764,,X,8703,38241.608
2021,764,,X,8703,20000.016
2021,764,,X,8703,414149.112
2021,764,,X,8703,50000.0
2021,764,,X,8703,10000.0
2021,764,,X,8703,279770.059
2021,764,,X,8703,1422427.125
2021,764,,X,8703,1757225.811
2021,764,,X,8703,274268.441
2021,764,,X,8703,127647838.18
2021,764,,X,8703,50000.0
2021,764,,X,8703,287832627.331
2021,764,,X,8703,2201261.192
2021,764,,X,8703,3892994.958
2021,764,,X,8703,84963.318
2021,764,,X,8703,934530690.134
2021,764,,X,8703,113883.726
2021,764,,X,8703,71361240.857
2021,764,,X,8703,49280.011
2021,764,,X,8703,189807.696
2021,764,,X,8703,881324.784
2021,764,,X,8703,683040.312
2021,764,,X,8703,411055.947
2021,764,,X,8703,881324.784
2021,764,,X,8703,197400.054
2021,764,,X,8703,107299.98
2021,764,,X,8703,71656.018
2021,764,,X,8703,162181.822
2021,764,,X,8703,1990381.864
2021,764,,X,8703,2069549.305
2021,764,,X,8703,77830.341
2021,764,,X,8703,787411.9
2021,764,,X,8703,101066.747
2021,764,,X,8703,44527.321
2021,764,,X,8703,19993480.018
2021,764,,X,8703,1271288.254
2021,764,,X,8703,216018.992
2021,764,,X,8703,4956629502.624
2021,764,,X,8703,11365346.783
2021,764,,X,8703,4454902.105
2021,764,,X,8703,292744.971
2021,764,,X,8703,683040.312
2021,764,,X,8703,82566.946
2021,764,,X,8703,123769.986
2021,764,,X,8703,42391.84
2021,764,,X,8703,72683.258
2021,764,,X,8703,32999.991
2021,764,,X,8703,18899.985
2021,764,,X,8703,29869.992
2021,764,,X,8703,29870.002
2021,764,,X,8703,4906306.175
2021,764,,X,8703,95183357.031
2021,764,,X,8703,45289.012
2021,764,,X,8703,20000.016
2021,764,,X,8703,34393.276
2021,764,,X,8703,80924.198
2021,764,,X,8703,101066.747
2021,764,,X,8703,15000.015
2021,764,,X,8703,36778.699
2021,764,,X,8703,21685.661
2021,764,,X,8703,84963.318
2021,764,,X,8703,149503.971
2021,764,,X,8703,1990381.864
2021,764,,X,8703,10000.0
2021,764,,X,8703,12641088.765
2021,764,,X,8703,2201261.192
2021,764,,X,8703,443683493.378
2021,764,,X,8703,934576438.871
2021,764,,X,8703,18802.641
2021,764,,X,8703,36449.077
2021,764,,X,8703,22696166.036
2021,764,,X,8703,1757225.811
2021,764,,X,8703,97252906.336
2021,764,,X,8703,288193716.199
2021,764,,X,8703,13202.147
2021,764,,X,8703,899954.979
2021,764,,X,8703,205160.039
2021,764,,X,8703,205160.039
2021,764,,X,8703,197400.054
2021,764,,X,8703,186642291.037
2021,764,,X,8703,4838.101
2021,764,,X,8703,117190.052
2021,764,,X,8703,19618.624
2021,764,,X,8703,45748.738
2021,764,,X,8703,56200.008
2021,764,,X,8703,25847.908
2021,764,,X,8703,3351667.266
2021,764,,X,8703,61412.016
2021,764,,X,8703,3892994.958
2021,764,,X,8703,3699.995
2021,764,,X,8703,408278.138
2021,764,,X,8703,38241.608
2021,764,,X,8703,10000.0
2021,764,,X,8703,279770.059
2021,764,,X,8703,12641088.765
2021,764,,X,8703,1254009.374
2021,764,,X,8703,52733569.461
2021,764,,X,8703,950867.546
2021,764,,X,8703,3878457.146
2021,764,,X,8703,222417.004
2021,764,,X,8703,899954.979
2021,764,,X,8703,49280.011
2021,764,,X,8703,71656.018
2021,764,,X,8703,465265.326
2021,764,,X,8703,4.998
2021,764,,X,8703,29869.992
2021,764,,X,8703,15000.016
2021,764,,X,8703,1367454.916
2021,764,,X,8703,3410621115.747
2021,764,,X,8703,3901142.974
2021,764,,X,8703,1271288.254
2021,764,,X,8703,19993480.018
2021,764,,X,8703,36449.077
2021,764,,X,8703,3908816.234
2021,764,,X,8703,61988701.039
2021,764,,X,8703,21685.661
2021,764,,X,8703,99603.682
2021,764,,X,8703,52733569.461
2021,764,,X,8703,7224683.861
2021,764,,X,8703,150302.916
2021,764,,X,8703,17171617.394
2021,764,,X,8703,1403535.228
2021,764,,X,8703,10.065
2021,764,,X,8703,927906.133
2021,764,,X,8703,927906.133
2021,764,,X,8703,1030511.897
2021,764,,X,8703,155862.444
2021,764,,X,8703,292744.971
2021,764,,X,8703,8104334.786
2021,764,,X,8703,59143.982
2021,764,,X,8703,140299.971
2021,764,,X,8703,201088.637
2021,764,,X,8703,117190.052
2021,764,,X,8703,18899.985
2021,764,,X,8703,29870.002
2021,764,,X,8703,13202.147
2021,764,,X,8703,229199.616
2021,764,,X,8703,153311.976
2021,764,,X,8703,2318119.688
2021,764,,X,8703,10000.0
2021,764,,X,8703,3351667.266
2021,764,,X,8703,136687.814
2021,764,,X,8703,149503.971
2021,764,,X,8703,44527.321
2021,764,,X,8703,125075688.758
2021,764,,X,8703,408278.138
2021,764,,X,8703,107642167.517
2021,764,,X,8703,15000.015
2021,764,,X,8703,71395634.133
2021,764,,X,8703,45289.012
2021,764,,X,8703,136687.814
2021,764,,X,8703,127837645.876
2021,764,,X,8703,162181.822
2021,764,,X,8703,58457.284
2021,764,,X,8703,1254009.374
2021,764,,X,8703,135205.427
2021,764,,X,8703,80924.198
2021,764,,X,8703,61988701.039
2021,764,,X,8703,425772483.942
2021,764,,X,8703,1276349.343
2021,764,,X,8703,2251352.702
2021,764,,X,8703,3878457.146
2021,764,,X,8703,535816.018
2021,764,,X,8703,2251352.702
2021,764,,X,8703,341470.244
2021,764,,X,8703,465265.326
2021,764,,X,8703,4838.101
2021,764,,X,8703,10437081811.712
2021,764,,X,8703,10875748558.288
2021,764,,X,8703,124.657
2021,764,,X,8703,1367454.916
2021,764,,X,8703,535725.039
2021,764,,X,8703,52840.101
2021,764,,X,8703,2876911.168
2021,764,,X,8703,36259126.088
2021,764,,X,8703,443499376.974
2021,764,,X,8703,673528.174
2021,764,,X,8703,216018.992
2021,764,,X,8703,535725.039
2021,764,,X,8703,1422427.125
2021,764,,X,8703,77825.344
2021,764,,X,8703,25847.908
2021,764,,X,8703,3908816.234
2021,764,,X,8703,1926043.622
2021,764,,X,8703,1403535.228
2021,764,,X,8703,4769987211.587
2021,764,,X,8703,36259126.088
2021,764,,X,8703,155862.444
2021,764,,X,8703,411055.947
2021,764,,X,8703,6432235.079
2021,764,,X,8703,288020.977
2021,764,,X,8703,335691.989
2021,764,,X,8703,535816.018
2021,764,,X,8703,123769.986
2021,764,,X,8703,295309.635
2021,764,,X,8703,59143.982
2021,764,,X,8703,72683.258
2021,764,,X,8703,12894262.634
2021,764,,X,8703,18802.641
2021,764,,X,8703,414149.112
2021,764,,X,8703,135205.427
2021,764,,X,8703,99603.682
2021,764,,X,8703,22653774.197
2021,764,,X,8703,257.998
2021,764,,X,8703,16061.402
2021,764,,X,8703,15000.015
2021,764,,X,8703,274268.441
2021,764,,X,8703,125075688.758
2021,764,,X,8703,107682161.126
2021,764,,X,8703,1276349.343
2021,764,,X,8703,82566.946
2021,764,,X,8703,1030511.897
2021,764,,X,8703,222417.004
2021,764,,X,8703,335691.989
2021,764,,X,8703,6432235.079
2022,764,,X,8703,39000.003
2022,764,,X,8703,109663.472
2022,764,,X,8703,108524.945
2022,764,,X,8703,7373984.949
2022,764,,X,8703,270.028
2022,764,,X,8703,26174.5
2022,764,,X,8703,1791063.475
2022,764,,X,8703,67323.56
2022,764,,X,8703,6939911.336
2022,764,,X,8703,1164525.135
2022,764,,X,8703,5222172.521
2022,764,,X,8703,18716984.006
2022,764,,X,8703,46420354.489
2022,764,,X,8703,6939911.336
2022,764,,X,8703,101370.805
2022,764,,X,8703,26174.5
2022,764,,X,8703,11249716.742
2022,764,,X,8703,130789.184
2022,764,,X,8703,56786.147
2022,764,,X,8703,91495.407
2022,764,,X,8703,4027.976
2022,764,,X,8703,2002592.169
2022,764,,X,8703,2772468.3
2022,764,,X,8703,583574.912
2022,764,,X,8703,2894382.985
2022,764,,X,8703,1297320.695
2022,764,,X,8703,279598.045
2022,764,,X,8703,1103447.983
2022,764,,X,8703,119480.004
2022,764,,X,8703,19355.796
2022,764,,X,8703,33482.284
2022,764,,X,8703,3107365.709
2022,764,,X,8703,301536664.186
2022,764,,X,8703,23543992.851
2022,764,,X,8703,105988.105
2022,764,,X,8703,3114625.481
2022,764,,X,8703,29414301.462
2022,764,,X,8703,158072.55
2022,764,,X,8703,677376359.49
2022,764,,X,8703,253193.315
2022,764,,X,8703,15676.304
2022,764,,X,8703,104484.231
2022,764,,X,8703,128754914.826
2022,764,,X,8703,1075294.152
2022,764,,X,8703,46420354.489
2022,764,,X,8703,5730895.17
2022,764,,X,8703,2894382.985
2022,764,,X,8703,426824.796
2022,764,,X,8703,93698.124
2022,764,,X,8703,280704.949
2022,764,,X,8703,181995.058
2022,764,,X,8703,181995.058
2022,764,,X,8703,119520.01
2022,764,,X,8703,59828.355
2022,764,,X,8703,9.993
2022,764,,X,8703,15231.69
2022,764,,X,8703,80000.0
2022,764,,X,8703,109663.472
2022,764,,X,8703,139510.018
2022,764,,X,8703,33482.284
2022,764,,X,8703,128590360.14
2022,764,,X,8703,82853.815
2022,764,,X,8703,6116994609.139
2022,764,,X,8703,81069325.274
2022,764,,X,8703,301432179.955
2022,764,,X,8703,815.166
2022,764,,X,8703,30000.0
2022,764,,X,8703,158072.55
2022,764,,X,8703,1732906.489
2022,764,,X,8703,1385072.103
2022,764,,X,8703,108761452.724
2022,764,,X,8703,41494170.619
2022,764,,X,8703,2115070.186
2022,764,,X,8703,121304.04
2022,764,,X,8703,107760.012
2022,764,,X,8703,263414.513
2022,764,,X,8703,59740.001
2022,764,,X,8703,59740.001
2022,764,,X,8703,35969.969
2022,764,,X,8703,59547.227
2022,764,,X,8703,1606100.076
2022,764,,X,8703,2797.649
2022,764,,X,8703,24549.699
2022,764,,X,8703,549816.604
2022,764,,X,8703,1805599.638
2022,764,,X,8703,677779265.143
2022,764,,X,8703,8935714.159
2022,764,,X,8703,113589.996
2022,764,,X,8703,347932.069
2022,764,,X,8703,1919987.395
2022,764,,X,8703,2772468.3
2022,764,,X,8703,1919987.395
2022,764,,X,8703,2115070.186
2022,764,,X,8703,5961594.917
2022,764,,X,8703,43465.003
2022,764,,X,8703,19355.796
2022,764,,X,8703,58232.259
2022,764,,X,8703,21130.375
2022,764,,X,8703,7286275.696
2022,764,,X,8703,130789.184
2022,764,,X,8703,10692007985.562
2022,764,,X,8703,18999.987
2022,764,,X,8703,181664748.909
2022,764,,X,8703,324611.505
2022,764,,X,8703,81069325.274
2022,764,,X,8703,2797.649
2022,764,,X,8703,24549.699
2022,764,,X,8703,86055.934
2022,764,,X,8703,16933.005
2022,764,,X,8703,549816.604
2022,764,,X,8703,18999.987
2022,764,,X,8703,157708.981
2022,764,,X,8703,3114625.481
2022,764,,X,8703,2788630.765
2022,764,,X,8703,402924.531
2022,764,,X,8703,426824.796
2022,764,,X,8703,190186.997
2022,764,,X,8703,688303.004
2022,764,,X,8703,219562.988
2022,764,,X,8703,143327.232
2022,764,,X,8703,117997.006
2022,764,,X,8703,107760.012
2022,764,,X,8703,29414311.454
2022,764,,X,8703,11201802875.375
2022,764,,X,8703,15231.69
2022,764,,X,8703,29870.004
2022,764,,X,8703,39000.003
2022,764,,X,8703,29870.004
2022,764,,X,8703,58232.259
2022,764,,X,8703,128874997.847
2022,764,,X,8703,67323.56
2022,764,,X,8703,1164525.135
2022,764,,X,8703,2835324.522
2022,764,,X,8703,77527.988
2022,764,,X,8703,6325682937.627
2022,764,,X,8703,7286275.696
2022,764,,X,8703,253193.315
2022,764,,X,8703,213344.671
2022,764,,X,8703,105988.105
2022,764,,X,8703,4634.999
2022,764,,X,8703,412974.384
2022,764,,X,8703,1385072.103
2022,764,,X,8703,181664748.909
2022,764,,X,8703,2739844526.402
2022,764,,X,8703,120083.021
2022,764,,X,8703,86055.934
2022,764,,X,8703,3107365.709
2022,764,,X,8703,16933.005
2022,764,,X,8703,203993.968
2022,764,,X,8703,1103447.983
2022,764,,X,8703,1426190.07
2022,764,,X,8703,4765922.341
2022,764,,X,8703,693494.899
2022,764,,X,8703,161006.673
2022,764,,X,8703,771551.531
2022,764,,X,8703,2252124.033
2022,764,,X,8703,2261098.051
2022,764,,X,8703,121304.04
2022,764,,X,8703,85473.875
2022,764,,X,8703,21130.375
2022,764,,X,8703,124408.828
2022,764,,X,8703,15676.304
2022,764,,X,8703,4370.416
2022,764,,X,8703,56436634.748
2022,764,,X,8703,26722.6
2022,764,,X,8703,11249716.742
2022,764,,X,8703,2835324.522
2022,764,,X,8703,101370.805
2022,764,,X,8703,30000.0
2022,764,,X,8703,500830762.748
2022,764,,X,8703,113589.996
2022,764,,X,8703,279598.045
2022,764,,X,8703,771551.531
2022,764,,X,8703,280704.949
2022,764,,X,8703,208652358.518
2022,764,,X,8703,203993.968
2022,764,,X,8703,4765922.341
2022,764,,X,8703,347932.069
2022,764,,X,8703,688303.004
2022,764,,X,8703,771899.939
2022,764,,X,8703,219562.988
2022,764,,X,8703,119480.004
2022,764,,X,8703,117997.006
2022,764,,X,8703,8964127.065
2022,764,,X,8703,78649.997
2022,764,,X,8703,78649.997
2022,764,,X,8703,83668.981
2022,764,,X,8703,60000.0
2022,764,,X,8703,59817.255
2022,764,,X,8703,472802.739
2022,764,,X,8703,128806264.374
2022,764,,X,8703,5222172.521
2022,764,,X,8703,77527.988
2022,764,,X,8703,140237325.454
2022,764,,X,8703,420184.668
2022,764,,X,8703,56786.147
2022,764,,X,8703,56436634.748
2022,764,,X,8703,4370.416
2022,764,,X,8703,4634.999
2022,764,,X,8703,213344.671
2022,764,,X,8703,18555977.333
2022,764,,X,8703,1732906.489
2022,764,,X,8703,39.998
2022,764,,X,8703,31159.467
2022,764,,X,8703,2261098.051
2022,764,,X,8703,2252124.033
2022,764,,X,8703,1297320.695
2022,764,,X,8703,583574.912
2022,764,,X,8703,693494.899
2022,764,,X,8703,51332025.777
2022,764,,X,8703,190186.997
2022,764,,X,8703,1426190.07
2022,764,,X,8703,2002592.169
2022,764,,X,8703,93698.124
2022,764,,X,8703,41579644.494
2022,764,,X,8703,259578.421
2022,764,,X,8703,43465.003
2022,764,,X,8703,108761452.724
2022,764,,X,8703,1035635.581
2022,764,,X,8703,2788630.765
2022,764,,X,8703,26722.6
2022,764,,X,8703,289424.062
2022,764,,X,8703,23435467.906
2022,764,,X,8703,8935714.159
2022,764,,X,8703,157708.981
2022,764,,X,8703,1805599.638
2022,764,,X,8703,1791063.475
2022,764,,X,8703,1606100.076
2022,764,,X,8703,1455860.247
2022,764,,X,8703,140237325.454
2022,764,,X,8703,3360021.034
2022,764,,X,8703,2752949406.521
2022,764,,X,8703,2204726.882
2022,764,,X,8703,771899.939
2022,764,,X,8703,5961594.917
2022,764,,X,8703,51332025.777
2022,764,,X,8703,119520.01
2023,764,,X,8703,880000.0
2023,764,,X,8703,4454365.423
2023,764,,X,8703,681447.189
2023,764,,X,8703,682348.688
2023,764,,X,8703,275824.089
2023,764,,X,8703,14317830.368
2023,764,,X,8703,88988124.246
2023,764,,X,8703,106351.387
2023,764,,X,8703,29135.276
2023,764,,X,8703,131039.988
2023,764,,X,8703,2464623.65
2023,764,,X,8703,108799.964
2023,764,,X,8703,139295.097
2023,764,,X,8703,39000.012
2023,764,,X,8703,412081823.944
2023,764,,X,8703,55900.008
2023,764,,X,8703,1749623.172
2023,764,,X,8703,63373.493
2023,764,,X,8703,9977285.145
2023,764,,X,8703,1868403.067
2023,764,,X,8703,2913737.35
2023,764,,X,8703,5249359.159
2023,764,,X,8703,117139.955
2023,764,,X,8703,41557.693
2023,764,,X,8703,25000.015
2023,764,,X,8703,70137.307
2023,764,,X,8703,220062.428
2021,458,,X,8541,2404302833.571
2021,458,,X,8541,1449313042.049
2021,458,,X,8541,4381532206.411
2021,458,,X,8541,8235148082.032
2022,458,,X,8541,4321276176.193
2022,458,,X,8541,9449970045.805
2022,458,,X,8541,3515877957.584
2022,458,,X,8541,1612815912.029
2023,458,,X,8541,10227791402.919
2023,458,,X,8541,4419931385.248
2023,458,,X,8541,4247200750.776
2023,458,,X,8541,1560659266.895
2021,458,,X,8471,1030436542.83
2021,458,,X,8471,4816433134.076
2021,458,,X,8471,448586085.577
2021,458,,X,8471,6295455762.483
2022,458,,X,8471,7433344884.811
2022,458,,X,8471,5470233844.872
2022,458,,X,8471,820919658.657
2022,458,,X,8471,1142191381.283
2023,458,,X,8471,1053297787.211
2023,458,,X,8471,4315559129.53
2023,458,,X,8471,1070670511.656
2023,458,,X,8471,6439527428.397
2021,458,,X,3004,37052760.298
2021,458,,X,3004,96786102.818
2021,458,,X,3004,158702460.622
2021,458,,X,3004,292541323.737
2022,458,,X,3004,88284602.625
2022,458,,X,3004,36391387.299
2022,458,,X,3004,141739695.166
2022,458,,X,3004,266415685.09
2023,458,,X,3004,72121513.256
2023,458,,X,3004,23158008.509
2023,458,,X,3004,120021041.137
2023,458,,X,3004,215300562.902
2021,458,,X,8703,2962721.767
2021,458,,X,8703,4715478.554
2021,458,,X,8703,354880744.562
2021,458,,X,8703,362558944.883
2022,458,,X,8703,4781293.241
2022,458,,X,8703,712955.58
2022,458,,X,8703,503903978.68
2022,458,,X,8703,509398227.5
2023,458,,X,8703,1287839.235
2023,458,,X,8703,929383.211
2023,458,,X,8703,418497593.061
2023,458,,X,8703,420714815.507
